Aaran Close|-37.97124,145.26230
Abacus Lane|-38.12421,145.23117
Abayo Crescent|-38.12683,145.23538
Abbey Court|-37.98168,145.18028
Abbey Road|-38.06271,145.29864 -38.06478,145.29637
Abbeydale Court|-37.93361,145.18667
Abbeygate Street|-37.90442,145.09025 -37.90724,145.08972 -37.90992,145.08921
Abbeygate Way|-38.09922,145.25233
Abbin Avenue|-37.93237,145.05670 -37.93174,145.05329 -37.93085,145.05005
Abbin Court|-37.92766,145.23639
Abbington Avenue|-37.96231,145.04137
Abbott Road|-38.01049,145.27240 -38.01002,145.26893 -38.00996,145.26494 -38.00831,145.26205 -38.00773,145.25746 -38.01050,145.27248
Abbott Street|-37.98768,145.20725 -37.94834,145.00080 -37.94881,145.00445 -37.94929,145.00821 -37.95030,145.01673 -37.95082,145.02118 -37.94981,145.01249
Abbotts Road|-38.03173,145.21262 -38.03217,145.21637 -38.03264,145.22019 -38.03313,145.22417 -38.03366,145.22810 -38.03511,145.23986 -38.03414,145.23187 -38.03456,145.23533 -38.03472,145.24461 -38.03366,145.22810
Abbottswood Close|-37.98681,145.12643
Abeckett Street|-38.11572,145.14929
Abercairn Drive|-38.05617,145.29409
Abercrombie Avenue|-38.00960,145.16279
Abercrombie Street|-37.93254,145.08247 -37.92992,145.08328
Aberdeen Court|-37.90828,145.17359
Aberdeen Drive|-37.95550,145.19866 -37.95232,145.19956
Aberdeen Road|-37.95474,145.02899
Aberfeldy Crescent|-38.12979,145.22976
Aberforth Place|-38.02885,145.27602
Abergeldie Avenue|-37.91453,145.04725
Abiku Road|-38.12550,145.24216
Aboyne Close|-37.93257,145.20476
Abrahams Drive|-37.97512,145.07178
Abrehart Street|-38.00152,145.25140
Absent Lane|-38.12290,145.23853
Acacia Avenue|-37.98213,145.08120 -37.98253,145.08460 -37.91204,145.09760
Acacia Crescent|-38.07514,145.14505
Acacia Place|-37.90064,145.13442
Acacia Street|-37.98493,145.24342
Academic Lane|-38.10614,145.25066
Academy Avenue|-37.90787,145.16774 -37.90790,145.17135 -37.90709,145.16314
Access Way|-38.09514,145.17042 -38.09222,145.17106 -38.08825,145.17193
Accra Street|-37.99578,145.17800
Acer Street|-37.98557,145.23980
Acheron Close|-38.01234,145.27983
Acheron Court|-37.94198,145.03579
Acland Close|-37.93323,145.19981
Acland Court|-37.98010,145.18721
Acol Court|-37.93340,145.18543
Acorn Court|-37.93984,145.09712
Acre Rise|-38.04063,145.28265
Ada Court|-37.97226,145.19239
Ada Street|-37.93096,145.25186
Adaleigh Court|-37.92180,145.13043
Adam Avenue|-38.00014,145.26186 -37.99705,145.26230 -37.90355,145.19386
Adam Close|-37.91161,145.27222
Adam Court|-38.10185,145.25513 -37.98014,145.15411
Adam Street|-37.91836,145.02590
Adams Court|-37.94236,145.20743
Adams Street|-37.90325,145.07320
Adamson Drive|-37.97023,145.24574
Adare Close|-37.93057,145.18511
Addison Court|-37.93432,145.20355
Addlington Court|-38.05765,145.29962
Adela Court|-37.93271,145.20130
Adelaide Street|-37.97167,145.19979 -37.96903,145.20178 -37.91225,145.04116
Adele Close|-37.90488,145.19505
Adele Street|-37.98516,145.18930
Adelle Court|-38.11021,145.17686
Adelong Court|-38.07739,145.14704 -37.96028,145.22162
Adib Court|-38.12635,145.16037
Adina Avenue|-38.01990,145.10566
Adison Close|-38.00734,145.17156
Adley Place|-38.02255,145.26063
Admans Avenue|-38.10633,145.13367
Administration Road|-37.91240,145.13607
Admirala Avenue|-37.96402,145.22075 -37.96167,145.21877
Admirals Quay|-38.06689,145.14286
Adrian Place|-37.93412,145.24464
Adrian Street|-38.12655,145.29816 -38.13004,145.29746 -37.95888,145.15604 -37.93217,145.05694 -37.93283,145.06201
Advantage Drive|-38.01908,145.22520 -38.01958,145.22931
Advantage Road|-37.95119,145.03028 -37.95425,145.02971
Aegean Avenue|-38.02663,145.18373
Aenone Avenue|-37.97795,145.16763
Affinity Close|-38.00222,145.10021
Affinity Lane|-38.11793,145.23341
Affleck Street|-38.09535,145.29922
Affleck Way|-37.92608,145.26578
Affra Place|-38.02270,145.25209
Africa Way|-38.12414,145.23493
Afton Way|-38.02365,145.10153
Agana Avenue|-37.98238,145.17697
Agathea Court|-38.11998,145.16220
Age Street|-37.95826,145.07582
Agnes Street|-37.98442,145.03321 -37.97206,145.16700 -37.97269,145.17210 -37.91953,145.05465
Agnew Street|-37.90953,145.01118 -37.91267,145.01082
Agonis Street|-37.98465,145.23842 -37.98753,145.23794
Agostino Court|-38.00619,145.16093
Ahern Street|-37.94432,145.19372
Aiden Rise|-38.00512,145.29240
Aileen Court|-38.01696,145.28055
Ailsa Street|-37.95911,145.21200
Aimee Place|-37.91240,145.24641
Ainsleigh Court|-38.09628,145.27841 -38.00175,145.29661
Ainsley Avenue|-37.98170,145.17920
Ainslie Drive|-37.90531,145.17679 -37.90909,145.17706
Aintree Avenue|-37.92605,145.17915
Aintree Court|-37.93910,145.18661
Airedale Way|-37.92391,145.25974 -37.92501,145.26287 -37.92385,145.26615
Airlie Avenue|-37.97230,145.20383
Airlie Court|-37.91614,145.26149
Airlie Grove|-38.09363,145.13394 -38.09034,145.13458
Aisbett Close|-38.05780,145.26074
Aisha Crescent|-37.96930,145.13386
Ajana Court|-37.95148,145.20252 -37.90887,145.17599
Ajana Drive|-38.12555,145.23640
Ajax Drive|-37.90409,145.18535 -37.90465,145.18940
Akita Court|-37.99709,145.17943
Akuna Avenue|-37.90517,145.14732 -37.90759,145.14571
Alamanda Way|-38.08262,145.29507
Alameda Street|-37.99266,145.07547
Alamein Street|-37.95830,145.16978 -37.95773,145.16488
Alan Bird Drive|-38.06895,145.17021 -38.06800,145.17345 -38.06336,145.17475 -38.06025,145.17536 -38.06115,145.17973 -38.06319,145.18235
Alan Court|-37.93955,145.19430
Alan Place|-37.93745,145.24657
Alana Court|-38.00320,145.14337
Alandown Close|-37.90094,145.26015
Alarah Boulevard|-38.10906,145.23727 -38.10968,145.24105 -38.11017,145.24476 -38.11063,145.24821
Alaster Court|-38.03787,145.25305
Alba Street|-38.12202,145.16099
Alba Way|-38.07692,145.24250
Albany Court|-37.95922,145.19467 -37.97174,145.24563
Albany Crescent|-38.02375,145.10313 -38.02462,145.10687 -38.02653,145.10950
Albany Drive|-37.92738,145.17318 -37.93042,145.17256 -37.93332,145.17197 -37.92329,145.16925 -37.92382,145.17265 -37.92650,145.17343
Albany Road|-37.90286,145.11778 -37.90226,145.11276
Albatross Drive|-37.90342,145.26653
Albenca Street|-37.98226,145.07367 -37.97865,145.07436 -37.97596,145.07487
Albert Avenue|-37.95656,145.14491 -37.95370,145.14556 -37.94903,145.14646 -37.94599,145.14703
Albert Crescent|-37.92886,145.15344
Albert Park Way|-37.99474,145.15169
Albert Place|-37.98181,145.11749
Albert Road|-38.00370,145.26233 -38.00320,145.26578 -38.00365,145.26941 -38.00144,145.27157 -37.89890,145.05111
Albert Street|-38.00706,145.08869 -38.00878,145.09222 -38.00169,145.08455 -38.00415,145.08622 -37.99972,145.20859 -38.00013,145.21236 -37.95225,145.03661 -37.94828,145.03748
Alberton Drive|-38.09488,145.25827 -38.09238,145.25961
Albi Close|-38.06914,145.12924
Albida Parade|-38.07693,145.24407 -38.07669,145.24064
Albion Court|-37.97760,145.15828
Albion Place|-37.92554,145.20396
Alda Court|-37.91468,145.17061
Alden Court|-37.97279,145.07318
Alder Court|-38.11780,145.16280
Alder Way|-38.08931,145.29332
Alderberry Road|-38.00554,145.17410
Alderbrook Avenue|-37.92519,145.20269 -37.92789,145.20391
Alderney Road|-37.98112,145.15819 -37.97841,145.15839
Alderstone Rise|-38.12129,145.29927
Aldridge Court|-38.03311,145.28030
Aldridge Street|-37.97386,145.24208 -37.97632,145.24063
Aleja Court|-37.97754,145.16467
Alema Court|-38.04784,145.29157
Aleppo Crescent|-38.12056,145.15654
Aleppo Place|-38.08587,145.29478 -38.08565,145.29128
Alex Avenue|-37.94154,145.06773 -37.93986,145.07044 -37.90279,145.19103 -37.90537,145.19266 -37.90577,145.19606
Alex Scott Way|-37.99264,145.20649
Alexander Avenue|-37.97001,145.19748 -37.97340,145.19601 -37.97636,145.19542 -37.90579,145.11983 -37.90897,145.11924
Alexander Circle|-38.05930,145.14020
Alexander Court|-38.02065,145.12007
Alexander Street|-38.10444,145.28177 -38.10400,145.27810 -38.00412,145.26560 -38.00362,145.26164 -38.00333,145.25786 -37.93879,145.00769 -37.90639,145.01824 -37.92251,145.05366
Alexandra Street|-38.03429,145.10600
Alfa Court|-37.90923,145.27374
Alfonso Court|-38.04618,145.26024
Alford Street|-37.91141,145.00741 -37.91174,145.01085
Alfred Deakin Grove|-38.09028,145.20111
Alfred Grove|-37.91048,145.11718
Alfred Street|-37.97693,145.05356 -37.97641,145.04952 -38.01214,145.08896 -37.96833,145.17088 -37.97154,145.17026 -37.95264,145.04863
Alfreda Street|-37.94782,145.01885
Alice Court|-38.09891,145.20021 -37.97389,145.18216 -37.99750,145.26934
Alice Mary Road|-38.11159,145.24284
Alice Street|-37.97541,145.07909 -37.97273,145.07851 -37.91800,145.11615 -37.91757,145.11258 -37.91842,145.11954
Alicia Street|-37.94330,145.00145 -37.94378,145.00549
Alison Place|-38.01381,145.10535
Alison Street|-37.94360,145.04268 -37.91274,145.04370
Alkira Close|-37.93547,145.10192
Alkira Court|-38.06697,145.14471 -38.06603,145.28107
Alkoomi Court|-38.04670,145.26365
Allamanda Boulevard|-37.92616,145.27287 -37.92368,145.27135
Allambi Court|-37.93765,145.10110
Allan Street|-37.96842,145.17161 -37.99285,145.20431 -37.99003,145.20467
Allanby Grove|-37.92298,145.05720
Allandale Road|-37.98421,145.08958 -37.98027,145.09033
Allara Drive|-38.04596,145.25782
Allard Street|-37.90333,145.00366
Allawah Close|-37.98460,145.17133
Alleford Street|-37.91501,145.08423 -37.91555,145.08860
Allemby Drive|-38.09704,145.25492
Allen Court|-37.92754,145.19350
Allen Street|-37.94814,145.03676
Allendale Crescent|-37.91185,145.17259
Alleyne Avenue|-38.05579,145.12683 -38.05855,145.12841
Allfrey Street|-37.90432,145.02304
Alliance Lane|-37.90945,145.13406 -37.90875,145.13037
Alliance Street|-37.98070,145.18799
Allied Drive|-38.11061,145.19527 -38.10950,145.19130 -38.11116,145.18858
Allington Avenue|-38.00864,145.17442
Allison Avenue|-38.00123,145.24959 -38.00081,145.24602
Allister Road|-37.95719,145.16993
Allnutt Court|-37.96865,145.07505
Allnutt Parade|-37.96851,145.07396
Allnutt Street|-37.92601,145.03817
Allora Avenue|-37.90059,145.28913 -37.89883,145.28621
Allure Court|-38.12034,145.15807
Alluvian Way|-38.08813,145.19647
Allwen Court|-37.94241,145.11214
Alma Close|-37.93714,145.20536
Alma Court|-37.96869,145.25405 -37.95580,145.14588
Alma Crescent|-37.97460,145.19302
Alma Road|-38.02669,145.25522 -38.03042,145.25429 -37.98737,145.09148
Almond Drive|-37.98968,145.24508
Almond Terrace|-37.97511,145.11454
Almondbank Road|-38.11902,145.29283
Almurta Road|-37.92375,145.06645 -37.92718,145.06577
Alocasia Close|-37.92545,145.27259
Alpha Close|-38.04703,145.27029
Alpha Mews|-38.11787,145.19312
Alpina Street|-38.11967,145.15961
Alpine Crescent|-37.94397,145.19795 -37.94594,145.19553
Alpine Heath Way|-38.06706,145.24579
Alpine Walk|-38.03876,145.25486
Alray Drive|-37.96249,145.06912
Alsace Street|-37.97783,145.19754
Alston Court|-38.05664,145.28598
Altair Street|-37.96601,145.14123 -37.96369,145.14326
Alter Court|-38.12322,145.18804
Alumnus Court|-37.90732,145.16519
Alvanley Court|-37.93250,145.20245
Alvena Street|-37.97539,145.06222
Alverna Grove|-37.91211,145.00222
Alvina Street|-37.91969,145.10674
Alward Avenue|-37.93496,145.12240 -37.93444,145.11794
Alysha Avenue|-38.07458,145.24574 -38.07520,145.24939
Amalfi Drive|-37.97922,145.24511 -37.97682,145.24331
Amanda Court|-37.98936,145.17659 -37.99947,145.27643 -37.94001,145.24992
Amanda Drive|-38.10431,145.17202
Amara Circuit|-37.92134,145.10667
Amara Grove|-38.07583,145.24319
Amarillo Drive|-38.12555,145.23640 -38.12387,145.23370
Amaroo Drive|-38.03837,145.13685 -38.03948,145.13360 -38.03714,145.13106 -38.03565,145.13400
Amaryn Court|-37.94640,145.14099
Amayla Crescent|-38.10654,145.16584
Amazon Court|-37.91609,145.24517
Ambassador Circuit|-38.12821,145.23516
Amber Close|-37.97347,145.14916
Amber Court|-37.97345,145.07143
Amber Drive|-38.04701,145.27335
Amberley Avenue|-38.01934,145.09781
Amberley Crescent|-38.00226,145.21763 -38.00181,145.21390
Amberly Park Drive|-38.04705,145.29136 -38.04752,145.28769 -38.04911,145.28490 -38.04583,145.29484
Amblecote Crescent|-37.93329,145.19883 -37.93494,145.20188
Ambrie Crescent|-37.95596,145.17532 -37.95251,145.17482
Ambrose Avenue|-37.96242,145.03959
Ambrose Way|-37.93434,145.23612
Ambrosia Court|-37.98052,145.26115
Amelia Avenue|-37.90421,145.19963 -37.90690,145.19912
Amelia Street|-37.90981,145.02964 -37.90672,145.03024
Americain Way|-38.05169,145.21346 -38.04905,145.21431
Amersham Avenue|-37.96345,145.14642
Ames Street|-37.92495,145.24673
Amethyst Close|-38.12027,145.19658
Amhurst Drive|-38.07066,145.29538
Amico Walk|-37.99988,145.19969
Amiel Street|-37.94306,145.15757 -37.93912,145.15835
Amiens Street|-37.93290,145.01222
Amiriya Street|-37.92463,145.05849
Amity Way|-38.09051,145.26806
Amley Rise|-37.90902,145.28433
Amos Court|-38.05394,145.29361 -37.95681,145.13525
Amott Court|-38.01599,145.11290
Amron Street|-38.04077,145.13337
Amstel Mews|-38.11717,145.25219
Amy Court|-38.04247,145.28242 -37.97835,145.05786
Amy Mews|-37.99758,145.16948
Anarth Street|-37.90996,145.07130
Anchor Street|-38.01838,145.09632
Ancona Street|-37.98219,145.05946
Ancora Imparo Way|-37.91240,145.12854 -37.91428,145.13377
Andelana Avenue|-37.91525,145.17423 -37.91408,145.17735
Anderson Avenue|-37.90921,145.05655
Anderson Close|-38.02734,145.26018
Anderson Court|-37.97760,145.06081 -37.98284,145.24843
Anderson Road|-37.99058,145.14885
Anderson Street|-37.92721,145.03689
Andleigh Drive|-37.92642,145.19523 -37.92676,145.19875
Andleon Court|-37.94398,145.13249
Andleon Way|-37.98208,145.14825
Andover Court|-38.03340,145.27703 -37.93519,145.18632
Andre Court|-38.10172,145.26084
Andrea Claire Court|-38.09890,145.20173
Andrea Crescent|-38.07951,145.29394
Andretti Avenue|-38.07057,145.25996
Andrew Court|-37.94107,145.10155 -37.92694,145.25452
Andrew Street|-38.12060,145.14029 -38.03835,145.25655 -38.03560,145.25575 -37.95901,145.14840 -37.90824,145.09410 -37.90545,145.09469
Anfield Crescent|-37.92884,145.19323
Anfield Drive|-37.92819,145.18742
Angel Close|-38.04989,145.29494
Angie Court|-38.02236,145.12069
Anglesey Court|-37.93397,145.20197
Angus Court|-37.94044,145.09597 -37.95163,145.19876
Anice Street|-38.12531,145.29443
Anidala Place|-38.09617,145.25686
Aniseed View|-38.09132,145.20416
Anita Avenue|-37.98363,145.13151
Anita Court|-38.07380,145.13233 -37.98879,145.09659
Anita Street|-37.98828,145.03248 -37.98881,145.03712
Ann Court|-38.02229,145.10449
Ann Street|-37.96008,145.15437 -37.95950,145.15099 -37.97846,145.21089 -37.97880,145.21453 -37.97966,145.22178 -37.98017,145.22602
Anna Court|-38.00647,145.28851
Annabella Court|-37.96362,145.21829
Annabella Street|-38.11963,145.29276 -38.12247,145.29239
Annabelle Boulevard|-38.00293,145.18090
Annafee Avenue|-38.00760,145.16151
Annand Close|-38.10299,145.25873
Anne Court|-38.10929,145.26846
Anne Crescent|-37.90576,144.99917
Anne Street|-37.90695,145.03214 -37.91018,145.03167
Annette Court|-37.97357,145.26066
Anniversary Place|-37.94140,145.25104
Anora Crescent|-37.92079,145.16945 -37.92148,145.17285 -37.92362,145.17520
Anson Court|-37.93972,145.05952
Anstee Grove|-37.92054,145.03132
Anthony Court|-38.10851,145.13526 -38.01184,145.28246
Anthony Drive|-37.91821,145.27646 -37.92002,145.27370
Anthony Street|-37.96626,145.21438 -37.90365,145.03725 -37.90742,145.03663
Antibes Street|-37.99253,145.07209 -37.99548,145.07086
Antill Court|-37.91291,145.16401
Anton Court|-38.04685,145.13434 -38.05173,145.28524
Antonella Court|-38.03431,145.20643
Antrim Close|-37.98240,145.27602
Anzed Court|-37.92025,145.15026 -37.92295,145.14950
Aonach Street|-37.93268,145.13163
Apex Avenue|-37.93767,145.02412 -37.93810,145.02790
Apex Street|-37.95785,145.21517 -37.95513,145.21502
Aphrodite Way|-38.10886,145.23564
Apoinga Street|-38.03722,145.20497 -38.03452,145.20551
Apollo Court|-38.02379,145.12856 -37.98378,145.18491
Apollo Drive|-38.01378,145.26290 -38.01420,145.26637
Appila Close|-38.01507,145.28283
Apple Court|-37.98701,145.24055
Applegum Court|-37.99979,145.29415
Appleton Avenue|-38.00561,145.17465
Appleton Court|-38.04012,145.28688
April Grove|-38.08865,145.17524
Apsley Place|-38.11354,145.14402
Aquamarine Court|-38.03654,145.24946
Aquamarine Crescent|-38.11831,145.19662
Aquanita Close|-38.06307,145.24589
Aquarius Court|-37.89941,145.17718
Aquatic Drive|-38.11707,145.23727 -38.11800,145.24060
Aquila Court|-37.90131,145.18887
Aquila Crescent|-37.97141,145.24054
Aquila Mews|-37.98866,145.13849
Aquila Place|-38.08950,145.18510
Aquilla Court|-38.03316,145.13084
Aranda Court|-37.93281,145.17517
Aratula Street|-37.98396,145.22397
Arcadia Avenue|-37.99642,145.26036 -37.99979,145.25973
Arcadia Court|-37.97778,145.15893
Arcadia Street|-38.11630,145.18816 -37.93121,145.00126
Archer Court|-37.91299,145.01299
Archer Grove|-37.91843,145.22069
Archer Lane|-37.93058,145.18752
Arco Lane|-37.94658,145.07823 -37.94728,145.08155
Arcots Court|-38.01443,145.13893
Arctic Court|-38.01653,145.18483
Ardea Court|-37.97192,145.24000
Arden Court|-38.10688,145.13427
Arden Drive|-37.98013,145.15946 -37.97741,145.16004
Ardena Court|-37.91654,145.05990
Ardgour Street|-37.89936,145.07695
Ardgower Road|-37.95607,145.17535 -37.95730,145.17226 -37.95155,145.17679
Ardmore Street|-38.09590,145.27957
Ardoyne Street|-37.97189,145.02129 -37.97139,145.01712 -37.97248,145.02611
Ardwick Street|-37.92743,145.03790
Arena Square|-37.97676,145.17097
Argus Street|-37.95800,145.05707 -37.95932,145.06704 -37.95977,145.07073 -37.95848,145.06045 -37.96024,145.07475
Argyle Avenue|-38.05461,145.12254 -38.05594,145.11861 -38.05297,145.12738
Argyle Close|-37.90423,145.07497
Argyle Street|-37.91089,145.07215 -37.91124,145.07559
Ariel Way|-38.05576,145.13960
Aries Street|-38.09292,145.28880
Arkaringa Crescent|-37.96956,145.01739 -37.97003,145.02127 -37.97038,145.01219
Arkley Close|-38.12075,145.19401
Arklow Court|-38.12175,145.25505
Arkwright Court|-37.95234,145.19355
Arkwright Drive|-38.01609,145.19371 -38.01548,145.19027
Arlene Drive|-38.11368,145.19771 -38.11097,145.19785
Arleon Court|-37.90860,145.25002
Arleon Crescent|-38.09689,145.28696
Arlington Court|-37.97985,145.11906
Arlunya Court|-38.01768,145.10976
Armadale Avenue|-37.98428,145.17456 -37.98049,145.17534
Armao Court|-37.98328,145.17864
Armata Crescent|-38.11930,145.15691 -38.12280,145.15910
Armer Court|-38.02210,145.11168
Armfield Street|-37.92149,144.99965
Armistan Crescent|-38.03244,145.13045 -38.03387,145.13341
Armiston Court|-37.97983,145.27477
Armstrong Drive|-37.92574,145.25368 -37.92656,145.25781
Armstrong Street|-37.98062,145.04607 -37.95853,145.15100
Armstrong Way|-37.94924,145.20263 -37.94822,145.19921
Armstrongs Road|-38.09400,145.12659 -38.09398,145.13530 -38.09361,145.13174 -38.09539,145.14538
Army Track|-37.95579,145.25502 -37.95264,145.25261
Arnhem Court|-37.91274,145.26034
Arnica Close|-38.04968,145.27734
Arnold Court|-37.98793,145.22600
Arnold Drive|-38.04341,145.12705
Arnold Road|-37.92791,145.02407 -37.93146,145.02338
Arnold Street|-38.10255,145.29076 -37.95794,145.04031 -37.97114,145.18170 -37.97380,145.18295 -37.97649,145.18420
Arnot Court|-37.97796,145.15477
Arnot Street|-37.91296,145.01289
Arnott Court|-37.89976,145.17982
Arnott Street|-38.07689,145.28018 -37.90283,145.04656 -37.91585,145.13503 -37.91849,145.13425
Arranmore Avenue|-37.97048,145.01720 -37.97093,145.02093
Arrino Crescent|-38.01475,145.28193
Arrunga Court|-38.07443,145.14626
Artesian Place|-38.01213,145.12731
Arthur Avenue|-37.92566,144.99990
Arthur Court|-38.10034,145.19940 -37.97058,145.16221
Arthur Phillip Drive|-37.99062,145.26169
Arthur Street|-38.09179,145.12841 -37.94717,145.00201 -37.91903,145.04307
Artists Crescent|-38.06033,145.29162
Aruma Court|-38.04557,145.12485
Arundel Close|-37.96573,145.14284
Arundel Court|-37.92132,145.16796
Arundel Street|-38.10357,145.28225 -38.10381,145.28646
Arunta Crescent|-37.92718,145.10792 -37.93041,145.10707
Arwon Court|-38.08689,145.19494
Arwon Street|-38.00302,145.09857
Ascot Court|-37.93689,145.09764 -37.94939,145.20662
Ascot Drive|-37.93801,145.18938 -37.94052,145.18764
Ascot Place|-37.99800,145.16276 -37.99828,145.16619
Ash Court|-38.12392,145.16408 -37.96894,145.07773 -37.93782,145.11319 -37.90916,145.17011
Ash Grove|-37.97327,145.21353 -37.95455,145.15555 -37.95412,145.15213
Ash Street|-38.10750,145.27778 -37.99031,145.23999 -37.99258,145.24310 -37.98797,145.24540
Ashbee Court|-37.92534,145.26137
Ashberg Drive|-38.01262,145.13717
Ashbourne Place|-37.98854,145.13269
Ashbrook Close|-37.93730,145.25455
Ashbrook Court|-37.92252,145.10655
Ashbrook Way|-38.10827,145.26446
Ashby Drive|-37.94669,145.21329 -37.94940,145.21218
Ashdale Court|-38.02577,145.25542 -37.93851,145.14707
Ashdown Way|-37.90426,145.18260
Ashfield Court|-38.10853,145.19625
Ashford Close|-38.02230,145.25466
Ashland Court|-37.99503,145.14958
Ashlar Road|-37.94103,145.04366
Ashleigh Court|-37.95294,145.06641
Ashleigh Street|-37.99417,145.18022
Ashlene Grove|-38.09091,145.18337
Ashley Close|-38.00567,145.29077 -37.90007,145.17793
Ashley Park Drive|-38.03739,145.13634 -38.03988,145.13864
Ashmore Avenue|-38.00127,145.08442
Ashrye Glade|-38.02962,145.29510
Ashton Court|-38.09517,145.28814
Ashton Rise|-38.04693,145.28571
Ashview Court|-37.91699,145.26634
Ashwood Avenue|-37.94673,145.02500 -37.94993,145.02435
Ashwood Court|-38.01152,145.29396
Ashworth Drive|-38.10367,145.15072
Asling Street|-37.96689,145.15628 -37.90513,145.00162 -37.90193,145.00226
Aspect Drive|-38.00391,145.16021
Aspen Court|-38.11302,145.16034 -37.97946,145.15791
Aspen Lane|-37.99435,145.24077
Aspendale Place|-38.06162,145.24782
Aspire Place|-38.00617,145.16074
Assembly Drive|-38.00652,145.24636 -38.00920,145.24574 -38.00294,145.24710
Astall Street|-38.09064,145.19937
Aster Avenue|-38.09867,145.16617 -38.10360,145.16539 -38.10447,145.16869
Aster Crescent|-37.94666,145.04089
Asteria Crescent|-38.10829,145.23576
Astley Wynd|-38.04912,145.24773
Aston Glade|-38.10251,145.30064
Astran Court|-37.97835,145.27199
Astro Court|-38.01513,145.25633
Atbara Lane|-38.12661,145.23068
Athena Court|-38.09361,145.29258
Athenium Court|-38.11577,145.19003
Atherton Close|-38.02703,145.11705
Atherton Road|-37.89957,145.09588 -37.90007,145.09955 -37.90068,145.10400
Atherton Way|-38.10116,145.24690
Athlone Court|-37.97013,145.24530
Athol Road|-37.97102,145.14856 -37.97161,145.15315 -37.97205,145.15667 -37.97257,145.16089 -37.97316,145.16563
Atkins Court|-38.09065,145.19071
Atkinson Court|-38.01709,145.11433
Atkinson Street|-37.92798,145.03589 -37.92842,145.03981 -37.90404,145.07304 -37.90359,145.06941
Atlanta Glen|-38.11920,145.26139
Atlantic Drive|-38.01310,145.18212 -38.01517,145.18492 -38.01805,145.18477 -38.02115,145.18513 -38.02252,145.18153 -38.01310,145.18212 -38.01517,145.18492 -38.01805,145.18477 -38.02115,145.18513
Atlantic Street|-37.91778,145.12783
Atlantis Court|-38.01926,145.12157
Atlas Boulevard|-38.05459,145.23249 -38.05026,145.23323
Atlas Drive|-38.11257,145.23622 -38.10880,145.23703
Attenborough Court|-37.97519,145.11910
Attenborough Road|-38.01321,145.09234
Attenborough Street|-37.98969,145.20327 -37.98705,145.20215 -37.98369,145.19576 -37.98497,145.19903
Attunga Crescent|-38.08376,145.13055
Atunga Court|-37.97229,145.08195
Aubin Court|-37.98892,145.18703
Auburn Court|-37.93721,145.25335
Auburn Drive|-38.00413,145.17405
Aubyn Court|-37.93324,145.18232
Auckland Street|-37.92697,145.04647
Audax Mews|-37.98908,145.13952
Audrey Street|-37.94531,145.16291
Audsley Street|-37.92896,145.12256 -37.93178,145.12190
Augusta Close|-38.11144,145.26351
Augusta Court|-38.11985,145.18803 -37.91856,145.22427
Augusta Crescent|-38.12848,145.13547
Augusta Square|-37.95940,145.08057
Auguste Avenue|-37.90473,145.12830
Aurea Court|-38.11681,145.15828 -37.94658,145.11027
Aurora Court|-37.97694,145.15827
Aurora Drive|-38.11799,145.23475 -38.11852,145.23902
Ausco Place|-38.03467,145.23632
Austin Close|-37.94836,145.19409
Austin Road|-38.10609,145.13936 -38.10563,145.13569 -38.10507,145.13118 -38.10687,145.14764 -38.10649,145.14393 -38.10612,145.14039 -38.10744,145.15323 -37.94541,145.01451
Austin Street|-37.91591,145.04034 -37.90469,145.07880 -37.90852,145.07804
Austral Court|-37.91605,145.17046
Austral Place|-38.01222,145.25739
Australis Court|-37.97595,145.11892
Authentic Avenue|-38.12700,145.24188 -38.12576,145.24517
Autumn Terrace|-37.93834,145.13768
Avalon Court|-37.96693,145.06824
Avalon Crescent|-38.10644,145.30145
Avalon Road|-37.92233,145.22740 -37.92259,145.23143
Avard Court|-37.97620,145.17611
Aveley Place|-38.10544,145.29698
Avelin Street|-37.93011,145.01027
Avenal Place|-38.09800,145.17787
Avenel Place|-37.96917,145.25671
Avenview Drive|-37.99713,145.27970 -37.99806,145.28376
Avenza Street|-37.97973,145.07817 -37.98192,145.07607
Averne Street|-38.09426,145.27989 -38.09147,145.27899
Avery Court|-38.00051,145.29465
Avery Place|-38.10320,145.19368
Aviva Court|-37.91746,145.18518
Avlona Street|-38.00706,145.09707
Avoca Avenue|-37.98077,145.17197
Avoca Close|-38.02559,145.26362 -37.93787,145.11207
Avoca Court|-37.97594,145.07728 -37.94187,145.21119
Avoca Street|-37.95370,145.03255
Avocet Court|-38.10598,145.18281
Avon Court|-37.97605,145.07825 -37.90008,145.14913 -37.95463,145.20101
Avon Street|-37.96406,145.16570 -37.94010,145.04509
Avonbury Circuit|-38.09891,145.24704
Avondale Avenue|-38.05124,145.11304
Avondale Street|-37.93366,145.00198 -37.92932,145.00281 -37.93987,145.15347 -37.93938,145.14987
Avonhurst Drive|-37.89621,145.14395 -37.89794,145.14718 -37.90026,145.14929
Avonwood Road|-37.99116,145.29553 -37.99176,145.30005
Avril Street|-37.96647,145.21544
Awun Court|-37.94477,145.14302
Axedale Crescent|-37.96943,145.25853
Axel Street|-37.97329,145.22035
Axelton Street|-37.96871,145.06330
Axford Crescent|-37.93309,145.08329 -37.93016,145.08422
Aybrook Court|-37.93236,145.18351
Aylesbury Court|-38.04448,145.26033
Aylmer Road|-38.05977,145.24689 -38.06250,145.24702 -38.05807,145.25053 -38.05898,145.25747 -38.05969,145.26227
Ayr Court|-37.97789,145.16003
Ayres Close|-38.07182,145.26426
Ayton Court|-37.94601,145.19607
Azalea Court|-37.97001,145.08019 -37.90638,145.17082
Azalea Crescent|-37.95802,145.20259
Aztec Court|-37.90640,145.18716
Aztec Place|-38.09379,145.28926
Azure Crescent|-38.00529,145.15929
Babbage Drive|-38.00588,145.19963 -38.00468,145.19326
Babinda Court|-37.91235,145.26050
Bacchus Road|-38.11691,145.23403
Backhaus Street|-37.92998,145.00148
Backous Way|-37.97480,145.16885
Baddeley Circuit|-38.07326,145.29492
Baden Powell Drive|-37.96146,145.24445 -37.96434,145.24391
Badger Court|-38.00054,145.29887
Badger Place|-37.93317,145.19781
Baez Way|-38.04045,145.26379
Baildor Court|-38.12145,145.25737
Bailey Court|-37.96136,145.15324
Bailey James Court|-37.93772,145.25127
Baileyana Drive|-37.96671,145.23870
Bainbridge Avenue|-38.12980,145.13048 -38.12651,145.13190
Bainbridge Court|-38.11459,145.18141
Baird Court|-37.92149,145.25299
Baird Street|-37.93008,145.01110 -37.92689,145.01167 -37.92175,145.01272 -37.93256,145.16371 -37.92919,145.16437 -37.92622,145.16495
Baker Avenue|-38.04274,145.11606
Baker Street|-37.91269,144.99845 -37.93544,145.04661 -37.90617,145.07142
Bakers Road|-37.92484,145.08914 -37.92157,145.08978 -37.95520,145.19632 -37.94953,145.19712 -37.95239,145.19658 -37.94416,145.19811 -37.94124,145.19862
Bakewell Street|-38.11061,145.28335 -38.11122,145.28794
Balaka Avenue|-38.02018,145.10486
Balarang Court|-38.07890,145.14674
Balcombe Court|-38.01724,145.29259
Balcombe Park Lane|-37.97722,145.03115 -37.97441,145.03109
Balcombe Place|-37.98653,145.12145
Balcombe Road|-37.97541,145.01632 -37.97617,145.02179 -37.97702,145.02940 -37.97660,145.02548 -37.97751,145.03374 -37.97808,145.03855 -37.97851,145.04225 -37.98137,145.06571 -37.98160,145.07051 -37.97899,145.04616 -37.97982,145.05304 -37.98025,145.05650 -37.97939,145.04955 -37.98070,145.06015 -37.98111,145.06356
Baldios Lane|-37.92765,145.18757
Baldwin Avenue|-37.97505,145.17283 -37.97552,145.17652
Baldwin Street|-37.94788,145.03462
Bales Road|-38.09225,145.29712 -38.09287,145.30176
Balfour Place|-37.93836,145.18519
Balfour Street|-37.91917,145.01266
Balgowlah Avenue|-37.98929,145.17028 -37.98616,145.17234
Balinga Drive|-38.10807,145.20020 -38.10515,145.20168
Balkan Court|-37.95972,145.22351
Ball Road|-37.95397,145.08356
Balladonia Gum Circuit|-38.07030,145.24328
Balladonia Road|-37.91089,145.26287 -37.91327,145.26449
Ballanee Grove|-38.08060,145.28033
Ballara Avenue|-37.89854,145.15564
Ballarto Road|-38.11362,145.16241 -38.11292,145.15850 -38.11417,145.16915 -38.11487,145.17529 -38.11545,145.18131 -38.11588,145.18485 -38.11649,145.18969 -38.11817,145.20230 -38.11731,145.19524 -38.12000,145.21688 -38.11942,145.21228 -38.11884,145.20762 -38.11827,145.20310 -38.12125,145.22684 -38.12074,145.22271 -38.12428,145.25106 -38.12574,145.26235 -38.12622,145.26619 -38.12205,145.23243 -38.12148,145.22872 -38.12241,145.23602 -38.12286,145.23970 -38.12404,145.24968 -38.12358,145.24531 -38.12974,145.29522 -38.13026,145.29900 -38.13108,145.30548 -38.13234,145.31502 -38.13310,145.32126 -38.12897,145.29002 -38.12856,145.28662 -38.12952,145.29350
Ballina Place|-38.03499,145.27605
Ballymarang Chase|-38.10660,145.24391
Balmain Drive|-38.10667,145.16638 -38.10739,145.16983
Balmain Street|-37.90357,145.17072
Balmoral Avenue|-37.95974,145.02878 -37.99788,145.22271 -37.91453,145.04725 -37.91722,145.04682 -37.94861,145.14404 -37.94906,145.14752 -37.94961,145.15209
Balmoral Court|-38.00024,145.25548 -37.89991,145.14444 -37.91690,145.26165
Balmoral Drive|-37.98517,145.08937
Balook Court|-38.06839,145.27093
Balsam Court|-38.06999,145.27437
Baltic Way|-38.09033,145.26311
Baltusrol Circuit|-37.96031,145.08287
Bamber Close|-38.00488,145.10308
Bamboo Court|-38.07137,145.27121 -37.98855,145.23261
Bambra Court|-38.10811,145.15267 -37.97199,145.16217
Bambra Road|-37.90185,145.02605
Bamfield Street|-37.94702,145.00075 -37.94744,145.00432 -37.94571,145.00989
Bamwine Court|-38.01717,145.19726
Banara Court|-37.93448,145.17485
Bandler Drive|-38.09664,145.18152
Bando Court|-38.04499,145.25826
Bando Road|-37.94609,145.14151
Banff Close|-37.92271,145.17262
Banfield Place|-38.07109,145.24811
Bangalow Way|-38.02137,145.12591
Bangholme Road|-38.03554,145.18769 -38.03633,145.18417 -38.03807,145.20120 -38.03853,145.20504 -38.03716,145.19397 -38.03625,145.18929
Banjo Boulevard|-38.09821,145.19781 -38.09777,145.19435
Banjo Circuit|-38.05826,145.13372 -38.06940,145.26005 -38.06669,145.26054
Banjo Paterson Avenue|-37.90302,145.11633
Bank Road|-38.03968,145.10737
Bank Street|-37.90451,145.09126
Banks Avenue|-37.94236,145.01235 -37.94451,145.01461
Banks Court|-38.08575,145.21415
Banks Road|-38.11483,145.27232 -38.11212,145.27286
Banksia Avenue|-37.98932,145.04192
Banksia Court|-37.96281,145.17872 -37.90621,145.16831
Banksia Street|-37.98041,145.23664 -37.91570,145.11873 -37.91232,145.07643
Bankside Boulevard|-37.92241,145.21809 -37.91966,145.21839 -37.91810,145.22134 -37.91582,145.22348
Bankton Avenue|-38.11587,145.29641
Banool Street|-37.97097,145.04239
Banyalla Drive|-38.09616,145.26697 -38.09349,145.26749
Banyalla Place|-37.90134,145.27767
Banyan Close|-38.09429,145.17975
Banyan Drive|-38.10735,145.24913
Banyan Street|-38.04128,145.12493
Bapaume Avenue|-38.04210,145.10904
Barak Way|-37.91421,145.23044
Barbara Avenue|-37.96426,145.19810
Barbara Street|-37.93674,145.05605 -37.93828,145.05975
Barber Court|-37.96576,145.06497
Barbican Court|-37.91032,145.24863
Barclay Court|-37.92228,145.16720
Barclay Drive|-37.96277,145.08279
Barcoo Court|-38.09786,145.19339
Bardia Avenue|-38.11947,145.13522 -38.11337,145.12992 -38.11666,145.13514 -38.11432,145.13321
Bardoel Court|-38.04656,145.11920 -37.97510,145.11669
Bardolph Court|-37.91997,145.05001
Bareena Avenue|-37.93671,145.22932 -37.93944,145.22924
Barellan Close|-37.92019,145.24295
Barham Way|-38.09869,145.29900
Barholme Court|-37.91887,145.08794
Barilla Court|-38.10346,145.27499
Barilla Road|-37.94161,145.04102 -37.94116,145.04479
Baringa Court|-37.90631,145.26484
Baringa Park Drive|-38.05870,145.29922 -38.05599,145.29525 -38.05309,145.29365
Baringhup Street|-37.96487,145.06099 -37.96550,145.06450
Bark Avenue|-37.91727,145.26958
Barker Court|-37.97944,145.26475
Barker Street|-37.96366,145.05602 -37.96322,145.05228
Barkers Street|-37.93741,145.08901
Barkly Street|-38.10295,145.28718 -38.09963,145.28785 -38.00647,145.08982 -38.00137,145.08745 -37.99866,145.08680 -37.90283,145.07987 -37.90321,145.08338
Barlow Avenue|-37.95720,145.07486
Barlow Street|-37.99268,145.18322
Barmah Place|-38.01103,145.12599
Barncroft Crescent|-37.99987,145.17262
Barnes Grove|-38.04843,145.11410
Barnet Street|-37.95082,145.03209
Barnett Avenue|-38.09616,145.18120
Barnett Grove|-37.96172,145.18064
Barnett Street|-37.93490,145.01883 -37.93132,145.01954
Barnsbury Close|-38.02542,145.26237
Barnsley Drive|-37.98087,145.27735 -37.97805,145.27717
Baroda Court|-37.99060,145.16147
Baronessa Avenue|-38.05882,145.28444
Baronet Walk|-38.06062,145.29088
Barook Street|-38.02410,145.10605
Baroona Court|-37.90006,144.99889
Barr Street|-37.93270,145.03274
Barrani Street|-37.91233,145.07537 -37.91155,145.06906
Barratt Court|-37.97654,145.18214
Barrett Street|-37.97002,145.05482
Barrier Reef Circuit|-37.99057,145.25759
Barrine Court|-38.10436,145.20089
Barrington Chase|-38.08365,145.21145
Barrington Close|-37.98654,145.15785
Barrington Place|-38.02516,145.25230
Barrington Street|-37.91219,145.06637 -37.91289,145.07175 -37.91338,145.07516
Barringun Crescent|-37.94179,145.11328
Barron Court|-37.93812,145.19923
Barry Street|-38.11418,145.14780 -38.11699,145.14729 -37.98618,145.06879 -37.93316,145.03637 -37.93029,145.03653
Bartlett Street|-37.93661,145.03293
Bartley Place|-37.96290,145.14776
Bartok Court|-38.03864,145.28892
Bartolo Court|-38.07904,145.28694
Barton Drive|-38.08091,145.20425
Barton Road|-37.92758,145.11118
Barton Street|-37.96507,145.21655
Barwon Court|-37.94150,145.11046 -37.91644,145.24696
Barwon Street|-37.97959,145.07636
Baryn Street|-37.96160,145.08315
Basil Close|-38.00995,145.28264
Basil Crescent|-37.90526,145.19610
Bass Court|-38.08419,145.21423 -38.07590,145.26736 -38.01552,145.18488 -38.01744,145.18229
Bass Place|-37.98505,145.26099
Bassett Street|-37.99001,145.20265
Bastow Place|-37.92323,145.15189
Bataba Court|-37.93775,145.10148
Bataba Street|-37.93594,145.03822
Bate Drive|-38.00938,145.11922
Bateman Court|-38.08769,145.19507
Bateman Grove|-38.04159,145.25543 -38.04507,145.25519
Bateman Street|-37.93448,145.01545 -37.93091,145.01614
Bates Street|-38.09884,145.26241 -38.09841,145.25896
Bath Street|-38.05609,145.11632 -38.05100,145.11387 -37.94761,145.00574
Bathgate Crescent|-38.11463,145.29352 -38.11513,145.29705
Batman Grove|-37.92194,145.16786
Batten Place|-38.02278,145.11237
Battersby Way|-37.95830,145.26380 -37.95580,145.26527
Battery Court|-38.08399,145.25935
Batty Street|-37.92175,145.19188
Bawden Street|-38.09184,145.17683
Baxter Avenue|-38.04614,145.12305 -38.04330,145.12149
Bay Laurel Close|-38.04730,145.26281
Bay Road|-37.95172,145.00344 -37.95222,145.00763 -37.95275,145.01190 -37.95318,145.01552 -37.95358,145.01893 -37.95426,145.02486 -37.95467,145.02834 -37.95507,145.03179 -37.95550,145.03564 -37.95639,145.04345 -37.95589,145.03906 -37.95378,145.02070 -37.95417,145.02413 -37.95729,145.05069 -37.95680,145.04671
Bay Street|-38.00035,145.08191 -38.00376,145.08131 -37.90496,144.99831 -37.90590,145.00542 -37.90544,145.00196
Bayley Place|-38.11487,145.24375
Bayliss Court|-37.97210,145.07180
Bayliss Road|-38.04702,145.23350 -38.04639,145.22788 -38.04745,145.23850 -38.04804,145.24319
Bayliss Street|-37.97167,145.07188
Baylon Street|-37.92894,145.04674
Baynton Crescent|-38.05764,145.25480
Baynton Street|-37.90163,145.11645
Bayside Avenue|-38.04351,145.11193 -38.04240,145.11525
Bayside Crescent|-37.94411,145.00721
Bayside Grove|-38.11069,145.13212 -38.11320,145.13367
Baystone Drive|-38.11432,145.27335 -38.11476,145.27693
Bayview Avenue|-37.90721,145.12893 -37.90658,145.12320
Bayview Crescent|-37.96842,145.01210 -37.96853,145.01586 -37.96883,145.01947
Bayview Road|-37.97822,145.03978 -37.90691,145.02513
Bayview Street|-37.90737,145.05917
Bayville Drive|-37.98431,145.12189 -37.98692,145.12326
Bazalgette Crescent|-38.00545,145.20054 -38.00310,145.19379
Beach Avenue|-38.00793,145.10124 -38.01078,145.10072
Beach Court|-37.99039,145.15958
Beach Grove|-38.09916,145.12672 -37.98764,145.06179
Beach Road|-37.97624,145.01629 -37.97902,145.01753 -37.98159,145.01881 -37.98284,145.02186 -37.98493,145.02442 -37.97552,145.01578 -37.96212,145.01158 -37.96554,145.01223 -37.96828,145.01213 -37.97133,145.01264 -37.97382,145.01467 -37.95211,145.00380 -37.95634,145.00755 -37.95875,145.00970 -37.96212,145.01158 -37.99146,145.02998 -37.99350,145.03252 -37.99481,145.03560 -37.99419,145.03958 -37.99214,145.06573 -37.99393,145.06857 -37.99583,145.07108 -37.99811,145.07370 -37.98804,145.02807 -37.99125,145.02982 -37.99244,145.04178 -37.98988,145.04386 -37.98842,145.04736 -37.98712,145.05628 -37.98849,145.05928 -37.99019,145.06248 -37.99198,145.06548 -37.98796,145.04831 -37.98585,145.05236 -37.98682,145.05562 -37.99454,145.06954 -37.99660,145.07196 -37.99890,145.07461 -38.00136,145.07745 -38.00361,145.07999 -38.00585,145.08252 -38.00800,145.08496 -37.95211,145.00380 -37.95634,145.00755 -37.95875,145.00970 -37.94974,145.00216 -37.93918,144.99933 -37.94182,145.00018 -37.94445,145.00124
Beachcomber Court|-38.07601,145.13492
Beachwood Close|-37.95551,145.05804
Beacon Street|-37.98851,145.08254
Beaconsfield Road|-37.92939,145.19049
Bear Street|-38.00744,145.08741 -38.00398,145.09633 -38.00464,145.09281
Beardsworth Avenue|-38.04829,145.12248 -38.05083,145.12377
Beatham Way|-38.12277,145.29497
Beatrice Street|-37.96118,145.07982 -37.96168,145.08383 -37.98054,145.18668
Beau Vorno Avenue|-37.99103,145.16291 -37.99115,145.15923
Beauford Street|-37.90860,145.11060 -37.90823,145.10709
Beaufort Street|-38.00793,145.17775
Beaumaris Parade|-37.95538,145.03455 -37.95208,145.03519 -37.94815,145.03628
Beaumont Street|-37.94760,145.00529
Beautex Court|-38.01862,145.11050
Beauville Avenue|-37.90149,145.06816 -37.90102,145.06451
Beaver Court|-37.90053,145.17689
Beck Court|-37.96710,145.19105
Beckbury Court|-37.91732,145.27205
Becket Avenue|-37.92268,145.05469
Beckington Crescent|-38.02443,145.25893
Beckwith Grove|-38.10654,145.12648
Becon Court|-38.00567,145.26481
Beddington Street|-38.00691,145.16835 -38.00743,145.17237
Beddoe Avenue|-37.91034,145.01757 -37.91917,145.07369 -37.91833,145.06681 -37.90968,145.12826 -37.91254,145.12772
Bedford Court|-37.97223,145.24412
Bedwell Avenue|-37.97364,145.21042
Bedwell Court|-37.97831,145.27238
Bee Teng Court|-38.02046,145.11442
Beech Place|-38.01799,145.27946
Beech Street|-37.91370,145.03023
Beechwood Drive|-38.06976,145.24730
Beena Court|-37.90295,145.17237
Beenak Avenue|-37.91956,145.01595
Beethoven Drive|-38.06820,145.28966 -38.06476,145.29032 -38.06274,145.29268
Bega Court|-38.02256,145.10673 -37.93024,145.17682
Begg Street|-37.92312,145.07655 -37.92005,145.07724
Beggs Place|-37.93882,145.24921
Begonia Court|-37.97931,145.25980
Beilby Street|-37.94259,145.04618
Belah Place|-37.97031,145.24276
Belalie Close|-38.04982,145.27818
Belandra Drive|-37.91038,145.18485
Beldale Court|-38.08336,145.20026
Beleura Grove|-37.91451,145.12426
Belfort Lane|-38.11161,145.26047
Belfort Street|-37.97911,145.19870 -37.98204,145.19815
Belgrave - Hallam Road|-37.99295,145.27611 -37.99847,145.27513 -37.99569,145.27564 -37.99019,145.27727 -37.98946,145.28082 -37.99007,145.28520 -37.99076,145.28858 -37.99068,145.29204 -37.98906,145.29576 -37.98710,145.29855 -37.98568,145.30215 -37.98601,145.30689
Belgrave Close|-37.93309,145.08188
Belgrave Place|-38.10230,145.18814
Belgrave-Hallam Road|-38.00605,145.27344 -38.00320,145.27392 -38.00036,145.27450
Belinda Court|-37.97115,145.15576 -37.93728,145.07249 -37.95648,145.21641
Belinda Crescent|-37.90117,145.18773 -37.90385,145.18665
Bell Grove|-37.98967,145.11531
Bell View Court|-37.97029,145.15513
Bella Court|-37.90876,145.16837
Bella Crescent|-38.01703,145.28106
Bellair Avenue|-37.90016,145.29815
Bellaire Court|-37.98451,145.04508
Bellara Way|-37.91555,145.19731
Bellarine Court|-37.99070,145.16802
Bellarine Drive|-38.09649,145.29310 -38.09538,145.28989
Bellavista Court|-37.97100,145.15415 -37.99539,145.28096
Bellavista Crescent|-37.95473,145.13334 -37.95473,145.13738
Bellbird Court|-37.97028,145.15429
Bellbird Place|-37.95646,145.28532
Bellbrae Crescent|-38.09308,145.26058
Bellbrook Court|-37.94754,145.13756
Bellbrook Drive|-37.94985,145.21757 -37.95096,145.21427 -37.94851,145.21083
Belle Avenue|-37.91872,144.99981
Belle Crescent|-37.99208,145.09287
Bellerine Court|-37.92306,145.18820
Bellevue Court|-37.92949,145.15902
Bellevue Crescent|-38.11004,145.15538
Bellevue Road|-37.96211,145.03967 -37.93050,145.05727 -37.93108,145.06175 -37.93187,145.06593
Bellfield Drive|-37.91103,145.27652 -37.91291,145.27374 -37.91529,145.27555
Bellflower Place|-38.05185,145.27779
Bellini Avenue|-37.90872,145.18148
Bellsquarry Avenue|-38.11830,145.30094
Bellvue Court|-38.02993,145.26195 -37.95013,145.19599
Belmar Street|-38.09498,145.27866
Belmont Avenue|-37.96476,145.20374 -37.92777,145.12050 -37.92820,145.12395
Belmont Court|-38.10325,145.18891 -37.96005,145.15980
Belmore Court|-37.99813,145.29556
Belsize Court|-37.97205,145.24560
Belsize Way|-38.00680,145.16662
Belt Terrace|-37.98023,145.26607
Beltana Court|-37.91965,145.17637
Beltane Avenue|-37.90361,145.02445
Beluga Street|-38.01313,145.13862
Belvedere Court|-38.03009,145.25167 -37.95580,145.17248 -37.90670,145.27808
Belvedere Road|-38.10914,145.14293 -38.10949,145.14690
Belvoir Court|-38.12078,145.25889 -37.90247,145.07234
Bemboka Avenue|-37.94056,145.10833 -37.93864,145.11090
Bemm Court|-37.94195,145.21447
Bemm Street|-37.93858,145.05167
Ben Close|-37.96440,145.27186
Benalla Close|-37.96932,145.25760
Benambra Street|-37.93440,145.09342
Benambra Way|-38.03323,145.28068 -38.03593,145.28030
Benbrook Place|-38.07531,145.24792
Bend Road|-38.00340,145.18413 -38.00380,145.18784 -38.00286,145.18028
Bendigo Avenue|-37.92555,145.03615 -37.92276,145.03668 -37.91880,145.03736
Bendigo Court|-38.08538,145.28339
Bendigo Street|-37.96353,145.06074 -37.93255,145.00101
Bendix Drive|-37.92923,145.12709
Benelong Crescent|-38.10901,145.15402
Benga Avenue|-37.98058,145.19984 -37.97630,145.20095
Bengal Court|-38.08158,145.26702
Benina Street|-37.92405,145.06161
Benjamin Court|-37.98777,145.16163 -38.01406,145.28265 -37.94435,145.10089
Benkel Avenue|-37.96871,145.08361 -37.96517,145.08429
Benmar Place|-38.07430,145.24307
Benmara Crest|-38.02776,145.29175
Bennet Street|-37.99085,145.19873 -37.98408,145.20011 -37.98733,145.19945
Bennett Court|-38.10039,145.14190 -37.98355,145.18132
Bensam Close|-37.90606,145.25847
Bent Parade|-37.96755,145.01227 -37.96958,145.01455
Bent Street|-37.90960,145.00529 -37.91113,145.03891 -37.91461,145.03820 -37.91738,145.03780
Bentley Avenue|-37.96617,145.20449
Bentley Court|-37.92554,145.17290
Benton Avenue|-38.12598,145.12594
Benz Street|-37.97803,145.18972
Berala Court|-37.98393,145.16604
Berend Street|-37.93892,145.03276
Berends Drive|-38.02921,145.19219 -38.02980,145.19705 -38.03047,145.20240
Bergen Street|-37.99610,145.17996
Bergins Road|-37.94350,145.24750 -37.93059,145.23417 -37.94140,145.24459 -37.93934,145.24234 -37.93711,145.23978 -37.93452,145.23689 -37.93144,145.23466 -37.94140,145.24459
Bergner Court|-37.92331,145.28642
Berkefeld Court|-37.96670,145.06637
Berkeley Grove|-37.90836,145.01552
Berkeley Street|-37.90745,145.11355 -37.90679,145.10753
Berkley Court|-37.97219,145.24875
Bermer Court|-38.05267,145.28417
Bermuda Court|-37.92299,145.08069
Bernard Court|-38.04841,145.29357
Bernard Hamilton Way|-37.92306,145.24373
Bernard Place|-38.09147,145.19769
Bernard Street|-37.95238,145.05812 -37.95323,145.06191 -37.95391,145.06715 -37.95442,145.07123 -37.95457,145.07532
Bernay Court|-37.96602,145.14678
Bernborough Avenue|-38.10012,145.25759 -38.09741,145.25777
Bernie Smith Street|-37.93149,145.18962
Berridale Court|-38.03885,145.25565
Berrigan Court|-37.93938,145.09342
Berrima Street|-37.90070,145.12194
Berringa Street|-37.98530,145.08600
Berry Avenue|-38.04209,145.11800 -38.04054,145.12260 -38.04403,145.11223
Berry Court|-37.99634,145.16781 -37.98470,145.23718
Berrydale Court|-37.90802,145.14919
Bertha Street|-37.95761,145.13833 -37.95241,145.13934
Bertram Street|-38.00984,145.09423
Bertrand Avenue|-37.93466,145.18189 -37.93407,145.18532
Bertrand Road|-38.04777,145.11874
Berwen Street|-38.04774,145.11221
Berwick - Cranbourne Road|-38.11389,145.29018 -38.11434,145.29358 -38.11550,145.30170 -38.11499,145.29813
Beryl Avenue|-37.92067,145.08771 -37.92117,145.09221
Beryl Court|-38.09092,145.20176 -37.94736,145.10067
Besanko Close|-38.00705,145.10052
Besant Street|-37.94308,145.03298 -37.94265,145.02931
Besley Street|-37.98788,145.22487
Bess Court|-37.98242,145.22614
Bessemer Drive|-38.01518,145.19014 -38.01352,145.19506
Bessemer Street|-37.94413,145.15259
Bessie Drive|-38.10691,145.24636
Bessie Street|-37.92532,145.07918
Best Street|-38.11569,145.23755 -37.90787,145.09202
Beswick Street|-37.94301,145.13812
Beswicke Court|-38.00009,145.20493
Beth Court|-38.03229,145.27553
Bethell Avenue|-37.99233,145.07578 -37.98918,145.08020
Bethell Street|-37.90669,145.03001 -37.90291,145.03068
Bethelle Court|-37.91627,145.27254
Beths Street|-37.91856,145.04657
Bethune Drive|-38.04235,145.26051
Bethwyn Street|-37.91112,145.05900
Better Boy Court|-38.09992,145.19954
Bettina Court|-37.96177,145.07736
Bettina Street|-37.91792,145.13605 -37.91929,145.13943
Betty Close|-37.92025,145.27266
Betula Street|-37.99011,145.23212 -37.98716,145.23466 -37.99320,145.23080
Bevan Avenue|-37.93174,145.12938 -37.93509,145.12867 -37.93889,145.12793
Bevan Street|-37.90514,145.02545
Beverley Place|-37.99006,145.17669
Beverley Street|-37.96876,145.04283
Bevis Street|-37.91813,145.05131 -37.91857,145.05483 -37.93228,145.16142 -37.92891,145.16207
Bewdley Street|-37.90826,145.04915 -37.90533,145.04965
Bexsarm Crescent|-37.90894,145.25218 -37.91034,145.24895
Beyer Road|-38.01117,145.11642 -38.01397,145.11809
Bianca Court|-37.93228,145.24910
Bianca Drive|-38.02018,145.11126 -38.01818,145.11359
Bianco Court|-38.07192,145.27097
Biarritz Avenue|-37.97447,145.04463
Bibby Court|-37.94311,145.06737
Bickerton Court|-38.04236,145.26506 -37.92446,145.23288
Bickford Court|-37.97939,145.04955
Bickford Place|-38.00248,145.25948
Bignell Road|-37.94262,145.06750 -37.93960,145.06812 -37.92865,145.07039 -37.93145,145.06983 -37.93443,145.06922 -37.92274,145.07157 -37.92547,145.07103 -37.92865,145.07039
Bilbungra Drive|-37.98707,145.16091
Bill Place|-38.03985,145.28195
Billing Street|-37.96077,145.15422 -37.95806,145.15468
Billson Street|-37.91931,145.01386 -37.91643,145.01423
Billy Buttons Drive|-38.02118,145.29036 -38.02268,145.29326
Billy Street|-38.05537,145.24545
Bilongen Road|-38.11697,145.29034
Bimbi Street|-37.92646,145.13063
Binda Avenue|-37.94714,145.14260
Binda Court|-38.07312,145.14529
Bindi Close|-37.96262,145.14368 -38.01233,145.27639
Binding Avenue|-38.11055,145.27825
Bingham Rise|-38.06204,145.25901 -38.05933,145.25976
Binglebay Avenue|-38.01269,145.13077
Bingley Avenue|-37.90345,145.14714 -37.90588,145.14868
Binnie Street|-37.92416,145.00502 -37.92484,145.01073
Binya Court|-37.95266,145.20040
Birch Avenue|-37.96346,145.20431
Birch Street|-37.98126,145.05738
Birchbank Close|-37.95710,145.27416
Birchfield Court|-37.99910,145.29733
Bird Street|-37.94814,145.16148
Birdie View|-38.07259,145.27696
Birdrock Court|-38.08981,145.17657
Birdum Street|-37.94667,145.05480
Birdwood Avenue|-37.98028,145.19749 -37.98071,145.20116 -37.98121,145.20516
Birdwood Street|-38.02959,145.10373 -37.99339,145.07310 -37.99633,145.07187 -37.91003,145.08156 -37.91053,145.08500
Birkdale Avenue|-38.11921,145.25512 -37.95812,145.08130
Birkley Court|-37.93756,145.18537
Birmingham Road|-38.12853,145.29447
Birmingham Street|-37.94280,145.16687 -37.94410,145.16313 -37.94366,145.15942
Birrong Avenue|-37.98119,145.17221 -37.98057,145.17610
Biscay Court|-37.98361,145.12197
Biscay Grove|-38.06262,145.24303
Biscop Road|-37.94122,145.04486
Bishop Street|-37.90807,145.09298 -37.90492,145.09354
Bitalli Place|-38.08707,145.19669
Bittern Drive|-37.97675,145.24329 -37.97431,145.24511
Blaby Street|-37.96937,145.18162
Black Court|-37.97379,145.18134
Black Gum Crescent|-38.11666,145.24585
Black Knight Street|-38.00182,145.09831
Black Street|-38.04700,145.11511 -37.91528,144.99763 -37.91704,145.00054 -37.91232,145.11866
Black Swan Lane|-38.01509,145.12829
Black Wattle Way|-38.08956,145.18801 -38.08612,145.28963
Blackburn Drive|-37.96868,145.08268
Blackburn Road|-37.91504,145.14044 -37.92170,145.13906 -37.91833,145.13970 -37.91158,145.14093 -37.90770,145.14166 -37.90175,145.14291 -37.90456,145.14239 -37.89898,145.14325 -37.89618,145.14379
Blackbutt Court|-38.12441,145.14549
Blackmore Street|-37.93838,145.20220
Blackshaw Street|-37.90927,145.04991
Blackwood Avenue|-37.98317,145.08099 -37.98006,145.08160 -37.97496,145.08085
Blackwood Drive|-38.02675,145.27309 -38.02451,145.27024 -38.00705,145.29666 -38.00903,145.29966 -37.90696,145.16712 -37.90730,145.17059
Blackwood Park Road|-37.90443,145.28055 -37.90083,145.28084
Bladen Street|-37.91341,145.19741
Blagdon Street|-37.96918,145.05498
Blainroe Crescent|-38.12074,145.25312
Blair Street|-37.91535,145.03691
Blamey Street|-37.97725,145.19250 -37.97516,145.18970 -37.93715,145.06756 -37.93442,145.06819 -37.93078,145.06872
Blanchard Avenue|-38.00275,145.16738
Blanche Avenue|-37.99218,145.07911
Blanche Close|-38.08978,145.27425
Blanche Street|-37.90762,145.00923 -37.91055,145.00872
Bland Street|-37.95644,145.20590
Blanford Court|-37.92376,145.19117
Blanton Drive|-37.93902,145.21152 -37.93626,145.21124
Blantyre Avenue|-38.05006,145.12336 -38.05114,145.12019 -38.05228,145.11698
Blaxland Avenue|-38.07713,145.27068 -38.07954,145.27241
Blaxland Drive|-37.93822,145.20016 -37.94107,145.20172 -37.93938,145.20439 -37.91375,145.26340
Bleazby Street|-37.91721,145.03656
Blenheim Street|-37.91009,145.07238 -37.90965,145.06842
Blessing Close|-37.98666,145.25163
Bligh Close|-38.07878,145.27149
Bligh Court|-37.98183,145.25361
Blinker Rise|-37.96870,145.27897
Blissington Street|-37.93268,145.15222 -37.93620,145.15156
Blodorn Court|-37.99124,145.15990
Bloomfield Road|-37.98372,145.17669 -37.98670,145.17616 -37.98992,145.17555 -37.98068,145.17731 -37.97685,145.17807 -37.97358,145.17862
Blossom Drive|-37.99151,145.23556 -37.99077,145.23153
Blossom Way|-38.10027,145.19009
Blue Jay Court|-38.06680,145.29676
Blue Peppermint Court|-38.06801,145.24214
Blue Range Crescent|-38.05020,145.25959
Blue Wren Lane|-37.96218,145.02463
Blue Wren Rise|-38.11764,145.18278
Bluebay Road|-38.01206,145.13110
Bluebell Way|-37.99806,145.16367
Blueberry Close|-38.08020,145.27712
Bluegrass Close|-38.01229,145.13463
Bluegum Avenue|-37.90104,145.18501
Bluegum Way|-38.04921,145.27382 -38.04968,145.27734
Bluemist Circuit|-38.07596,145.24425 -38.07482,145.24110
Bluewater Drive|-38.08015,145.21487
Bluff Road|-37.97538,145.01617 -37.96518,145.01831 -37.96855,145.01760 -37.97137,145.01702 -37.95378,145.02070 -37.95662,145.02010 -37.95944,145.01951 -37.96213,145.01894 -37.96489,145.01837 -37.95378,145.02070 -37.95662,145.02010 -37.94277,145.02286 -37.94562,145.02234 -37.94874,145.02172 -37.95204,145.02105 -37.93555,145.02423 -37.93848,145.02367 -37.93270,145.02474
Blyth Place|-37.92323,145.17483
Blythe Court|-37.96737,145.12613
Blythe Street|-37.90254,145.07334
Boake Street|-37.90255,145.06101
Bodhran Place|-38.07085,145.25888
Bodley Street|-37.99080,145.04061 -37.99033,145.03693 -37.94495,145.11589 -37.94449,145.11248
Bogart Close|-37.97200,145.12430
Bogey Court|-37.98508,145.13684
Bognor Avenue|-38.09614,145.12943 -38.09340,145.12943
Bogong Close|-38.01787,145.27645
Boileau Street|-37.99975,145.18630 -37.99609,145.18699
Boiler House Road|-37.90896,145.13246
Boilerhouse Road|-37.90828,145.13320
Boland Drive|-38.07307,145.25416 -38.07694,145.25874 -38.07122,145.24922
Boland Drive Service Road|-38.07660,145.25705
Boldrewood Place|-38.06603,145.25924
Boleyn Avenue|-38.10201,145.17515
Bolinda Street|-37.91919,145.04429
Bollington Road|-38.12778,145.29137
Boloka Court|-38.07670,145.14581
Bolt Court|-38.01552,145.25730
Bolton Court|-37.92093,145.17043
Bolton Street|-37.97765,145.02528 -37.97831,145.02884
Bolwarra Court|-38.09493,145.26722
Bombala Street|-37.94743,145.13975
Bona Vista Avenue|-38.02418,145.10007
Bonanza Road|-37.98590,145.05039 -37.98279,145.05116 -37.97974,145.05175
Bonaparte Place|-37.90711,145.27359
Bonar Court|-37.96205,145.26434
Bond Court|-38.10071,145.27322
Bond Street|-37.99272,145.10669 -37.93054,145.10931 -37.93100,145.11293
Bond Street West|-37.99226,145.10377 -37.99183,145.10020
Bondi Road|-38.06357,145.12007 -38.06199,145.12480 -38.05992,145.13165
Bonham Crescent|-37.90985,145.11787
Bonita Court|-37.96501,145.22300
Bonny Street|-37.93133,145.05711 -37.93186,145.06117
Bonwick Close|-38.06215,145.26000
Boobialla Lane|-37.92112,145.10735
Boobyalla Street|-37.98826,145.23652
Booker Street|-37.97306,145.05927 -37.97357,145.06364
Bookham Way|-38.09388,145.25613
Booloora Road|-37.94595,145.14039
Boomerang Court|-38.06084,145.29765
Boonah Street|-37.95612,145.14827
Boonong Avenue|-38.12606,145.12965 -38.12564,145.12620
Boonwurrung Street|-38.12376,145.30308 -38.12337,145.29917
Booran Avenue|-37.90010,145.15832 -37.89918,145.16208
Booran Road|-37.90287,145.03496 -37.89989,145.03553
Booth Crescent|-37.95937,145.20790
Booth Street|-37.99529,145.08744 -37.99482,145.08373
Boothby Terrace|-38.05944,145.25471
Bootie Court|-37.98225,145.24668
Boradino Place|-37.90569,145.27906
Bordeaux Avenue|-37.90220,145.17244
Boree Avenue|-37.92770,145.10436
Borela Court|-37.93748,145.09952
Boronia Avenue|-38.08766,145.29365 -37.96364,145.20157 -37.96105,145.20379
Boronia Court|-38.09684,145.18805 -37.99316,145.15815
Boronia Street|-37.91243,145.07745
Borrowdale Court|-38.10873,145.26163
Bossington Street|-37.91628,145.08398 -37.91689,145.08824
Bostock Court|-37.91313,145.27574
Boston Avenue|-38.11456,145.15219
Boswell Court|-37.94715,145.21759
Botanic Drive|-38.12853,145.28625 -38.13624,145.28482 -37.93794,145.13715
Botanica Way|-37.99431,145.17003
Botanical Grove|-37.97930,145.23767
Botanical Grove North|-37.97930,145.23767
Botanical Grove South|-37.97974,145.24026
Botany Court|-37.98492,145.12371 -37.93379,145.10867
Botany Drive|-38.09862,145.18963
Botany Way|-38.09463,145.29392 -38.09516,145.29776
Bottlebrush Court|-37.90993,145.17347
Bottlebrush Drive|-37.99057,145.23504
Boulton Street|-37.94499,145.15152
Boundary Lane|-38.08524,145.17799
Boundary Road|-38.08488,145.17490 -38.08537,145.17921 -38.08349,145.16420 -38.08427,145.17013 -38.08577,145.18282 -38.00835,145.10367 -38.01144,145.10331 -38.00124,145.10523 -38.00420,145.10481 -37.99709,145.10585 -37.99404,145.10644 -37.98873,145.10789 -37.98388,145.10989 -37.98016,145.11035 -37.97550,145.11133 -37.96722,145.11132 -37.97020,145.11221 -37.96426,145.11098 -37.96091,145.11205 -37.95838,145.11340 -37.91240,145.12854 -37.90972,145.12903
Bourbon Road|-38.12773,145.29417
Bourke Court|-37.93895,145.20003
Bourke Road|-38.10091,145.27465 -38.09793,145.27433 -37.94267,145.11419 -37.94223,145.11057 -37.94182,145.10711 -37.94137,145.10358 -37.94091,145.09968 -37.94263,145.11405 -37.94000,145.09260
Bourke Street|-37.98014,145.05555 -37.97688,145.05614 -37.97418,145.05661
Bournemouth Avenue|-37.95786,145.13980
Bourneville Avenue|-37.92704,145.02065 -37.93103,145.02000
Boutique Lane|-38.11375,145.24341
Bouvardia Crescent|-38.11362,145.16241
Bouverie Place|-38.10465,145.19705
Bovec Court|-37.92702,145.06786
Bowden Court|-37.90235,145.17848
Bowen Court|-37.97959,145.08055
Bowen Parkway|-38.01998,145.12169 -38.01722,145.12254 -38.01563,145.12543
Bowen Road|-38.01435,145.12732
Bowen Street|-38.09900,145.28332 -38.09954,145.28776 -38.10000,145.29159 -37.90054,145.08293 -37.90322,145.08242
Bowerbird Place|-38.10601,145.18046
Bowman Close|-38.04372,145.29069
Bowman Lane|-38.02345,145.16988 -38.02591,145.16747
Bowman Street|-38.01022,145.08678 -38.01253,145.08933 -37.96656,145.18956
Bowmore Road|-37.95273,145.17811 -37.95559,145.17683 -37.95898,145.17617
Bowmore Street|-37.89988,145.07577
Bown Court|-37.91787,145.01557
Box Close|-37.90812,145.17239
Box Court|-37.92226,145.05163
Box Street|-37.99598,145.22512 -37.99649,145.22922 -37.99566,145.23342 -37.99493,145.23676
Boyd Avenue|-38.04366,145.12632 -37.90744,145.12070
Boyd Court|-37.96584,145.21659 -37.91360,145.17060
Boyd Street|-37.96472,145.21368 -37.96522,145.21705 -37.96837,145.21737
Boyne Street|-37.91659,145.24806
Boynton Street|-37.92571,145.06126
Brabham Way|-38.12890,145.20851 -38.13151,145.21076
Bracken Court|-37.91953,145.19039
Bracken Place|-38.05863,145.24726
Bracknell Street|-37.99459,145.18306 -37.99210,145.18478
Bracy Avenue|-37.97025,145.15708
Brad Court|-38.08253,145.29418
Brad Street|-37.93183,145.06170
Braddon Way|-38.05240,145.25581
Bradford Drive|-38.08830,145.18717
Bradford Street|-37.92671,145.07777 -37.92362,145.07831
Bradina Court|-38.03560,145.13368
Bradley Court|-38.03080,145.27108 -37.94549,145.10257
Bradley Way|-38.10885,145.25951
Bradman Drive|-38.11513,145.24122 -38.11245,145.24176 -38.10953,145.24234
Bradshaw Street|-37.99978,145.09601 -37.99707,145.09653
Brady Avenue|-37.93977,145.13431 -37.94247,145.13378
Brady Close|-38.04850,145.25449 -38.00940,145.11921
Brady Road|-37.93680,145.06503 -37.92958,145.06645 -37.93247,145.06589 -37.92646,145.06703 -37.92366,145.06758 -37.95477,145.21864 -37.95520,145.22215 -37.95565,145.22584 -37.95387,145.21125 -37.95649,145.23436 -37.95605,145.23809 -37.95641,145.24149 -37.95593,145.22863
Brae Road|-37.92976,145.29644 -37.93320,145.29564
Braeburn Parade|-37.92969,145.25190
Braemar Court|-37.96678,145.26776 -37.90921,145.19333
Braemar Street|-38.12426,145.14040
Braeside Drive|-38.00108,145.11178
Braestar Street|-38.09043,145.28200
Brahman Court|-37.95009,145.19800
Brahmin Avenue|-37.91391,145.17823 -37.91407,145.18243
Brailsford Road|-37.93196,145.03923
Bramble Close|-38.05689,145.24460
Bramley Court|-37.99775,145.25918
Bramley Crescent|-37.91177,145.20031 -37.91445,145.20090
Bramley Street|-37.98944,145.19666
Brampton Court|-38.00350,145.29896
Brampton Street|-37.96276,145.07629 -37.96584,145.07573
Bramshaw Way|-38.11765,145.26241
Bramton Court|-37.92279,145.16808
Bramwell Close|-37.99243,145.26313
Branagan Drive|-38.02471,145.12062 -38.02731,145.12594 -38.02940,145.12858
Branca Court|-37.99646,145.27679
Brand Street|-37.94463,145.01590
Brando Court|-37.97432,145.27722
Brandon Court|-37.96638,145.14421 -37.98372,145.26791
Brandon Park Drive|-37.91446,145.16891 -37.91675,145.17126 -37.91833,145.17407 -37.91703,145.17709 -37.90963,145.16410 -37.91178,145.16616 -37.91414,145.16854 -37.90373,145.16379 -37.91694,145.17753 -37.92085,145.18111 -37.91797,145.18156
Brandon Way|-37.94436,145.13403
Branton Drive|-38.04087,145.25319 -38.03751,145.25034
Bray Court|-37.91811,145.06546
Bream Bay|-38.07218,145.13751
Breamlea Court|-37.94130,145.20902
Breamlea Way|-38.10003,145.25672
Breanne Place|-38.00335,145.14403
Brear Street|-37.94324,145.14015
Brearley Court|-37.93296,145.23722
Bree Place|-37.90560,145.25884
Breen Drive|-37.92330,145.02385
Breens Road|-38.08780,145.26029 -38.08843,145.26516 -38.08890,145.26892
Breeze Street|-38.06874,145.12101 -38.06744,145.12484
Bremer Circuit|-38.00160,145.18292
Brendan Court|-38.00326,145.27658
Brennan Street|-37.91073,145.02718
Brentford Court|-37.95952,145.19892
Brentnall Court|-38.03202,145.25424
Brentwood Close|-37.93503,145.11775
Brentwood Drive|-38.08054,145.29096 -38.08014,145.28753 -37.90329,145.16780 -37.90087,145.16974 -37.89972,145.17326
Brentwood Street|-37.93333,145.04457
Brett Court|-37.95971,145.07024
Brett Drive|-38.09788,145.16295 -38.09512,145.16344 -37.99568,145.16006 -37.99293,145.16006
Brett Place|-37.98350,145.26989
Brett Street|-37.90234,145.06956 -37.90510,145.06903
Brewer Court|-37.99732,145.16757
Brewer Road|-37.92081,145.02612 -37.92163,145.03283 -37.92021,145.02256 -37.92259,145.04097 -37.92213,145.03716
Breydon Place|-38.03604,145.28380
Breynia Way|-38.09414,145.26671
Brian Court|-37.98379,145.12594
Brian Street|-37.92522,145.05541 -37.92453,145.05013
Briar Grove|-37.92704,145.16718
Briar Hurst Avenue|-37.95637,145.22519
Briar Street|-37.92103,145.07475
Briarcrest Drive|-38.10782,145.29533 -38.10503,145.29390
Briarfield Road|-37.96052,145.19749
Briarley Court|-38.04590,145.28003
Bricker Street|-37.95262,145.07348
Bride Avenue|-38.03078,145.25696 -38.02728,145.25767
Bridge Road|-37.99239,145.19124 -37.98971,145.19184 -37.98673,145.19245 -37.98390,145.19269
Bridge Street|-37.94436,145.00125 -37.94483,145.00495 -37.94525,145.00870
Bridges Avenue|-38.03958,145.11938 -38.03681,145.11776
Bridgewater Drive|-37.98678,145.12042
Bridgewater Way|-37.91580,145.24338 -37.92220,145.24390 -37.92024,145.24132
Bridle Court|-37.96691,145.27441
Bridport Street|-38.10057,145.24914
Brigalo Court|-37.99069,145.16985
Brigantine Court|-38.07404,145.13959
Briggs Crescent|-37.96766,145.17971
Bright Street|-37.91555,145.00669 -37.91620,145.01003
Brighton Street|-37.94737,145.01070 -37.94767,145.01418 -37.90905,145.09505
Brindabella Circuit|-38.08693,145.20916
Brindabella Way|-38.06148,145.25490
Brindalee Place|-38.09682,145.29303
Brindisi Street|-37.98441,145.06482 -37.98399,145.06140
Brindley Street|-38.00877,145.19767 -38.00833,145.19422
Brine Street|-37.90453,145.07773 -37.90759,145.07712
Brisbane Terrace|-37.99077,145.09312 -37.99023,145.08873
Briscoe Court|-37.98937,145.26814
Bristol Avenue|-38.04432,145.11190
Bristol Court|-37.98394,145.17570
Bristol Place|-37.91635,145.25832
Bristol Street|-37.92166,145.06946 -37.92205,145.07294
Bristow Close|-37.91578,145.26140
Britannia Close|-38.06681,145.28872
Brixton Road|-37.95792,145.03122 -37.95516,145.03178
Brixton Street|-38.06589,145.12041 -38.06477,145.12373
Broad Oak Drive|-38.11237,145.29960 -38.11503,145.29897 -38.10955,145.30070
Broadacres Court|-38.01485,145.29964
Broadbent Court|-38.04249,145.13259
Broadchapel Place|-37.93624,145.10277
Broadlands Street|-37.99196,145.21117
Broadleaf Court|-37.99985,145.14872
Broadleaf Way|-38.08402,145.28791
Broadoak Street|-37.97439,145.16205 -37.97402,145.15865
Broadstone Way|-38.11588,145.26277 -38.11911,145.26314
Broadview Terrace|-37.91140,145.28735
Broadwalk Grove|-37.97205,145.25351 -37.96932,145.25300
Broadwater Drive|-38.01338,145.13328
Broadway|-38.06018,145.11952 -38.05905,145.12290 -38.05743,145.12770 -38.05589,145.13227
Broderick Road|-38.10305,145.17294 -38.10357,145.17695 -38.10380,145.18038
Brodie Street|-38.10736,145.12576
Brodribb Street|-37.92677,145.03173
Brogden Court|-37.92706,145.26187
Brolga Avenue|-38.04982,145.13771
Brolga Court|-38.11244,145.17426
Bromley Avenue|-38.09854,145.29784
Bronhill Court|-38.09852,145.25979
Bronson Circuit|-38.07508,145.29560
Bronte Court|-37.94057,145.02018
Bronte Street|-38.09865,145.24516
Bronwyn Court|-37.95649,145.13295 -37.91524,145.19216
Bronzewing Drive|-38.08870,145.17585
Brook Court|-38.02878,145.26381
Brooke Close|-37.97852,145.18029
Brookland Court|-37.93190,145.19473
Brookland Greens Boulevard|-38.11888,145.25308 -38.12047,145.25598 -38.12166,145.25912
Brooklyn Avenue|-37.99586,145.19539 -37.99346,145.19749
Brooklyn Bay Close|-37.93935,145.24419
Brooks Drive|-38.02156,145.20024 -38.02201,145.20400
Brooks Street|-37.91632,145.07487 -37.91673,145.07861 -37.91723,145.08379
Brookside Drive|-37.90060,145.26013
Brookville Court|-38.06558,145.28592
Brookwater Parade|-38.07472,145.25521 -38.07607,145.25158 -38.07643,145.24789 -38.07234,145.25723 -38.06952,145.25254
Broome Avenue|-37.98006,145.08160 -37.98048,145.08510
Broome Crescent|-38.07895,145.29579
Brosa Avenue|-37.93103,145.04896
Brosnan Road|-37.93221,145.06223 -37.93270,145.06612
Brott Court|-37.98253,145.16403 -37.95520,145.21745
Brough Street|-37.91299,145.04569 -37.94101,145.17033
Brougham Close|-37.99408,145.25222
Brougham Square|-37.93554,145.19504
Broughton Street|-38.10174,145.12651
Brown Street|-37.90141,145.01082
Brownfield Street|-37.96856,145.06216 -37.99530,145.09683 -37.99474,145.09248 -37.99425,145.08844
Browning Avenue|-37.93958,145.13274 -37.93583,145.13346
Brownlee Crescent|-37.91402,145.16969
Browns Court|-37.91632,145.12639
Browns Road|-37.92320,145.05591 -37.92039,145.12732 -37.92408,145.12687 -37.92804,145.12611 -37.91565,145.12825 -37.95363,145.17938 -37.94883,145.18740 -37.95188,145.18200 -37.94302,145.18845 -37.93801,145.18938
Bruce Court|-37.96394,145.15874
Bruce Street|-38.12066,145.13788 -38.11075,145.27265 -38.11135,145.27760 -37.98409,145.02864 -37.97795,145.21586 -37.97866,145.22186 -37.90262,145.02116 -37.91468,145.03821 -37.91518,145.04217
Bruford Avenue|-37.91215,145.18566
Brumby Court|-38.09132,145.27768
Brumbys Road|-38.09511,145.19348 -38.09629,145.19743
Brunel Court|-38.02214,145.25396
Brunel Road|-38.10992,145.14234 -38.10761,145.14017 -38.10058,145.14285 -38.10144,145.15153 -38.10101,145.14730 -38.10953,145.14262 -38.10570,145.14026 -38.10181,145.14193 -38.10144,145.15153 -38.10101,145.14730 -38.10181,145.15518
Brunet Street|-37.96801,145.21265
Brunning Crescent|-38.12314,145.16145 -38.11798,145.15804 -38.12020,145.16012
Brunnings Road|-38.09454,145.18958 -38.09500,145.19338 -38.09562,145.19811
Brunt Street|-38.10708,145.28574
Brunton Crescent|-37.93164,145.19182
Brusco Close|-37.92292,145.23477
Brushbox Court|-37.92240,145.12913
Bruthen Street|-37.93564,145.05517 -37.93848,145.05466
Bruton Avenue|-37.97322,145.06051
Bryants Road|-37.99899,145.21350 -37.99627,145.21401 -37.99342,145.21423
Bryson Court|-37.99326,145.26541
Buchan Street|-37.93695,145.05199 -37.94412,145.21228
Buckeye Drive|-38.01581,145.28265 -38.01631,145.28777
Buckingham Avenue|-37.91770,145.05138 -37.91730,145.04788 -37.95464,145.15048 -37.95193,145.15100 -37.94868,145.15161
Buckingham Drive|-37.93381,145.24060 -37.93144,145.23466 -37.93426,145.24428
Buckland Court|-37.96715,145.24982
Buckland Street|-37.92322,145.13512 -37.93002,145.13189
Buckley Street|-37.98389,145.17339 -37.98119,145.17221 -37.97848,145.17215 -37.96848,145.17410 -37.97556,145.17272 -37.97283,145.17324
Buckley Way|-38.04738,145.25226
Budge Street|-37.96090,145.16664 -37.96048,145.16320
Bugle Lane|-38.11582,145.24721
Bulbine Way|-37.91590,145.22788
Buldah Street|-37.94385,145.21685 -37.94251,145.21370
Bulga Wattle Circuit|-38.07021,145.24262
Bulli Street|-37.93999,145.05697 -37.94216,145.05466 -37.94499,145.05381
Buloke Lane|-38.01564,145.12775
Bulong Street|-37.98510,145.20414
Buna Avenue|-38.12341,145.12624 -38.12383,145.13070
Bunarong Court|-37.95010,145.20292
Bunbury Avenue|-38.00654,145.28934 -38.00915,145.28773
Bundamba Drive|-37.93747,145.19118 -37.94041,145.19063
Bundeena Avenue|-37.99080,145.17231 -37.98743,145.17307 -37.98425,145.17373
Bundjil Court|-38.09963,145.27092
Bundora Parade|-37.98459,145.09268 -37.98139,145.09328 -37.97659,145.09423
Bundoran Avenue|-38.12242,145.25381
Bundy Court|-38.11339,145.16124
Bunerong Court|-38.05938,145.29942
Bungaleen Court|-38.03602,145.20952
Bungalow Lane|-38.06568,145.29287
Bungaree Place|-38.08503,145.21373
Bunjil Way|-37.90005,145.25796 -37.90199,145.26036 -37.89251,145.25792 -37.89536,145.25673
Bunker Court|-38.11746,145.25714 -37.98392,145.13803
Bunnerong Crescent|-37.98369,145.17034
Bunney Road|-37.93298,145.09447 -37.93351,145.09877 -37.93390,145.10221 -37.93439,145.10609
Bunurong Place|-38.10300,145.27463
Bunya Court|-38.00810,145.29916
Bunya Place|-38.02593,145.27050
Buontempo Road|-38.09455,145.16571 -38.09514,145.17029
Burberry Court|-38.10497,145.19558
Burberry Place|-38.08931,145.28928
Burchall Crescent|-37.91786,145.26630 -37.92055,145.26699
Burchall Grove|-37.94137,145.20886
Burchill Avenue|-38.11986,145.29983 -38.12021,145.30368
Burdekin Boulevard|-38.01341,145.13145 -38.01079,145.13232
Burden Street|-37.93606,145.14646 -37.93970,145.14568 -37.94255,145.14610
Burdett Street|-38.11888,145.15198
Burgan Court|-38.09567,145.26708
Burgess Street|-37.99350,145.03252 -37.92198,145.03591 -37.91843,145.03655
Burke Court|-38.07890,145.26968
Burleigh Drive|-38.05716,145.28970
Burley Court|-37.92439,145.17593
Burlington Chase|-38.03747,145.28000
Burlington Street|-37.90274,145.09787 -37.90178,145.09214 -37.90341,145.10331
Burlorn Court|-38.11405,145.18903
Burnet Street|-37.91591,145.16153
Burnham Crescent|-38.01114,145.16684 -38.00832,145.16741 -38.01071,145.17078
Burns Avenue|-37.93590,145.13468 -37.93965,145.13396
Burraneer Drive|-37.98558,145.17344 -37.98634,145.16975
Burrapike Avenue|-37.95864,145.15982
Burrawong Avenue|-38.08418,145.12970
Burrows Avenue|-37.97925,145.22674 -37.97883,145.22327
Bursaria Crescent|-38.11575,145.15731
Bursaria Lane|-38.11091,145.24298
Burt Crescent|-37.94339,145.02808
Burton Avenue|-37.92799,145.11448 -37.92582,145.11746
Burwah Avenue|-37.92008,145.02046
Bus Loop|-37.91459,145.13147
Bushland Avenue|-37.94198,145.10881
Bushlark Drive|-38.10560,145.17471
Bushman Way|-38.06883,145.26033
Bushwillow Close|-37.94177,145.24795
Bushy Park Place|-38.10548,145.17370
Business Park Drive|-38.04324,145.24777 -37.90253,145.13008
Buster Court|-38.05099,145.29205
Butcher Court|-38.05292,145.28614
Butler Court|-38.10104,145.26906 -37.96523,145.06507
Butler Street|-37.99867,145.24674
Butterfield Place|-38.10828,145.29602
Butternut Drive|-38.05415,145.24722 -38.05168,145.24518
Butterwick Terrace|-38.09615,145.29586
Byng Avenue|-37.95198,145.08085
Byrne Court|-37.96380,145.07031
Byron Court|-38.05550,145.28654
Byron Street|-37.90841,145.00556 -37.93558,145.12014
Cabal Court|-37.92559,145.16582
Cabarita Court|-37.98749,145.16777
Cabinda Drive|-37.99481,145.17820 -37.99828,145.17718 -37.99884,145.18101
Cadby Avenue|-37.90772,145.03904 -37.90431,145.03963
Caddie Street|-38.11624,145.25858
Cadle Street|-37.98842,145.20969
Cadles Road|-38.09933,145.18473 -38.09593,145.18670 -38.09311,145.18721 -38.08836,145.18816
Caesar Street|-37.93143,145.16833 -37.93444,145.16767
Cafardi Boulevard|-38.00387,145.15983 -38.00037,145.15979
Cahill Street|-38.02572,145.19269 -38.02614,145.19627 -38.02712,145.20299
Cailin Court|-38.09050,145.17624
Caine Court|-37.97632,145.24063
Cairn Curren Close|-37.91298,145.23937
Cairnes Grove|-37.92033,145.03021 -37.91749,145.03075
Cairns Road|-38.04076,145.26612 -38.04015,145.26156 -38.03876,145.25843 -38.03805,145.25441 -38.03754,145.25061 -38.04078,145.26635
Caithwill Court|-37.96790,145.28807 -37.96493,145.28812
Caitlyn Court|-38.07686,145.27427
Calais Circuit|-38.08969,145.26323 -38.09200,145.26510
Calderwood Avenue|-37.91350,145.18677 -37.91136,145.18464
Caldwell Close|-37.98152,145.27561
Caleb Street|-37.92166,145.05619
Caledonia Crescent|-37.93038,145.15885
Caledonian Court|-37.98367,145.15639
Calembeena Avenue|-37.90579,145.07969 -37.90652,145.08553
Caley Street|-38.12441,145.15890
Calimbo Walk|-38.12955,145.23052
Calista Avenue|-37.90215,145.12285 -37.90507,145.12229
Callaghan Court|-37.97004,145.08150
Callaghan Street|-37.96916,145.18327
Callander Place|-37.91665,145.28538
Callander Road|-37.96306,145.17773 -37.95461,145.18024 -37.95793,145.17886
Callander Street|-37.90103,145.07804
Callaway Avenue|-38.09882,145.25258
Callibris Court|-37.99378,145.15782
Callistemon Avenue|-37.99434,145.15784
Callistemon Boulevard|-37.95180,145.04142
Caloola Court|-37.90845,145.26290
Calrossie Close|-37.96967,145.26377
Calvin Court|-37.90920,145.19684
Calwell Court|-38.12249,145.18819
Cambria Road|-37.99331,145.18841 -37.99036,145.18830 -37.98977,145.19168
Cambridge Close|-38.09708,145.29677 -37.91693,145.27515
Cambridge Drive|-37.98122,145.15060
Cambridge Road|-37.91663,145.05263
Cambridge Street|-37.90466,145.00807 -37.90398,145.09226
Cambro Road|-37.92016,145.14178 -37.92289,145.14124 -37.91675,145.14244
Camdale Close|-38.03426,145.28039
Camdale Street|-37.94467,145.11379
Camden Road|-37.89798,145.08298
Camelia Grove|-37.96899,145.07715
Camellia Avenue|-37.96291,145.19190 -37.96086,145.18957
Camellia Court|-37.99404,145.23608 -37.90719,145.17180
Camelot Drive|-37.96464,145.13654
Cameron Avenue|-37.92427,145.08705 -37.92146,145.08760
Cameron Place|-37.99610,145.17996
Cameron Street|-38.12038,145.28870 -38.11764,145.28899 -38.11484,145.28954 -37.96900,145.05738
Camino Crescent|-38.09091,145.24977
Camley Court|-37.90588,145.26717
Camms Road|-38.09816,145.28395 -38.09858,145.28744 -38.09899,145.29083 -38.09648,145.26905 -38.09701,145.27458 -38.09789,145.28170 -38.09735,145.27830
Camp Street|-38.05499,145.11515 -38.05150,145.11354
Campbell Drive|-38.03683,145.26057 -38.03946,145.25952
Campbell Grove|-37.98021,145.12275 -37.98069,145.12629
Campbell Parade|-38.11023,145.27525 -38.10980,145.27164
Campbell Street|-37.97854,145.20040 -37.95557,145.00948 -37.92157,145.03234 -37.91806,145.03302
Camperdown Street|-37.91804,145.01171 -37.91745,145.00644
Camphor Close|-37.92616,145.27299
Camphor Court|-37.98133,145.23747
Campus Court|-37.90998,145.16372
Camville Road|-37.92364,145.19042 -37.92577,145.19270
Canadian Maple Place|-38.06426,145.24750
Canberra Avenue|-37.99857,145.20722 -37.99439,145.20804
Canberra Grove|-37.97851,145.04225 -37.92978,145.00999 -37.92690,145.01056 -37.92394,145.01099
Canberra Street|-38.07517,145.13621 -38.07267,145.13466
Candice Grove|-38.11478,145.25651
Candlebark Close|-38.02790,145.27259
Candlebark Crescent|-38.12003,145.14876 -38.12304,145.14934
Candlebark Quadrant|-37.93342,145.22641 -37.93460,145.22243
CandyTuft Close|-38.08077,145.27767
Cane Avenue|-38.10307,145.15415
Canmore Street|-38.11899,145.29738 -38.11615,145.29795
Cann Place|-37.91559,145.25151
Cannery Place|-37.98077,145.13109
Cannes Avenue|-38.06441,145.12182 -38.06302,145.12513
Cannes Grove|-37.97565,145.04728
Cannon Court|-37.95105,145.19396
Canopy Grove|-38.12420,145.29137
Cantala Court|-37.98285,145.27540 -37.91566,145.18850
Cantala Street|-37.91866,145.12766
Canter Street|-37.93601,145.22494
Canterbury Close|-37.94075,145.24582
Canterbury Road|-38.00992,145.10625 -38.01053,145.11122 -38.01100,145.11504 -38.01147,145.11903
Canterbury Street|-38.09838,145.28577 -38.10107,145.28525 -37.90038,145.08167 -37.90307,145.08115
Cantrell Place|-38.05642,145.28378
Canungra Close|-38.03331,145.28091
Capella Close|-37.99097,145.24994
Capella Crescent|-37.94144,145.07354
Capella Place|-38.09048,145.18369
Caper Court|-37.92493,145.16727
Capital Court|-37.99383,145.11030
Capital Drive|-38.01566,145.22353 -38.01840,145.22303
Capital Place|-38.09115,145.16183 -38.09112,145.15829
Capital Promenade|-38.07785,145.25119
Capitol Avenue|-37.90984,145.02845 -37.90665,145.02914
Capra Court|-37.98577,145.27742
Capri Court|-38.11389,145.18148 -37.90458,145.14680
Capricornia Way|-38.02194,145.12577
Captain Cook Close|-38.08981,145.20078
Captain Street|-38.01676,145.09792
Carabeen Way|-38.05663,145.24489
Caramar Avenue|-37.91218,145.02141
Caramar Drive|-37.93761,145.08245
Caramut Road|-37.90304,145.00372
Carawa Way|-38.10961,145.19891
Carbine Avenue|-37.94474,145.10463 -37.94203,145.10235
Carbine Way|-38.05991,145.24303 -38.06077,145.24635
Carboni Court|-37.93090,145.19401
Carboni Crescent|-38.05004,145.24655
Carcoola Court|-37.90718,145.04363
Cardamon Drive|-38.00646,145.28325 -38.00588,145.27940
Cardeno Street|-38.12753,145.23576
Carder Avenue|-38.12928,145.12857 -38.12621,145.12990
Cardiff Circuit|-38.10271,145.17446
Cardiff Grove|-38.10475,145.29728
Cardiff Street|-37.91836,145.06672
Cardigan Street|-37.97540,145.24070
Cardinal Court|-38.01668,145.28781 -37.97160,145.12234
Cardinia Close|-37.95593,145.22863
Cardinia Way|-37.91909,145.24683 -37.92077,145.24970
Cardore Court|-37.96475,145.18591
Carew Street|-37.94732,145.00327
Carey Court|-37.99073,145.16239
Carey Street|-38.08255,145.29325 -38.08216,145.28984 -37.90691,145.06434
Cargo Court|-38.05452,145.23607
Caribbean Drive|-37.90552,145.22559 -37.90328,145.22357 -37.90054,145.21961
Caribbean Pine Court|-38.06743,145.24367
Caribou Court|-37.91342,145.17940
Carina Terrace|-38.09089,145.26028
Caringal Court|-37.93805,145.11511
Carinish Road|-37.91549,145.10905 -37.91755,145.11162 -37.92385,145.11997 -37.92025,145.11516 -37.92669,145.12372 -37.91465,145.10776 -37.92923,145.12709
Carinya Avenue|-38.02010,145.10259 -38.01903,145.10579
Carinya Court|-38.07421,145.29154
Carinya Road|-37.92262,145.07775
Carl Court|-38.01020,145.26775
Carla Court|-38.02007,145.11678
Carlingford Close|-37.93669,145.25340
Carlisle Road|-37.99935,145.25492 -38.00210,145.25481
Carlow Street|-37.92070,145.06869
Carlson Avenue|-37.90541,145.12598
Carlton Road|-37.95943,145.20842 -37.96019,145.21464 -37.96105,145.22193
Carlton Street|-37.91358,145.03741 -37.91313,145.03367
Carly Close|-38.03825,145.28735
Carlyon Court|-37.94334,145.16610
Carlyon Street|-37.90802,145.04135 -37.90435,145.04204
Carmel Court|-37.92711,145.05947
Carmela Way|-38.10964,145.19236 -38.11240,145.19160
Carmen Court|-38.04380,145.27947 -37.90100,145.16824
Carmen Crescent|-37.98440,145.28105 -37.98242,145.27810
Carmen Street|-37.97066,145.19657
Carmichael Avenue|-38.09891,145.24704
Carmichael Road|-37.90226,145.11276 -37.90497,145.11206 -37.89799,145.11356
Carmody Court|-38.08703,145.28679
Carnaby Way|-37.96581,145.14595
Carnation Court|-37.96973,145.15449 -37.97919,145.25884
Carnoustie Court|-37.91970,145.22219
Carnoustie Parade|-37.95428,145.08266
Carol Avenue|-38.10976,145.27843
Carole Court|-38.09494,145.27130 -38.02643,145.11648
Caroline Crescent|-38.10403,145.25575
Caroline Place|-38.02354,145.26860
Caroline Street|-37.99122,145.22624 -37.92268,145.10841
Carolyn Close|-37.98085,145.27948 -37.98119,145.28293 -37.97831,145.28394
Carolyn Street|-37.93894,145.02250
Caron Close|-37.99842,145.27184
Carpentaria Court|-38.02026,145.12463
Carpenter Street|-37.96021,145.18092 -37.91084,144.99952 -37.90868,145.00164 -37.90557,145.00232
Carr Street|-37.92763,145.02645
Carramar Court|-37.98465,145.16628
Carrara Road|-37.93745,145.22468 -37.93794,145.22861
Carre Square|-37.94699,145.14171
Carrera Close|-37.91621,145.29058
Carribean Drive|-37.99127,145.16023
Carrier Avenue|-37.99636,145.08797 -37.99590,145.08415
Carrington Avenue|-38.10706,145.14952 -38.10976,145.14908
Carrington Close|-38.03030,145.13124
Carrington Court|-38.11054,145.14890 -38.04478,145.29398 -37.91271,145.28908
Carrington Crescent|-38.10477,145.19279
Carrington Grove|-37.91904,145.01152
Carrington Street|-38.03542,145.10669 -37.93550,145.03375 -37.93819,145.03414
Carroll Avenue|-37.97980,145.22300
Carroll Court|-38.00117,145.29583
Carroll Lane|-37.99020,145.20807
Carroll Road|-37.93974,145.09239 -37.93284,145.09382 -37.93661,145.09300 -37.92583,145.09510
Carrum Bella Drive|-38.11566,145.18307 -38.11415,145.18629
Carrum Promenade|-38.07647,145.12254
Carrum Woods Drive|-38.08795,145.19135 -38.09029,145.18865 -38.09176,145.19152 -38.09392,145.19367
Carson Avenue|-37.98979,145.14900
Carson Court|-37.92788,145.24195
Carson Street|-37.98534,145.20435 -37.92900,145.16434 -37.92830,145.15925
Carter Street|-37.97222,145.18729
Carter Way|-38.02455,145.24460
Cartwright Grove|-38.12491,145.29451
Caruana Drive|-37.96866,145.13042 -37.96930,145.13386
Carvey Court|-37.98117,145.27528
Carween Avenue|-37.90361,145.02445
Carwell Court|-37.92334,145.09239
Cascade Court|-37.94540,145.19698
Cascade Place|-37.99464,145.15254
Cascade Street|-38.13151,145.13677 -38.12885,145.13796 -37.93644,145.09504
Cascade Way|-38.00043,145.28868
Cascam Court|-37.90658,145.26068
Casco Place|-37.98725,145.11937
Casey Close|-37.96088,145.13401
Casey Court|-37.94270,145.10868
Cash Close|-38.04015,145.26156
Casper Street|-38.11496,145.25297
Caspian Place|-38.05790,145.29583
Cassa Blue Circuit|-38.00821,145.29237
Cassava Court|-37.98921,145.13144
Cassia Court|-37.99328,145.15929 -37.96825,145.24315
Cassia Street|-37.98918,145.23491 -37.90453,145.14357
Cassin Court|-37.95157,145.21958
Cassowary Close|-38.10671,145.17791
Castaway Court|-38.07692,145.13691
Castawellan Street|-38.06685,145.24935
Castella Place|-38.04967,145.27085
Castle Close|-37.93308,145.18789
Castle Street|-37.99904,145.21118
Castlebury Place|-38.07027,145.29248
Castlecrag Close|-37.97476,145.26306
Castlereagh Street|-38.09679,145.19362
Castles Road|-37.93152,145.03931 -37.93194,145.04283
Castlewood Street|-37.91659,145.07427 -37.91587,145.06729 -37.91560,145.06293
Casuarina Court|-38.02463,145.25150
Casuggan Court|-38.00087,145.27439
Catalpa Place|-37.92402,145.27137
Catalpa Street|-37.99315,145.23519
Catania Street|-37.98337,145.05839
Caterina Place|-38.10979,145.19443
Catesby Close|-37.93695,145.21050
Cathedral Court|-38.04908,145.26410
Catherine Avenue|-38.05322,145.11705 -38.05198,145.12067 -38.05049,145.12507
Catherine Edey Place|-38.03970,145.27332
Catherine Road|-37.92685,145.05243 -37.92731,145.05757
Cato Parkway|-38.05655,145.25528 -38.05664,145.25174
Catron Street|-38.10012,145.13196
Causon Court|-37.98368,145.18304
Cavalier Street|-37.91274,145.08051
Cavanagh Street|-37.96651,145.06483 -37.95391,145.06715 -37.95669,145.06664 -37.95991,145.06605 -37.96330,145.06543
Cave Street|-37.97627,145.04497
Cavell Court|-37.97865,145.04338
Cavenagh Boulevard|-37.92740,145.18824 -37.92966,145.19023
Cavendish Court|-37.97323,145.25938
Cavendish Drive|-37.95250,145.08166
Caversham Terrace|-38.05057,145.26324 -38.05326,145.26229
Cayley Court|-38.00275,145.14595
Cazaly Way|-38.11638,145.23742
Cecil Street|-37.91368,145.01139 -37.92105,145.07151
Cecily Street|-37.97920,145.15248
Cedar Court|-37.99622,145.16687 -37.94006,145.09305
Cedar Street|-37.97716,145.07725 -37.97719,145.08077 -37.99244,145.23639
Cedarbank Court|-38.11615,145.29409
Cedarview Close|-37.91624,145.27019
Cedric Street|-37.99693,145.08786 -37.99740,145.09176 -37.99795,145.09628
Celebration Court|-38.09841,145.25896
Celestial Court|-37.91508,145.26100
Celia Street|-37.92989,145.05949 -37.93320,145.05879
Celtic Court|-38.00865,145.18488
Celtic Drive|-38.12111,145.29355
Celtis Place|-37.96968,145.23835
Cemetery Road|-38.12279,145.26952 -38.11839,145.26987 -38.11169,145.27129 -38.11509,145.27056
Cemetine Terrace|-38.09059,145.28316
Centalla Green|-37.91438,145.25005
Centenary Court|-37.99129,145.18346
Centenary Street|-38.10935,145.14915 -38.10972,145.15280 -38.11021,145.15675
Central Avenue|-37.97850,145.02135 -37.98167,145.02075 -37.93489,145.03707 -37.95547,145.21032
Central Parkway|-38.09257,145.23849 -38.09322,145.24419 -38.09401,145.25069 -38.09439,145.25418 -38.09499,145.25816 -38.09561,145.26293 -38.09605,145.26654
Central Road|-38.04090,145.25333 -38.04184,145.25665 -38.04235,145.26051 -38.04281,145.26399
Centre Court|-37.94781,145.05119
Centre Dandenong Road|-37.96565,145.05772 -37.96608,145.06136 -37.96651,145.06483 -37.96693,145.06824 -37.96740,145.07200 -37.96810,145.07870 -37.96859,145.08270 -37.97024,145.09525 -37.97085,145.10020 -37.96956,145.08946 -37.97606,145.12291 -37.97825,145.12523 -37.98034,145.12750 -37.98224,145.13038 -37.97113,145.10306 -37.97198,145.10952 -37.97507,145.12166 -37.97261,145.11592 -37.97709,145.12400 -37.96785,145.07589 -37.98505,145.13498 -37.98157,145.12928 -37.98334,145.13192 -37.99023,145.14157 -37.98733,145.13896 -37.97938,145.12662 -37.97743,145.12425
Centre Grove|-37.93476,145.23464
Centre Kirkham Road|-37.99708,145.19520
Centre Road|-38.02094,145.27990 -38.02137,145.28400 -38.02008,145.27227 -38.02366,145.29197 -38.02559,145.29528 -38.02748,145.29801 -38.02905,145.30088 -37.91592,145.01807 -37.91466,145.00718 -37.91551,145.01459 -37.91658,145.02324 -37.91708,145.02731 -37.91749,145.03075 -37.91790,145.03423 -37.91586,145.01842 -37.91639,145.02183 -37.91831,145.03767 -37.91884,145.04169 -37.91940,145.04581 -37.91997,145.05001 -37.92050,145.05402 -37.92099,145.05789 -37.92148,145.06169 -37.92194,145.06522 -37.92242,145.06896 -37.92292,145.07305 -37.92334,145.07649 -37.92376,145.08032 -37.92429,145.08472 -37.92628,145.10068 -37.92580,145.09680 -37.92531,145.09287 -37.92484,145.08914 -37.92878,145.12092 -37.92920,145.12452 -37.92743,145.10991 -37.92693,145.10590 -37.92643,145.10196 -37.92805,145.11496 -37.92853,145.11874 -37.92994,145.13003 -37.93060,145.13600 -37.92945,145.12658 -37.93137,145.14246 -37.93230,145.14918 -37.93283,145.15339 -37.90259,145.23395
Centreway|-38.00760,145.08596
Centurion Court|-37.92822,145.19349
Century Drive|-38.00065,145.10830 -38.00340,145.10772
Ceramics Lane|-37.95161,145.03472
Cercis Court|-37.99649,145.22922
Ceres Way|-38.11474,145.23454
Cerise Court|-38.08882,145.19698 -37.94387,145.10406
Cerise Place|-37.93510,145.20439
Cervara Street|-37.97883,145.07548 -37.97842,145.07209
Cezanne Crescent|-37.90675,145.18191
Chadbourn Place|-38.05597,145.29013
Chadree Court|-37.98582,145.13439
Chadwell Grove|-38.05863,145.11847
Chain Court|-38.06558,145.29716
Chalan Way|-38.12588,145.23832
Chalcot Drive|-37.96941,145.24456 -37.97209,145.24399 -37.97245,145.24748 -37.97235,145.25102
Chaldron Place|-37.97117,145.12446
Challenger Court|-38.03843,145.13156
Chalmers Avenue|-37.94979,145.00220
Chalmers Grove|-37.90009,145.29509
Chalmers Street|-37.90936,145.04324 -37.90983,145.04685
Champion Court|-37.91411,145.28817
Champion Street|-37.97625,145.02255 -37.92910,145.00284 -37.92616,145.00344 -37.92218,145.00423
Chancellor Drive|-38.10169,145.25268 -38.09915,145.25409 -37.91714,145.18065 -37.91407,145.18243 -37.91982,145.18020
Chancery Lane|-38.11669,145.29682
Chandler Road|-37.98075,145.18453 -37.98452,145.18380 -37.98731,145.18325 -37.99004,145.18271 -37.99282,145.18217 -38.00156,145.18052 -37.99595,145.18157 -37.99884,145.18101 -37.97691,145.18524 -37.98027,145.18461 -37.97424,145.18573 -37.96705,145.18713 -37.97078,145.18640 -37.96193,145.18815
Chandler Street|-37.99107,145.08452 -37.98833,145.08507
Chandor Court|-37.90867,145.14564
Chandos Street|-37.95619,145.04170
Chanelle Court|-37.97495,145.16020
Channel Circuit|-38.02826,145.27859
Channelle Close|-38.02162,145.26416
Chantell Avenue|-37.97532,145.27128 -37.97252,145.27117
Chapel Road|-38.02204,145.15750 -38.01818,145.15819 -38.01529,145.15873 -38.00466,145.16084 -38.00744,145.16029 -38.01238,145.15931 -38.00073,145.16162 -37.99749,145.16226 -37.99409,145.16294 -37.93489,145.04918 -37.93819,145.04854 -37.94150,145.04789 -37.94449,145.04760
Chapel Street|-38.04287,145.25101 -38.03952,145.24944
Chapelton Road|-38.11968,145.29559
Chapman Avenue|-38.10408,145.12719
Chapman Street|-38.09139,145.18766 -38.09176,145.19152 -37.92824,145.01029
Chapot Lane|-38.12539,145.23092
Chaprowe Court|-37.96002,145.05883
Chardonnay Drive|-38.10538,145.19689 -38.10346,145.19956
Charisma Circuit|-38.12979,145.22976
Charles Avenue|-38.00289,145.25575 -38.00020,145.25628 -37.99660,145.25703 -37.93718,145.16905 -37.93768,145.17303
Charles Green Avenue|-37.98311,145.24801 -37.98313,145.25172 -37.98483,145.25442 -37.98731,145.25287
Charles Street|-38.10194,145.13158 -37.97216,145.05863 -37.97258,145.06264 -37.97471,145.21326 -37.93909,145.00869 -37.90433,145.01492 -37.90469,145.01845 -37.91730,145.05505 -37.91770,145.05847 -37.90528,145.02276
Charleville Court|-38.11018,145.18649
Charlotte Place|-38.10626,145.25977
Charlotte Road|-37.98134,145.03869
Charlotte Street|-37.97662,145.14879 -37.97693,145.15235 -37.97747,145.15664 -37.91735,145.01970 -37.93562,145.12006
Charlton Avenue|-37.96274,145.04223
Charlton Court|-37.98941,145.26906
Charlton Street|-37.92150,145.03173 -37.93528,145.16219
Charlwood Close|-38.06102,145.25632
Charman Road|-37.98042,145.05293 -37.98543,145.05198 -37.96806,145.05519 -37.97246,145.05436 -37.97528,145.05385 -37.97815,145.05334 -37.96366,145.05602 -37.96675,145.05544
Charming Street|-37.93491,145.03329 -37.93308,145.03067
Charnfield Crescent|-37.97856,145.18397
Charnwood Court|-38.01545,145.29815
Charnwood Lane|-37.95445,145.05973
Chateau Avenue|-38.01321,145.29860 -38.01563,145.29678
Chateau Grove|-37.98549,145.04762
Chatham Close|-38.09803,145.29914
Chatswood Drive|-38.06719,145.28789 -38.06354,145.28746
Chatsworth Close|-37.95374,145.05978
Chatsworth Court|-37.96525,145.13836 -37.93090,145.25698
Chauncy Way|-38.05144,145.25373
Chauvel Street|-37.91097,145.08137 -37.91140,145.08483
Cheam Street|-37.96304,145.22476 -37.96239,145.22024
Cheddington Road|-38.12704,145.29420 -38.12751,145.29796
Cheeseman Avenue|-37.90745,145.01806
Chelsea Avenue|-37.93563,145.19671
Chelsea Park Drive|-38.04982,145.13771 -38.04749,145.13473
Chelsea Road|-38.04922,145.12289 -38.05029,145.11973 -38.05144,145.11652
Chelsea Street|-37.95563,145.06320
Cheltenham Road|-37.96699,145.01823 -37.96910,145.03623 -37.96846,145.03082 -37.96767,145.02401 -37.99103,145.14689 -37.99162,145.15029 -37.99461,145.17534 -37.99443,145.18187 -37.99385,145.18680 -37.99207,145.15425 -37.99167,145.15076 -37.99222,145.15823 -37.99286,145.16244 -37.99347,145.16849 -37.99409,145.17255 -37.99420,145.18491 -37.99336,145.18823 -37.99237,145.19235 -37.99096,145.19901 -37.98990,145.20306 -37.99075,145.20665 -37.99151,145.21026
Cheltenham Road Service Road|-37.99317,145.18854 -37.99074,145.19928 -37.98975,145.20250
Chepstow Court|-37.93987,145.19072
Cherbourg Avenue|-37.97469,145.04645 -37.97164,145.04706
Cherrington Court|-37.99389,145.08328
Cherry Court|-37.99520,145.16458
Cherry Grove|-37.99415,145.24256
Cherry Lane|-37.95731,145.28301
Cherryfield Drive|-38.00141,145.16991
Cherryhills Drive|-38.12144,145.26088 -38.11146,145.26491 -38.11470,145.26497 -38.11673,145.26258
Cherryplum Court|-38.07597,145.27985
Cherrywood Way|-38.06808,145.29353
Cheryl Court|-38.04079,145.27051
Cheshunt Court|-38.07701,145.27664
Cheshunt Drive|-38.01262,145.27740 -38.01510,145.27584
Chesney Street|-37.98774,145.16983
Chester Court|-37.97241,145.25330 -37.93980,145.19074
Chester Drive|-38.03876,145.25843
Chester Street|-37.92046,145.06677
Chesterfield Drive|-38.06199,145.28407
Chesterville Drive|-37.92241,145.06202 -37.92300,145.06753
Chesterville Road|-37.96271,145.05620 -37.95978,145.05674 -37.95288,145.05803 -37.95607,145.05743 -37.94782,145.05899 -37.93893,145.06081 -37.94177,145.06020 -37.94443,145.05966 -37.93604,145.06146 -37.92919,145.06326 -37.93221,145.06223 -37.92389,145.06421
Chestnut Court|-37.97329,145.11414 -37.90989,145.16996
Chestnut Road|-37.98729,145.23582 -37.99057,145.23504 -37.99310,145.23333
Cheviot Road|-37.98999,145.18132
Chevron Avenue|-38.12899,145.23919 -38.13157,145.24159 -38.13244,145.24502
Chevron Court|-38.08193,145.12536
Chi Avenue|-38.00730,145.16559 -38.00553,145.16067
Chichester Close|-38.08803,145.20622
Chicory Chase|-38.00789,145.28595
Chicquita Avenue|-38.10672,145.14621
Chicquita Circuit|-37.97877,145.07550
Chifley Court|-37.98193,145.12516
Chifley Crescent|-37.96629,145.20939 -37.96725,145.20547
Chifley Drive|-37.97729,145.10677 -37.97421,145.10652 -37.97868,145.11060
Childers Street|-38.11240,145.28768 -38.11183,145.28311 -37.98305,145.07052 -37.98262,145.06684
Childs Rise|-37.98936,145.25603
Chile Street|-38.11771,145.15206
Chipp Court|-37.97846,145.12299
Chipping Hill Court|-37.91086,145.19260
Chisholm Court|-38.10652,145.27028 -37.96091,145.13542
Chisholm Crescent|-38.05744,145.28572
Chislehurst Court|-38.05640,145.29226
Chislehurst Road|-37.93717,145.01999
Chiswick Court|-38.02219,145.25363 -37.97109,145.25285 -37.92509,145.26236
Chivalry Lane|-38.11657,145.25758
Chivell Close|-37.97823,145.27126
Chivers Court|-37.98782,145.13795
Chloe Court|-38.09722,145.25632
Chomley Street|-38.10159,145.26976
Chopard Avenue|-38.01274,145.13809
Chris Court|-38.02184,145.11863 -37.99703,145.15212
Christensen Street|-37.95264,145.06524 -37.94988,145.06659
Christian Court|-37.93594,145.24667
Christina Close|-37.90522,145.19820
Christina Terrace|-37.97554,145.12313 -37.97328,145.12577
Christine Court|-38.10433,145.15243 -37.96801,145.16219
Christine Place|-38.07071,145.26697
Christine Street|-38.09673,145.27095
Christopher Court|-38.00026,145.26572 -37.93553,145.10291
Christopher Street|-37.95331,145.14109
Church Road|-38.08352,145.13143 -38.07907,145.12773 -38.00047,145.16221 -38.00104,145.16676 -38.00183,145.17318 -38.00223,145.17664 -38.00270,145.18019
Church Street|-37.97904,145.04662 -37.97603,145.04721 -37.97251,145.04790 -37.92004,145.00131
Churchill Avenue|-37.96319,145.04848 -37.96366,145.05208
Churchill Close|-37.90445,145.06265
Churchill Court|-37.92880,145.01373 -37.94958,145.18909 -37.94774,145.22081
Churchill Park Drive|-37.95883,145.26914 -37.95830,145.26380 -37.95845,145.25963 -37.95618,145.25544 -37.95360,145.25209 -37.96208,145.28178 -37.96044,145.27853 -37.95962,145.27488 -37.95900,145.27052 -37.95862,145.26632 -37.95819,145.26261 -37.95856,145.25838 -37.95618,145.25544 -37.95360,145.25209 -37.95146,145.24934 -37.94966,145.24674 -37.94674,145.24485 -37.94213,145.24475
Churchmead Court|-38.05460,145.29349
Chute Street|-38.00933,145.09212 -38.00539,145.09289 -38.00230,145.09350 -37.99500,145.09457 -37.99768,145.09406
Cicada Court|-38.10388,145.17976 -37.93162,145.20254
Cilento Crescent|-38.05427,145.25711
Cilroy Crescent|-38.12270,145.23557
Cinder Court|-37.92505,145.16561
Cindy Close|-37.99655,145.17200
Cindy Court|-37.97275,145.07762
Cintra Avenue|-37.91041,145.17577
Cirai Crescent|-38.10050,145.26117
Circle Drive North|-38.09685,145.28153 -38.09435,145.28019 -38.09389,145.27680
Circle Drive South|-38.09410,145.27621 -38.09652,145.27775
Cirrus Close|-38.04562,145.27222
Cirrus Street|-38.06522,145.12476
Cisticola Street|-38.02314,145.29230
Citrus Street|-37.99087,145.10704 -37.99135,145.11102
City Vista Circuit|-38.11021,145.24560
Clair Court|-38.01317,145.10451
Claire Street|-37.91129,145.04020
Clairmont Avenue|-38.09312,145.27758 -38.08769,145.27427 -38.09106,145.27347 -38.09285,145.28108 -37.92173,145.02693
Clais Street|-38.00627,145.16789
Clancy Crescent|-38.09785,145.19527
Clangula Court|-37.97448,145.24500
Clapham Avenue|-37.96137,145.15047
Clapperton Street|-37.91680,145.02505
Clapton Court|-38.11614,145.29353
Clara Court|-37.99663,145.17285 -37.95513,145.07048
Clare Court|-37.90447,145.26908
Clare Street|-37.98925,145.08876 -37.98980,145.09320
Claredale Road|-37.99635,145.22820 -37.99922,145.22764
Claremont Crescent|-37.98669,145.18440
Claremont Way|-37.91743,145.28158
Clarence Avenue|-37.98622,145.17982 -37.98579,145.17631 -37.89967,145.05735
Clarence Court|-38.08369,145.21016
Clarence Place|-38.11681,145.29782
Clarence Street|-37.92808,145.05926
Clarendon Avenue|-37.91144,145.10147
Clarendon Drive|-38.00928,145.17303 -38.01045,145.17616 -38.00780,145.17865 -38.00500,145.17920
Clarendon Street|-38.10463,145.27516 -38.10540,145.28144 -38.10659,145.29114 -38.10615,145.28752
Claret Street|-37.99431,145.23310
Clarevale Street|-37.93191,145.12297 -37.93496,145.12240
Clarinda Road|-37.94619,145.09681 -37.94289,145.09737 -37.93970,145.09812 -37.93655,145.09874 -37.93382,145.09926 -37.93053,145.09989 -37.92742,145.10050
Clark Street|-37.95680,145.02168
Clarke Road|-37.97851,145.14689 -37.96725,145.14013 -37.96973,145.14158 -37.97227,145.14311 -37.97484,145.14462 -37.97740,145.14614 -37.96693,145.13993 -37.96297,145.13859
Clarkson Avenue|-37.90521,145.00017
Claronga Street|-37.92611,145.07902
Clarood Crescent|-38.03714,145.13106
Classon Court|-37.96413,145.06205
Claude Avenue|-38.03715,145.26718
Claude Street|-38.12512,145.13594 -38.12174,145.13741 -37.93692,145.07596 -37.93761,145.07966
Claudel Street|-37.91009,145.11306
Claudia Street|-37.97172,145.19358
Clauscen Drive|-37.92882,145.24609 -37.93124,145.24766 -37.93184,145.25241
Clay Court|-37.96442,145.20161 -37.95150,145.18728
Clay Street|-37.93939,145.04583 -37.93630,145.04643
Clayden Rise|-37.91131,145.28325
Claymore Street|-38.08905,145.20383
Clayton Court|-37.97553,145.15858
Clayton Road|-38.10912,145.26849 -37.95710,145.11362 -37.94386,145.11611 -37.94724,145.11545 -37.95026,145.11485 -37.93988,145.11689 -37.92883,145.11899 -37.93198,145.11822 -37.93466,145.11780 -37.92500,145.11975 -37.91891,145.12092 -37.91577,145.12152 -37.92193,145.12035 -37.91101,145.12237 -37.90771,145.12299 -37.90024,145.12437 -37.90416,145.12366
Clayton Road Service Road|-37.90166,145.12413
Cleal Court|-37.96839,145.18808
Cleary Court|-37.93620,145.11759 -37.93675,145.12207
Cleary Street|-37.96586,145.15255
Clee Street|-37.90968,145.02718 -37.90666,145.02815
Cleek Avenue|-37.90987,145.08827 -37.91333,145.08758
Cleeland Road|-37.93067,145.09416 -37.93109,145.09758
Cleeland Street|-37.98114,145.21526 -37.98427,145.21467 -37.97703,145.21607 -37.97083,145.21719 -37.97365,145.21668
Clegg Street|-38.11240,145.25882
Clematis Court|-38.07695,145.14348
Clement Court|-38.05826,145.29251
Clement Street|-37.98379,145.22258
Clementine Close|-37.92273,145.27381
Clements Street|-37.95251,145.02447 -37.91204,145.05879
Clendon Court|-38.10967,145.18165 -37.95202,145.05851
Clendon Road|-37.93472,145.19989
Cleopatra Drive|-38.09262,145.28772 -38.08958,145.28830
Cleveland Court|-37.94089,145.20817 -37.93272,145.25661
Cliff Grove|-37.98636,145.05099
Clifford Street|-37.90933,145.10384 -37.91000,145.10991
Clifton Court|-37.92363,145.16739
Clifton Grove|-38.09380,145.17535 -38.09106,145.17703 -38.08836,145.17758 -38.08560,145.17817
Clifton Park Drive|-38.09280,145.17540
Clifton Street|-37.93174,145.07796
Clifton Way|-37.97046,145.25400 -37.97044,145.25746 -37.97267,145.25959
Cline Court|-38.03926,145.26297
Clinton Drive|-38.00517,145.17080
Clinton Street|-37.90993,145.02058 -37.91302,145.02075 -37.91608,145.02016
Clipper Island|-38.07466,145.14100
Clive Street|-38.02986,145.24984 -38.03295,145.24930 -37.91387,145.01697 -37.91424,145.02036 -37.93239,145.14990 -37.93596,145.14923
Cliveden Close|-38.06144,145.29667
Clonaig Street|-37.90532,145.01027 -37.90234,145.01065
Clondara Drive|-37.93242,145.22215
Clonmore Street|-37.97867,145.03430 -37.98020,145.03763
Clonmult Avenue|-37.95302,145.03613
Cloris Avenue|-37.98179,145.03371 -37.98215,145.03734 -37.98289,145.04435
Close Avenue|-37.98228,145.20729 -37.98275,145.21097
Clovelly Lane|-38.08959,145.12906
Clovelly Parade|-38.08977,145.12821 -38.08998,145.13273
Clover Place|-38.11559,145.18784
Cloverbank Drive|-38.11676,145.29966
Cloverdale Court|-37.93559,145.20072
Cloverdale Lane|-37.95812,145.28821 -37.95742,145.28309
Cloverset Avenue|-38.01307,145.29732 -38.01092,145.29961
Clovis Street|-37.90929,145.11321
Clow Street|-37.98469,145.21454 -37.98563,145.22095 -37.98610,145.22517 -37.98653,145.22899
Cloyne Street|-37.95550,145.03564 -37.95227,145.03628
Club Court|-37.98450,145.13734
Club House Crescent|-38.10608,145.29820
Clubhouse Way|-37.93385,145.23308
Cluden Street|-37.91235,145.00721 -37.91273,145.01081
Clunies Ross Crescent|-37.91596,145.15926 -37.91728,145.16363
Clyde Street|-37.94738,145.03045 -37.94386,145.03125
Clydebank Avenue|-37.96358,145.26733
Clydebank Court|-37.92590,145.26010
Clydebank Road|-38.03807,145.11048 -38.03555,145.10900
Clyne Place|-37.92078,145.25327
Clyve Avenue|-37.97600,145.05826
Coach House Lane|-38.11519,145.19743
Coaldrake Street|-38.09737,145.18145
Coane Street|-37.91008,145.11670 -37.91285,145.11617
Coape Street|-37.97048,145.05256
Coast Banksia Drive|-38.06744,145.12484 -38.06486,145.12583
Coates Street|-37.92899,145.03331 -37.92600,145.03393
Cobain Street|-37.98949,145.17266 -37.91548,145.13156
Cobain Way|-38.11730,145.29199
Cobar Street|-37.90799,145.06602
Cobbler Grange|-38.04976,145.26356 -38.05268,145.26300
Cobham Street|-37.97262,145.06772 -37.97215,145.06388
Cobungra Court|-38.01799,145.27752
Cochrane Avenue|-37.98544,145.05774 -37.99361,145.17585 -37.99282,145.18217
Cochrane Street|-38.10605,145.27238 -38.10646,145.27580 -38.10694,145.27979
Cochranes Road|-37.94189,145.06018 -37.94240,145.06410 -37.94295,145.06825 -37.94383,145.07260 -37.94410,145.07701
Cockatiel Street|-38.02287,145.29168
Cockatoo Drive|-38.11115,145.17711 -38.11267,145.18002
Coco Parade|-38.12016,145.19144
Coconut Grove|-38.02283,145.12759
Cocos Court|-38.07955,145.13444
Codrington Street|-38.11294,145.28478 -38.10947,145.28547 -37.95160,145.01628 -37.94853,145.01687
Cody Avenue|-38.03229,145.25351
Cojo Place|-38.02694,145.21302 -38.02756,145.21729
Colac Court|-38.07595,145.14595
Colby Place|-38.03478,145.28261
Colchester Avenue|-38.09541,145.24765
Colchester Court|-37.98548,145.15560
Cole Street|-37.95216,145.17236 -37.95261,145.17603
Coledale Close|-37.97398,145.26630
Coleman Court|-37.97394,145.05799 -37.95906,145.21109
Coleman Road|-38.01258,145.09046
Colemans Road|-38.09837,145.16469 -38.09170,145.16630 -38.09455,145.16571 -38.08823,145.16701 -38.08665,145.17016 -38.08530,145.17342 -38.08349,145.16420 -38.09152,145.16633 -38.08826,145.16700 -38.03923,145.21058 -38.03973,145.21470 -38.04020,145.21838 -38.04097,145.22472
Colendy Close|-38.07518,145.25878
Colenso Street|-38.07307,145.12277
Coles Court|-37.97998,145.04717
Coles Parkway|-38.09641,145.18185
Coliban Close|-37.91349,145.25532
Colin Court|-37.98728,145.13395
Colin Road|-37.91565,145.11270 -37.91292,145.11324
Colin Street|-37.92486,145.05271
Coling Avenue|-37.90029,145.06227
Collard Place|-38.08976,145.19101
Collaroy Crescent|-37.98258,145.17303
College Crescent|-37.99020,145.16348 -37.99250,145.16537
College Drive|-38.04996,145.29828
College Grove|-37.97352,145.01962
College Walk|-37.90979,145.12901
Collegium Avenue|-37.90517,145.16746 -37.90478,145.16368
Collett Rise|-37.98614,145.25519
Collier Avenue|-37.92817,145.12473
Collier Court|-37.91458,145.17149
Collina Mews|-38.10926,145.20191
Collington Avenue|-37.91972,145.00095
Collingwood Street|-37.95275,145.01190 -37.94989,145.01248
Collins Court|-38.04114,145.12530
Collins Lane|-37.99161,145.20661
Collins Street|-37.97903,145.05557 -37.97997,145.06361 -37.97958,145.06017 -37.98063,145.06957 -37.90850,144.99835 -37.90856,145.05157 -37.90564,145.05210
Collins Way|-38.09616,145.17963
Collis Street|-37.92731,145.01400 -37.93026,145.01347
Collocott Street|-38.00110,145.08771 -38.00055,145.09116
Colonel Street|-37.91986,145.11538 -37.92032,145.11921
Colonial Close|-37.90440,145.19058
Colonial Court|-38.03563,145.29338
Colonial Place|-37.95756,145.08035
Colonsay Road|-37.95592,145.15972
Colorado Crescent|-37.91609,145.25540 -37.91343,145.25479
Colrado Court|-38.01371,145.27484
Colston Place|-37.93251,145.18536
Columbia Court|-38.05765,145.21499
Columbia Drive|-37.91307,145.18528 -37.91597,145.18425 -37.91902,145.18379
Columbia Street|-37.93615,145.08318
Colvin Court|-37.90024,145.15619
Colwyn Drive|-38.05495,145.28727
Comas Road|-37.97081,145.04108 -37.97383,145.04047
Comber Street|-37.96329,145.16880 -37.96282,145.16504
Comer Street|-37.93022,145.01233 -37.92704,145.01291 -37.92331,145.01361
Comfort Close|-37.92898,145.24687
Commercial Drive|-38.01963,145.22937 -38.02255,145.22884 -38.02734,145.22790 -38.04281,145.25194 -38.04324,145.24777 -38.03930,145.24940
Commercial Road|-37.98584,145.06507 -37.94685,145.05609 -37.90367,145.12850
Commonwealth Terrace|-38.08178,145.20605
Community Parade|-38.06288,145.28597 -38.06504,145.29293 -38.06321,145.28938
Como Court|-37.95953,145.14677 -37.95955,145.21586
Como Parade East|-37.98762,145.07033 -37.99018,145.07329 -37.99233,145.07578 -37.98310,145.06632 -37.98545,145.06808 -37.98756,145.07028 -37.99537,145.07927 -37.99779,145.08180 -37.99018,145.07329 -37.99233,145.07578
Como Parade West|-37.98120,145.06437 -37.98790,145.06994 -37.98391,145.06622 -37.99366,145.07663 -37.99166,145.07430 -37.99815,145.08152 -37.99581,145.07911 -38.00213,145.08368 -37.99366,145.07663 -37.99166,145.07430 -37.98888,145.07109
Compark Circuit|-37.91794,145.15420 -37.91575,145.15631
Compass Court|-38.11793,145.14835
Compass Rise|-38.02788,145.27586
Complex Main Street|-38.11467,145.29619
Comport Street|-37.99219,145.03657
Comte Close|-38.10222,145.25985
Concord Crescent|-38.10115,145.17092 -38.10242,145.16785
Concord Place|-38.11173,145.26593
Conder Way|-37.97554,145.07209
Condon Court|-37.99358,145.18383
Cone Street|-37.99489,145.25273
Conferta Court|-38.09798,145.26658
Conferta Crescent|-37.98137,145.23909
Conica Court|-38.01847,145.28167
Conifer Court|-37.95888,145.21030 -37.92346,145.27600
Conifer Crescent|-37.97886,145.11315
Conifer Street|-37.94593,145.01857
Coniston Court|-37.97202,145.15079
Coniston Drive|-37.90908,145.19178 -37.91182,145.19179
Conley Street|-37.98091,145.17921 -37.98367,145.17881
Connam Avenue|-37.92001,145.14205
Connell Close|-37.98430,145.13072
Connell Lane|-37.99000,145.20335
Connell Road|-37.90520,145.09759 -37.90031,145.09873
Connell Street|-38.00492,145.09021
Connewarra Avenue|-38.02077,145.10310 -38.01965,145.10639
Connie Court|-38.11420,145.26651
Connie Street|-37.92322,145.07541 -37.91943,145.07617
Connor Mews|-38.09880,145.29979
Connor Street|-37.92148,145.01125
Connors Street|-37.95414,145.05375
Conquest Way|-38.01097,145.25531 -38.00880,145.25317
Conrad Place|-37.91616,145.17890
Conran Avenue|-37.98229,145.27279 -37.98450,145.27541
Conservation Way|-38.06788,145.25409
Constance Close|-37.90989,145.27867
Conti Court|-37.97458,145.05398
Conway Court|-38.09961,145.26891 -38.03430,145.13190 -38.04050,145.26420
Conway Street|-37.99805,145.20290 -37.99543,145.20194
Cooba Court|-37.92652,145.17071
Cooinda Crescent|-37.93713,145.10258
Cooinda Drive|-38.02051,145.10743
Cook Court|-38.07705,145.27140 -37.96720,145.15726 -37.96554,145.21457
Cooke Avenue|-37.94298,145.02461
Cooke Street|-37.95987,145.02477 -37.92533,145.11836 -37.92827,145.11777
Coolabah Avenue|-37.89995,145.15502
Coolabah Street|-37.98249,145.08457
Coolac Street|-37.96682,145.06732
Coolavin Road|-37.95531,145.19717 -37.95783,145.19584 -37.95726,145.19171
Cooley Lane|-37.92316,145.18762
Coolgardie Street|-38.12617,145.15335 -38.12556,145.14838
Coolibah Place|-37.98400,145.16689
Coolibar Avenue|-38.08517,145.13779 -38.08743,145.13552 -38.08795,145.12922
Coolidge Court|-37.94041,145.20984
Cooma Court|-37.97837,145.22792
Cooma Street|-37.93962,145.05334
Coombe Avenue|-37.93787,145.01361
Coombs Avenue|-37.91999,145.10899 -37.91942,145.10454
Coomoora Road|-37.98231,145.14751 -37.98270,145.15110 -37.98322,145.15531
Coonara Avenue|-38.09978,145.12845
Coonil Street|-37.92602,145.10556
Cooper Court|-38.11400,145.28790 -38.00173,145.28427
Cooper Road|-37.91475,145.25153
Cooper Street|-37.96460,145.15753
Coora Road|-37.91458,145.10561 -37.91750,145.10503
Coorong Circle|-38.01182,145.12651
Cootamundra Drive|-37.90988,145.17198 -37.91261,145.17238 -37.91430,145.16908 -37.90694,145.17086
Cootamundra Street|-37.98477,145.23659 -37.98201,145.23636 -37.97920,145.23687 -37.97665,145.23806
Cope Court|-37.91469,145.19437
Copernicus Circuit|-38.09497,145.25326
Copley Street|-38.11480,145.25664
Coppin Close|-38.02635,145.26843
Coppin Court|-37.90104,145.15772
Coral Avenue|-37.98808,145.02941
Coral Court|-38.02365,145.18409 -37.97199,145.07788 -37.92895,145.10961
Coral Drive|-38.04928,145.28049 -38.04622,145.27919 -38.04445,145.27619 -38.04263,145.27363 -38.03943,145.27403 -38.03758,145.27128 -38.03573,145.26877
Coral Island Court|-38.08190,145.14083
Coral Mews|-38.09756,145.20333
Coram Close|-37.99092,145.28717
Coram Court|-37.99684,145.16339
Corang Way|-38.08961,145.26233
Corbie Street|-37.93257,145.03560
Cordova Court|-37.94563,145.20844
Coreen Avenue|-37.98162,145.04085 -37.97850,145.04145
Corella Court|-38.11228,145.17889
Corhanwarrabul Close|-37.91720,145.22910
Corinne Close|-37.96530,145.15077
Corio Drive|-37.96011,145.13343 -37.96323,145.13352
Coriyule Court|-38.08252,145.28187
Corker Close|-38.00387,145.29095
Cormick Street|-37.92236,145.07300
Cormorant Close|-37.97590,145.24405
Cormorant Place|-37.98129,145.12056
Cornelius Street|-37.97135,145.22609
Cornell Place|-38.04008,145.28305
Cornish Road|-37.92588,145.28254 -37.92732,145.28548 -37.92991,145.28428
Cornwall Avenue|-37.98690,145.17961
Cornwall Street|-38.00039,145.26383 -38.00257,145.26814
Cornwell Crescent|-38.09831,145.29632 -38.09745,145.30005
Corolla Avenue|-37.92890,145.05266
Coronation Street|-37.90088,145.00715
Coronet Court|-38.11286,145.26850
Coronet Grove|-37.98388,145.02690
Corowa Place|-38.08239,145.20563
Corporate Avenue|-37.92608,145.22026 -37.92382,145.21649
Corporate Drive|-37.95005,145.07864 -37.94824,145.08136
Corr Street|-37.94065,145.06792
Corran Court|-37.96665,145.27153
Correa Avenue|-37.96292,145.04220
Correa Place|-37.97164,145.24135
Correa Street|-38.04337,145.11134
Corrigan Road|-37.99293,145.16306 -37.98878,145.16376 -37.98572,145.16436 -37.98115,145.16527 -37.97618,145.16622 -37.96719,145.16797 -37.97017,145.16736 -37.97286,145.16684 -37.96359,145.16874 -37.95646,145.17005 -37.95929,145.16962 -37.95254,145.17079 -37.94980,145.17134
Corrigans Run|-38.00304,145.18176
Corsican Street|-38.11730,145.15460
Corvi Court|-37.97598,145.19898
Coryule Avenue|-37.98771,145.06285
Cosier Drive|-37.98142,145.18440 -37.98369,145.18247
Cossar Place|-38.05770,145.14167
Costello Court|-37.97876,145.26959
Cotham Square|-38.02627,145.26509
Cotoneaster Court|-37.91130,145.17242
Cotswold Crescent|-37.97531,145.15766
Cottage Court|-38.03095,145.26405
Cotter Court|-37.91533,145.23761
Cotton Field Way|-38.06703,145.29080
Cottongum Avenue|-38.00048,145.16229
Cottrell Place|-38.06126,145.25822
Coulson Avenue|-38.00208,145.24288
Counithan Place|-37.91833,145.28798
County Close|-37.90894,145.18751
Courtenay Avenue|-38.07774,145.27374 -38.07812,145.27726 -38.07849,145.28072 -38.08156,145.28553 -38.07892,145.28429
Courtney Street|-37.97056,145.05938
Cove Court|-37.96679,145.27139
Cove Lane|-38.08462,145.13321
Covent Garden Grove|-37.90832,145.26852
Coventry Drive|-38.08058,145.20717
Cowin Close|-37.92077,145.26756
Cowper Street|-37.95722,145.00971 -37.95410,145.00691 -37.90262,144.99970
Cowra Street|-37.90492,145.00598
Cox Court|-37.98900,145.25470
Cox Street|-37.96360,145.07146
Crabapple Close|-38.05939,145.24950
Crabill Walk|-38.05779,145.28860
Craig Court|-37.96678,145.07906
Craig Hill Drive|-37.91379,145.19349 -37.91292,145.19688 -37.91515,145.19883
Craig Street|-37.97154,145.17026
Craigie Avenue|-38.04509,145.11236
Craigie Court|-38.03342,145.27089
Craigmore Avenue|-37.98062,145.08626
Craigton Court|-38.08007,145.28153
Crampton Chase|-38.08694,145.21188
Crampton Court|-37.93636,145.24154
Crampton Square|-38.06498,145.13756
Cranberry Place|-38.08870,145.28751
Cranbourne Drive|-38.10788,145.27223 -38.10830,145.27566 -38.10879,145.27939
Cranbourne Place|-38.09757,145.28115
Cranbourne Road|-38.07187,145.29770
Cranbourne-Frankston Road|-38.13017,145.23634 -38.12793,145.24119 -38.12638,145.24454 -38.12473,145.24827 -38.12186,145.25003 -38.11475,145.25135 -38.11172,145.25208 -38.11844,145.25074 -38.10955,145.25470 -38.10993,145.25845 -38.11054,145.26378
Cranham Street|-37.96230,145.16637 -37.96183,145.16285
Cranley Street|-37.94943,145.15637
Cranwell Court|-37.92247,145.16323
Cranwell Mews|-38.09753,145.20335
Craven Court|-38.08365,145.21145 -38.01589,145.25833
Craven Street|-37.96088,145.16927
Crawford Avenue|-37.96719,145.19943
Crawford Road|-37.92643,145.10196 -37.92986,145.10131 -37.93368,145.10057
Crawford Street|-37.97170,145.04837 -38.00805,145.11046
Creek Court|-37.99583,145.24943
Creighton Street|-37.99803,145.29922
Cremin Court|-37.93619,145.24353
Cremona Street|-37.98561,145.06760
Cremorne Court|-37.97956,145.12082
Crepe Avenue|-38.11530,145.25010 -38.11816,145.24952
Crescent Street|-37.95929,145.16962
Cressonierre Court|-37.99975,145.26882
Cressy Way|-38.10077,145.25284
Crest Avenue|-37.93982,145.02670
Cresta Court|-37.92513,145.17110
Creswick Grove|-37.91193,145.04500
Creswick Street|-37.92756,145.01601 -37.93049,145.01551
Cricklewood Circuit|-38.02091,145.28967
Crimea Close|-37.90769,145.27553
Crimson Crescent|-38.09034,145.19596
Crimson Drive|-37.98557,145.23563 -37.98302,145.23411
Crimson Grove|-37.93971,145.13768
Crisp Street|-37.94071,145.00192 -37.94116,145.00574 -37.94166,145.00981
Cristata Avenue|-37.96634,145.24123
Crocus Court|-37.95892,145.04844
Crocus Crescent|-37.89871,145.16375
Croft Street|-37.90783,145.10189
Cromb Avenue|-37.98780,145.04318
Cromer Crescent|-37.92109,145.17140
Cromer Road|-37.98969,145.04418 -37.98577,145.04484 -37.98077,145.04582
Crompton Way|-38.00335,145.20627
Cromwell Court|-37.98576,145.16326
Cromwell Drive|-37.93144,145.23565 -37.93107,145.23928
Cromwell Lane|-38.10388,145.29646
Cronia Court|-37.91404,145.20171
Cronin Court|-37.96743,145.07895
Cronulla Court|-37.98285,145.16964
Crosbie Road|-37.90235,145.06430 -37.90623,145.06592
Cross Road|-38.04440,145.11803 -38.04693,145.11940
Crossdale Rise|-37.97124,145.26647 -37.97093,145.26994
Crossley Court|-37.92240,145.28088
Crouch Court|-37.96865,145.22010
Crowe Avenue|-38.11524,145.24832
Crowfoot Court|-37.93041,145.10506
Crown Avenue|-38.00720,145.09253 -38.00636,145.09588
Crown Road|-38.05944,145.12888
Croxley Place|-38.06522,145.28934
Crozier Court|-37.91191,145.02933
Crusoe Drive|-37.91231,145.27423 -37.91367,145.27800
Crystal Court|-37.91921,145.19668
Crystal Gardens|-38.10478,145.25825
Cube Court|-38.09749,145.25412
Cubitt Way|-38.01013,145.19539
Culcairn Court|-38.04445,145.29135
Cullen Court|-38.07447,145.14665
Cullimore Court|-37.99601,145.20121
Cullinan Court|-37.90409,145.28158
Cullinane Street|-37.97612,145.02141 -37.97297,145.02216
Culliver Avenue|-38.00107,145.24161
Culshaw Avenue|-37.94566,145.13795
Cumberland Avenue|-37.96579,145.17985
Cumberland Chase|-38.03759,145.27949 -38.03819,145.27608
Cumberland Drive|-38.11349,145.14152
Cumberland Way|-37.96890,145.24446
Cummins Road|-37.92667,145.02659 -37.93004,145.02605
Cumquat Court|-38.07212,145.27395
Cumulus Court|-38.04602,145.27508
Cunningham Close|-38.02511,145.11642
Cunningham Crescent|-38.08814,145.21348
Cunningham Drive|-37.98035,145.27471 -37.97831,145.27238
Cunningham Parade|-38.00781,145.16320
Cunningham Place|-37.94213,145.09548
Cupit Street|-38.11331,145.25511
Curdies Street|-37.93293,145.05423
Curie Avenue|-37.93507,145.17865 -37.93585,145.18502
Curie Court|-38.10023,145.15172
Curlew Court|-38.11317,145.17482
Curlew Point Drive|-38.07898,145.13941 -38.07672,145.14192
Curley Street|-37.91961,145.01643
Curnow Court|-38.10149,145.25985
Currajong Street|-37.90593,145.11726 -37.95208,145.20232
Curran Street|-37.90188,145.10991
Currawong Drive|-38.10283,145.18186
Currawong Street|-37.98397,145.17923
Currie Avenue|-37.98429,145.26340
Curtayne Court|-37.94838,145.19638
Curtin Crescent|-37.96421,145.21093 -37.96735,145.20638
Curtin Street|-37.91406,145.06496
Curtis Court|-38.09198,145.27555
Curzon Street|-37.91928,145.01363
Cusack Way|-38.06289,145.26032
Cush Place|-38.04878,145.26864
Cushing Avenue|-37.91644,145.04544 -37.91920,145.04494
Cutler Avenue|-38.00779,145.16803 -38.00496,145.16897
Cyber Loop|-38.02221,145.23759
Cynisca Court|-37.91398,145.17916
Cypress Close|-38.04933,145.27470
Cypress Court|-38.07715,145.28372 -37.96026,145.17465 -37.94014,145.09372
Cypress Grove|-37.96787,145.20435
Cypress Point Parade|-37.95745,145.08214
Cyprus Street|-37.99553,145.25067
Cyrene Street|-37.97319,145.16855
Cyril Beechey Lane|-38.12613,145.26546 -38.12307,145.26605 -38.11993,145.26669 -38.11689,145.26773
Cyril Grove|-37.97821,145.19227 -37.97539,145.19287 -37.97172,145.19358
D'Arcy Avenue|-37.96113,145.02487
Dacey Street|-37.92686,145.01946
Dactyl Road|-37.94111,145.04244
Daff Avenue|-37.94053,145.03581 -37.94333,145.03552
Daffodil Court|-37.97964,145.25797
Daffodil Drive|-37.99900,145.16608
Daffodil Street|-37.92335,145.05717
Dahlia Crescent|-38.00041,145.16787
Dahmen Street|-38.07027,145.13212
Daina Court|-38.11046,145.19778
Daintree Drive|-38.08546,145.20710 -38.08833,145.20802
Dairy Place|-38.09385,145.19975
Dairyfarm Terrace|-38.03965,145.27289
Daisy Court|-38.04750,145.29316
Daisy Street|-37.89996,145.07440
Daisy Way|-38.09900,145.17965
Dalbeattie Drive|-37.93678,145.09970 -37.93487,145.10303
Dalby Close|-37.91247,145.26361
Dale Court|-37.95851,145.20793
Daley Street|-37.92585,145.03718 -37.92230,145.03785 -37.91894,145.03841
Dalgan Street|-37.91735,145.08493 -37.92005,145.08439
Dalgetty Road|-37.99498,145.03599 -37.99140,145.03672 -37.97816,145.03928 -37.98125,145.03870 -37.98593,145.03779
Dalgety Street|-37.99452,145.20962 -37.99404,145.20555
Dali Court|-37.90912,145.18468
Dallas Avenue|-37.90444,145.07662 -37.90493,145.08088 -37.90543,145.08474
Dallas Court|-38.01619,145.25937
Dallas Street|-37.98139,145.09328
Dallimore Court|-37.97883,145.19642
Dalmatia Court|-37.93292,145.25453
Dalmont Street|-37.95062,145.02531 -37.94785,145.02587
Dalmor Avenue|-37.89939,145.03870 -37.90317,145.03794
Dalmor Street|-37.99772,145.07990
Dalmore Drive|-37.91451,145.21807 -37.91179,145.21822 -37.90900,145.21808 -37.90597,145.21759 -37.90350,145.21920
Dalny Road|-37.90217,145.06450 -37.90261,145.06805 -37.90194,145.07163 -37.90122,145.07543
Dalpura Court|-37.90625,145.14737
Dalray Court|-38.11466,145.27617
Dalray Street|-38.08222,145.19590
Dalry Close|-37.96485,145.27017
Dalston Road|-37.89745,145.08179 -37.90022,145.08125
Dalton Court|-37.92660,145.17184
Dalvana Court|-38.02422,145.25621
Dalwood Court|-37.93477,145.09678
Daly Court|-37.97741,145.07717 -37.90244,145.26840
Daly Road|-37.94541,145.01455
Daly Street|-37.90101,145.11008
Dame Mary Gilmore Place|-37.90219,145.11641
Damelio Court|-37.93525,145.25370
Damian Court|-38.09698,145.27449 -37.98716,145.20400
Damon Close|-38.04834,145.29376
Damosh Avenue|-38.09964,145.16354 -38.09919,145.15923
Damper Way|-38.06995,145.25759
Dampier Close|-38.08928,145.19970
Dampier Court|-37.97976,145.25410
Dana Court|-38.00594,145.21273 -38.00634,145.21644 -37.92634,145.17030 -37.93795,145.24235
Danae Place|-38.09027,145.25819
Danbec Court|-37.90845,145.28359
Danby Court|-38.07552,145.29557
Dandelion Drive|-37.92559,145.25358 -37.92283,145.25390 -37.92675,145.25933 -37.92610,145.26516 -37.91507,145.25843 -37.91531,145.26286 -37.91548,145.26641 -37.91652,145.26957 -37.91933,145.26915 -37.92229,145.26857 -37.92461,145.26681 -37.92048,145.25542 -37.91759,145.25630 -37.92649,145.26432 -37.92693,145.26084 -37.91507,145.25843
Dandenong - Frankston Road|-38.09839,145.17338 -38.08394,145.18507
Dandenong Bypass|-37.98471,145.14863 -37.98673,145.15151 -37.98877,145.15402 -37.98242,145.14610 -37.99234,145.15558 -37.99496,145.15730 -37.99674,145.16013 -37.99914,145.17537 -37.99757,145.16371 -37.99801,145.16763 -37.99843,145.17132 -37.99982,145.18111 -38.00120,145.19039 -38.00075,145.18687 -37.99938,145.17679 -38.00147,145.19411 -38.00192,145.19759 -38.00235,145.20114 -38.00261,145.20515 -38.00087,145.18929 -38.00394,145.21445 -38.00347,145.21062 -38.00441,145.21878 -38.00556,145.22518 -37.98471,145.14863 -37.98673,145.15151 -37.98877,145.15402 -37.99189,145.15543 -38.00562,145.22551 -38.00494,145.22195
Dandenong Road|-37.90469,145.11136 -37.90296,145.10856 -37.90123,145.10576 -37.91054,145.12146 -37.91259,145.12474 -37.90910,145.11852 -37.90744,145.11575 -37.90490,145.11249 -37.91054,145.12146 -37.90037,145.10464 -37.90248,145.10835 -37.89827,145.10103 -37.91656,145.13107 -37.91854,145.13420 -37.92033,145.13706 -37.92403,145.14295 -37.92206,145.13985 -37.91368,145.12583 -37.91559,145.12850
Dandenong Road East|-38.12965,145.13242
Dandenong Street|-37.99512,145.19717 -37.99230,145.19991
Dandrea Court|-37.92401,145.25491
Dandy Drive|-38.12484,145.23622
Dane Court|-37.96565,145.21883
Dane Road|-37.93992,145.03032 -37.94067,145.03688
Dangerfield Drive|-37.96608,145.15427 -37.96571,145.15064
Dani Court|-37.93605,145.25613
Daniel Close|-38.07330,145.14882
Daniel Court|-37.97955,145.08528
Daniel Drive|-38.10601,145.16342
Daniel Solander Drive|-37.98140,145.24653 -37.98090,145.25071 -37.98002,145.25395 -37.97805,145.25648
Daniella Court|-37.93383,145.24613
Danielle Close|-37.90338,145.19610
Danita Way|-38.09106,145.26295
Danson Street|-37.94516,145.02664
Dansu Court|-38.00754,145.25606
Danube Close|-38.12247,145.19591
Danube Court|-37.91386,145.25165
Danube Place|-37.92145,145.16672
Daphne Close|-38.01602,145.10864
Daphne Street|-37.91915,145.05819
Daphne Way|-38.07676,145.29513
Darby Way|-38.00299,145.20250
Darcy Court|-38.09042,145.27337 -37.90272,145.14769
Darcy Niland Crescent|-38.05602,145.25415
Dargo Close|-38.03072,145.29173
Darley Court|-38.11614,145.15766
Darling Court|-38.02285,145.26769 -37.91922,145.25837
Darling Street|-37.98167,145.07854 -37.90005,145.08047 -37.90276,145.07995
Darlington Street|-38.00273,145.16196
Darnley Court|-37.91985,145.26052
Darnley Drive|-38.11928,145.19106 -38.12059,145.18794 -38.12355,145.18797
Darnley Grove|-37.90557,145.17096 -37.90615,145.17656
Darren Court|-37.95283,145.05908 -37.93414,145.10412
Darren Road|-37.98403,145.15542 -37.98457,145.15895 -37.98463,145.16263 -37.98089,145.15600 -37.97626,145.15696
Darriwell Court|-37.90392,145.17467
Dart Street|-37.94615,145.03898
Darter Court|-38.10060,145.18015
Dartmoor Drive|-38.09717,145.29557 -38.09654,145.29893 -38.09370,145.29957
Dartnell Street|-38.12498,145.29546
Darvall Court|-37.95241,145.06234
Darvel Court|-37.96269,145.26428
Darvell Close|-37.91188,145.20132
Darwin Street|-37.96042,145.20072 -37.95806,145.20249
Daryl Court|-38.04521,145.27467
Dava Court|-37.95838,145.21311
Davanzo Avenue|-37.94440,145.10180 -37.94485,145.10534
Davenport Crescent|-38.09570,145.25120
Davey Avenue|-37.90703,145.02257 -37.90654,145.01833 -37.90282,145.08810
Davey Court|-37.94249,145.16375
Davey Street|-37.99334,145.08853 -37.99603,145.08803 -37.99874,145.08751
David Avenue|-38.09391,145.26947
David Close|-38.12123,145.19801
David Collins Drive|-37.98753,145.26427 -37.99030,145.26462 -37.99226,145.26729 -37.99203,145.27071 -37.98970,145.27263 -37.98707,145.27346
David Court|-37.97234,145.06542
David Lee Road|-38.01420,145.26637 -38.01062,145.26713
David Street|-38.03429,145.25639 -38.03651,145.25421 -38.00087,145.09169 -37.97909,145.17192 -37.97992,145.17744 -37.97544,145.20397 -37.97627,145.20985 -37.97689,145.21540 -37.97769,145.22215 -37.97811,145.22570 -37.97852,145.22918 -37.94221,145.01108 -37.94266,145.01476 -37.94317,145.01895 -37.94362,145.02260 -37.92471,145.05151
Davidson Street|-37.94517,145.16167
Davie Avenue|-37.95965,145.04596 -37.95686,145.04652
Davie Lane|-37.92519,145.00078
Davies Street|-37.98092,145.06199 -37.91502,145.01029
Davis Way|-37.95092,145.15983
Dawn Avenue|-37.99387,145.20161 -37.99648,145.20077
Dawn Drive|-38.01689,145.29448 -38.01468,145.29140
Dawn Street|-37.95349,145.05318 -37.95387,145.05675
Dawson Court|-38.01695,145.11529 -37.97556,145.25036 -37.92200,145.10946 -37.94339,145.19314
Day Place|-38.04977,145.26843
Day Street|-37.98119,145.21059
Daybreak Drive|-38.11910,145.23500
Daylily Drive|-38.00297,145.16378
De Havilland Road|-37.98553,145.10042 -37.98871,145.10072 -37.99183,145.10020
De Villiers Drive|-37.97125,145.21087
Deakin Crescent|-37.96580,145.21022
Deakin Place|-38.08151,145.20427
Deakin Street|-37.91419,145.06749 -37.91348,145.06066 -37.91466,145.07141 -37.91508,145.07483
Deakin Street North|-37.94002,145.00475
Deakin Street South|-37.94098,145.00423
Deal Close|-37.93570,145.04903
Dealbata Avenue|-37.96632,145.24055
Dealing Drive|-37.93528,145.09427 -37.93799,145.09363
Deals Road|-37.95460,145.11880 -37.95767,145.11821 -37.94659,145.12047 -37.95082,145.11955 -37.94359,145.12101
Dean Close|-38.04727,145.29174 -37.92669,145.25366
Dean Court|-38.10354,145.19007 -38.10299,145.25689
Deans Court|-38.01044,145.22173
Deanswood Close|-37.99135,145.16694
Deanswood Court|-37.97351,145.07897
Deanswood Road|-38.03170,145.26390
Deanswood Way|-37.99871,145.29438 -37.99916,145.29783
Deany Street|-37.94433,145.15929
Dearing Avenue|-38.10548,145.27475 -38.10610,145.27996
Deauville Street|-37.98830,145.04761 -37.98558,145.04749
Debbie Close|-37.98412,145.24365 -37.94165,145.09860
Debbie Court|-37.97960,145.12369
Deblin Drive|-38.02824,145.29951
Deborah Avenue|-37.92264,145.05891
Deborah Court|-38.09707,145.19898 -37.97610,145.16400
Debra Street|-37.93677,145.22189
Decor Drive|-38.00561,145.26353 -38.00831,145.26205
Dedina Walk|-38.00112,145.19942
Dee Court|-37.96627,145.26433
Dee Place|-37.91846,145.25715
Dee Wy Road|-38.03120,145.28973 -38.03399,145.28918
Deegan Way|-38.12526,145.29847
Deepdale Street|-38.00007,145.21150
Deepwater Drive|-38.01338,145.13058
Dega Avenue|-37.92979,145.04916 -37.93016,145.05339
Degas Court|-38.10732,145.19743 -37.91286,145.18136
Degg Court|-38.01602,145.11476
Deidre Street|-37.96901,145.22145
Delacombe Court|-37.95653,145.07275
Delacombe Drive|-38.02938,145.26865
Delacy Court|-38.06674,145.28186
Delamere Close|-37.93239,145.20348
Delatite Court|-38.01158,145.27726 -37.91493,145.25896
Delatite Way|-38.10722,145.19654
Delaware Drive|-37.98829,145.13505
Delegate Circuit|-38.06450,145.25050
Delfin Court|-37.92871,145.23373
Delhi Street|-37.92556,145.04674
Delia Court|-37.95850,145.21408
Delia Street|-37.91990,145.08324 -37.92039,145.08701
Dell View Close|-37.97126,145.28231
Delma Street|-37.93271,145.05241
Delmare Court|-38.05742,145.29207
Delmont Court|-38.09286,145.27539 -37.98426,145.26733
Delos Court|-37.97614,145.24275
Delos Street|-37.91760,145.08705 -37.92033,145.08651
Delta Court|-38.11444,145.27431 -37.92694,145.23713
Delville Avenue|-37.97997,145.08786
Demint Walk|-38.05791,145.28955
Demmie Mews|-38.06036,145.24679
Denahy Court|-38.01740,145.11422
Denbigh Court|-37.98848,145.17097
Denbigh Road|-38.09678,145.13486
Dendy Court|-37.95803,145.06419 -37.93356,145.16479
Dendy Street|-37.92077,145.00516 -37.92040,145.00173 -37.92230,145.01832 -37.92182,145.01411 -37.92136,145.01023 -37.92090,145.00629 -37.92290,145.02448 -37.92257,145.02078
Dene Court|-37.91146,145.18714
Denham Crescent|-38.08120,145.28998
Denis Court|-38.11365,145.19039
Denise Close|-37.91682,145.23354
Denise Street|-37.96557,145.15844
Denison Close|-37.91598,145.24869
Denistoun Crescent|-38.11120,145.26052
Denman Avenue|-38.03638,145.10726
Denmark Road|-38.00237,145.17152 -38.00452,145.16935
Dennett Street|-38.07270,145.12315
Dennis Close|-38.05472,145.25773
Dennis Court|-37.99505,145.16177
Dennis Street|-37.99896,145.22535 -37.95506,145.05457 -37.91783,145.13537 -37.91832,145.13962
Denton Drive|-37.98723,145.27040 -37.98450,145.27174
Denton Street|-37.93027,145.02786
Denver Court|-38.04063,145.26514
Denver Crescent|-37.93167,145.17231 -37.93404,145.17409 -37.91753,145.23095 -37.92031,145.22935
Denver Street|-37.93300,145.05678 -37.93366,145.06184 -37.93407,145.06556
Depeche Way|-38.12611,145.23908
Derby Court|-38.11374,145.18484 -38.07250,145.29032
Derby Parade|-38.05566,145.12953
Derby Place|-37.92540,145.19275
Derbyshire Lane|-37.99056,145.20220
Dermot Street|-37.91747,145.08599 -37.92019,145.08545
Derrick Close|-38.02470,145.11853
Derring Lane|-37.96792,145.07644 -37.97116,145.07630
Derry Close|-37.97900,145.26168
Derry Street|-37.92059,145.06776
Derwent Lane|-38.08297,145.21117
Derwent Street|-37.97739,145.07976 -37.98007,145.08046
Desa Terrace|-38.00104,145.19863 -37.99834,145.19916
Deschamp Court|-37.92243,145.23015
Deschamp Crescent|-37.92244,145.23023 -37.91909,145.23088
Desert Rose Court|-38.08781,145.28185
Desla Court|-37.98315,145.17777
Desmond Avenue|-37.95384,145.03597
Desmond Street|-38.00669,145.16362
Devaney Avenue|-38.06358,145.25845
Devas Court|-38.11337,145.18277
Devira Court|-37.92931,145.24271
Devira Street|-37.96032,145.21559 -37.96328,145.21505
Devlin Place|-38.07480,145.28783
Devon Court|-38.05842,145.13102 -37.97526,145.20942
Devon Drive|-37.96864,145.15376
Devon Street|-37.96998,145.07372 -37.96956,145.07011 -37.96834,145.06022
Devondale Street|-37.97071,145.08106
Devonshire Drive|-37.98738,145.17685
Devoy Street|-37.91721,145.08379 -37.91769,145.08777
Dew Court|-38.06768,145.25013
Dewberry Drive|-38.00305,145.16453
Dewpoint Crescent|-38.04697,145.26911
Dewrang Street|-37.95751,145.06650
Dewsbury Court|-38.05776,145.29486
Dexter Mews|-38.09917,145.19224
Di Blasi Court|-38.12110,145.19924
Diamond Close|-37.90313,145.28195
Diamond Parade|-38.12082,145.19466 -38.12131,145.19860 -38.11867,145.19937
Dianella Court|-38.01047,145.28987
Dianella Street|-37.93144,145.12565
Dianella Way|-37.91189,145.28360
Dianna Court|-38.04408,145.28043 -37.91432,145.19126
Dianne Court|-38.08010,145.29290 -37.96530,145.07704 -37.96996,145.15266
Diba Rise|-38.00511,145.29312
Dickens Court|-37.96546,145.19115
Dickens Street|-38.09802,145.25150 -37.98988,145.07224 -37.92548,145.03269 -37.92851,145.03232
Dickie Court|-37.96194,145.15779
Diddley Close|-38.11716,145.29130
Diesel Street|-37.97682,145.18940
Digby Court|-37.96869,145.15017
Diggins Court|-37.96343,145.16629
Dilley Close|-37.95636,145.20132
Dimar Court|-37.98686,145.13067
Dimitrios Close|-38.11534,145.19865
Dina Retreat|-38.08953,145.18018
Dingley Avenue|-37.99142,145.19629 -37.99586,145.19539
Dingley Bypass|-37.95938,145.11078 -37.95674,145.10437 -37.95841,145.10714 -37.95955,145.11428 -37.96083,145.12310 -37.96037,145.11862 -37.95923,145.11085 -37.96229,145.12903 -37.96538,145.13438 -37.96085,145.12327 -37.94377,145.09628 -37.94193,145.09360 -37.94056,145.09051 -37.95496,145.10286 -37.95716,145.10490 -37.95869,145.10794 -37.94920,145.10030 -37.95237,145.10174 -37.95496,145.10286 -37.94665,145.09890 -37.94425,145.09710 -37.93892,145.08049 -37.93995,145.08830 -37.93942,145.08451
Dingley Court|-37.98579,145.13929
Dion Court|-38.00647,145.29048
Dion Drive|-38.11228,145.18616 -38.11499,145.18681
Dior Court|-38.09711,145.25784
Diosma Court|-38.07673,145.27536
Diosma Drive|-37.90093,145.16468 -37.89804,145.16522
Diplomat Crescent|-38.12479,145.24175
Dirigo Drive|-37.91471,145.17537
Dirkala Court|-37.93739,145.20051
Discovery Road|-38.05521,145.21543 -38.05838,145.21486 -38.04742,145.21722 -38.05016,145.21668 -38.04278,145.21819
Dissik Street|-37.95414,145.07159
Diwai Close|-37.95025,145.18899
Dixon Grove|-38.09762,145.24850
Dixon Street|-37.99154,145.06959 -37.91930,145.12323 -37.95573,145.17805
Dobell Court|-37.95573,145.21825 -37.91037,145.16038
Dobell Drive|-38.04274,145.12562
Dobson Avenue|-37.90607,145.12217
Dobson Court|-37.96865,145.22253
Dobson Crescent|-38.04811,145.25223
Dodds Street|-37.96115,145.16296
Dolphin Street|-38.01530,145.10001 -38.01775,145.10176
Domain Drive|-37.99470,145.16966
Domain Mews|-38.05459,145.14085
Dome Court|-37.96362,145.15568
Domino Way|-38.04963,145.26726
Don Drive|-38.10526,145.25921
Don Eva Court|-37.92566,145.24088
Donal Street|-37.90595,145.07266
Donald Grove|-38.04781,145.11550 -38.04659,145.11914
Donald Road|-37.90364,145.18542 -37.90109,145.18673
Donald Street|-37.96030,145.14163 -37.95702,145.14229 -37.95238,145.03781 -37.94842,145.03868 -37.92434,145.12251
Donaldson Street|-37.91505,145.04121
Dondolo Lane|-38.12355,145.24369
Donegal Way|-38.04115,145.26202
Donelly Road|-37.99695,145.25635
Donhaven Court|-37.97902,145.11945
Donna Close|-37.97460,145.12349
Donna Street|-38.10445,145.17190
Donna Way|-37.98318,145.24026
Donnelly Court|-38.09109,145.27572 -37.96124,145.21068
Donnici Drive|-38.00023,145.15993 -38.00332,145.15903
Dooga Street|-37.92259,145.13019
Dookie Court|-38.00475,145.29100
Doolan Court|-37.92717,145.25641
Doonbrae Avenue|-37.96277,145.19400
Doonga Avenue|-37.93908,145.04280
Dorchester Crescent|-38.11290,145.18196
Dorgan Court|-37.96935,145.26847
Doris Court|-37.96242,145.14062 -37.91357,145.18139
Doris Street|-37.90055,145.07189 -37.89961,145.07511
Dornie Mews|-37.96409,145.27160
Dorothea Mackellar Avenue|-37.90143,145.11489
Dorothea Street|-37.95067,145.03091
Dorothy Court|-38.03760,145.25628 -37.96034,145.20982 -37.95694,145.13615
Dorothy Street|-37.98566,145.24440 -37.98807,145.24625
Dorrington Court|-37.98245,145.14065
Dorrit Street|-37.96651,145.15230
Dorset Court|-38.07317,145.28921 -37.98546,145.17729
Dorset Road|-37.95130,145.22184 -37.95419,145.22103
Dorset Street|-37.89794,145.14718 -37.90096,145.14611
Dortad Court|-38.03237,145.26316
Dotterel Close|-37.97873,145.23602
Dotterel Court|-38.02950,145.12997
Dougand Court|-37.98397,145.12753
Dougherty Court|-37.92855,145.19893
Douglas Avenue|-38.04867,145.11228
Douglas Court|-38.10220,145.25755
Douglas Rise|-37.96351,145.27102
Douglas Street|-37.98158,145.04567 -37.96514,145.17354 -37.96725,145.17617 -37.96978,145.17992 -37.97285,145.18389
Doull Court|-37.93197,145.18938
Dover Court|-38.05986,145.28312 -37.92665,145.17438
Dover Place|-37.99106,145.07125
Dover Street|-37.92082,145.06962 -37.91041,145.12127
Doveton Avenue|-37.99274,145.25119 -37.99553,145.25067 -37.99852,145.25011 -38.00123,145.24959 -37.99065,145.24893
Dovette Court|-37.91559,145.17992
Dowell Court|-37.95602,145.22199
Dowling Avenue|-37.93706,145.16698
Dowling Road|-37.93970,145.09812 -37.93739,145.09628 -37.93465,145.09683
Downard Crescent|-37.96180,145.21530 -37.96136,145.21168
Downard Street|-37.98919,145.11144 -37.99386,145.11053
Downing Street|-37.90224,145.09351 -37.89930,145.09407
Downland Place|-37.97472,145.13043
Downs Road|-38.10666,145.14765 -38.10387,145.14802
Doyle Place|-37.97945,145.26499
Dozey Place|-37.98100,145.25159
Drake Court|-38.11327,145.18264
Draper Street|-37.91126,145.04971 -37.90847,145.05034 -37.90576,145.05067
Dreadnought Street|-37.95341,145.01745 -37.95054,145.01801
Dresden Drive|-38.01303,145.13757
Dressage Drive|-38.12560,145.23276 -38.12279,145.23264
Driftwood Mews|-38.11471,145.18794
Drinan Road|-38.04958,145.11945
Dromana Avenue|-37.90727,145.06736 -37.91082,145.06715
Drovers Lane|-37.99112,145.20560
Drovers Retreat|-38.05275,145.28503
Druitt Street|-37.92915,145.08231 -37.93190,145.08167
Drummer Lane|-37.99680,145.29949 -37.99685,145.29596
Drummond Circuit|-37.98170,145.15137
Drummond Crescent|-37.91808,145.22758 -37.92093,145.22697
Drury Court|-37.97914,145.17845
Drushi Court|-37.94617,145.11358
Dryad Court|-38.05123,145.14294
Dryandra Crescent|-37.99357,145.15714
Dryandra Place|-38.08969,145.28920
Drysdale Avenue|-37.99068,145.29204 -37.99384,145.29150 -37.99616,145.28873 -37.99695,145.28506 -37.99652,145.28151
Drysdale Court|-38.03707,145.28211 -37.91373,145.16812
Dublin Street|-37.90092,145.11010
Duckmanton Court|-37.91926,145.05300
Dudley Avenue|-37.93912,145.03390
Dudley Court|-37.92751,145.18678
Dudley Grove|-38.03642,145.10613
Duerdin Street|-37.90985,145.14126 -37.91034,145.14542 -37.91076,145.14890
Duff Street|-38.10265,145.25975 -38.10245,145.25629 -38.10087,145.24460 -38.10132,145.24814 -38.10177,145.25178 -38.10303,145.26258 -38.10189,145.26975 -38.10229,145.26610 -38.10173,145.28228 -38.10129,145.27867 -38.10123,145.27451 -38.10123,145.27106 -37.96231,145.02045 -37.95957,145.02060
Duggan Street|-37.98799,145.09776
Duigan Drive|-37.98317,145.09511 -37.98070,145.09350
Duiker Court|-37.98657,145.29953
Duke Court|-38.10147,145.19965
Duke Street|-38.02699,145.10346
Dulcie Court|-37.94396,145.18926
Dulcie Grove|-37.93422,145.04525
Dulnain Close|-38.02231,145.26095
Dulwich Lane|-38.07210,145.29355
Dumaresq Street|-37.93207,145.02747
Dumas Street|-38.09317,145.27798
Dumblane Street|-37.90189,145.07792
Dumfries Road|-37.99191,145.16978
Dumosa Court|-38.00871,145.29780
Dunbar Avenue|-38.10370,145.27514 -38.10105,145.27655
Dunbar Close|-37.90012,145.18182
Dunblane Road|-37.96399,145.18021 -37.95652,145.18241 -37.95918,145.18112
Duncan Avenue|-38.12954,145.12953 -38.12692,145.13066
Duncan Court|-37.96392,145.17917
Duncan Street|-38.00175,145.29814 -37.94817,145.02183 -37.94776,145.01842
Duncombe Avenue|-37.91950,145.00237
Duncraig Court|-38.00190,145.29964
Dundee Court|-38.12762,145.14897 -37.96427,145.26303
Dunearn Road|-37.96853,145.20232
Dunferline Crescent|-38.11799,145.26335
Dunk Crescent|-38.06713,145.13458
Dunkley Avenue|-37.95308,145.04297
Dunloe Court|-37.93094,145.04785
Dunlop Avenue|-37.90697,145.04265
Dunlop Road|-37.91094,145.15996 -37.90980,145.15082 -37.91020,145.15434
Dunmore Court|-38.09527,145.28901
Dunn Crescent|-37.99322,145.19333 -37.99593,145.19374
Dunoon Court|-37.91162,145.02407 -37.93284,145.16183
Dunoon Road|-38.06286,145.28149
Dunoon Street|-37.93234,145.16193
Dunraven Court|-37.99824,145.29645
Dunrobin Court|-38.11086,145.18638
Dunrossil Close|-37.93599,145.20256
Dunscombe Close|-37.92582,145.25590
Dunscombe Place|-38.03979,145.13176
Dunstan Street|-37.92454,145.11205 -37.92549,145.11966 -37.92498,145.11567
Dunster Court|-37.98958,145.27004
Dunsterville Street|-37.94756,145.01647
Dunvegan Crescent|-37.96962,145.20489
Durack Avenue|-38.04982,145.25099
Durang Court|-37.98488,145.27557
Durban Court|-37.96023,145.08057
Durban Street|-37.92722,145.04854
Durham Court|-38.00477,145.30122 -37.95075,145.22294
Durham Place|-37.94353,145.13591
Durness Court|-37.96700,145.26896
Durnoch Place|-38.12147,145.25296
Durnstan Court|-37.91791,145.17672
Durrant Place|-37.97907,145.27555
Durrant Street|-37.91015,145.00449 -37.90805,145.00227 -37.91268,145.00700
Dusk Court|-38.04671,145.27495
Dusky Bells Drive|-38.11773,145.24749
Dutton Close|-38.04671,145.25237
Duval Court|-37.90876,145.19780
Dyer Court|-37.94444,145.11214
Dynasty Drive|-38.12474,145.24082
Dyson Drive|-38.05034,145.25556
Dyson Road|-38.07646,145.12981
EJ Court|-38.00619,145.24694
Eagland Road|-37.97184,145.07336
Eagle Court|-37.98286,145.12225
Eagle Drive|-37.94635,145.19521 -37.94534,145.19177
Eaglecrest Drive|-38.04689,145.25781
Eaglescliffe Crescent|-38.12089,145.25142
Ealing Crescent|-37.96473,145.14313 -37.96511,145.14961
Eamont Close|-38.03057,145.13001
Earl Place|-38.00744,145.27720
Earls Court|-37.97117,145.25394 -37.92310,145.16464
Earlsfield Road|-37.93490,145.01652 -37.93789,145.01596 -37.93095,145.01729
Earlston Circuit|-38.12652,145.28999 -38.12592,145.28647 -38.12319,145.28538
Earlstown Road|-37.89909,145.08539
Earlwood Court|-38.09030,145.17559
Earlwood Drive|-37.90988,145.17198 -37.91037,145.17573
Earlwood Street|-38.06432,145.28745 -37.98002,145.12001
Earnshaw Drive|-38.10950,145.19130 -38.10690,145.19279
East Boundary Road|-37.93581,145.05614 -37.92975,145.05742 -37.93300,145.05678 -37.92613,145.05817 -37.91576,145.06025 -37.92143,145.05917 -37.91228,145.06067 -37.90958,145.06113 -37.90672,145.06165
East Concourse|-37.98620,145.03464
East Court|-37.99664,145.16485
East Road|-38.10468,145.14044 -38.10515,145.14499 -38.10552,145.14864 -38.10579,145.15208 -38.10581,145.15649
East View Crescent|-37.92408,145.06160
Eastbury Court|-38.05619,145.29998
Eastbury Street|-38.00545,145.17638 -38.00232,145.17662
Easter Way|-38.12052,145.29450
Easterleigh Court|-37.97040,145.20942
Eastgate Street|-37.90986,145.08817 -37.90390,145.08930 -37.90703,145.08870
Eastlink Drive|-38.01396,145.25606
Easton Avenue|-38.12065,145.13390
Easton Court|-37.94733,145.19884
Eaton Place|-38.01255,145.28935 -37.90793,145.19686
Ebb Street|-38.01732,145.09709 -38.01530,145.10001
Ebden Avenue|-37.97567,145.01763 -37.97923,145.01917
Ebden Street|-37.96032,145.19199 -37.94003,145.06388 -37.94059,145.06793
Ebeli Close|-37.97130,145.28901 -37.96859,145.28955 -37.96757,145.28622 -37.96650,145.28273
Eblana Avenue|-37.98630,145.06602
Ebony Street|-38.09371,145.28848
Eckford Street|-37.99178,145.22332
Eclipse Court|-38.04790,145.27375
Eddie Street|-37.95328,145.03263
Eddington Place|-37.97130,145.25539
Eddys Grove|-37.92116,145.02888 -37.91744,145.02956
Eden Avenue|-38.12259,145.19403 -37.95946,145.16070
Eden Close|-37.93524,145.18525
Eden Court|-37.97310,145.18689
Eden Street|-37.97138,145.05806 -37.97160,145.06148
Edenbridge Court|-38.11188,145.18296
Edeys Run|-38.03798,145.26687 -38.03901,145.27037 -38.03967,145.27384
Edgar Avenue|-38.12410,145.23636 -38.12456,145.23992 -38.12500,145.24337
Edgar Street|-37.90973,145.00658
Edgbaston Way|-37.92731,145.18891
Edgecomb Street|-38.01068,145.16912
Edgecombe Court|-37.94338,145.07155
Edgerton Court|-38.02156,145.26297
Edgewater Drive|-37.99373,145.14985
Edgewood Close|-38.02645,145.29029
Edgewood Place|-37.95816,145.07964
Edgewood Road|-37.97465,145.19948
Edinborough Street|-38.00144,145.26577 -38.00335,145.26923
Edinburgh Drive|-38.10324,145.20168 -38.10551,145.19971 -38.10531,145.19629
Edinburgh Road|-37.93879,145.16848 -37.93595,145.16904
Edinburgh Street|-37.94164,145.01456 -37.93813,145.01532 -37.91667,145.06705 -37.91715,145.07087 -37.91760,145.07434 -37.91553,145.11293 -37.91595,145.11638 -37.91507,145.10913
Edis Court|-37.97235,145.25102
Edison Road|-38.04278,145.21819 -38.04350,145.22393
Edith Court|-37.92379,145.06854
Edith Rise|-38.04081,145.27664
Edith Street|-37.98468,145.03553 -38.00204,145.08762 -38.00304,145.09117 -37.97584,145.18103 -37.98206,145.21645
Edithvale Road|-38.03833,145.10968 -38.03659,145.11487 -38.03470,145.12046 -38.03341,145.12365 -38.02999,145.12838 -38.02812,145.13104
Edmond Court|-37.93388,145.24994
Edmond Street|-37.98359,145.08448 -37.98533,145.08139 -37.94729,145.15429
Edna Avenue|-37.96638,145.19858
Edney Court|-37.96018,145.18521
Edro Avenue|-37.92580,145.01062 -37.92521,145.00605
Edsall Close|-38.02352,145.25607 -37.92910,145.23730
Edsall Street|-37.95573,145.05515
Edward Avenue|-37.97549,145.21343
Edward Freeth Drive|-37.98998,145.26552 -37.99071,145.26903
Edward Street|-37.96081,145.01108 -37.96145,145.01606 -37.96904,145.05643 -37.97178,145.05834 -37.96991,145.16222 -37.90322,145.01411 -37.90486,145.09488 -37.90540,145.09932 -37.90587,145.10328
Edwin Court|-37.93543,145.10397
Edwin Parade|-37.94848,145.04373
Eel Race Road|-38.08179,145.12719 -38.08328,145.13321
Effie Court|-37.96652,145.13761
Efron Street|-37.96323,145.20818
Egan Road|-37.99597,145.19408 -37.99323,145.19464
Egan Street|-37.95786,145.13980 -37.90746,145.02250
Egerton Avenue|-37.97092,145.07028
Eggleton Rise|-37.91962,145.26149
Egret Drive|-38.02881,145.13025
Eighth Avenue|-38.04044,145.13319 -38.03935,145.13644
Eighth Boulevard|-37.95216,145.15893
Eighth Street|-37.99166,145.07501 -37.98832,145.07963
Eila Close|-37.96606,145.07245
Eildon Drive|-37.98854,145.16148 -37.98808,145.15764
Eildon Parade|-37.91806,145.24581 -37.91856,145.24986 -37.91962,145.25312
Eildon Road|-37.96859,145.25975
Eileen Road|-37.95051,145.13384 -37.95103,145.13804
Einstein Avenue|-37.93093,145.18159 -37.93447,145.18088
Eise Court|-37.91948,145.01532
El Dorado Court|-37.94278,145.19326
El Greco Court|-37.90783,145.18329
Elaine Court|-38.11083,145.26707 -37.96019,145.15516 -37.92439,145.07124
Elaine Place|-37.93166,145.25093
Elandra Court|-38.10750,145.15522
Elandra Way|-38.10527,145.25325
Elanora Court|-38.02461,145.10488
Elanora Way|-38.04107,145.25442
Elata Place|-37.96549,145.23939
Elata Street|-37.91077,145.09552 -37.91380,145.09489
Elba Close|-37.90595,145.27398
Elcan Avenue|-38.10631,145.26487 -38.10342,145.26536
Elda Court|-38.08295,145.28527
Elder Close|-38.00828,145.28025
Elder Street|-37.92676,145.10453 -37.93026,145.10389
Elder Street South|-37.94117,145.10244 -37.94440,145.10180 -37.94760,145.10116
Eldershaw Drive|-38.05290,145.25517 -38.05548,145.25314
Eldo Street|-37.98440,145.18674
Eldon Court|-37.94112,145.03567
Eleanore Crescent|-38.01242,145.28300 -38.01434,145.28038
Eleebana Avenue|-37.90773,145.07930 -37.90825,145.08346
Elgin Mews|-38.11833,145.25298
Eli Court|-37.92502,145.23536
Eliana Court|-37.93289,145.24858
Elias Mews|-37.97541,145.26720
Eliburn Drive|-38.12383,145.29894 -38.11936,145.29867 -38.11663,145.29876
Elida Crescent|-38.05184,145.29726 -38.05445,145.29816
Elida Place|-37.91590,145.17358
Elimatta Road|-37.90204,145.05704 -37.90586,145.05627
Elisabeth Avenue|-37.96760,145.15294 -37.96717,145.14948
Elisdon Drive|-38.10949,145.15011
Elise Court|-38.00375,145.14718
Elissa Court|-37.96381,145.07729
Elite Way|-38.09279,145.15938 -38.09543,145.15814
Eliza Court|-38.11023,145.14999
Eliza Street|-38.07881,145.29137 -37.96518,145.01831 -37.96436,145.01233
Elizabeth Court|-37.91898,145.23091
Elizabeth Street|-38.07691,145.28247 -38.07655,145.27898 -38.07582,145.27385 -37.97629,145.06065 -37.97973,145.06145 -37.90690,145.01658 -37.90382,145.01714 -37.92330,145.05821 -37.92286,145.05469 -37.92242,145.05126
Elk Turn|-38.11389,145.26512
Elka Road|-37.97621,145.15223
Elkins Court|-37.91242,145.17113
Ella Grove|-38.04440,145.11803 -38.04324,145.12146 -38.04201,145.12476 -38.03831,145.12480
Ella Paige Place|-38.09576,145.19342
Ella Place|-37.92091,145.26142
Elland Place|-37.92443,145.19141
Ellaswood Court|-38.02507,145.26109
Ellen Street|-37.99028,145.08467 -37.99072,145.08833 -37.95811,145.14111 -37.91650,145.05157 -37.91692,145.05506 -37.95335,145.14203 -37.95066,145.14254
Ellendale Road|-37.95842,145.18456 -37.96167,145.18315 -37.96436,145.18264
Ellendale Street|-37.90278,145.07804 -37.90147,145.27496 -37.90269,145.27802
Ellerslie Court|-37.94184,145.18751
Ellery Court|-38.07873,145.26858 -37.91341,145.16089
Ellesmere Street|-37.93628,145.08413
Elletson Court|-37.97515,145.20042
Elliminya Court|-37.93801,145.10039
Ellindale Avenue|-37.91029,145.04309
Ellindale Close|-38.03516,145.27582
Elliot Street|-37.99707,145.09653 -37.99653,145.09214 -37.99604,145.08811
Elliott Crescent|-37.98614,145.13194
Elliott Parade|-38.06027,145.25747 -38.05760,145.25808 -38.05529,145.25987
Elliott Road|-38.02260,145.20395 -38.02337,145.21011 -38.02379,145.21365
Elliott Street|-38.12160,145.13748 -37.97227,145.06779 -37.97291,145.07305
Ellis Park Avenue|-37.93142,145.18957 -37.93187,145.19368
Ellis Street|-37.99639,145.21163
Ellsa Close|-37.99812,145.17646
Ellsworth Drive|-38.01054,145.16791
Ellt Crescent|-37.95014,145.17271 -37.95307,145.17217
Elm Court|-38.12493,145.14339
Elm Grove|-37.99318,145.08238 -37.99532,145.07934 -37.90071,144.99877 -37.90104,145.00232 -37.90848,145.03685 -37.95455,145.15555 -37.95185,145.15599
Elm Place|-38.06929,145.24459
Elm tree Drive|-37.98138,145.11396
Elma Road|-37.95173,145.07370
Elman Road|-37.96914,145.05735
Elmbank Drive|-37.98798,145.17594 -37.98842,145.17932 -37.98938,145.18275
Elmbridge Road|-38.12827,145.29245
Elmdon Drive|-37.90295,145.22327
Elmhurst Street|-37.96243,145.19728
Elmore Court|-37.97404,145.25758
Elms Court|-37.95878,145.22184
Elms Road|-38.05633,145.18936 -38.05902,145.18890
Elmsford Court|-37.99676,145.16596
Elmsford Crescent|-38.09811,145.25281 -38.10148,145.25184
Elmslie Drive|-38.11791,145.29044 -38.11836,145.29390 -38.11913,145.29900 -38.11930,145.30250
Elmstead Drive|-37.90866,145.20314 -37.91168,145.20210
Elmswood Boulevard|-37.99419,145.14976 -37.99696,145.14859
Elmwood Place|-38.10789,145.26454
Elna Court|-37.94417,145.05396
Elonera Road|-37.95697,145.19166 -37.96013,145.19063
Elora Road|-37.92449,145.08629 -37.92723,145.08576
Eloura Avenue|-37.91212,145.02088
Elpara Place|-38.11734,145.18847
Elpara Way|-38.04971,145.26734
Elphin Close|-38.05953,145.25666
Elray Avenue|-37.97467,145.19838
Elsie Avenue|-38.11129,145.12922
Elsie Grove|-38.04335,145.11747 -38.04494,145.11276 -38.04143,145.12314
Elstar Drive|-38.09224,145.19300
Elstar Road|-38.00483,145.29706 -38.00210,145.29388
Elswill Street|-37.93173,145.06485
Elsworthy Court|-37.96837,145.24530
Elvara Court|-37.92010,145.16858
Elwick Court|-37.93807,145.19030
Elwood Street|-37.90282,145.14417
Elwyn Street|-37.91109,145.05791
Ely Court|-37.98104,145.12640
Elysee Court|-37.94317,145.19511
Elysian Place|-38.11103,145.24545 -38.00477,145.16036
Elysium Crescent|-37.90113,145.11107
Emanuel Drive|-38.10348,145.14091 -38.10368,145.14441
Embankment Grove|-38.04908,145.11490 -38.04777,145.11874 -38.04630,145.12312 -38.04476,145.12724
Ember Crescent|-37.91870,145.21989
Embley Glade|-37.98045,145.26545
Emden Crescent|-37.92447,145.16502
Emerald Court|-38.03515,145.25070
Emerald Drive|-37.95689,145.14766 -37.95804,145.14437
Emerald Rise|-38.12113,145.19492 -38.11798,145.19670
Emerald Street|-37.93640,145.08608
Emerson Place|-37.93068,145.25050
Emery Drive|-37.98942,145.13678 -37.98677,145.13755
Emica Parade|-37.90144,145.26022
Emily Court|-37.96638,145.15144 -37.94479,145.09887 -37.93160,145.16974
Emily Drive|-38.00658,145.28955 -38.00407,145.29107 -38.00118,145.29053 -38.00271,145.28710
Emily Promenade|-38.00173,145.18379
Emily Street|-37.98593,145.03779
Eminence Drive|-38.09961,145.25309
Emma Court|-38.04431,145.28125
Emma Place|-37.97373,145.12257
Emma Street|-38.07680,145.12887 -38.07919,145.13079 -38.08208,145.13341
Emmaline Crescent|-37.99603,145.15032
Emmeline Row|-37.91474,145.23450 -37.91431,145.23112 -37.91590,145.22788
Emmer Green Retreat|-38.10670,145.29576
Emmerson Street|-37.98339,145.16222
Emo Court|-37.94575,145.10945
Emoh Close|-38.09610,145.28981
Emperor Place|-37.90597,145.27842
Empire Way|-38.01545,145.27137
Emu Bush Drive|-38.11515,145.24767
Emu Court|-37.95509,145.20535
Emville Court|-37.96191,145.08100
Encore Boulevard|-38.12905,145.23425 -38.12602,145.23578 -38.12303,145.23655
Endeavour Court|-38.05531,145.21987 -38.05808,145.21938
Endeavour Crescent|-37.97635,145.25703 -37.97549,145.25378
Endeavour Drive|-38.07631,145.26658 -38.07710,145.26995 -38.07966,145.26761 -38.07934,145.26417 -38.08018,145.27261 -38.03966,145.13243
Endeavour Way|-38.00289,145.11571 -38.00272,145.11955
Energy Drive|-38.07092,145.25378 -38.07198,145.25697
Enfield Close|-37.98675,145.26786
Enfield Road|-37.90271,145.00494
Engineering Road East|-37.90828,145.13320
England Street|-38.03245,145.21863 -38.02961,145.21919 -37.92521,145.05567
England Walk|-38.05815,145.29147
Enid Court|-37.95326,145.08461
Enmore Court|-38.03927,145.13421
Enngonia Crescent|-37.93990,145.11140
Ennismore Drive|-37.98400,145.15542
Enniss Avenue|-37.92945,145.06539
Enoch Rise|-38.01369,145.27617
Enrica Place|-37.91348,145.18030
Enright Street|-37.95493,145.05445 -37.95620,145.05143
Ensay Court|-37.96890,145.25603
Entally Drive|-37.90172,145.17416 -37.90268,145.17737
Enterprise Circuit|-38.02666,145.21063
Enterprise Court|-37.92057,145.16144
Enterprise Drive|-37.91444,145.23434 -37.91159,145.23291
Enterprize Avenue|-38.03380,145.13387 -38.03244,145.13045 -38.02993,145.13187
Entrance Road|-38.09847,145.12575
Epacris Place|-37.99440,145.15982
Ephcris Court|-37.96649,145.24244
Eppalock Court|-37.94468,145.19708
Epsilon Way|-38.04698,145.26369
Epsom Court|-37.94052,145.18764
Epsom Road|-38.00636,145.08310
Erawan Avenue|-37.90819,145.14562
Ercildoune Court|-38.11040,145.24642
Ergano Way|-38.12543,145.24141
Eric Avenue|-37.99889,145.08875
Eric Court|-37.91217,145.09977
Eric McDonald Rise|-38.04246,145.30019
Eric Street|-37.90298,145.01730
Erica Close|-37.97889,145.25966
Erica Street|-37.95871,145.13937 -37.95515,145.20655
Ericksen Street|-37.94259,145.14623 -37.94003,145.14740
Erie Avenue|-37.91511,145.24517 -37.91245,145.24446
Erin Court|-38.04332,145.27771
Erin Place|-37.98220,145.16058
Erindale Street|-38.10914,145.24224 -38.10856,145.23794
Erinka Crescent|-38.07330,145.14973
Ernest Crescent|-38.05293,145.29183
Ernst Wanke Road|-38.00115,145.29323 -38.00443,145.29257 -37.99626,145.29957 -37.99555,145.30311 -37.99619,145.29598 -37.99836,145.29368
Eros Crescent|-38.11037,145.23667 -38.10759,145.23589
Erowal Street|-37.97126,145.03584 -37.97170,145.03961
Errol Close|-38.02247,145.12357
Erskine Avenue|-37.96213,145.04235
Erskine Crescent|-37.90995,145.19178 -37.90857,145.19484
Erskine Drive|-37.90940,145.25128 -37.90756,145.24869
Erwin Drive|-38.10857,145.13601 -38.10570,145.13567
Esk Court|-37.98067,145.22809
Eskay Road|-37.92528,145.09270
Esper Avenue|-37.92822,145.08281
Essex Court|-38.09794,145.29377
Essex Park Drive|-37.97178,145.24248 -37.97057,145.23927 -37.96771,145.23820 -37.96634,145.24123
Essex Street|-37.94854,145.00229 -37.95258,145.22656
Essington Court|-37.91739,145.16043
Esta Court|-38.08709,145.19271
Estelle Court|-37.95191,145.19038
Ester Close|-37.98070,145.26466
Ester Crescent|-37.93555,145.10833 -37.93603,145.11216
Esther Court|-37.96360,145.16749
Ethan Terrace|-38.12675,145.29908
Ethel Court|-37.95853,145.14310
Ethel Street|-37.92818,145.03775
Ethel Turner Place|-38.06375,145.26118
Ethereal Way|-38.08294,145.19660
Eton Court|-38.01640,145.26045 -37.97859,145.22984
Eton Place|-37.96511,145.14374
Eucalyptus Mews|-37.90494,145.14416
Eucalyptus Walk|-38.09709,145.18929
Eugenia Street|-37.99387,145.24041
Eulinga Avenue|-38.01705,145.09524 -38.01522,145.09828
Eulinga Road|-37.92786,145.10297 -37.93086,145.10239 -37.93353,145.10188
Eumemmerring Drive|-37.99544,145.24663 -37.99512,145.25015
Eunice Drive|-37.96734,145.07774 -37.96387,145.07793
Eureka Crescent|-38.02990,145.29192
Eurella Crescent|-37.94126,145.22824
Europa Court|-37.91525,145.17624
Eurythmic Street|-38.00259,145.08644
Euston Place|-37.96475,145.14771
Eva Court|-38.00044,145.26677 -37.93215,145.16738
Eva Street|-37.99628,145.08730 -37.92244,145.11374 -37.92769,145.11270
Evan Street|-37.98728,145.08074 -37.98767,145.08443 -37.98801,145.08825
Evangeline Terrace|-38.12841,145.29970
Evans Avenue|-37.94288,145.03562
Evans Road|-38.10713,145.25288 -38.09893,145.25452 -38.10203,145.25386 -38.09455,145.25540 -38.09174,145.25586 -38.08888,145.25642 -38.08518,145.25714 -38.08251,145.25767 -38.09653,145.25501 -38.09380,145.25533 -38.08998,145.25622 -38.07980,145.25819 -38.07345,145.25938 -38.07704,145.25872 -38.06185,145.26181 -38.07057,145.25996 -38.06788,145.26053 -38.05857,145.26270 -38.06469,145.26121 -38.06185,145.26181
Evans Road Service Road|-38.06007,145.26200
Eve Close|-38.10634,145.19856
Eve Court|-37.95520,145.21663 -37.93651,145.17032
Eveline Avenue|-37.99278,145.07826
Evelyn Court|-38.03703,145.25450 -37.96850,145.12926
Evelyn Street|-37.91820,145.04780 -37.91863,145.05122 -37.92132,145.13052 -37.91859,145.13149
Evelyne Avenue|-38.09768,145.26876 -38.09821,145.27298
Everest Drive|-37.95423,145.05808
Everglades Court|-37.91648,145.24728
Everglades Street|-38.07888,145.25502
Evergreen Boulevard|-37.99200,145.14717 -37.93851,145.13778
Evergreen Circuit|-37.96273,145.06791
Evergreen Court|-38.07282,145.27368
Everitt Street|-37.99204,145.20096
Everlasting Boulevard|-38.11538,145.24105 -38.11482,145.23591 -38.11816,145.24914 -38.11684,145.24613
Everspring Drive|-38.07105,145.24989
Everton Close|-38.00362,145.26021 -37.92750,145.20161
Evesham Road|-37.96964,145.06128 -37.97018,145.06809
Evolution Drive|-38.04320,145.22152 -38.04602,145.21783
Evonne Court|-37.97107,145.25880
Ewar Street|-37.93856,145.03730
Ewen Street|-37.98564,145.09232
Excelsior Circuit|-37.93158,145.19035
Excelsior Drive|-38.12374,145.16293 -38.12077,145.16154 -38.11832,145.15969 -38.11410,145.15576
Executive Mews|-38.03793,145.28036
Exell Drive|-37.94527,145.21205 -37.94626,145.21546
Exeter Court|-37.97439,145.20954 -37.90916,145.17476
Exeter Place|-38.06161,145.28328
Exford Court|-38.10618,145.18738
Exhibition Drive|-37.92883,145.19072
Exhibition Street|-37.91272,145.03757 -37.91229,145.03382
Exhibition Walk|-37.90875,145.13470
Exley Court|-37.98498,145.27077
Exley Drive|-37.93858,145.03850
Exley Road|-37.93844,145.03619
Exner Drive|-37.95371,145.20992 -37.95328,145.21335
Exon Street|-37.93540,145.00102
Expedition Street|-37.98975,145.25583
Eyebright Square|-38.00731,145.28312
Eyre Close|-37.91675,145.24916
Eyre Court|-38.08029,145.26918
Ezra Street|-38.12726,145.30274 -38.12675,145.29908
Fabian Court|-37.99504,145.16077
Facey Court|-37.95222,145.19261
Fadden Street|-37.96456,145.20718
Fagan Court|-38.10058,145.26850
Faigh Street|-37.92545,145.15427
Fair Crescent|-37.96272,145.22422
Fairbairn Road|-38.11151,145.27131 -38.10851,145.27189 -38.10573,145.27245
Fairbairn Street|-37.94184,145.15895
Fairbank Road|-37.93305,145.04374 -37.93251,145.03923 -37.94064,145.11885 -37.94115,145.12305 -37.94178,145.12826 -37.94224,145.13197 -37.94266,145.13539 -37.94321,145.13974
Fairborne Way|-37.98793,145.14881
Fairchild Street|-37.94484,145.08098 -37.94756,145.08378
Fairfield Grove|-37.89884,145.01518
Fairfield Street|-38.09944,145.27887 -38.09706,145.27688
Fairhaven Boulevard|-38.08913,145.25948 -38.09199,145.25970 -38.09163,145.25587
Fairhaven Court|-37.92752,145.20341
Fairhaven Road|-38.10962,145.18794
Fairland Avenue|-37.90175,145.11951 -37.90228,145.12391
Fairleigh Avenue|-37.97384,145.02590 -37.97429,145.02978
Fairlight Avenue|-38.00189,145.16202
Fairmead Place|-38.05729,145.29117
Fairmont Court|-37.97793,145.28192
Fairthorne Street|-38.00815,145.17574
Fairview Avenue|-37.95456,145.06594 -37.95758,145.06532
Fairview Close|-38.00458,145.15324
Fairview Drive|-37.96104,145.04041
Fairview Street|-37.93414,145.14958 -37.93457,145.15300
Fairway Avenue|-37.97079,145.04096
Fairway Drive|-37.98835,145.14062 -37.90199,145.26566 -37.90116,145.26975 -37.90145,145.27361
Fairway Views|-37.98851,145.14018
Fairways Boulevard|-38.07022,145.29077
Faith Court|-38.09197,145.26776
Falcon Court|-38.10508,145.18321
Falcon Crest|-37.90753,145.19268
Faldo Court|-37.90251,145.26742
Faldo Place|-38.07097,145.29060
Falkiner Court|-38.10217,145.17388
Falkiner Crescent|-37.97435,145.22292 -37.97477,145.22651
Falmouth Road|-38.05983,145.28282
Famechon Road|-38.04000,145.12347
Fantail Court|-38.11227,145.17218
Faolan Way|-38.10272,145.24788
Faoro Court|-37.99449,145.16143
Farm Road|-37.96268,145.07558 -37.96452,145.09039 -37.96410,145.08700 -37.96363,145.08355 -37.96320,145.08012 -37.96276,145.07629 -38.00676,145.16163 -37.92541,145.09373
Farmer Street|-37.92660,145.00963
Farmhouse Court|-37.99676,145.28352
Farmillo Court|-37.91565,145.27969
Farmington Court|-37.90748,145.17374
Farnham Avenue|-37.91177,145.17397 -37.91456,145.17373
Farrell Street|-38.12989,145.13352
Farrer Close|-38.10443,145.26887
Farskiene Place|-38.04171,145.26071
Farview Drive|-37.93533,145.24657
Faulkiner Street|-37.92381,145.11458
Faulkner Street|-37.93234,145.02047 -37.93234,145.03736
Fauna Avenue|-37.98800,145.14190
Fauna Court|-38.01324,145.29620
Favril Street|-37.93325,145.00549
Fay Court|-37.98063,145.16076
Fay Street|-38.12045,145.14301
Faye Place|-38.02745,145.27004
Faye Street|-37.93911,145.05629
Fayette Court|-37.91749,145.19511
Feathertop Drive|-37.94375,145.19447
Feathertop Rise|-37.91399,145.19518
Featherwood Street|-37.93048,145.12658
Feathery Grove|-38.08441,145.21713
Federation Picnic Area Road|-37.98935,145.12277 -37.99218,145.12218 -37.99290,145.12573 -37.99178,145.12908 -37.98918,145.12729 -37.98933,145.12370
Federation Way|-37.97152,145.10261 -37.97361,145.10482
Feehan Crescent|-38.06344,145.28524
Feeney Court|-38.03707,145.25410
Felicia Street|-37.99260,145.09692
Felicity Court|-38.01600,145.29007
Fellowes Street|-38.11456,145.15038 -38.11410,145.14667
Fenfield Street|-38.09090,145.27375 -38.09147,145.27899
Fenland Place|-38.00595,145.15646
Fenton Court|-37.99703,145.16893 -37.99778,145.17222
Fenton Place|-38.05787,145.28295
Fenton Street|-37.91211,145.10959 -37.90885,145.11055 -37.90535,145.11090 -37.91743,145.22468
Fergus Lane|-38.09147,145.25425 -38.08884,145.25299 -38.08825,145.24915
Ferguson Court|-38.00059,145.25136
Ferguson Street|-37.96903,145.02119 -37.91051,145.00756 -37.91084,145.01097
Fermont Court|-37.93637,145.10380
Fern Close|-38.11054,145.14890
Fern Street|-37.96451,145.01844 -37.96491,145.02191
Fernbank Crescent|-37.93633,145.20549 -37.93332,145.20749
Ferncroft Court|-38.07963,145.27886
Ferndale Close|-37.97916,145.11918
Ferndale Crescent|-37.95830,145.21215 -37.95874,145.20876
Ferndown Drive|-38.12191,145.25030 -38.12237,145.25368 -38.12285,145.25768
Fernhill Avenue|-38.11733,145.25334
Fernhill Drive|-37.97200,145.12430 -37.97444,145.12257
Fernhill Road|-37.95736,145.01134 -37.95434,145.00979
Fernhill Road North|-37.95222,145.00763 -37.94937,145.00820
Fernhurst Close|-37.98649,145.15648
Fernlea Avenue|-37.91074,145.26986 -37.90995,145.26604
Fernleaf Avenue|-38.00367,145.17629
Fernly Court|-37.90948,145.20058
Fernshaw Gardens|-38.01510,145.27584
Fernside Close|-38.10672,145.30036
Fernside Drive|-38.07063,145.18742 -38.06974,145.18379 -38.06687,145.18314 -38.06196,145.18384 -38.05579,145.18497 -38.05172,145.18584 -38.04856,145.18650
Ferntree Grove|-38.02318,145.12923
Ferntree Gully Road|-37.90298,145.15597 -37.90229,145.15036 -37.90165,145.14575 -37.90002,145.13147 -37.90036,145.13556 -37.90080,145.13939 -37.90253,145.15026 -37.90124,145.14346 -37.90298,145.15597 -37.90371,145.16240 -37.90483,145.17386 -37.90414,145.16765 -37.90558,145.17895 -37.90227,145.15128 -37.90609,145.18459 -37.90662,145.18816 -37.90775,145.19670 -37.90745,145.19279 -37.90856,145.20480 -37.90828,145.20120 -37.90674,145.18911 -37.90794,145.19693 -37.90609,145.20984 -37.90447,145.21266 -37.90262,145.21573 -37.90780,145.20713 -37.90084,145.21908 -37.89930,145.22203
Ferntree Gully Road Service Road|-37.90189,145.14922 -37.90462,145.17088 -37.90431,145.16709 -37.90633,145.18561 -37.90604,145.18217 -37.90849,145.20301 -37.90818,145.19916 -37.89993,145.22108
Ferntree Place|-37.90052,145.13588 -37.90366,145.13530
Ferntree Way|-37.98723,145.15543
Fernvale Crescent|-37.91033,145.17581
Fernwren Place|-38.11185,145.16091
Ferrier Close|-38.08723,145.21110
Ferrier Court|-37.93548,145.23858
Ferrier Grove|-38.06816,145.13140
Festival Crescent|-37.98858,145.18300 -37.98894,145.18640 -37.99174,145.18705
Fetlock Lane|-38.10185,145.29815
Fewster Road|-37.93813,145.01568 -37.93758,145.01141 -37.93855,145.01913 -37.93897,145.02274
Ficifolia Drive|-37.99412,145.23137
Fiddes Street|-37.93560,145.04797 -37.93950,145.04719
Fidelitas Way|-38.12776,145.23045
Field Avenue|-38.03554,145.11512 -38.03717,145.10995
Field Court|-37.95012,145.21582
Field Street|-37.94578,145.01738 -37.91276,145.03850 -37.91327,145.04249
Fielding Drive|-38.05098,145.14366 -38.05184,145.14021
Fieldlark Court|-38.10737,145.17672
Fife Court|-37.92522,145.17665
Fifth Avenue|-38.03333,145.10593 -38.04504,145.13695 -38.04203,145.13533 -37.98301,145.20458 -37.98026,145.20511 -37.97761,145.20592 -37.92130,145.22904
Fifth Street|-37.98167,145.02075 -37.98209,145.02425 -37.98944,145.07244 -37.98589,145.07734
Fig Court|-38.07012,145.27880
Fiji Court|-37.92844,145.16033
Filbert Court|-38.06770,145.27050
Filbert Street|-37.91926,145.05300
Filer Court|-37.98748,145.15927
Fillmore Road|-37.94111,145.21030 -37.94335,145.20771 -37.94569,145.20941
Filmer Court|-37.92372,145.24239
Filmer Crescent|-38.05272,145.29041
Filomena Court|-38.08110,145.28420
Finbar Court|-38.04735,145.28604
Finch Street|-37.90267,145.14274
Finchaven Avenue|-37.99142,145.18702 -37.99050,145.18367
Finchley Court|-37.96598,145.14821 -37.96724,145.24876
Findon Court|-38.08596,145.13618 -37.94748,145.04336
Finisterre Drive|-37.99287,145.16951
Finley Court|-37.97824,145.27750
Finsbury Close|-37.92673,145.26380
Finsbury Court|-37.94465,145.19985
Fintona Crescent|-38.10912,145.23769 -38.10832,145.24162
Fintonia Road|-37.96638,145.18478 -37.96303,145.18539 -37.96035,145.18662
Fintonia Street|-37.90329,145.07515
Fiona Court|-37.96756,145.07311 -37.99193,145.16873
Fir Grove|-37.96146,145.04763
Fir Street|-37.97883,145.11477
Firecrest Way|-38.12979,145.22976 -38.12817,145.23263
Firestone Green|-38.12090,145.26106
Firetail Court|-38.10387,145.17947
Firman Street|-37.96675,145.15530
First Avenue|-38.03043,145.10423 -38.04310,145.13083 -38.04648,145.13259 -37.97572,145.09238 -37.95789,145.21510 -37.95735,145.21125 -37.95688,145.20739 -37.95807,145.22139
First Drive|-37.94590,145.17068
First Street|-37.97689,145.01803 -37.97729,145.02153 -37.97773,145.02517 -37.98470,145.07144 -37.98290,145.07402 -37.97633,145.09227 -37.93464,145.13427 -37.93064,145.13525
Firth Close|-38.10084,145.17189
Fiscus Court|-38.08833,145.28274
Fishburn Place|-38.10958,145.26032
Fisher Court|-37.91392,145.06391
Fisher Crescent|-37.96757,145.21057
Fisher Mews|-38.01753,145.13842
Fitzgerald Road|-38.00781,145.27889 -38.00512,145.27963 -38.00174,145.28054
Fitzroy Court|-37.97089,145.24553
Fitzroy Street|-37.91448,145.03720 -37.91398,145.03352
Fiveways Boulevarde|-37.98779,145.14771 -37.98878,145.15095 -37.99147,145.15053
Flametree Circuit|-38.08551,145.28465 -38.08435,145.28776
Flamingo Court|-38.04346,145.28907
Flanagan Crescent|-38.12931,145.23114
Flax Court|-38.06725,145.27307
Fleckney Court|-37.98531,145.17121
Fleet Street|-38.06695,145.29017 -38.06715,145.28663 -38.06651,145.28300
Fleming Close|-37.98181,145.27626
Fleming Court|-38.10344,145.15086 -37.93354,145.08253
Fleming Street|-37.97889,145.19121
Fletcher Road|-37.96089,145.22064
Fletcher Street|-37.93938,145.05160 -37.93614,145.05215
Fleur Court|-38.05146,145.29838
Flicka Boulevard|-38.10733,145.24970 -38.10448,145.24949 -38.10183,145.24888
Flinders Chase|-38.08769,145.21541
Flinders Court|-38.07609,145.26887
Flinders Street|-37.97547,145.05382 -37.97592,145.05758 -37.97643,145.06204 -37.97690,145.06592 -37.96027,145.16820 -37.95773,145.16488
Flora Court|-38.04754,145.13361 -38.07125,145.27619 -38.01227,145.29639
Flora Lane|-38.10031,145.18931
Flora Park Way|-38.11597,145.18410
Flora Road|-37.91590,145.11613 -37.91877,145.11559 -37.91304,145.11671
Florence Avenue|-37.90631,145.12571
Florence Close|-38.10483,145.26729
Florence Court|-37.97011,145.20256
Florence Street|-37.98283,145.06469 -37.98238,145.06105 -37.97293,145.16382 -37.91736,145.01566 -37.91780,145.01928 -37.92366,145.06758 -37.92413,145.07121 -37.90300,145.05062 -37.90334,145.05428 -37.91810,145.22134
Florey Crescent|-37.91687,145.15924 -37.91824,145.16455
Floriana Avenue|-37.97790,145.23614 -37.97842,145.24018
Florida Avenue|-37.98709,145.02807 -37.98760,145.03251 -37.98339,145.12886
Florida Court|-37.94303,145.04144
Florida Way|-38.09623,145.13010
Flowerdale Road|-37.94035,145.03438 -37.94375,145.03500
Flowering Gum Lane|-38.08376,145.20265
Flowervale Road|-37.97202,145.16521
Floyd Circuit|-38.11473,145.25774
Flying Star Walk|-38.09223,145.20099
Flynn Court|-38.04644,145.28629
Flynn Street|-37.94711,145.15924 -37.94461,145.16050
Flynn Terrace|-38.08031,145.20437
Foam Street|-38.01730,145.09832 -37.99773,145.07326 -37.93880,145.00642
Foley Place|-37.92786,145.06455
Folkestone Crescent|-37.98247,145.04570 -37.98268,145.04911 -37.96550,145.14395
Follett Court|-38.09139,145.18859
Follett Drive|-37.98596,145.19751
Follett Road|-37.97066,145.06817 -37.97072,145.07162
Fonceca Street|-37.98919,145.10436 -37.99218,145.10378
Fontaine Terrace|-37.97882,145.28705 -37.98213,145.28519
Foran Grove|-37.91633,145.10817
Forbes Avenue|-38.04888,145.25145
Forbes Drive|-38.01708,145.11066
Ford Avenue|-37.90753,145.09698
Ford Court|-37.95200,145.19190
Fordham Court|-37.96943,145.15724 -37.92426,145.25256
Fordholm Avenue|-37.92574,145.19178
Fordholm Road|-38.03434,145.25692 -38.03383,145.25285 -38.03566,145.26717 -38.03518,145.26348
Fordyce Street|-37.96478,145.06733
Forelle Way|-38.09206,145.28381
Forest Drive|-38.12357,145.14565 -38.12406,145.14969 -38.12338,145.15306
Forest Lane|-38.12379,145.14749
Forest Oak Court|-38.08585,145.28757
Forest Park Road|-37.98565,145.12842 -37.98266,145.12901
Formby Place|-38.11927,145.25179
Forrest Court|-37.95855,145.02806 -37.98628,145.27448
Forrest Hill Grove|-37.95628,145.27196
Forrest Street|-37.91551,145.07787
Forrester Walk|-38.06148,145.29490
Forster Avenue|-38.12557,145.15566
Forster Court|-37.91378,145.06284
Forster Street|-37.95965,145.16324
Forsyth Court|-38.07631,145.28562 -38.01665,145.28993
Forsyth Place|-37.93115,145.23683
Fortescue Avenue|-38.12583,145.12773 -38.12306,145.12823 -38.11322,145.13013 -38.11965,145.12878 -38.11641,145.12946 -38.11045,145.13007
Forton Crescent|-38.10242,145.24548
Fortuna Crescent|-38.11372,145.23280 -38.11714,145.23371
Fortuna Street|-37.91952,145.12748
Foster Lane|-38.02707,145.10071
Foster Street|-38.02675,145.10158 -37.98852,145.20734 -37.98947,145.21056 -37.99015,145.21400 -37.98878,145.21780 -37.98643,145.22064 -37.91307,145.04094
Foster Street East|-37.98696,145.22086
Fosters Court|-38.07755,145.29118
Fountain Court|-38.01521,145.13092
Fountain Drive|-38.01356,145.29390 -38.01563,145.29678 -38.01528,145.30080
Fourth Avenue|-38.03260,145.10551 -38.04547,145.13590 -38.04201,145.13403 -37.92031,145.22935
Fourth Street|-37.98155,145.02879 -37.98097,145.02500 -37.98042,145.01947 -37.98693,145.07402 -37.98504,145.07663
Fowler Road|-38.00441,145.22729 -38.00514,145.23072 -38.00677,145.23350 -37.93731,145.24362
Fowler Street|-38.05457,145.12284 -38.05193,145.12137 -38.05856,145.12495 -38.06129,145.12642
Fox Close|-38.03252,145.25242 -37.95315,145.04309
Fox Court|-37.99748,145.20527
Fox Drive|-38.05471,145.21493 -38.05524,145.21919 -38.05594,145.22491
Fox Street|-37.99427,145.22325
Foxglove Court|-38.07070,145.27858
Foxtail Place|-38.11573,145.24351
Foxwood Drive|-38.10189,145.30074 -38.10242,145.29730
Foy Avenue|-38.04665,145.11326
Frances Court|-38.11228,145.27476
Frances Crescent|-38.08079,145.28567
Frances Drive|-38.04630,145.22618 -38.04663,145.22269
Frances Street|-37.96298,145.13962 -37.95291,145.02087
Francesco Drive|-37.94891,145.21631 -37.94663,145.21819
Francesco Street|-37.91744,145.05618 -37.92036,145.05591
Francine Court|-38.00360,145.29077
Francis Street|-38.10254,145.13956 -38.10589,145.13897 -38.00053,145.09130 -37.99660,145.20506 -37.99360,145.20562 -37.94791,145.00819 -37.90813,145.01345 -37.92416,145.12131 -37.92579,145.12443
Franconia Court|-37.93277,145.19469
Frangipani Close|-37.98170,145.26080
Frank Avenue|-37.92823,145.11641 -37.93172,145.11616
Frank Court|-37.91963,145.27169
Frank Street|-37.96556,145.17392 -37.96857,145.17279
Franklin Avenue|-38.04918,145.11446
Franklin Parade|-38.05659,145.25537 -38.05338,145.25592
Franklin Street|-37.97806,145.06493 -37.93636,145.05392 -37.93954,145.05335
Franklyn Street|-37.91255,145.11260 -37.90913,145.11324 -37.90620,145.11377
Franks Way|-38.08054,145.28491
Frankston Gardens Drive|-38.09817,145.15937 -38.10129,145.15934 -38.10400,145.16032 -38.10532,145.16341 -38.09532,145.16057 -38.09279,145.16183 -38.09168,145.16498
Frankston-Dandenong Road|-38.12765,145.13514 -38.12438,145.14001 -38.12209,145.14337 -38.12006,145.14663 -38.11804,145.14937 -38.11446,145.15523 -38.11238,145.15746 -38.11595,145.15225 -38.11038,145.15982 -38.10846,145.16242 -38.10415,145.16864 -38.10115,145.17092 -38.09901,145.17320 -38.10684,145.16532 -38.09658,145.17488 -38.09225,145.17871 -38.08704,145.18254 -38.08973,145.18029 -38.08414,145.18463 -38.08132,145.18705 -38.07855,145.18936 -38.07427,145.19288 -38.07195,145.19478 -38.05834,145.20617 -38.06283,145.20249 -38.06538,145.20041 -38.06973,145.19684 -38.07213,145.19489 -38.06007,145.20453 -38.05773,145.20637 -38.05386,145.20751 -38.05109,145.20806 -38.04455,145.20952 -38.04778,145.20890 -38.03923,145.21058 -38.03464,145.21128 -38.03167,145.21186 -38.02876,145.21264 -38.02474,145.21323 -38.02062,145.21406 -38.01793,145.21459 -38.01509,145.21537 -38.02865,145.21245 -38.02596,145.21299 -38.01180,145.21582 -38.00824,145.21653 -38.00532,145.21738 -38.00226,145.21763 -37.99806,145.21866
Frankston-Dandenong Road Service Road|-38.10731,145.16525
Fraser Avenue|-38.03858,145.11612 -38.04057,145.11019 -38.03744,145.11951
Fraser Court|-38.07669,145.29045
Fraser Road|-37.94616,145.11566 -37.94662,145.11929
Fraser Street|-37.96709,145.22098 -37.91737,145.06251 -37.89917,145.03691 -37.90318,145.03609
Frawley Road|-37.99674,145.25333 -37.99864,145.25604 -37.99574,145.24533 -37.99634,145.24992 -38.00068,145.26617 -38.00022,145.26243 -37.99978,145.25896 -38.00107,145.26960 -38.00176,145.27476
Freda Avenue|-37.96007,145.06002
Freda Court|-37.91526,145.18199
Frederick Rise|-38.03011,145.29318
Frederick Street|-37.99888,145.21718 -37.99847,145.21370 -37.89928,145.03337 -37.90266,145.03270
Frederico Street|-37.94469,145.02367
Fredman Court|-37.97903,145.11835
Freds Court|-37.97619,145.28617
Freeman Court|-37.97915,145.27479
Freemasons Lane|-37.98866,145.21132
Fregon Road|-37.91757,145.12367
Freight Court|-38.03371,145.18514 -38.03153,145.18726
Freighter Road|-37.94958,145.07520
French Avenue|-38.03952,145.11384
French Street|-37.96735,145.18088 -37.96776,145.18454
Frenchman Way|-38.00130,145.16900
Freshwater Boulevard|-38.07064,145.24278 -38.07308,145.24516
Friars Road|-37.94449,145.06338 -37.94800,145.06268
Friendship Close|-38.10809,145.25983
Friendship Square|-37.95868,145.06640
Friuli Place|-38.10815,145.20088
Frognal Drive|-37.95150,145.19322 -37.95093,145.19676
Fromer Street|-37.92817,145.03995 -37.92869,145.04441 -37.92919,145.04915
Frost Court|-37.95147,145.21601
Frost Street|-38.09647,145.17981
Fry Court|-37.94464,145.11128
Fuchsia Court|-37.90912,145.17182
Fuge Street|-37.94601,145.02749
Fugosia Street|-37.99688,145.23770 -37.99600,145.24110
Fuji Mews|-37.93056,145.25195
Fulham Close|-38.02255,145.25237
Fulham Court|-37.98419,145.16273 -37.97258,145.25202
Fulham Road|-37.91892,145.24149 -37.91790,145.23713
Fuller Street|-37.89871,145.01416
Fulmar Street|-38.11137,145.15922
Fulton Street|-37.91333,145.10922 -37.91378,145.11286 -37.91420,145.11629
Fulview Place|-37.96277,145.13759
Fulwood Place|-37.92988,145.18279
Funnel Court|-38.06701,145.25034
Furlong Court|-37.96776,145.27343
Furlong Street|-38.08280,145.24705
Furnew Street|-37.94320,145.15823 -37.94055,145.15555
Furtive Way|-38.12746,145.23554
Fury Court|-37.94216,145.13133
Furze Court|-38.09636,145.26288
Furze Place|-37.94047,145.13976
Fusion Circuit|-38.09361,145.24754
Futura Road|-37.98516,145.18930 -37.98673,145.19245
Futures Road|-38.09388,145.25058 -38.09122,145.25112
Gabo Court|-37.97377,145.25515
Gabriella Court|-38.08203,145.28463
Gabrielle Court|-38.02769,145.27102
Gadd Street|-37.90764,145.09723 -37.91068,145.09667
Gaia Street|-38.10953,145.23551
Gail Court|-37.97433,145.12198
Gaine Road|-38.03478,145.24126 -38.03137,145.24033
Gainsborough Avenue|-37.90814,145.18208
Gainsborough Road|-37.98013,145.08923 -37.98281,145.08872
Gairs Court|-37.93098,145.11438
Gala Supreme Close|-38.00426,145.09872 -38.00154,145.09710
Gale Court|-37.91454,145.28511
Gale Street|-38.01818,145.09773 -38.01699,145.10127
Galilee Drive|-38.08173,145.19700 -38.08357,145.19373
Galileo Way|-38.09740,145.25355
Gallery Place|-37.90835,145.18878
Galli Court|-38.03119,145.24028
Gallop Close|-38.10149,145.29515
Galloway Drive|-38.06263,145.30002
Galloway Street|-37.95374,145.19931 -37.95124,145.19793
Galos Place|-37.93800,145.18354
Galtum Avenue|-37.92494,145.02925
Galway Court|-37.91954,145.18500
Galway Place|-38.12276,145.26070
Galway Street|-38.11060,145.14308 -38.10654,145.14392
Gamble Road|-38.11332,145.19477 -38.11271,145.18971 -38.11228,145.18616 -38.11416,145.20169
Gandin Court|-38.03513,145.27369
Ganton Grove|-38.11845,145.25400
Ganton Place|-37.95460,145.08184
Garde Avenue|-37.93545,145.15760
Garde Court|-37.98695,145.22563
Garden Avenue|-37.92490,145.01232
Garden Boulevard|-37.98086,145.11364 -37.98392,145.11366 -37.97616,145.11329
Garden Court|-37.99183,145.16418 -37.90340,145.18377
Garden Grove|-38.12180,145.19606
Garden Place|-37.90629,145.14484
Garden Road|-37.91023,145.05916 -37.92514,145.14558 -37.91724,145.14710 -37.92021,145.14653
Garden Street|-37.93923,145.00972
Gardeners Road|-37.91649,145.06267 -37.92148,145.06169
Gardenia Crescent|-38.11653,145.16378 -37.96845,145.07705
Gardenia Road|-37.89827,145.00885
Gardens Vista Place|-38.06626,145.25627
Gardiner Avenue|-37.96816,145.19925 -37.96535,145.20007
Gardiner Road|-37.90076,145.12904 -37.90367,145.12850 -37.90677,145.12791
Garem Gam Wynd|-38.06006,145.29673
Gareth Avenue|-37.98572,145.03185 -37.98303,145.03234 -37.97976,145.03160
Garfield Avenue|-37.90428,145.05021 -37.90475,145.05401
Garfield Court|-38.02210,145.26594 -37.93979,145.20456
Garfield Place|-37.91780,145.17550
Garfield Street|-37.96228,145.05378 -37.95942,145.05191
Garland Court|-37.96240,145.19528
Garland Rise|-37.92391,145.25928
Garner Court|-37.97924,145.26278
Garnet Close|-38.11861,145.19539
Garnet Court|-38.02784,145.24726
Garnet-Leary Avenue|-37.96463,145.01948
Garnett Road|-37.92353,145.19906 -37.91048,145.19540 -37.91245,145.19792 -37.91474,145.19981 -37.91818,145.19985 -37.92118,145.19942
Garnett Street|-37.90190,145.10527 -37.90357,145.10803 -37.90527,145.11078
Garnsworthy Street|-37.93948,145.16039 -37.94152,145.16266 -37.94385,145.16527
Garry Lane|-37.99176,145.20426
Garside Street|-37.97951,145.22669 -37.97998,145.23068
Garton Court|-37.92482,145.18523
Garvey Street|-37.92036,145.07379
Gary Avenue|-37.94245,145.03571
Gaskett Court|-38.04546,145.30090 -38.04246,145.30019
Gatcum Court|-37.96531,145.18372 -37.96047,145.18462
Gate Seven Drive|-37.92943,145.19274
Gatehouse Parade|-38.10321,145.30076
Gateway Boulevard|-37.97572,145.20546
Gateway Drive|-38.09061,145.16814 -38.09002,145.17153
Gath Court|-37.91092,145.25275
Gathrey Court|-37.98294,145.25028
Gatley Court|-37.94401,145.20751
Gatwick Court|-38.09603,145.29492
Gavan Drive|-37.96103,145.14104
Gavin Street|-37.94396,145.04770 -37.94451,145.05173
Gawler Court|-37.96268,145.07069
Gaybre Court|-37.96142,145.07078
Gayle Court|-37.95702,145.13384
Gaynor Street|-37.96847,145.16586
Gearon Avenue|-37.92894,145.25323 -37.93422,145.25217
Geddes Street|-37.90997,145.15233 -37.90603,145.15307
Geebung Road|-38.09547,145.26300 -38.09249,145.26361
Geel Street|-37.92671,145.04441
Geer Court|-37.92726,145.06975
Gell Court|-37.96436,145.18264
Gemini Court|-37.98381,145.18589
Gemma Court|-38.09318,145.19383
Gemma Street|-38.12643,145.29432 -38.12660,145.29786
General Joshua Drive|-38.03532,145.26447 -38.03697,145.26153
Genesta Court|-37.99276,145.17101
Genine Avenue|-37.95317,145.08371
Genista Road|-38.09701,145.26275
Genoa Avenue|-38.06400,145.12573
Genoa Street|-37.99495,145.07005 -37.94300,145.05885 -37.94247,145.05504 -37.94452,145.21565
Genoa Way|-38.09043,145.25736
Gentle Street|-37.92239,145.11381
Geoffrey Court|-38.09576,145.27113 -38.00556,145.14518 -37.99836,145.29733
Geoffson Place|-38.07309,145.25396
George Avenue|-37.99945,145.25780 -37.99666,145.25834
George Bass Avenue|-37.99030,145.26462 -37.98937,145.26814 -37.99042,145.27199
George Bass Court|-38.09145,145.20192
George Chudleigh Drive|-38.00219,145.28146 -37.99997,145.28459
George Frederick Road|-38.11017,145.24476
George Knox Drive|-37.93573,145.22090 -37.93314,145.21992
George Street|-38.03514,145.25053 -37.96318,145.02808 -37.96030,145.02866 -37.95761,145.02921 -37.95493,145.02976 -38.00281,145.08148 -37.96366,145.16986 -37.98932,145.20526 -37.98842,145.20969 -37.96318,145.02808 -37.96030,145.02866 -37.95761,145.02921 -37.95493,145.02976 -37.94885,145.03372 -37.94842,145.03027 -37.90906,145.05538 -37.90948,145.05882 -37.90515,145.07282 -37.90048,145.10254 -37.90316,145.10201
Georgette Crescent|-37.97477,145.27071 -37.97300,145.26796
Georgia Mae Court|-37.93756,145.25040
Georgia Place|-38.00390,145.14808
Georgiana Close|-38.03914,145.13238
Georgiana Street|-37.94565,145.00101 -37.94611,145.00463
Georgina Street|-37.90322,145.19717
Gerald Court|-38.04660,145.13420
Geraldine Close|-37.91823,145.19854
Geraldine Drive|-38.04600,145.27906 -38.04465,145.28215
Gerang Close|-37.91446,145.24732
Gerard Street|-37.97325,145.21049 -37.97249,145.20721
Gerbera Way|-38.05219,145.24506
Gerlach Street|-37.93963,145.11440
Germain Street|-37.91262,145.10254
Gertrude Court|-37.98188,145.18742
Gertrude Street|-37.92921,145.19287 -37.92559,145.19104
Ghiran Close|-38.01812,145.11136
Gianluca Avenue|-38.00158,145.15670
Gianni Court|-37.99562,145.16104
Gibb Street|-37.95892,145.21909 -37.95866,145.21510
Gibbs Street|-37.98681,145.03764
Gibson Street|-37.99677,145.26809 -37.99845,145.27121
Gidgee Court|-38.09276,145.26763
Gilarth Street|-37.95099,145.02854 -37.94809,145.02913
Gilbert Court|-37.98694,145.08575 -37.99183,145.15912
Gilbert Grove|-37.92143,145.03113 -37.91784,145.03181 -37.90017,145.06130
Gilbert Park Drive|-37.90052,145.25364 -37.89769,145.25320 -37.89487,145.25281
Gilby Road|-37.89831,145.13657
Gilchrist Way|-38.02552,145.12809
Gilda Court|-37.91458,145.15570 -37.93351,145.24806
Giles Court|-38.07695,145.26431
Giles Retreat|-37.98030,145.26689
Gilford Grove|-37.96262,145.04859
Gilja Court|-38.09476,145.26317
Gill Court|-37.92061,145.26890
Gill Street|-38.10744,145.28083
Gillard Street|-37.91288,145.01714 -37.91325,145.02053
Gillespie Court|-38.07918,145.26600
Gillian Street|-37.98126,145.15509
Gillies Court|-38.04039,145.29682
Gillies Street|-37.94155,145.00714
Gilligans Court|-37.92509,145.23088
Gillman Street|-37.97197,145.05445 -37.97243,145.05849
Gilmore Crescent|-38.04733,145.25235 -38.04956,145.25479
Gilmour Road|-37.92937,145.04222 -37.93283,145.04156
Gina Court|-38.00092,145.26471
Gipps Avenue|-38.00852,145.09228 -38.00791,145.09563
Gipps Court|-37.92783,145.18467
Gipps Crescent|-38.07365,145.26866 -38.07205,145.26585 -38.07435,145.26398
Girvan Circuit|-37.96314,145.26443 -37.96030,145.26480
Giulia Place|-38.10552,145.20245
Glade Court|-38.08843,145.29142
Gladesville Boulevard|-38.07101,145.14565 -38.07428,145.14522 -38.07700,145.14469 -38.07909,145.14202 -38.06822,145.14520 -38.07090,145.14569 -38.06538,145.14428 -38.06166,145.14602
Gladesville Close|-37.95740,145.27765
Gladesville Court|-37.95783,145.20877
Gladesville Drive|-37.93232,145.06965
Gladeswood Drive|-37.93262,145.19351 -37.93317,145.19781 -37.93271,145.20130
Gladstone Avenue|-38.02315,145.09931
Gladstone Road|-37.97515,145.20365 -37.96779,145.20524 -37.97083,145.20466 -37.96441,145.20587 -37.95768,145.20713 -37.96057,145.20659 -37.95435,145.20775 -37.94061,145.21040 -37.94328,145.20989 -37.94965,145.20865
Gladstone Street|-37.95625,145.01221 -37.95295,145.01293 -37.94994,145.01364
Gladwyn Avenue|-37.91185,145.05776 -37.90991,145.05523
Glamis Avenue|-37.94007,145.01626
Glamis Court|-37.97847,145.27422
Glamis Street|-37.97377,145.03948
Glasgow Court|-37.96447,145.26953
Glasscocks Road|-38.05974,145.21698 -38.06059,145.22390 -38.06111,145.22816 -38.05834,145.20617 -38.05926,145.21313 -38.05971,145.21670 -38.06013,145.22010 -38.06059,145.22390 -38.06111,145.22816 -38.06165,145.23256 -38.06234,145.23814 -38.06335,145.24554 -38.06293,145.24212 -38.06516,145.24944 -38.06577,145.26660 -38.06620,145.27008 -38.06663,145.27351 -38.06718,145.27808 -38.06757,145.28168 -38.06804,145.28558 -38.06828,145.28907 -38.07028,145.29302 -38.07156,145.29620
Glassford Avenue|-37.97943,145.15433 -37.97758,145.15129
Glasson Way|-38.10952,145.23962
Glebe Avenue|-37.96963,145.05489 -37.96919,145.05122
Glebe Place|-37.91142,145.19788
Gleeson Avenue|-37.91720,145.29081
Glen Alvie Street|-38.12083,145.14503
Glen Avis Grove|-37.98077,145.11713
Glen Court|-38.02923,145.25562
Glen Orme Avenue|-37.90380,145.03842 -37.90744,145.03782 -37.91039,145.03759
Glen Road|-37.92800,145.29285 -37.93127,145.29216 -37.93398,145.29162
Glen Street|-38.02330,145.10149 -38.02211,145.10503
Glen Vista Drive|-37.98961,145.28276 -37.99116,145.28676
Glenaire Crescent|-38.09157,145.26194
Glenalvie Avenue|-37.98792,145.14755
Glenara Court|-37.98571,145.27326
Glenbourne Road|-38.09143,145.27176 -38.09415,145.27145
Glenbrook Avenue|-38.05477,145.12878 -37.90944,145.12381 -37.90676,145.12429
Glenbrook Crescent|-38.06058,145.25773
Glenburn Drive|-38.00988,145.27781 -38.01234,145.27983
Glencairn Avenue|-38.01667,145.27888 -38.01774,145.27521 -37.93097,145.01881 -37.92686,145.01946 -37.92349,145.02004
Glencairn Street|-37.92889,145.16560 -37.93270,145.16486
Glencannon Crescent|-37.93623,145.11358
Glencaple Court|-37.95994,145.26535
Glencoe Grove|-37.95981,145.21187
Glencroft Terrace|-37.91856,145.18834
Glenda Close|-37.94664,145.10433
Glendale Road|-37.93951,145.15094 -37.93653,145.14799
Glenden Retreat|-37.95455,145.05821
Gleneadie Close|-38.03413,145.27687
Gleneagles Close|-38.08771,145.19348
Gleneagles Court|-37.91866,145.22488
Gleneagles Drive|-37.96948,145.28052 -37.96785,145.27752 -37.96596,145.26340 -37.96729,145.26646 -37.96785,145.27095
Glenelg Court|-37.98052,145.11897 -37.91561,145.23996
Glenelg Drive|-37.98093,145.07919 -37.97726,145.07717 -37.94209,145.10940 -37.93990,145.11140 -37.93810,145.10878
Glenelg Street|-37.94200,145.21237
Glenfern Road|-37.90125,145.29704 -37.90403,145.30261 -37.89910,145.29461
Glenfern Street|-38.00314,145.17821
Glengala Court|-37.98392,145.09280
Glengariff Drive|-37.92490,145.16869 -37.92576,145.17193
Gleniffer Avenue|-37.93006,145.03089
Glenlea Close|-37.91003,145.26970
Glenleigh Court|-38.07755,145.28934
Glenmer Street|-37.93446,145.04724
Glenmore Court|-38.11369,145.15160
Glenmore Crescent|-37.97216,145.01332 -37.97153,145.01688
Glenmorgan Close|-37.94835,145.13464 -37.94976,145.13828
Glenn Close|-38.10265,145.25435
Glenn Court|-37.95511,145.13644 -37.93356,145.25636
Glennie Avenue|-37.92904,145.08145
Glenola Road|-38.05398,145.12792 -38.05544,145.12337 -38.05685,145.11918
Glenora Way|-38.02253,145.25677
Glenshee Drive|-38.04744,145.25657 -38.04792,145.26014
Glenthorne Drive|-37.99351,145.17785 -37.99430,145.18113
Glenvale Crescent|-37.92331,145.15812 -37.92372,145.16173
Glenview Place|-37.91006,145.28303
Glenway Drive|-37.98235,145.12301
Glenwood Avenue|-37.98533,145.02840 -37.98572,145.03185
Glenwood Court|-38.09224,145.27780
Glenwood Drive|-37.96495,145.15331 -37.96453,145.14988
Glenwood Road|-37.98898,145.29586 -37.99244,145.29528
Glenys Court|-37.99769,145.21025 -37.94308,145.10421
Glomar Court|-38.00467,145.21337 -38.00510,145.21681
Gloria Avenue|-37.96840,145.21592
Gloucester Court|-37.90145,145.06780
Glover Court|-38.10623,145.19764
Glover Street|-37.92772,145.07874
Glyn Court|-37.95694,145.06145
Glynda Street|-37.99627,145.21060
Glyndon Court|-38.08637,145.13522
Glynelea Crescent|-38.09435,145.20216
Gnotuk Avenue|-38.02930,145.10306
Godfrey Avenue|-38.10986,145.29876
Godfrey Crescent|-37.97489,145.21524
Godfrey Street|-37.91496,145.04043 -37.91767,145.04007
Godwin Crescent|-38.07835,145.28906 -38.07706,145.28585
Gold Street|-37.96421,145.06270
Golden Ash Close|-38.06472,145.24670
Golden Avenue|-38.05579,145.12683 -38.05727,145.12244 -38.05844,145.11899
Golden Court|-38.12218,145.16425 -37.98121,145.23567
Golden Elm Way|-38.06348,145.24459
Golden Grove|-37.97918,145.14521
Golden Grove Drive|-38.07110,145.29531 -38.06889,145.29788 -38.06735,145.29354
Golden Wattle Court|-38.08595,145.28437
Golden Way|-38.12009,145.19510 -38.11764,145.19677
Goldfield Court|-37.90136,145.19122
Goldfinch Court|-38.10652,145.16946
Goldfinch Place|-37.92881,145.25531
Goldhurst Street|-38.00871,145.16496
Golding Avenue|-37.93685,145.25248 -37.93958,145.25202 -37.93925,145.24854
Golding Court|-37.96459,145.14040 -37.95719,145.21923
Goldlang Street|-37.97597,145.19550
Goldsmith Close|-37.98459,145.25868
Goldstone Court|-37.99766,145.14845
Golf Drive|-37.93474,145.23656
Golf Links Avenue|-37.90979,145.09043 -37.90487,145.09139
Golf Links Crescent|-37.98784,145.13979
Golf Road|-37.91567,145.08858 -37.92041,145.08759 -37.91285,145.08913 -37.91021,145.08991
Golf View Road|-37.95053,145.08719 -37.95421,145.08646
Golfers Drive|-38.08349,145.20089
Golfwood Close|-37.97729,145.13046 -37.97850,145.12738
Gonis Crescent|-38.08914,145.17936
Goodall Close|-38.05561,145.22308 -38.05259,145.22362 -38.05201,145.21939
Goodenia Loop|-38.11239,145.24363
Gooding Court|-37.97437,145.22313
Goodison Court|-37.92694,145.19005
Goodjohn Court|-37.97624,145.25596
Goodman Drive|-37.97806,145.18502 -37.97871,145.18860 -37.98145,145.18848
Goodrich Street|-37.91137,145.07556 -37.91185,145.08004
Goodwood Drive|-37.96145,145.15411
Gordal Court|-38.04665,145.26050
Gordon Avenue|-37.90255,145.11523 -37.90530,145.11477
Gordon Close|-38.03462,145.28763
Gordon Crescent|-37.97298,145.01399
Gordon Street|-38.10553,145.28763 -37.97346,145.04772 -37.97390,145.05147 -37.97499,145.18118 -37.92780,145.03244
Gore Rise|-37.97866,145.25463
Goshawk Court|-38.10813,145.17458
Goshawk Street|-38.02259,145.29104
Gothic Road|-38.02388,145.10316 -38.02631,145.10498
Goudes Court|-38.06214,145.29409
Goulburn Drive|-37.91248,145.25191 -37.91526,145.25152 -37.91663,145.24834
Goulburn Place|-37.93890,145.10984
Goulburn Street|-37.96448,145.05681 -37.96290,145.06032
Gould Street|-38.13523,145.12212 -38.13194,145.12295 -38.12937,145.12417
Gouldthorp Avenue|-37.98057,145.06992
Govan Street|-38.11432,145.13321
Gove Street|-37.94187,145.16305 -37.94269,145.15891 -37.93995,145.15936 -37.93809,145.16199
Governor Arthur Drive|-38.05545,145.13978 -38.05309,145.14412
Governor Road|-38.00927,145.09613 -38.00983,145.09202 -38.00759,145.10668 -38.00805,145.11046 -38.00851,145.11436 -38.00818,145.10030 -38.00914,145.09674 -38.00998,145.12630 -38.00953,145.12235 -38.00877,145.11639 -38.00830,145.11246 -38.00758,145.10252 -38.00757,145.10652 -38.01102,145.13474 -38.00998,145.12630 -38.01043,145.13008 -38.01096,145.13820
Gow Court|-37.99829,145.26300
Gowrie Place|-38.10041,145.26020
Gowrie Street|-37.91516,145.07481 -37.91561,145.07883 -37.91524,145.08324
Goya Court|-37.90737,145.18220
Grace Avenue|-37.98058,145.22162 -37.98114,145.22628
Grace Park Avenue|-37.95623,145.15768 -37.95579,145.15412
Grace Street|-38.10441,145.28228 -38.10490,145.28636 -37.93974,145.16439 -37.93566,145.16550
Gracehill Mews|-38.11860,145.25572
Gracie Avenue|-38.04581,145.11157
Gracilis Court|-37.96914,145.23841
Graduate Crescent|-37.90957,145.16414
Graegwen Place|-38.07448,145.24809
Graham Avenue|-37.91144,145.04140 -37.90815,145.04193
Graham Court|-38.04427,145.26753 -37.98477,145.17723
Graham Daff Boulevard|-38.01017,145.10829 -38.01212,145.11067
Graham Road|-38.07374,145.13000 -37.95357,145.04235 -37.94896,145.04198 -37.95228,145.13341 -37.95275,145.13720
Graham-Michele Place|-37.99519,145.17381
Grainger Court|-37.91259,145.16104
Gramar Way|-38.04890,145.26951
Gramatan Avenue|-37.98176,145.02927 -37.98225,145.03352
Granby Court|-37.97172,145.25288
Grand Valley Court|-37.95921,145.28128
Grand Valley Terrace|-37.90963,145.28517
Grandeur Court|-38.11431,145.26824
Grandia Crescent|-37.99211,145.14800
Grandiflora Court|-37.98930,145.13478
Grandview Avenue|-37.98108,145.03082 -37.97827,145.03091 -37.98284,145.22305 -37.98332,145.22741 -37.92722,145.14967 -37.92774,145.15395
Grandview Grove|-37.94546,145.04559 -37.94259,145.04618 -37.89954,145.05629
Grandview Road|-37.90419,145.00465 -37.90107,145.00524 -37.91340,145.19131 -37.91399,145.19518 -37.91671,145.19483 -37.91917,145.19338 -37.91314,145.18790 -37.91340,145.19131
Grandvista Crescent|-38.09767,145.24894
Grange Court|-37.90460,145.14899 -37.94865,145.20671
Grange Drive|-37.91622,145.28416 -37.91545,145.28954 -37.91310,145.28756
Grange Road|-37.97622,145.08623 -37.97235,145.08652 -37.96964,145.08700 -37.95817,145.11803 -37.94756,145.00957 -37.94801,145.01347 -37.94847,145.01688 -37.94899,145.02156 -37.90054,145.04468 -37.90322,145.04416
Grange Street|-37.91312,145.10241
Granito Court|-38.03257,145.20199
Grant Avenue|-38.12722,145.13392
Grant Street|-38.11271,145.27961 -38.11557,145.27904 -38.11834,145.27809 -38.11939,145.27474 -38.12034,145.27126 -38.11257,145.27965 -37.98515,145.22564 -37.91321,145.00710 -37.91358,145.01054
Grantchester Road|-37.98792,145.29733 -37.99156,145.29865 -37.91620,145.18975 -37.91697,145.19342
Granter Street|-37.90947,145.01771
Grantham Court|-37.90011,145.00115
Grantham Terrace|-37.92537,145.20125 -37.92772,145.19886 -37.92919,145.20185
Grantley Close|-38.03726,145.28327
Granton Avenue|-37.98783,145.26789 -37.98516,145.26974
Granton Close|-37.98727,145.15771
Granville Grove|-37.93104,145.11311
Grasslands Loop|-38.00775,145.16275
Grassmere Court|-37.99788,145.25525
Gratlea Court|-38.10830,145.18711
Gray Close|-37.97450,145.25262
Gray Court|-37.98619,145.02824
Gray Street|-38.11586,145.13336 -38.07997,145.27137 -37.92259,145.05262 -37.93765,145.15503 -37.93824,145.15992 -37.92084,145.19511 -37.92246,145.19793
Grayling Crescent|-37.99347,145.16849 -37.99066,145.17126
Greaves Street|-38.11047,145.28006 -37.99268,145.20760
Grebe Court|-38.11136,145.17413
Green Avenue|-37.92649,145.15824
Green Parade|-37.95992,145.02353 -37.95717,145.02410
Green Street|-37.97009,145.16318 -37.97017,145.16736 -37.99830,145.22782 -37.99888,145.23273
Green Valley Crescent|-38.02830,145.26105 -38.02905,145.26447 -38.03175,145.26495
Greenbank Court|-37.91819,145.27842
Greenbriar Avenue|-37.89919,145.18580
Greenbriar Way|-38.10649,145.26589
Greenbush Grove|-38.01221,145.13231
Greendale Road|-37.92787,145.07055 -37.92741,145.06696
Greenfield Court|-38.07191,145.29196
Greenfield Drive|-37.92350,145.12887
Greenglade Court|-37.98195,145.17604
Greenglade Way|-38.12569,145.29646
Greenhaven Court|-37.90614,145.27741
Greenhill Court|-37.95081,145.20642
Greenhill Rise|-38.04071,145.28049
Greenlea Grove|-38.03964,145.25542
Greenleaf Court|-37.99507,145.16373
Greenmantle Close|-38.09867,145.25519
Greenmount Close|-38.01013,145.28887
Greenock Crescent|-38.10540,145.29385
Greenpatch Drive|-38.04537,145.17030 -38.04327,145.16796 -38.04172,145.16234
Greenridge Avenue|-38.00965,145.29433 -38.01243,145.29377
Greens Court|-37.97808,145.05592
Greens Road|-38.01502,145.21816 -38.01580,145.22472 -38.01609,145.22824 -38.01656,145.23193 -38.01110,145.17418 -38.01085,145.17804 -38.01088,145.18186 -38.01149,145.18883 -38.01113,145.18533 -38.01177,145.19224 -38.01247,145.19584 -38.01317,145.20164 -38.01149,145.18883 -38.01441,145.21320 -38.01412,145.20957 -38.01355,145.20564 -38.01319,145.20180 -38.01502,145.21816 -38.01532,145.22163
Greenshank Court|-38.11351,145.17209
Greenside Circuit|-38.08068,145.20873
Greenside Crescent|-38.00447,145.15234
Greenside Drive|-37.93412,145.23221
Greenslopes Drive|-38.11255,145.18837
Greenview Close|-37.98078,145.12944 -37.95718,145.27369
Greenview Court|-38.07397,145.28848 -37.93648,145.07336 -37.90394,145.26500
Greenview Terrace|-38.00630,145.15384
Greenways Court|-37.99032,145.07070
Greenwich Court|-37.90112,145.17176
Greenwood Drive|-38.11125,145.18323 -38.11373,145.18151 -38.10740,145.18312
Greenwood Village Mews|-37.98824,145.13913
Greenwoods Close|-37.97453,145.12921 -37.97369,145.13253
Greg Court|-38.00244,145.29217
Gregory Close|-37.97077,145.27546
Gregory Court|-38.07850,145.26534 -38.00544,145.14421
Gregory Crescent|-37.92883,145.17143
Gregson Grove|-38.07425,145.25622
Greigs-Cavalot Road|-38.04476,145.17155
Grenda Court|-38.00166,145.20454
Grenfell Place|-37.92531,145.27608
Grenfell Rise|-38.02940,145.28839 -38.02989,145.29177
Grenville Street|-37.93509,144.99849 -37.93557,145.00239
Gresham Close|-37.98521,145.26790
Greta Court|-37.95297,145.05637
Greta Street|-37.91325,145.11849 -37.90915,145.11872
Gretana Street|-38.00066,145.20571
Gretel Court|-38.04889,145.28103
Greville Street|-37.90640,145.11062 -37.90573,145.10467
Grevillea Court|-38.07833,145.14174
Grevillea Street|-37.99835,145.16031 -37.99646,145.23039
Grey Street|-37.98708,145.08902 -37.90042,145.02633
Greycliffe Avenue|-38.09318,145.20288 -38.08976,145.20371
Greythorne Court|-37.99848,145.29820
Griffin Street|-37.92909,145.01013
Griffith Avenue|-37.90762,145.06299
Griffith Place|-38.09043,145.19081
Griffith Street|-37.97169,145.18050 -37.97537,145.24003
Griffiths Court|-37.95200,145.21276
Griffiths Grove|-37.91050,145.01884
Griffiths Street|-37.98546,145.04383 -37.98486,145.03802
Grnja Way|-38.10001,145.19207
Grosvenor Avenue|-37.92442,145.17198
Grosvenor Road|-37.90625,145.26903
Grosvenor Street|-38.00145,145.17959
Ground Cover Lane|-37.92172,145.10723
Grout Street|-37.98219,145.05820 -37.93445,145.00797 -37.93495,145.01182
Grove Court|-38.09180,145.17422
Grove End Road|-37.96849,145.25413 -37.97130,145.25390 -37.97420,145.25260
Grovedale Court|-37.91592,145.11987
Grovelands Drive|-37.93110,145.18357 -37.93363,145.18206
Groves Lane|-38.02692,145.10109
Groves Street|-38.02737,145.10194
Gruchy Avenue|-38.04760,145.13932
Guernsey Avenue|-37.94046,145.03525
Guest Road|-37.91049,145.09426 -37.91335,145.09369
Guild Avenue|-37.95216,145.17142
Guildford Avenue|-37.96166,145.14631
Guildford Crescent|-38.01129,145.29111 -38.01003,145.28795
Guinea Flower Drive|-38.11408,145.24515
Gulinya Crescent|-37.91453,145.23227
Gull Court|-38.07801,145.14271
Gull Way|-38.04163,145.28787
Gum Court|-38.07381,145.27579 -37.98608,145.23817
Gum Street|-38.12168,145.15726
Gum Vista Walk|-38.09297,145.20020
Gumbuya Close|-37.99971,145.24860
Gumley Court|-37.97594,145.12154
Gumnut Lane|-38.05303,145.25161
Gumtree Close|-37.90725,145.18587
Gumtree Court|-38.10170,145.19620
Gumtree Grove|-38.04039,145.25545
Gumview Road|-38.07948,145.25705
Gunn Street|-37.90633,145.06694
Gunns Road|-38.00036,145.26362 -37.99758,145.26548
Gunther Avenue|-37.95837,145.16348 -37.95763,145.15753
Gurner Court|-37.98617,145.27585
Guru Boulevard|-38.07267,145.26076
Gwalia Court|-37.90838,145.26693
Gwen Road|-38.08275,145.24648 -38.08231,145.24308 -38.08317,145.25012
Gwenda Avenue|-37.93813,145.03860 -37.93652,145.04248
Gwenda Street|-37.97772,145.20918
Gwendoline Avenue|-37.91624,145.02859
Gwent Street|-37.98023,145.14898 -37.98071,145.15307
Gwenton Avenue|-38.11442,145.29306 -38.11683,145.29141
Gymea Avenue|-37.93656,145.22194
Gymea Court|-37.98552,145.17023
Gymkhana Court|-37.96523,145.27844 -37.96349,145.27571
Haddington Way|-38.11659,145.29533
Hadkinson Street|-37.93236,145.12657
Hadley Circuit|-38.06353,145.28290
Hadley Street|-38.12342,145.13667 -38.12211,145.14054 -38.11972,145.14410
Hagan Place|-37.98229,145.16142
Haig Avenue|-38.03801,145.11433 -38.04069,145.11590
Haigh Street|-37.92852,145.07859
Hailes Court|-38.09475,145.18043
Haileybury Court|-37.99160,145.16597
Hailsham Court|-37.92919,145.20185
Haines Street|-37.96795,145.06106
Hainthorpe Grove|-37.93288,145.18289
Haite Court|-37.97761,145.24947
Hakea Place|-37.93490,145.22671
Hakea Street|-37.99490,145.23298
Hakea Way|-37.95176,145.04099
Hal Porter Terrace|-38.06212,145.25674 -38.06501,145.25830
Halcot Close|-37.93290,145.19569
Halcyon Way|-38.03168,145.29317 -38.03437,145.29277 -38.03652,145.29485 -38.03442,145.29715 -38.03174,145.29756
Haldane Street|-38.06725,145.12244 -37.99047,145.03803 -37.98701,145.03873 -37.98238,145.03961 -37.99115,145.18491 -37.99411,145.18487
Hales Court|-37.98665,145.15860
Haley Court|-37.97999,145.18637
Halifax Street|-37.97062,145.21261 -37.91795,144.99938 -37.91609,145.00210 -37.91427,145.00476 -37.93248,145.16304
Halinka Court|-37.97609,145.16319
Hall Court|-37.99706,145.21035
Hall Mark Road|-38.00599,145.09942 -38.00302,145.09857
Hall Road|-38.10112,145.18437 -38.10060,145.18015 -38.10011,145.17643 -38.09962,145.17285 -38.10566,145.22202 -38.10524,145.21841 -38.10485,145.21491 -38.10411,145.20911 -38.10367,145.20569 -38.10324,145.20168 -38.10267,145.19675 -38.10216,145.19269 -38.10156,145.18791 -38.10114,145.18449 -38.10302,145.20062 -38.10506,145.21757 -38.10557,145.22207 -38.10601,145.22556 -38.10636,145.22947 -38.10690,145.23350 -38.10739,145.23697 -38.10796,145.24178 -38.10957,145.25245 -38.10900,145.24893
Hall Street|-37.96340,145.05384 -37.99108,145.10870 -37.91670,145.00120 -37.91415,145.04663 -37.90694,145.04812
Hallam North Road|-37.99023,145.27627 -37.98250,145.27773 -37.97819,145.27853 -37.98636,145.27713 -37.97525,145.27928 -37.97257,145.27989 -37.96948,145.28052 -37.96690,145.28205 -37.96417,145.28169 -37.96055,145.28238 -37.95757,145.28293
Hallam Road|-38.05729,145.26276 -38.05267,145.26370 -38.04795,145.26490 -38.04483,145.26531 -38.04198,145.26588 -38.03797,145.26669 -38.03405,145.26749 -38.02886,145.26860 -38.02274,145.26990 -38.01990,145.27041 -38.02586,145.26938 -38.01648,145.27125 -38.00642,145.27323
Hallam South Road|-38.01262,145.27203 -38.01530,145.27151 -38.00746,145.27314
Hallam Valley Road|-38.01305,145.23436 -38.01350,145.23890
Halley Court|-37.92229,145.04864
Halliday Court|-37.90423,145.07611
Hallifax Street|-38.09645,145.13238 -38.09376,145.13287 -38.09026,145.13349
Hallinan Court|-37.97331,145.06736
Hallmark Drive|-38.06316,145.28655
Hallow Street|-37.90864,145.07833 -37.91154,145.07772
Halsbury Drive|-37.92999,145.24036 -37.92932,145.23662
Halsbury Place|-38.10392,145.19723
Halstead Court|-38.09252,145.27745
Halton Road|-37.95475,145.19264 -37.95565,145.19995 -37.95516,145.19635 -37.95621,145.20426
Hambleton Court|-37.91641,145.28391
Hamel Street|-37.93312,145.00443
Hamer Street|-37.94287,145.04192 -37.94313,145.04599
Hamilton Close|-37.97279,145.25512
Hamilton Drive|-38.07839,145.29205 -38.07891,145.29542
Hamilton Street|-37.91628,145.03674 -37.90562,145.10116 -37.90856,145.10060
Hamilton Way|-37.91941,145.22163
Hamlet Place|-37.97348,145.13236
Hamlet Street|-37.95843,145.04030
Hammel Court|-38.00829,145.26799
Hammond Road|-38.11780,145.23906 -38.03572,145.20136 -38.03298,145.20191 -38.02985,145.20257 -38.02713,145.20307 -38.02260,145.20395 -38.03792,145.20090 -38.01935,145.20460 -38.01600,145.20526 -38.00604,145.20728 -38.00907,145.20667 -38.01222,145.20601 -38.00292,145.20795 -38.00014,145.20850 -37.99452,145.20962 -37.99740,145.20905 -37.99181,145.21010
Hammond Street|-37.91648,145.00652 -37.91545,145.00319
Hampden Court|-37.90351,145.26577
Hampden Road|-38.09033,145.25013
Hampshire Court|-37.93567,145.24483
Hampshire Drive|-38.05369,145.28631
Hampshire Road|-37.90066,145.14311 -37.90115,145.14725
Hampstead Crescent|-37.90216,145.16801
Hampstead Road|-37.96073,145.19530
Hampton Court|-37.95189,145.22359
Hampton Drive|-38.02718,145.25893
Hampton Gardens|-38.03136,145.26136
Hampton Street|-37.94204,145.00168 -37.93653,145.00269 -37.92890,145.00412 -37.93381,145.00319 -37.92582,145.00470 -37.92148,145.00557 -37.91567,145.00667 -37.91876,145.00606 -37.91249,145.00728 -37.90871,145.00787 -37.90601,145.00809
Hamstead Court|-37.96708,145.25104
Hanbury Court|-37.98743,145.15634
Hanby Street|-37.92574,145.00067 -37.92265,145.00129
Handley Crescent|-37.99253,145.19608
Hanleth Avenue|-37.96030,145.14163 -37.96089,145.14638
Hanlon Close|-38.00557,145.10295
Hann Close|-37.97876,145.26790
Hanna Drive|-37.97636,145.27057 -37.97452,145.27323
Hanna Street|-37.97424,145.18573 -37.97616,145.18846 -37.97810,145.19121
Hannagan Street|-38.01656,145.11087
Hannah Court|-38.08360,145.27109
Hannah Street|-38.12467,145.13504 -37.95641,145.07177
Hannalore Way|-38.06026,145.14162
Hanover Court|-37.97171,145.24383
Hanover Street|-37.90254,145.09162 -37.89975,145.09216
Hanrahan Wynd|-38.06306,145.26129
Hans Court|-37.92921,145.15752
Hansen Street|-37.92149,145.02148
Hansworth Street|-37.93084,145.17248 -37.93118,145.17633 -37.92979,145.16719 -37.93685,145.18755 -37.93088,145.18168 -37.93371,145.18812 -37.93111,145.18531
Happy Valley Court|-37.92729,145.24526
Harbinger Court|-37.91369,145.17407
Harbour Drive|-38.05822,145.14097 -38.05557,145.14292 -38.05993,145.14393
Harbury Mews|-38.02233,145.25893
Harcourt Avenue|-37.92943,145.15489
Harcourt Close|-38.02552,145.26837
Harding Avenue|-38.06340,145.11957
Harding Street|-37.94801,145.03569 -37.92916,145.03461 -37.92905,145.03108
Hardinge Street|-37.98723,145.03268 -37.98776,145.03734
Hardman Court|-37.97836,145.25017
Hardy Court|-37.91772,145.02302 -37.92537,145.10603
Hardy Grove|-37.98088,145.04214
Hardy Loop|-37.99223,145.14913
Haresta Avenue|-38.00177,145.20548 -37.99852,145.20614
Harfleur Avenue|-37.98708,145.04742
Harford Close|-38.05614,145.25772
Hargrave Court|-38.10748,145.27109
Hargrave Place|-37.98532,145.10402
Hargreaves Street|-37.90897,145.10727
Harkaway Drive|-37.96353,145.08276
Harkin Avenue|-37.98786,145.06347
Harlaw Court|-37.91633,145.17487
Harlequin Drive|-38.00072,145.16416
Harley Place|-37.90976,145.17689
Harley Street|-37.98632,145.13768 -37.98408,145.13981
Harlingford Court|-37.91204,145.19437
Harlington Street|-37.92394,145.11105 -37.92682,145.11048 -37.91976,145.11192
Harlow Court|-37.99218,145.18663 -37.94507,145.04955
Harmer Road|-38.00420,145.25754 -38.00113,145.25819
Harmony Court|-37.97264,145.15564 -37.90639,145.12415
Harold Keys Drive|-38.03069,145.28783 -38.02831,145.29222 -38.03045,145.29628 -38.02615,145.29010
Harold Road|-37.97490,145.14776 -37.97598,145.15665 -37.97553,145.15298 -37.97708,145.16580 -37.97664,145.16217
Harold Street|-38.10282,145.13139 -38.05956,145.13030 -38.05707,145.12895 -37.95977,145.01082 -37.96054,145.01573 -37.90855,145.02515
Harpenden Terrace|-38.12122,145.25039
Harper Avenue|-37.92920,145.05367
Harper Crescent|-38.09954,145.24631
Harpley Street|-37.97319,145.06805 -37.97399,145.07243
Harptree Close|-37.93607,145.25272
Harpur Court|-37.90149,145.11541
Harrier Court|-37.98837,145.12767
Harrington Drive|-38.06508,145.28433 -38.06555,145.28092 -38.06553,145.28772
Harrington Street|-38.00804,145.17542
Harris Court|-37.94308,145.11032
Harris Street|-38.05322,145.25689 -37.94319,145.14903
Harrison Court|-38.09929,145.17768
Harrison Drive|-38.10919,145.26627 -37.97783,145.18922
Harrow Mews|-37.95549,145.05880
Harrow Place|-37.97401,145.25585
Harry Court|-37.97979,145.11822
Harry Nance Close|-37.92604,145.27092
Harry Street|-38.11034,145.27614 -38.10675,145.27683 -37.93874,145.03154
Harston Street|-37.95036,145.00504
Hartley Court|-37.95257,145.19541
Hartley Link|-37.97747,145.26121
Hartnett Close|-37.92291,145.14917
Hartnett Drive|-38.11261,145.14155 -38.11903,145.14042 -38.11574,145.14107
Hartwell Place|-37.95791,145.06267
Hartwell Street|-38.01038,145.17637
Hartwood Court|-38.03577,145.13546
Harvard Grove|-38.00229,145.15039
Harvard Street|-38.09595,145.25299
Harvey Court|-38.04260,145.27736 -37.95972,145.06356
Harvey Place|-37.98070,145.24896
Harwood Close|-37.90456,145.18144
Harwood Court|-37.93005,145.25714
Harwood Road|-38.05834,145.20617 -38.05755,145.19931 -38.05657,145.19131 -38.05579,145.18497
Haslam Street|-38.11280,145.15168
Hasluck Crescent|-38.05602,145.25415
Hassett Lane|-38.10940,145.23878
Hastings Avenue|-37.98255,145.04779 -37.97934,145.04840
Hastings Street|-37.90802,145.02749
Hatfield Court|-37.99210,145.18575
Hatter Street|-37.90419,145.08819 -37.90697,145.08766 -37.90965,145.08715
Hatteras Court|-38.05898,145.14442
Haughton Court|-38.03371,145.28140
Haughton Road|-37.92500,145.11975 -37.92005,145.11401 -37.92655,145.12259 -37.90629,145.09581 -37.90121,145.08893 -37.90375,145.09227 -37.91146,145.10266 -37.90943,145.09996 -37.91382,145.10539 -37.90742,145.09718 -37.93098,145.12823 -37.93300,145.13106 -37.93491,145.13359 -37.92817,145.12473
Haughton Street|-37.97322,145.06827
Havana Court|-37.92163,145.08094
Haven Court|-38.09410,145.27621 -38.02108,145.11604 -38.02412,145.29851
Havenstock Court|-37.90701,145.17522
Havenstone Drive|-38.00110,145.16154
Haverbrack Drive|-37.93627,145.20117 -37.92758,145.20231 -37.93032,145.20398 -37.93291,145.20501 -37.92400,145.20154
Haversham Avenue|-37.90929,145.19794 -37.91177,145.20031 -37.91372,145.20271 -37.91642,145.20188
Haverstock Hill Close|-37.97230,145.24793
Hawdon Drive|-38.10165,145.27401 -38.10443,145.27520
Hawdon Street|-37.96361,145.21139
Hawke Street|-37.98457,145.08430 -37.98428,145.08018
Hawking Avenue|-38.04038,145.26326 -38.03846,145.26018
Hawkins Court|-37.99002,145.17762
Hawksburn Road|-38.09007,145.20545
Hawkshead Place|-38.07568,145.29685
Hawthorn Court|-38.10275,145.18976
Hawthorn Grove|-37.90861,145.03574
Hawthorn Road|-37.99523,145.24016 -37.99207,145.24096 -37.91416,145.01680 -37.91137,145.01739 -37.90863,145.01786 -37.90561,145.01839 -37.90234,145.01900 -37.89940,145.01961 -37.89661,145.02015
Hay Court|-37.96098,145.17655
Hayden Road|-37.95833,145.13523
Haydens Road|-37.98797,145.02767 -37.98162,145.02902 -37.97844,145.02974 -37.98533,145.02840
Haydn Place|-38.04627,145.29167
Haydon Court|-38.09909,145.27694
Hayes Court|-37.93918,145.20293 -37.92438,145.27936
Hayes Road|-38.03026,145.25301
Hayes Street|-37.91677,145.04026
Hayman Avenue|-38.09720,145.13165
Hayman Terrace|-37.92780,145.18135
Haymer Court|-38.00974,145.10480
Haynes Court|-38.02491,145.12454
Haynes Street|-37.95125,145.03078 -37.94856,145.03138
Haystack Court|-37.99432,145.28540
Hayton Park Boulevard|-38.11486,145.24740 -38.11151,145.24812
Hayward Grove|-37.93266,145.00107
Haywood Street|-37.97877,145.04443
Hazel Avenue|-38.04345,145.11394 -37.99230,145.19991 -37.99241,145.19641 -37.94480,145.03105
Hazel Court|-38.04422,145.26980
Hazel Street|-38.10538,145.12972
Hazel Way|-37.91705,145.22546
Hazeldean Avenue|-37.91287,145.01213
Hazeldean Court|-38.02334,145.25714
Hazelmere Avenue|-38.10704,145.26389
Hazelwood Avenue|-38.07568,145.28222 -38.07851,145.28257
Hazelwood Close|-37.98818,145.12616
Hazlitt Court|-38.09232,145.27164
Headingly Court|-37.98373,145.26868
Healey Road|-38.02865,145.21245 -38.02750,145.22352 -38.02791,145.22692 -38.03026,145.22518 -38.02953,145.21921 -38.02908,145.21554 -38.02750,145.22352 -38.02791,145.22692 -38.03026,145.22518
Healey Street|-37.93385,145.04071 -37.93665,145.03879
Heany Park Road|-37.94167,145.24797 -37.93683,145.25213 -37.93863,145.24857
Hearle Avenue|-38.01451,145.09220
Heart Street|-37.99320,145.20986
Heath Avenue|-37.90136,145.09553 -37.90207,145.10064
Heath Court|-37.98781,145.23299 -37.95049,145.19351
Heath Crescent|-37.93725,145.02784
Heath Street|-37.95397,145.01271
Heathcote Court|-37.98272,145.27248
Heathdale Road|-37.99468,145.29133
Heather Court|-38.04104,145.27247
Heather Grove|-37.96987,145.01983 -37.96193,145.05084 -37.95627,145.14257 -37.95670,145.14608 -37.95718,145.15007
Heather Street|-37.91998,145.05708
Heatherdew Close|-37.97197,145.26214
Heatherleigh Court|-38.11053,145.18324
Heatherton Link Road|-37.96825,145.19736
Heatherton Road|-37.95977,145.13064 -37.95921,145.12614 -37.95818,145.11810 -37.95757,145.11339 -37.96046,145.13611 -37.95999,145.13243 -37.96173,145.14687 -37.96103,145.14104 -37.96217,145.15026 -37.96271,145.15480 -37.96337,145.16007 -37.96380,145.16357 -37.96424,145.16708 -37.96494,145.17346 -37.96559,145.17816 -37.96800,145.19800 -37.96848,145.20188 -37.96910,145.20706 -37.96958,145.21108 -37.97006,145.21519 -37.97088,145.22223 -37.97131,145.22571 -37.96564,145.17860 -37.96665,145.18721 -37.96608,145.18231 -37.96712,145.19190 -37.96801,145.19783 -37.97125,145.22649 -37.97211,145.23385 -37.97283,145.24071 -37.97495,145.25778 -37.97439,145.25270 -37.97371,145.24705 -37.97649,145.27054 -37.97611,145.26700 -37.97563,145.26280 -37.97505,145.25865 -37.97450,145.25517 -37.97649,145.27063 -37.97735,145.27867 -37.97801,145.28265 -37.97709,145.27502 -37.97892,145.28988 -37.97933,145.29333 -37.97977,145.29688 -37.98042,145.30185 -37.98090,145.30554
Heatherton Road Service Road|-37.97456,145.25308 -37.97412,145.24949 -37.97369,145.24597
Heatherwood Court|-38.10559,145.26499
Heathfield Road|-37.92689,145.00449 -37.92739,145.00786
Heathland Circuit|-38.12533,145.29166
Heathland Way|-37.98844,145.12697
Heathmere Crescent|-37.96928,145.26144 -37.96995,145.26484
Hebe Court|-38.12246,145.16551
Hebrides Close|-38.10478,145.24863
Hector Court|-37.94121,145.06032
Hector Drive|-38.09190,145.28594
Hector Street|-37.91251,145.00471
Hedgeley Road|-37.99035,145.17908 -37.99310,145.17764
Hedley Court|-37.99903,145.29883
Hedley Place|-38.03355,145.27058
Heland Place|-38.01000,145.10694
Helder Close|-38.10229,145.24993
Helen Court|-37.96451,145.08537 -37.96965,145.16854
Helen Kob Drive|-38.00844,145.11162
Helena Court|-37.92937,145.24774
Helena Street|-37.93206,145.12418
Hellenic Court|-38.11428,145.19093
Hellyer Street|-37.97126,145.17536
Hellyer Way|-37.97935,145.26374
Helm Court|-38.11146,145.19207
Helm Street|-38.01892,145.09826 -38.01777,145.10169
Helmich Court|-38.01955,145.11366
Helmsdale Court|-38.09392,145.26239
Helmsley Avenue|-37.91639,145.28797 -37.91460,145.28533
Hemingford Road|-37.91506,145.05427
Hemingway Grove|-38.09790,145.25067
Hemming Street|-37.93258,145.03170
Hemmings Street|-37.98258,145.20093 -37.98301,145.20458 -37.98343,145.20802 -37.98382,145.21141
Hemstal Lane|-38.00098,145.17335
Henderson Road|-37.98128,145.15950 -37.98169,145.16289 -37.98090,145.15610 -37.91672,145.14446 -37.91312,145.14515 -37.91132,145.24112 -37.89649,145.24720 -37.89926,145.24819 -37.90220,145.24812 -37.90855,145.24169 -37.90587,145.24275 -37.90544,145.24622
Hendon Court|-38.10486,145.19390 -37.94360,145.10196
Hendrix Street|-38.11907,145.29109
Henley Court|-37.94514,145.05378
Henlow Rise|-38.01161,145.28001
Hennessy Way|-37.94922,145.19722 -37.94683,145.20234
Henning Avenue|-38.05840,145.25385
Henrietta Place|-38.10630,145.24991
Henrietta Street|-37.93844,145.03619
Henry Avenue|-37.99946,145.25648
Henry Crescent|-38.10747,145.15341 -38.11207,145.15251
Henry Lawson Drive|-38.05070,145.25318 -38.05228,145.24921 -38.04892,145.25601
Henry Street|-37.96667,145.16808 -37.94657,145.00844 -37.94503,145.04180 -37.94748,145.04336 -37.91762,145.02159 -37.95072,145.08880 -37.95189,145.09871 -37.90099,145.10443 -37.90583,145.10349
Henshaw Court|-38.05546,145.30012
Hensley Court|-37.98417,145.27518
Henslow Court|-37.90695,145.01661
Henty Court|-37.99337,145.17948
Henty Street|-37.98187,145.21154 -37.91883,145.00968 -37.89995,145.06937
Hepburn Avenue|-37.97691,145.02836 -37.97422,145.02868
Heracles Lane|-38.11599,145.23422
Herald Street|-37.95973,145.07217 -37.95700,145.07267 -37.96279,145.07160 -37.96548,145.07109 -37.94943,145.07400 -37.95215,145.07361
Herbert Road|-38.09135,145.18747 -38.08994,145.18419 -38.08643,145.18628
Herbert Street|-38.11656,145.25370 -37.98468,145.03553 -38.00069,145.07667 -37.99523,145.07776 -37.98110,145.21691 -37.98157,145.22087 -37.98215,145.22580 -37.97759,145.20991 -37.97965,145.21219 -37.98095,145.21561 -37.98163,145.22141 -37.98215,145.22580 -37.94624,145.03643
Heritage Court|-37.90793,145.17707
Heritage Drive|-38.10767,145.20018 -38.10926,145.19626 -37.95549,145.14161
Heritage Way|-37.92101,145.28637 -37.92088,145.28285 -37.91831,145.28166 -37.91903,145.28898
Herman Court|-37.91996,145.27214
Hermes Avenue|-38.11344,145.23605
Hermitage Place|-37.90354,145.27056
Hermitage Rise|-38.02459,145.29941
Hermitage Street|-37.96320,145.08012
Herne Close|-37.93830,145.04941
Heron Court|-37.98174,145.11974
Herrington Avenue|-38.10650,145.19416 -38.10916,145.19480
Herriotts Boulevard|-37.90005,145.15300
Hertford Court|-38.07195,145.29706
Hertford Crescent|-37.90252,145.18255
Heslop Street|-37.99397,145.07670
Hessian Place|-38.10768,145.24621
Hester Place|-37.91929,145.28651
Hestia Avenue|-38.11660,145.23423
Heversham Drive|-38.11165,145.14164
Hewitt Street|-37.94796,145.06174
Heyfield Court|-37.99871,145.29438
Heyington Boulevard|-38.10984,145.18292
Heyington Crescent|-37.96370,145.19618 -37.95562,145.19957 -37.95834,145.19942 -37.96104,145.19847
Heymount Way|-38.09308,145.20495
Heysen Close|-37.93159,145.23316
Heysen Drive|-38.11123,145.19799
Heytesbury Place|-37.92310,145.18556
Heywood Close|-37.95731,145.22358
Heywood Crescent|-38.08265,145.28975
Heywood Grove|-37.97059,145.25817
Hi-Tech Place|-38.11625,145.13836 -37.91044,145.24443
Hibberd Street|-37.95387,145.05675
Hibernia Place|-38.11739,145.29665
Hibiscus Avenue|-37.96868,145.08268 -37.97069,145.08005
Hibiscus Court|-37.98886,145.24204
Hibiscus Drive|-37.90581,145.17303 -37.90839,145.17168
Hibiscus Way|-37.99525,145.15915
Hickman Avenue|-38.02113,145.11803 -38.02254,145.12113
Hickory Crescent|-38.12406,145.14969 -38.12495,145.15312
Hicks Court|-37.96872,145.21947 -37.92262,145.26141
Hicks Street|-37.98650,145.09163
Hidden Grove Boulevard|-38.00405,145.15840 -38.00616,145.15612
Higgins Close|-37.97222,145.12593 -37.96982,145.12829
Higgins Road|-37.92231,145.04103 -37.92272,145.04442
High Street|-38.11183,145.28311 -38.10910,145.28338 -38.10643,145.28230 -38.10175,145.28244 -38.09907,145.28295 -37.99167,145.03524 -38.00585,145.08252 -37.97915,145.20996
High Street Service Road|-38.09815,145.28351 -38.10553,145.28201 -38.10265,145.28211
High Vista Court|-37.99043,145.27963
Higham Street|-37.97099,145.05464
Highbury Avenue|-37.93300,145.03369 -37.93589,145.03310
Highbury Grove|-38.00881,145.17340
Highett Grove|-37.95229,145.04197
Highett Road|-37.94639,145.02219 -37.94593,145.01857 -37.94541,145.01455 -37.94499,145.01113 -37.94834,145.03849 -37.94788,145.03462 -37.94738,145.03045 -37.94686,145.02608 -37.94644,145.02260 -37.94876,145.04202 -37.94834,145.03849 -37.94907,145.04608
Highfield Avenue|-37.92527,145.14862 -37.92601,145.15459
Highgate Place|-38.01069,145.28730
Highgate Way|-37.90494,145.27629
Highgrange Way|-37.99329,145.29162
Highland Avenue|-38.02747,145.26119 -38.03021,145.26421 -37.95105,145.02903 -37.95460,145.02835 -37.90459,145.11749 -37.90190,145.11769 -37.89858,145.11878 -37.90756,145.11699
Highland Court|-37.97856,145.20394
Highmount Drive|-38.04635,145.27291 -38.04619,145.27640 -38.04892,145.27598
Highrise Court|-38.01587,145.29304
Highton Close|-38.02477,145.25166
Highview Avenue|-38.09768,145.27990
Highview Court|-37.92652,145.27204
Highview Road|-37.92958,145.06645
Hikari Crescent|-38.12875,145.23332
Hilary Court|-37.97632,145.17998
Hilary Grove|-37.92907,145.07132
Hilda Mews|-38.02802,145.12860
Hilda Street|-37.97036,145.07752 -37.97316,145.07672
Hilda Way|-38.11216,145.26865
Hilden Court|-37.97754,145.22873
Hill Court|-37.94335,145.20771
Hill Edge Court|-37.95824,145.27958
Hill Street|-37.96336,145.05644 -37.92628,145.05922 -37.92287,145.06071
Hillard Court|-37.91911,145.19569
Hillcrest Avenue|-37.94551,145.03352 -37.90594,145.00577
Hillcrest Grove|-37.95797,145.15735 -37.95752,145.15374
Hillcroft Avenue|-37.94291,145.01683
Hillgrove Close|-37.91930,145.18820
Hillingdon Court|-37.98156,145.13738
Hillside Avenue|-37.97006,145.21824 -37.96652,145.21894 -37.92308,145.02900
Hillside Court|-37.95636,145.26762
Hillside Street|-37.94062,145.16535 -37.93702,145.16637
Hillsley Avenue|-37.99287,145.28208 -37.99586,145.27898
Hillston Road|-37.94218,145.04125 -37.94210,145.04469
Hilltop Avenue|-37.90541,145.12598
Hillview Avenue|-37.92030,145.23299 -37.91986,145.22944
Hillview Drive|-38.09694,145.19220
Hillview Rise|-38.04093,145.27753
Hilton Avenue|-37.96020,145.14660 -37.95963,145.14186
Hilton Court|-37.92986,145.07119
Hilton Street|-37.97865,145.02509 -37.97920,145.02946 -37.99787,145.22439 -37.99830,145.22782
Himbeck Court|-37.95945,145.18474
Hindmarsh Court|-38.07411,145.26569
Hindmarsh Street|-37.91663,145.24834 -37.91452,145.25060
Hinkler Avenue|-37.93353,145.04853
Hinkler Road|-37.98740,145.10063 -37.99160,145.09850
Hinneberg Street|-38.11411,145.25754
Hinnenberg Circuit|-38.11708,145.25747
Hinrichsen Drive|-38.01600,145.27801 -38.00922,145.27826 -38.01194,145.27725 -38.01708,145.28140 -38.01446,145.28268 -38.01159,145.28337 -38.00922,145.27826 -38.01194,145.27725 -38.01467,145.27796 -38.01693,145.28038 -38.01503,145.28283 -38.01226,145.28300 -38.00869,145.27862
Hoad Court|-37.93167,145.17729
Hobart Street|-37.92684,145.04544 -37.92384,145.04605
Hobbs Court|-37.98123,145.25593 -37.90633,145.24323
Hobson Street|-37.94823,145.01056 -37.94882,145.01563
Hobsons Place|-37.98663,145.12238
Hodder Street|-37.90970,145.02209 -37.90191,145.02345 -37.90530,145.02287
Hoddle Court|-38.09123,145.26990
Hoddle Street|-37.93045,145.19072
Hodges Close|-37.92405,145.25603
Hodges Street|-38.11582,145.15005
Hodgins Crescent|-38.12052,145.16027
Hodgkinson Court|-37.94389,145.16532
Hodgson Grove|-37.92930,145.07330
Hoffman Street|-37.96904,145.05643
Hogan Close|-38.06875,145.12935
Holbourne Drive|-38.12923,145.29066 -38.13184,145.29394
Holding Street|-37.99125,145.03651 -37.99041,145.03219
Holland Avenue|-37.98555,145.12467
Holland Court|-37.89970,145.09681
Holloway Court|-37.96024,145.17592
Holloway Road|-37.95662,145.02010 -37.95709,145.02412
Holloway Street|-37.90232,145.05083 -37.90176,145.04614
Holly Avenue|-37.96077,145.20509 -37.96346,145.20431
Holly Drive|-37.97971,145.11435
Holly Green Close|-37.92883,145.25360
Holly Green Drive|-37.90186,145.17529 -37.90465,145.17606
Holly Place|-38.09167,145.19861
Holly Smith Avenue|-37.97612,145.09052
Hollydene Court|-38.01148,145.29110
Hollyhock Court|-38.07613,145.28082
Hollyview Court|-37.91471,145.27061
Holmbury Boulevard|-37.92509,145.20188 -37.92672,145.20493 -37.92938,145.20566
Holmby Road|-37.96815,145.05753
Holmes Street|-37.97342,145.19073 -37.97157,145.18809
Holmhurst Court|-37.92955,145.01360
Holmwood Break|-37.98030,145.11702
Holohan Place|-37.96366,145.22159
Holroyd Street|-38.11124,145.14577 -38.11392,145.14531
Holstein Court|-37.93188,145.22058
Holt Court|-38.00158,145.09187 -37.96082,145.13209
Holyrood Street|-37.94639,145.03712 -37.93381,145.00319 -37.93335,144.99939
Holzer Street|-37.94766,145.01326
Homebush Avenue|-38.12496,145.29359
Homeleigh Road|-38.00925,145.15992 -38.00972,145.16378
Homestead Drive|-37.90039,145.19041 -37.90290,145.19197
Homestead Road|-38.04783,145.16534 -38.04436,145.16261 -38.04176,145.16162
Homewood Boulevard|-38.00698,145.27911 -38.00378,145.27544
Honey Myrtle Way|-38.08642,145.28374 -38.08552,145.28755
Honeybark Crescent|-38.07755,145.25644
Honeyeater Grove|-37.99836,145.29368
Honeyeater Place|-38.11284,145.17823
Honeysuckle Avenue|-37.90815,145.17055 -37.91101,145.17113
Honeysuckle Court|-38.07642,145.28394
Honeysuckle Street|-38.12268,145.16729 -38.12392,145.16408
Hood Street|-38.12965,145.13622 -37.93688,145.00735 -37.93358,145.00813
Hooker Avenue|-37.96067,145.13809
Hoop Court|-38.12107,145.15373
Hoop Pine Court|-38.07836,145.27513
Hooper Drive|-38.08823,145.20210
Hope Court|-38.09994,145.26505 -37.95132,145.19485 -37.90399,145.28139
Hope Street|-37.90699,145.01099 -37.93596,145.14887 -37.93645,145.15271
Hopegood Place|-38.04634,145.24988
Hopetoun Court|-37.91364,145.06179
Hopetoun Street|-37.98377,145.20362
Hopkins Close|-37.91407,145.23773
Hopkins Court|-37.94093,145.11151
Hopkins Street|-37.97503,145.21641 -37.91008,145.02434 -37.91102,145.02940
Hopman Court|-38.07918,145.20641
Hopwood Court|-38.05766,145.29393
Horatio Close|-37.92668,145.25874
Horatio Street|-37.97696,145.16767
Horizon Boulevard|-38.04518,145.26927 -38.04559,145.26551 -38.04572,145.27297
Hornby Street|-37.97965,145.02490 -37.98012,145.02929 -37.91587,145.01845 -37.91148,145.01950
Horne Court|-38.04225,145.13102
Hornsby Lane|-38.12740,145.29702
Hornsby Street|-37.99185,145.20775 -37.99070,145.20447 -37.99128,145.20112
Hornsea Court|-37.95147,145.19577
Horscroft Place|-37.93572,145.04282
Horseman Court|-38.05932,145.29531
Horsfield Street|-38.06902,145.27040
Horsham Drive|-38.10278,145.29417
Horsley Street|-37.91776,145.04015
Horsmunden Road|-37.93932,145.04525
Horton Drive|-38.04221,145.25939
Hosken Street|-37.96659,145.16067 -37.96371,145.16094
Hotelier Court|-38.11888,145.19837
Hotham Street|-38.09893,145.29033 -38.10162,145.28982 -37.98075,145.03390 -37.98131,145.03858 -37.89960,145.07923 -37.90257,145.07836
Houlder Avenue|-38.13209,145.29363 -38.12949,145.28967
Houndsforth Street|-38.10449,145.29537
Hourigan Avenue|-37.91680,145.12133 -37.91777,145.12534
Houston Street|-37.98435,145.09075 -37.98116,145.09135
Hovea Court|-37.97903,145.15741
Hovell Court|-38.09902,145.27534
Howard Avenue|-37.90447,145.02696
Howard Court|-37.95710,145.21624 -37.91815,145.13108
Howard Road|-37.98791,145.12019 -37.98469,145.12083 -37.98191,145.12137 -37.97703,145.12232
Howden Street|-38.11663,145.29876
Howe Avenue|-37.94754,145.21289 -37.94610,145.20996
Howell Avenue|-37.97950,145.05041
Howell Street|-37.91137,145.01739 -37.92995,145.03411
Howitt Avenue|-37.93961,145.02452
Howland Place|-38.00660,145.17144
Howleys Road|-37.90591,145.13736 -37.90313,145.13788
Howqua Place|-38.09637,145.29206
Howson Close|-37.97686,145.24825
Howsted Court|-37.92950,145.25275
Hoya Court|-38.07103,145.27050
Hoya Crescent|-38.11884,145.16473
Hoyle Court|-38.09772,145.28688 -37.93249,145.11504
Hoysted Avenue|-38.07819,145.27694 -38.08044,145.27924 -38.08097,145.28309
Hoysted Close|-38.00622,145.10272
Hubbard Avenue|-37.93078,145.18052 -37.93433,145.17981
Huckson Rise|-37.95231,145.21786
Huckson Street|-37.99175,145.20698
Hudson Court|-38.00826,145.18261 -38.00609,145.18491
Hudson Place|-37.91906,145.25671
Hudson Street|-38.11218,145.27752 -37.93936,145.01073 -37.91005,145.04969
Huey Circuit|-38.11483,145.25370
Hugden Close|-38.06364,145.24967
Hughes Avenue|-38.03708,145.12065 -38.03951,145.12270 -38.04088,145.12608
Hughes Close|-37.97509,145.25117
Hughes Court|-38.03136,145.25548 -37.90476,145.17991
Hughes Crescent|-37.96816,145.20622 -37.96701,145.20984
Hughes Street|-37.92008,145.01633 -37.91528,145.07581
Hugo Street|-37.98393,145.03715
Hull Street|-37.91933,145.06845
Hume Court|-38.07532,145.26360
Hume Drive|-37.91782,145.28701 -37.91556,145.28894
Hume Road|-37.96544,145.14463 -37.96672,145.14905
Hume Street|-37.98101,145.03604 -37.97904,145.03893 -37.91077,145.10357 -37.91124,145.10767
Hummerstone Road|-38.10676,145.13855
Humphrey Lane|-37.97494,145.07037
Humphreys Way|-37.92012,145.26634
Hunsford Avenue|-37.90701,145.15000
Hunt Club Boulevard|-38.10390,145.29322 -38.10465,145.29660
Hunt Crescent|-37.94537,145.10161 -37.94583,145.10536
Hunt Drive|-38.10834,145.13594 -38.10610,145.13887
Hunt Lane|-37.99200,145.20681
Hunter Avenue|-37.97638,145.02360
Hunter Court|-38.08116,145.27353
Hunter Rise|-37.98276,145.25536
Hunter Street|-37.90607,145.05739 -37.90297,145.05801 -37.94150,145.21433
Huntingdale Close|-38.11281,145.26534
Huntingdale Court|-37.93984,145.22738
Huntingdale Road|-37.92558,145.10077 -37.91293,145.10327 -37.91714,145.10243 -37.92070,145.10174 -37.90152,145.10535 -37.90427,145.10481 -37.90716,145.10425 -37.91006,145.10370 -37.89865,145.10582 -37.90152,145.10535
Huntingdon Road|-37.91558,145.05173
Huntingfield Court|-37.90540,145.05848
Huntington Drive|-38.04201,145.26611 -38.04341,145.27349 -38.04257,145.27021
Huntley Road|-37.91246,145.02393 -37.91293,145.02785
Huntly Close|-37.98441,145.13225
Huntsman Drive|-37.97978,145.18369
Huon Court|-38.12029,145.15157
Huon Grove|-37.92920,145.07232
Huon Park Road|-38.07454,145.27472 -38.07544,145.28198 -38.07498,145.27817
Hurlingham Street|-37.90825,145.01449
Hurlstone Court|-37.93852,145.19790
Hurlstone Street|-37.90555,145.01840
Huron Close|-37.91368,145.24269
Hutchins Avenue|-37.98724,145.25646
Hutchins Close|-38.00702,145.10035
Hutchins Way|-38.11904,145.18833
Hutchinson Drive|-38.04780,145.25023 -38.05209,145.25423 -38.05581,145.25920
Hutchinson Street|-37.92372,145.04631 -37.92422,145.05009
Hutchison Avenue|-37.98779,145.04446
Hutton Road|-38.01079,145.14116 -38.01198,145.15051 -38.01148,145.14628 -38.01222,145.15408 -38.01255,145.15751 -38.01293,145.16124 -38.01319,145.16471 -38.01251,145.16819 -38.01165,145.17161
Hutton Street|-37.98670,145.20629 -37.98714,145.20994
Huxley Avenue|-37.94791,145.21645 -37.94726,145.21313 -37.92712,145.18051 -37.93066,145.17947 -37.93427,145.17881
Huxley Crescent|-37.98076,145.27538
Hyatt Court|-37.93651,145.10690
Hyde Court|-38.00142,145.20231 -37.92470,145.16376
Hydra Street|-38.09354,145.28690
Hydrive Close|-38.03016,145.23034 -38.03058,145.23394
Hyland Street|-38.00273,145.10230
Hyperno Way|-38.08183,145.19878
Hyson Court|-38.10365,145.19352
Hyssop Drive|-38.00561,145.28341 -38.00891,145.28282
Hythe Close|-37.93716,145.04874
Ian Avenue|-37.96632,145.21369
Ian Court|-37.93433,145.25624
Ian Street|-37.96663,145.17667
Ibis Circuit|-38.04885,145.22415
Ibis Court|-38.07627,145.14483
Ibrox Street|-37.92635,145.18741
Ida Street|-37.94215,145.13829
Ideal Avenue|-38.02190,145.09840
Ideal Court|-37.93449,145.22009
Idonia Court|-38.10981,145.18304
Iena Street|-38.00167,145.21013
Ikara Court|-37.95635,145.05956
Illawarra Avenue|-37.93775,145.22391 -37.93837,145.22056
Illawarra Crescent|-37.95123,145.19888 -37.95169,145.20228 -37.95445,145.20193
Illawong Court|-38.07113,145.14895 -38.06843,145.14829
Illoura Close|-37.94545,145.19389
Illukey Court|-38.00275,145.14595
Ilma Court|-38.10617,145.13427 -37.99645,145.08186
Ilma Grove|-38.06931,145.12303 -38.06793,145.12711
Ilora Court|-37.89927,145.15698
Iluka Avenue|-38.02558,145.11229 -38.02307,145.10753
Iluka Island|-38.06332,145.14411
Iluka Street|-37.97637,145.02544 -37.97336,145.02598
Imagine Way|-38.04859,145.21016 -38.05133,145.20962
Imbros Street|-37.92997,145.00907 -37.93257,145.01091
Imes Street|-37.99062,145.08160
Imlach Court|-37.98214,145.13844
Immerset Drive|-38.05252,145.13776
Imre Court|-37.94498,145.10697
Inala Court|-37.92925,145.17599
Incana Court|-38.09794,145.26350
Incana Place|-37.93142,145.22320
Independence Street|-37.94443,145.05966
Indian Drive|-38.00930,145.18235 -38.00882,145.18643 -38.00512,145.18776
Indie Circuit|-38.11625,145.25594
Indigo Court|-38.12514,145.16049
Indigo Lane North|-37.93871,145.13816
Indra Street|-38.02807,145.27654
Industrial Avenue|-37.90384,145.13008
Industrial Circuit|-38.08275,145.24648
Industrial Drive|-38.00525,145.10963 -38.00830,145.11246 -38.00455,145.10441
Industry Boulevard|-38.09183,145.16799
Infaz Court|-38.05039,145.26921
Inga Court|-38.04149,145.12626
Inga Street|-37.89946,145.11579
Ingel Place|-38.04890,145.26535
Inglebrae Court|-37.94504,145.19492
Inglewood Avenue|-37.95877,145.19696
Inglis Avenue|-38.13076,145.12630
Ingrid Street|-37.97103,145.22078 -37.97380,145.22039
Inlet Street|-38.01871,145.10163
Inner Harbour Drive|-38.06963,145.14062 -38.06693,145.14085
Innovation Walk|-37.90926,145.12988
Insaf Court|-38.04106,145.25685
Interchange Way|-38.09040,145.16655
International Court|-37.90243,145.22179
Inverness Place|-37.95868,145.08174
Inverness Street|-38.10432,145.13922 -37.96285,145.26717 -37.96568,145.26669 -37.93098,145.10380 -37.93142,145.10722
Iona Avenue|-37.90102,145.00525
Iona Street|-37.97316,145.01664 -37.97365,145.02070 -37.97424,145.02571 -37.92134,145.12714
Ireland Road|-37.95683,145.13246 -37.95733,145.13606
Ireland Street|-38.09101,145.12836 -38.09137,145.13210
Irene Court|-38.04406,145.12459 -37.96545,145.07454 -37.98406,145.22726 -37.90539,145.18441
Iris Close|-38.06761,145.26813 -37.92760,145.19790
Iris Court|-38.00491,145.17479
Irish Court|-38.05946,145.13220
Iron Bark Close|-37.99289,145.15953
Ironbark Close|-38.04957,145.27646
Ironbark Court|-38.12271,145.14621
Irons Close|-37.90089,145.27306
Ironwood Avenue|-38.07477,145.27653 -38.07127,145.27723
Irvine Close|-37.96515,145.27105
Irving Avenue|-37.90585,145.06888
Irving Court|-37.95266,145.06426
Irving Road|-37.96379,145.19731
Irwin Street|-37.91571,145.13383
Isaac Court|-38.10093,145.26276 -37.97535,145.27371
Isaac Edey Place|-38.03934,145.27097
Isaac Road|-37.98368,145.17678 -37.98416,145.18071
Isaac Smith Crescent|-38.10683,145.26610 -37.97454,145.24717 -37.97738,145.24672
Isabella Close|-38.03151,145.13022
Isabella Place|-38.08123,145.29284
Isabella Street|-37.99298,145.07982 -37.94227,145.04801 -37.94298,145.05200
Isabelle Avenue|-38.00232,145.15652
Isla Circuit|-38.05066,145.29047
Island Circuit|-38.07286,145.24322
Island Point Avenue|-38.01460,145.12730 -38.01722,145.13364
Islington Avenue|-38.06872,145.28906
Isobella Court|-37.96271,145.21925
Italle Court|-37.91434,145.19184
Ivan Avenue|-38.03620,145.11602 -38.03942,145.11791
Ivan Court|-37.94550,145.19079
Ivan Crescent|-38.03757,145.26040 -38.03803,145.26394
Iverna Close|-37.93279,145.20112
Ivison Way|-37.94474,145.00940
Ivory Crescent|-37.97505,145.14889
Ivy Court|-38.12571,145.16079 -38.07050,145.27673 -37.93730,145.06004
Ivy Street|-37.97076,145.07148 -37.98369,145.08531 -37.98667,145.08475 -37.93475,145.01770 -37.93118,145.01841
Jabiru Drive|-38.04691,145.13328 -38.04984,145.13641
Jabiru Place|-38.01436,145.28363
Jacana Court|-38.02707,145.28983
Jacana Drive|-38.10375,145.17846 -38.10447,145.17511 -38.10502,145.17168
Jacana Street|-37.98070,145.18799
Jacaranda Avenue|-37.96823,145.07903 -37.97102,145.07894
Jacaranda Drive|-38.10234,145.17733
Jacaranda Road|-37.90463,145.17008
Jacaranda Street|-37.98813,145.23551
Jacinta Court|-38.02439,145.12528 -37.98337,145.24378
Jacinta Drive|-38.10256,145.25756
Jack Court|-38.10204,145.14407
Jack Holt Way|-38.00471,145.10311 -38.00694,145.10093
Jack Road|-37.96374,145.04206 -37.96091,145.04260 -37.95812,145.04310
Jack Street|-38.09497,145.16078
Jackie Close|-37.92974,145.24891
Jackie Court|-38.01903,145.12354
Jacks Avenue|-37.98532,145.13285 -37.98494,145.12944 -37.98440,145.12482
Jacks Place|-37.97231,145.19819
Jacks Road|-37.92513,145.09148
Jackson Green Boulevard|-37.93172,145.12793
Jackson Road|-37.95395,145.04251 -37.95513,145.04588
Jacksons Road|-38.04419,145.12199 -38.04365,145.12555 -37.95456,145.19081 -37.94105,145.19258 -37.94397,145.19203 -37.94674,145.19162 -37.95114,145.19153 -37.95450,145.19082 -37.93908,145.19243 -37.93599,145.19288 -37.92709,145.19464 -37.92985,145.19405 -37.93262,145.19351 -37.92357,145.19527
Jacksons Road Service Road|-37.93264,145.19367 -37.93541,145.19334 -37.92348,145.19559 -37.92635,145.19495
Jacob Drive|-37.91081,145.26656
Jacobs Drive|-37.94512,145.10827 -37.94324,145.10577
Jacqueline Court|-37.94577,145.10058
Jacqueline Drive|-38.01874,145.11605 -38.02106,145.11429
Jacques Road|-37.97986,145.29764 -37.98388,145.29678 -37.98654,145.29622
Jade Court|-38.01946,145.11722 -38.03582,145.24813 -37.95139,145.15810
Jagger Circuit|-38.11646,145.29128
Jaguar Close|-37.99310,145.28372
Jaguar Drive|-37.92290,145.13250 -37.92661,145.13185 -37.92998,145.13122
Jake Michael Grove|-38.09743,145.20211
Jakes Road|-38.00155,145.16050
Jalna Close|-37.92129,145.17240
Jalta Court|-38.01219,145.15230 -38.01564,145.15168
Jambe Court|-38.02649,145.25370
Jamela Court|-38.08434,145.26944
James Avenue|-38.01639,145.09459 -38.01464,145.09737 -37.95251,145.03894 -37.95209,145.03527
James Bathe Way|-38.05976,145.29837
James Cook Drive|-38.10537,145.27144 -37.98210,145.24651 -37.98748,145.25311 -37.98488,145.24958 -37.97797,145.24565 -37.97467,145.24628 -37.98803,145.25662 -37.98774,145.26628 -37.98758,145.27015 -37.98764,145.26122 -37.98660,145.27347 -37.98636,145.27713
James Crescent|-37.94302,145.01772
James McFarlane Wynd|-38.09168,145.20129
James Street|-38.10106,145.13175 -38.00538,145.08322 -37.96456,145.16968 -37.97886,145.20752 -37.97619,145.20989 -37.97008,145.21109 -37.97278,145.21058 -37.92877,145.12080
James Wyman Place|-38.03952,145.27908 -38.04072,145.27593
Jamie Close|-38.09619,145.28624
Jamieson Avenue|-37.91626,145.25127 -37.91672,145.25466
Jamieson Street|-37.96061,145.05436
Jamieson Way|-38.03949,145.22786 -38.03904,145.22420
Jamil Court|-37.97628,145.27483
Jammon Close|-38.04897,145.27007
Jando Court|-37.91230,145.27022
Jane Court|-37.98238,145.12612
Jane Street|-37.93378,145.06320
Jane-Maree Place|-38.09006,145.27345
Janelaine Court|-37.96500,145.13652
Janet Court|-38.04194,145.27342
Janet Street|-37.96336,145.20923 -37.93122,145.02770
Janette Court|-38.08935,145.19323
Janice Avenue|-37.96177,145.07736
Janice Grove|-37.97089,145.20260
Janice Terrace|-38.12650,145.29707
Janina Court|-37.91410,145.18881
Janine Road|-37.96683,145.16060 -37.96636,145.15703 -37.99258,145.29523
Janine Street|-37.90141,145.23030
Janke Court|-38.08954,145.19458
Janlea Close|-37.92969,145.25222
Janmara Court|-37.96600,145.27505 -37.95225,145.20584
Jannali Drive|-37.98841,145.13527 -37.98569,145.13535
Janos Close|-38.00314,145.29476
Janson Close|-38.04179,145.28913
Japaddy Street|-37.98881,145.10145 -37.98956,145.10747
Japura Way|-38.11040,145.25157
Jardine Court|-38.08746,145.20312
Jardine Terrace|-38.01316,145.13300
Jarman Street|-38.00434,145.10374
Jarrah Court|-38.12112,145.14694 -37.89968,145.15999
Jarrah Drive|-38.00525,145.10963 -38.00244,145.11018
Jarrahdale Street|-37.96711,145.06969
Jarrang Retreat|-37.96949,145.28704
Jarrett Court|-37.92107,145.25737
Jarrod Court|-37.99869,145.15078
Jarvis Close|-38.05365,145.29789
Jarvis Crescent|-37.96978,145.21942
Jasa Crescent|-38.09655,145.25877
Jasmine Court|-38.07706,145.27763 -37.97450,145.11924 -37.91421,145.26998
Jason Court|-37.95937,145.17775
Jason Place|-38.03789,145.25320
Jason Road|-38.09030,145.19442
Jason Street|-37.91766,145.10634
Jasper Court|-38.03397,145.25084
Jasper Road|-37.92710,145.04013 -37.93003,145.03961 -37.93348,145.03896 -37.92391,145.04071 -37.90514,145.04401 -37.90828,145.04342 -37.91099,145.04298 -37.91437,145.04241 -37.91707,145.04196 -37.91976,145.04151 -37.92259,145.04097 -37.90514,145.04401
Jasper Street|-37.96278,145.17406 -37.96496,145.17692
Jassa Street|-37.90851,145.07726 -37.91143,145.07666
Jaya Court|-38.01708,145.28140
Jayco Court|-37.93289,145.16723
Jayco Drive|-38.04839,145.21031 -38.04891,145.21433
Jaydee Court|-37.92651,145.22017
Jaye Place|-38.09911,145.25865
Jazz Court|-37.90632,145.12468
Jean Avenue|-37.92687,145.12068
Jean Court|-37.99349,145.18129
Jean Street|-37.96258,145.05246 -37.95928,145.05032 -37.90707,145.03315 -37.91030,145.03270
Jeanette Court|-37.93774,145.20513
Jeanette Street|-37.92774,145.11249
Jedan Court|-37.92709,145.26285
Jedda Court|-37.96438,145.06411
Jeepster Way|-38.12743,145.23506
Jeff Court|-37.94229,145.09634
Jeffers Street|-37.96280,145.18796 -37.96545,145.19105
Jeffery Avenue|-37.97296,145.16404
Jeffrey Court|-37.95486,145.13422
Jeffrey Street|-38.03388,145.25256 -38.03633,145.25401 -37.97011,145.21558 -37.96667,145.21656 -37.91985,145.04913 -37.92262,145.04866
Jeffs Court|-37.98157,145.24961
Jejana Terrace|-37.94184,145.24945
Jellicoe Street|-37.96169,145.05923 -37.97156,145.18626 -37.97450,145.19043
Jells Road|-37.96329,145.08080 -37.96622,145.08030 -37.91362,145.18781 -37.91629,145.18731 -37.91948,145.18671 -37.91060,145.18837 -37.90146,145.19008 -37.90607,145.18922
Jells Road Service Road|-37.91357,145.18798 -37.91631,145.18746 -37.92057,145.18665
Jema Close|-38.03901,145.28638
Jenhill Court|-37.91811,145.26643
Jenkens Street|-38.12641,145.15549
Jenkins Street|-38.00599,145.09942 -38.00453,145.10263 -37.95828,145.18125 -37.95766,145.17649
Jenko Court|-38.09874,145.19419
Jenna Court|-37.90604,145.27953
Jenner Court|-38.02971,145.24875
Jennifer Avenue|-37.98864,145.09246
Jennifer Street|-37.96339,145.06542 -37.95646,145.19492
Jennings Court|-38.06693,145.28016
Jennings Street|-37.96002,145.01277 -37.96602,145.16232 -37.96763,145.16519
Jennison Court|-38.04809,145.13554
Jenny Court|-38.08311,145.29144
Jensen Court|-37.91264,145.17947
Jersey Close|-37.97661,145.26159
Jesmay Place|-38.07473,145.24298
Jessfield Terrace|-38.12675,145.29096
Jessica Drive|-38.04901,145.28048 -38.04640,145.28174
Jessica Place|-38.09125,145.19576
Jessie Street|-38.07877,145.29409 -38.08170,145.29342 -37.97748,145.18417 -37.98066,145.18356
Jesson Crescent|-37.98101,145.22641 -37.98162,145.23156
Jessup Close|-37.92545,145.20060
Jetske Court|-37.97818,145.11866
Jetty Road|-37.94596,145.00095
Jillian Avenue|-37.94895,145.02338
Jillian Street|-38.11006,145.27387 -38.10638,145.27458 -37.96311,145.20719
Jindabyne Avenue|-37.96059,145.21878
Jindabyne Court|-37.91402,145.28113
Jindalee Close|-37.91873,145.24257
Jindalee Gardens|-38.10466,145.25734
Jirrah Court|-38.02541,145.11234
Joami Street|-37.95830,145.06890
Joan Court|-38.11665,145.19940 -37.96361,145.19344 -37.92575,145.19623
Joan Street|-37.94040,145.05020
Jobert Court|-37.95744,145.15620
Jockey Lane|-38.11167,145.25965
Jodi Avenue|-37.91620,145.18085 -37.91545,145.18435
Jodi Place|-38.04603,145.28093
Jodi Street|-37.96584,145.08135
Jodie Close|-37.98318,145.24201
Joel Court|-37.93986,145.07044
Joel Way|-38.02842,145.27130
Joelle Court|-38.02226,145.11987
Joffre Avenue|-38.03775,145.11142 -38.04020,145.11292
Joffre Street|-37.96957,145.18664 -37.97165,145.19012 -37.97384,145.19316
Johanna Court|-37.97738,145.11881
John Edgcumbe Way|-37.98367,145.25529 -37.98379,145.25882 -37.98661,145.25925
John Fawkner Drive|-37.98378,145.26645 -37.98122,145.26761 -37.98750,145.26517 -37.97893,145.26947
John Hunter Drive|-37.99223,145.26258
John Monash Drive|-38.09132,145.19988
John Russell Road|-38.11036,145.24557
John Street|-37.98651,145.03524 -38.00247,145.08259 -37.99972,145.21702 -37.94681,145.01433 -37.91874,145.05480 -37.90291,145.10107
John Wedge Wynd|-38.09300,145.20118
Johnson Avenue|-38.07580,145.12103
Johnson Place|-37.98090,145.25071
Johnson Street|-37.98140,145.18338 -37.90026,145.08765
Johnston Avenue|-38.00227,145.24429
Johnston Court|-38.00672,145.21736 -38.00712,145.22081
Johnston Street|-37.97845,145.06820 -37.97703,145.07127
Johnstone Street|-38.10913,145.13361 -38.10869,145.13012
Jolimont Avenue|-37.93474,145.19341 -37.93563,145.19671 -37.93742,145.19934
Jolimont Place|-37.96729,145.13098 -37.96686,145.12746
Jolly Street|-38.12207,145.29511 -37.97804,145.19953
Jon Place|-37.98787,145.16222
Jonah Avenue|-38.12698,145.23990 -38.12591,145.23583
Jonathan Court|-37.97509,145.18029 -38.00151,145.24699
Jonathan Place|-37.93087,145.25100
Jones Court|-38.02437,145.12229 -37.98124,145.24677
Jones Road|-37.98075,145.20120 -37.98353,145.20057 -37.97673,145.20202
Joplin Close|-38.11826,145.28963
Jordan Court|-37.97580,145.24997
Jordan Street|-37.93087,145.11622
Jorose Road|-38.04400,145.26316
Joseph Avenue|-37.97413,145.10904
Joseph Banks Crescent|-38.10853,145.26654 -37.97932,145.25424 -37.97867,145.25083 -37.97608,145.24958
Josephina Court|-38.11039,145.19215
Josephine Avenue|-38.08054,145.29096 -38.00471,145.29258 -38.00522,145.29650 -38.00451,145.29990
Josephine Close|-37.90738,145.27612
Joshua Close|-37.96247,145.14228
Josie Lane|-38.12637,145.29531
Joucas Place|-38.06429,145.29785
Joy Parade|-37.96613,145.17325 -37.96550,145.16842
Joy Street|-37.91529,145.05454
Joyce Avenue|-37.92081,145.08882 -37.92374,145.08825
Joyce Street|-38.07503,145.12474 -38.10537,145.26011 -37.96650,145.08026 -37.93611,145.15037 -37.93254,145.15108
Joyner Street|-37.94168,145.06874
Juan Court|-37.96904,145.12985
Juba Court|-37.92595,145.17664
Jubilee Avenue|-38.12551,145.13458
Jubilee Boulevard|-38.01244,145.13809
Jubilee Drive|-37.90406,145.27480 -37.90137,145.27508 -37.90061,145.27861 -37.90337,145.27848
Judas Court|-37.98677,145.23806
Judd Parade|-37.97498,145.07393
Jude Court|-38.02351,145.12342
Jude Place|-38.06493,145.29260
Judge Rise|-37.98998,145.26325
Judith Court|-38.01462,145.10656 -37.96151,145.13888
Judith Street|-37.96709,145.22098 -37.90189,145.05586
Judy Street|-37.97645,145.16490
Julia Court|-38.07822,145.29592
Juliana Drive|-38.10771,145.18609 -38.10893,145.18298
Juliana Street|-37.91374,145.05931
Julie Court|-37.98170,145.12625
Juliet Court|-37.95574,145.20382
Julis Street|-37.90877,145.07934
Julius Avenue|-37.96926,145.13247
Julius Crescent|-37.94915,145.19522
Jumbuck Circuit|-38.10164,145.17269
Junction Road|-37.96472,145.11226 -37.96201,145.11727 -37.96511,145.11667
Juncus Street|-38.02230,145.29036
June Close|-37.90596,145.19802
June Court|-37.98322,145.18601
June Place|-38.02452,145.11590
June Street|-37.94562,145.02234 -37.94300,145.02394
Juneberry Drive|-38.00416,145.16158 -38.00126,145.16214
Juniper Court|-38.12372,145.15689 -37.99087,145.16605
Jupiter Crescent|-38.11723,145.23423
Jurang Way|-38.10840,145.20004
Jury Street|-37.92129,145.19517 -37.92103,145.19148
Justin Circuit|-38.02775,145.27144
Justin Court|-37.97264,145.07956 -38.00297,145.29075
Justin Drive|-37.94884,145.18767 -37.94880,145.19170
Juther Court|-37.96375,145.13781
Kadir Street|-37.91098,145.07998
Kailah Court|-38.06422,145.28252
Kaimas Way|-38.00090,145.19773 -37.99824,145.19831
Kalamata Avenue|-38.04794,145.26122 -38.04542,145.25992
Kalang Court|-38.07098,145.14763
Kalera Court|-37.91689,145.17859
Kalimna Avenue|-37.97895,145.17570 -37.92730,145.14936
Kalimna Court|-37.94174,145.24564
Kalimna Street|-38.08184,145.12598 -38.07826,145.12489 -37.92960,145.05746
Kallay Street|-37.96348,145.21031 -37.93637,145.10817 -37.93686,145.11214 -37.93736,145.11612
Kallista Court|-37.96664,145.08212
Kallista Road|-37.95743,145.14519
Kalyptos Walk|-38.10303,145.27311
Kambara Drive|-37.93119,145.17570 -37.92893,145.17770 -37.92939,145.18190
Kammich Court|-37.97518,145.27555
Kananook Avenue|-38.12567,145.12646 -38.12277,145.12698 -38.11923,145.12732 -38.11653,145.12788 -38.11327,145.12858
Kanaru Court|-37.97770,145.28130
Kandra Street|-37.95974,145.20124 -37.96138,145.20462
Kangaroo Road|-38.04516,145.11480 -37.89960,145.07923 -37.90049,145.08251 -37.90093,145.08602
Kaniva Court|-37.92243,145.06910
Kankie Street|-38.11148,145.29019
Kano Court|-37.99697,145.17845
Kanooka Grove|-37.99573,145.23337 -37.92591,145.12525 -37.92207,145.12598
Kanowna Street|-37.94297,145.00975
Kanumbra Court|-38.01342,145.27880
Kara Grove|-38.01908,145.09630
Kara Walk|-38.10244,145.27325
Karadoc Court|-38.06740,145.12496
Karan Court|-37.96132,145.16425
Karasi Road|-38.12601,145.24207
Kardinian Avenue|-37.96846,145.08091 -37.96341,145.08175
Kareela Street|-38.00794,145.09735
Karen Close|-38.03861,145.28664
Karen Street|-37.95758,145.05258 -37.95652,145.05575
Karingal Crescent|-38.02689,145.10857
Karkalla Place|-38.05041,145.27808
Karkarook Access Road|-37.94473,145.08021 -37.94510,145.08361
Karla Court|-37.90630,145.14583
Karo Court|-37.99193,145.24565
Karol Court|-38.02716,145.24909
Karoo Road|-37.91242,145.25251 -37.90933,145.25307 -37.90627,145.25561 -37.90556,145.26549 -37.90620,145.26890 -37.90473,145.26104 -37.90783,145.27444
Karoola Street|-37.94505,145.00713
Karoonda Way|-38.04878,145.26864 -38.05103,145.27060
Karrabina Avenue|-37.99581,145.23022
Karrakatta Street|-37.97423,145.01642
Karri Court|-38.12206,145.14645
Karri Drive|-38.08555,145.29186
Karrum Karrum Court|-38.06029,145.29804
Karwarren Way|-38.08762,145.25894
Kashmira Street|-37.91286,145.08150
Kassan Gardens|-37.97368,145.27204
Katandra Road|-37.90353,145.03984 -37.90054,145.04034
Kate Avenue|-38.04816,145.27540
Katherine Court|-38.04091,145.27145
Kathleen Court|-38.03570,145.25296
Kathrin Avenue|-37.98139,145.13431
Kathryn Court|-37.95496,145.13515
Kathryn Street|-37.98491,145.24100 -37.98499,145.24453
Katies Place|-38.09126,145.17528
Katoomba Court|-37.98979,145.16583
Katoomba Drive|-37.93788,145.21131
Katoomba Street|-37.93439,145.03435 -37.93682,145.03585
Katrina Close|-38.00021,145.27065
Katrina Court|-38.08919,145.19217 -37.94400,145.19018
Kaula Court|-37.91631,145.18295
Kauri Court|-38.02843,145.27341
Kavanagh Court|-37.92364,145.26155
Kawai Lane|-38.02851,145.27716
Kawarra Drive|-38.00108,145.15873
Kay Court|-37.91963,145.11087
Kay Street|-37.95319,145.14014
Kaya Mews|-38.00095,145.19787
Kaybrook Court|-37.92326,145.10641
Kayden Street|-37.95762,145.07255
Kaye Court|-37.94523,145.21443
Kays Avenue|-38.00326,145.25315 -38.00029,145.25370 -37.99724,145.25429 -38.00398,145.25697
Keal Road|-37.97683,145.15162
Keamy Avenue|-37.95607,145.05743
Kearney Drive|-38.02175,145.11615 -38.02048,145.11128 -38.02471,145.11981 -38.01753,145.10664
Keating Crescent|-38.00125,145.20380 -37.99947,145.20077
Keating Street|-37.98103,145.02464 -37.97660,145.02548
Keaton Way|-38.02099,145.12131
Keats Street|-37.95509,145.01247 -37.95567,145.01690
Kedleston Way|-37.91876,145.25910
Keech Close|-37.94148,145.19762
Keefer Street|-37.98783,145.09669 -37.98512,145.09718
Keeling Court|-38.08179,145.13716
Keenan Court|-37.95904,145.20621
Keerok Avenue|-38.10963,145.14801 -38.10695,145.14845
Keets Court|-37.96072,145.15949
Keiller Avenue|-37.98622,145.08918 -37.98676,145.09378
Keiller Street|-37.93503,145.03629
Keith Avenue|-38.03630,145.10944 -38.03461,145.11448
Keith Campbell Court|-37.90079,145.23213
Keith Court|-37.98859,145.16208
Keith Street|-37.97313,145.05225 -37.99194,145.08190 -37.99249,145.08770 -37.99289,145.09240 -37.93973,145.03025 -37.93543,145.03102 -37.91170,145.11276
Keiwa Place|-37.91672,145.25455
Keldale Court|-37.96013,145.17346
Kellbourne Drive|-37.90894,145.26451 -37.90836,145.26837 -37.90574,145.26117
Keller Court|-38.04150,145.26870
Kellett Street|-38.06827,145.27313 -38.06699,145.27007
Kelletts Road|-37.92223,145.28166 -37.91987,145.27924 -37.91591,145.27515 -37.91068,145.23689 -37.91120,145.24113 -37.91187,145.24701 -37.91248,145.25191 -37.91310,145.25705 -37.91375,145.26340 -37.91322,145.26756 -37.91316,145.27109 -37.91532,145.27453 -37.92259,145.28228 -37.92484,145.28534
Kellie Court|-38.03295,145.24930
Kells Close|-38.09665,145.29968
Kelly Avenue|-37.93310,145.02477
Kelly Court|-37.94263,145.14984
Kelly Terrace|-38.08009,145.20623
Kelmar Street|-37.95944,145.06137 -37.96048,145.06459
Kelrinda Close|-37.93716,145.09457
Kelsall Court|-37.94226,145.03317
Kelso Court|-37.91007,145.19378
Kelso Street|-37.98411,145.05801
Keltie Rise|-37.99187,145.25995
Kelvin Avenue|-38.10753,145.12956
Kelvin Grove|-38.04781,145.11381 -37.94779,145.15429
Kelvinside Road|-37.95502,145.17082 -37.95891,145.17328 -37.96108,145.17552 -37.96337,145.17789
Kelvinside Street|-37.89967,145.07779
Kembla Street|-37.97488,145.08624 -37.97446,145.08266
Kemp Court|-37.92148,145.26873
Kemp Street|-38.08098,145.13114 -37.93896,145.16121 -37.94150,145.16405 -37.93670,145.15520
Kempson Court|-37.99744,145.18437
Kempston Court|-37.92860,145.24008
Kendall Court|-37.90376,145.11625
Kendall Street|-37.93542,145.02316 -37.93185,145.02382
Kendari Court|-38.03547,145.27746
Kendra Court|-38.10165,145.15357
Kendra Place|-37.99073,145.17634
Keneally Street|-37.99279,145.20081 -37.99255,145.20543
Kenjulie Drive|-37.93026,145.06514
Kenlon Street|-37.93628,145.06885
Kenmax Avenue|-38.04491,145.26389
Kennaugh Street|-37.91091,145.12123
Kennedy Avenue|-38.04925,145.13709
Kennedy Court|-38.07775,145.26474
Kennedy Street|-37.91917,145.07441 -37.92016,145.08319 -37.91962,145.07840
Kennels Lane|-38.10535,145.29871
Kenneth Street|-37.97978,145.17747 -37.94690,145.01903
Kennington Park Drive|-37.96866,145.26116 -37.96843,145.25707 -37.96700,145.24362 -37.96728,145.24841 -37.96760,145.25379
Kenross Drive|-37.91808,145.19401 -37.91777,145.19756
Kensei Place|-38.08762,145.19946
Kensington Court|-38.02186,145.26504 -37.92555,145.16486
Kent Court|-38.07047,145.26459 -37.98800,145.18117
Kent Mews|-38.07001,145.26451
Kentia Court|-38.02045,145.12485
Kenton Walk|-38.06047,145.28787
Kentucky Court|-37.90412,145.14771
Kenworth Court|-37.90654,145.24925
Keol Street|-37.93061,145.13060
Keppel Court|-37.98595,145.20469
Keppel Drive|-38.01582,145.27783 -38.01547,145.27148
Keppler Circuit|-38.09870,145.15099
Kerferd Road|-37.90092,145.16078
Kerferd Street|-37.94295,145.00956 -37.94024,145.01009
Kernot Avenue|-37.91539,145.16354 -37.91582,145.16703
Kernot Crescent|-37.95613,145.19125 -37.95355,145.19016
Kerr Court|-37.90620,145.24210
Kerr Crescent|-38.02273,145.11565
Kerr Lane|-38.05972,145.14153
Kerr Place|-38.09276,145.17484
Kerr Street|-37.97692,145.04703
Kerribree Court|-37.94012,145.11300
Kerrie Anne Court|-38.09796,145.19981
Kerrie Court|-37.97041,145.14975
Kerrison Avenue|-37.96395,145.16472
Kerrison Drive|-38.03241,145.25151 -38.03188,145.25501
Kerry Street|-38.10976,145.14080
Kershaw Drive|-38.05913,145.28537 -38.05640,145.28593
Kershaw Street|-37.99782,145.08769 -37.99830,145.09159 -37.92932,145.07843
Keshava Grove|-37.99807,145.19736 -38.00086,145.19725
Kess Grove|-38.07532,145.25572
Kestrel Close|-38.02981,145.12905
Kestrel Court|-38.10369,145.18092
Keswick Street|-37.91155,145.06906
Ketnor Street|-38.11456,145.27528
Kevin Court|-37.96740,145.07200
Kevlar Close|-37.99353,145.11699
Keylana Drive|-38.00307,145.14217 -38.00352,145.14587 -38.00423,145.14918 -38.00409,145.16085 -38.00386,145.15672 -38.00458,145.15324
Keys Avenue|-37.90795,145.01177
Keys Road|-38.02204,145.15750 -38.02263,145.16243 -38.02324,145.16804 -38.02440,145.17754 -38.02477,145.18101 -38.02173,145.15414 -37.94773,145.05989 -37.94818,145.06351 -37.94864,145.06728 -37.94907,145.07091 -37.94958,145.07520 -37.94762,145.05903
Keys Street|-37.99170,145.04022 -37.98423,145.20978
Keysborough Avenue|-37.98922,145.14532 -37.98967,145.14880
Keysborough Close|-37.98995,145.15101
Keystone Court|-38.04896,145.25764
Khalil Avenue|-37.97124,145.22639
Kiaka Lane|-37.91933,145.24250
Kialla Court|-37.95336,145.19045
Kiama Street|-37.93966,145.05428
Kiandra Close|-38.01823,145.09567 -37.97837,145.17860
Kiandra Mews|-38.03729,145.27836
Kibo Court|-38.06808,145.27919
Kidds Road|-37.98672,145.23075 -37.98716,145.23466 -37.98763,145.23883 -37.98808,145.24283 -37.98829,145.24811
Kieran Court|-38.09056,145.18266
Kiewa Court|-38.02543,145.11121 -37.94115,145.21210
Kilara Place|-37.93979,145.10432
Kilara Road|-37.98579,145.06317
Kilberry Avenue|-37.96923,145.14975
Kilberry Boulevard|-38.03712,145.28016 -38.03328,145.27972
Kilberry Crescent|-38.00087,145.26762 -37.99847,145.26496
Kilbride Street|-37.99317,145.18472
Kilburn Court|-37.98441,145.16364 -37.90981,145.19499
Kilby Court|-37.97809,145.18317
Kilcatten Rise|-37.93892,145.25116
Kilcunda Drive|-37.90342,145.26653
Kildare View|-38.12079,145.25897
Kilkenny Court|-38.01980,145.20434
Killara Court|-38.08522,145.21069 -37.98261,145.17211
Killearn Avenue|-38.10228,145.24432 -38.10272,145.24780
Killeen Avenue|-37.92839,145.00547
Kilpa Road|-37.94592,145.07350 -37.94921,145.07277
Kilworth Court|-37.97891,145.18271
Kim Close|-37.91647,145.19707
Kimbarra Street|-37.93172,145.11616
Kimber Court|-37.97841,145.12938
Kimberley Drive|-37.90441,145.28095
Kimberley Grove|-38.01170,145.13737
Kimberly Road|-38.03099,145.20230 -38.03153,145.20666
Kimbolton Drive|-37.91093,145.28001
Kimpton Street|-37.96482,145.07465
Kinarra Court|-37.97825,145.15017
Kincaid Avenue|-38.11651,145.19836
King Close|-38.11971,145.15610
King David Court|-38.03619,145.26404
King Fern Close|-38.06596,145.24552
King George Parade|-37.97130,145.19912 -37.97467,145.19838 -37.97782,145.19776
King Sound Close|-38.01708,145.13368
King Street|-37.98436,145.05329 -37.98360,145.22103 -37.98406,145.22488 -37.98292,145.21524 -37.94584,145.00614 -37.93346,145.03048 -37.90397,145.09788
Kingcote Drive|-38.00323,145.18352
Kingdom Drive|-38.09286,145.28733 -38.09046,145.28084 -38.09285,145.29214
Kingfisher Court|-38.10632,145.18025
Kingfisher Drive|-37.97662,145.23818
Kings Court|-38.09662,145.26993 -37.90001,145.12310
Kingsbarn Court|-38.11724,145.26351
Kingsclere Avenue|-37.99109,145.17252 -37.99247,145.17554 -37.98756,145.16977 -37.98154,145.16752 -37.98421,145.16939
Kingsfield Crescent|-38.05818,145.25795
Kingsford Smith Court|-38.07930,145.20692
Kingsland Close|-37.99006,145.14016
Kingsley Close|-37.91057,145.23471 -37.90824,145.23681
Kingsley Court|-38.05710,145.25640
Kingsmead Court|-37.97419,145.13233
Kingston Avenue|-38.06432,145.28456 -38.06286,145.28149
Kingston Central Boulevard|-37.97596,145.08913 -37.97269,145.08972 -37.97008,145.09068
Kingston Court|-38.04389,145.12525
Kingston Drive|-37.97380,145.11938 -37.97596,145.11728 -37.97866,145.11758
Kingston Park Court|-37.90213,145.23522 -37.90233,145.23876
Kingston Road|-37.95760,145.11272 -37.95554,145.09668 -37.95449,145.08812 -37.95317,145.07669 -37.95361,145.08053 -37.95760,145.11272 -37.95630,145.10326 -37.95694,145.10830 -37.95577,145.09867
Kingston Street|-37.99366,145.09258 -37.99433,145.09660 -37.93631,145.01288 -37.93149,145.01370
Kingsvale Court|-38.08327,145.26976
Kingsway|-37.93823,145.07368
Kingswood Crescent|-37.96104,145.19847 -37.95982,145.19477
Kingswood Drive|-37.98408,145.13981 -37.98215,145.13694
Kingswood Road|-37.95830,145.05910
Kinkead Crescent|-37.98071,145.26793 -37.98064,145.26437
Kinkora Court|-37.92278,145.18610
Kinloch Close|-37.90974,145.19272
Kinloch Gardens|-37.96048,145.26473
Kinlock Avenue|-37.90556,145.07274 -37.90515,145.06911 -37.90480,145.06544
Kinlora Court|-37.97800,145.15559
Kinnoul Avenue|-37.98564,145.17994 -37.98847,145.18006
Kinrade Street|-37.90444,145.07662 -37.90824,145.07583
Kinross Avenue|-38.03549,145.11815 -38.03286,145.11660
Kinross Street|-37.93399,145.02469 -37.93444,145.02835
Kinsale Street|-38.10815,145.15328 -38.10859,145.15689
Kinsfolk Circuit|-37.99310,145.23333
Kintore Street|-37.95196,145.15481
Kinwal Court|-37.94417,145.05396
Kionga Street|-37.92652,145.13068 -37.92947,145.13012 -37.92275,145.13141
Kiora Court|-37.92594,145.18540
Kipling Place|-38.09757,145.17561
Kipling Street|-38.07316,145.12425
Kirk Street|-37.96960,145.17697
Kirkham Road|-37.99815,145.20368 -37.99773,145.20016 -37.99934,145.21380 -37.99875,145.20879 -37.99988,145.21834 -37.89985,145.07199
Kirkham Road West|-37.99542,145.18167 -37.99586,145.18518 -37.99630,145.18862
Kirkwall Court|-37.90045,145.17071
Kirkwood Avenue|-38.12394,145.13053 -38.11691,145.13182 -38.12049,145.13106 -37.95754,145.01475
Kirkwood Crescent|-38.03544,145.28399 -38.03602,145.28059
Kirkwood Street|-37.97178,145.04193
Kirra Close|-38.04229,145.28731
Kirra Court|-37.96518,145.14033
Kirrawee Court|-37.98271,145.17412
Kirren Close|-38.08850,145.29271
Kirribilli Avenue|-37.98231,145.16602 -37.98535,145.16662
Kirstin Close|-37.93691,145.08409
Kirwan Drive|-38.09602,145.29908
Kismet Close|-38.09007,145.26816
Kitchen Road|-38.01624,145.22572 -38.01896,145.22522 -38.02230,145.22456 -38.02503,145.22397 -38.02991,145.22304 -38.01624,145.22572 -38.01896,145.22522 -38.02230,145.22456 -38.02503,145.22397 -38.02991,145.22304 -38.01593,145.22582
Kitchener Street|-37.98704,145.05979
Kitson Court|-37.92464,145.26678
Kitson Road|-37.93943,145.11275 -37.93987,145.11675
Kiwi Court|-38.03695,145.13179
Kiwi Crescent|-38.12434,145.23824
Klass Road|-38.11290,145.25335
Klauer Street|-38.11903,145.14042 -38.11977,145.14646 -38.11887,145.13672
Kleine Street|-37.97029,145.16733
Knell Street|-37.92781,145.16928 -37.93146,145.16862
Knight Court|-37.98959,145.25959
Knight Place|-37.94996,145.20100
Knight Street|-37.92805,145.11496 -37.93098,145.11438
Knotwood Street|-38.02202,145.28972
Knowing Close|-38.09801,145.26076
Knowles Road|-38.02926,145.24409
Knox Street|-38.09408,145.17694 -37.97390,145.17303 -37.97341,145.16913
Koala Court|-38.04527,145.12574 -37.98264,145.16674
Koel Court|-38.10819,145.17363
Koetong Court|-37.92706,145.17927
Kogarah Court|-37.98712,145.17125
Kombi Road|-37.93068,145.13598 -37.93385,145.13535
Kong Court|-38.03076,145.27303
Konrad Street|-37.92711,145.06469
Koolena Close|-37.94651,145.13843
Koomaloo Place|-38.09758,145.17662
Koombahla Court|-37.93708,145.24740
Koonalda Grove|-37.96769,145.20247
Koonawarra Street|-37.90929,145.12495 -37.91213,145.12411
Koonung Street|-37.95330,145.20209
Koorali Close|-37.97883,145.16194
Kooringa Crescent|-37.91291,145.17422
Kooringa Road|-37.90092,145.04809
Koornang Road|-37.90206,145.05463 -37.90476,145.05411 -37.90427,145.23130 -37.90252,145.22796 -37.89954,145.22771
Kooyong Close|-38.03628,145.26600
Kooyong Road|-37.90046,145.01223
Kotiko Road|-37.99918,145.16998
Koval Court|-37.98156,145.14700
Kriegel Way|-37.94456,145.21925
Krishna Court|-37.97954,145.18659
Kristine Court|-37.96428,145.07970
Krone Street|-38.00295,145.08923
Kubis Avenue|-38.01871,145.10163 -38.02123,145.10474
Kubis Crescent|-37.98021,145.12275 -37.97745,145.12396
Kulanda Court|-38.06963,145.14923
Kulin Close|-38.10179,145.27644
Kulkami Way|-38.08944,145.26100 -38.08984,145.26481
Kumali Court|-37.97761,145.17873
Kumara Place|-37.91461,145.12646
Kuranda Crescent|-37.90120,145.12186
Kuringgai Crescent|-37.98168,145.16764 -37.98097,145.17095 -37.98381,145.17130
Kurrajong Court|-38.06871,145.27513
Kurrajong Street|-37.91253,145.07847
Kurrawa Crescent|-38.07930,145.14830 -38.07645,145.14845
Kurt Place|-38.10993,145.26863 -37.98022,145.17935
Kyarra Street|-37.94282,145.00854
Kyla Avenue|-37.99805,145.19651 -38.00076,145.19647
Kylie Court|-38.04093,145.26909 -37.99813,145.27128
Kylie Place|-37.94900,145.06154
Kynuna Street|-38.06440,145.30135
Kyoto Court|-37.90798,145.24927
Kyrie Court|-38.10820,145.18397
La Perouse Boulevard|-38.06796,145.13240 -38.06888,145.12899 -38.06656,145.13566
Laanecoorie Drive|-37.91372,145.27820 -37.91481,145.27505
Labassa Court|-38.00704,145.17550
Laburnum Court|-37.91569,145.00556
Laburnum Grove|-37.98919,145.24809
Laburnum Street|-37.99604,145.08005 -37.99412,145.08276 -37.91942,145.00471 -37.91641,145.00528
Lace Street|-38.00162,145.23682
Lacebark Court|-37.93951,145.09438
Lacebark Street|-37.98562,145.23979 -37.98796,145.24174
Lacenet Avenue|-38.12457,145.15791
Lachlan Close|-38.07243,145.26913
Lachlan Drive|-37.96940,145.26247 -37.97213,145.26209
Lachlan Place|-37.98217,145.15977
Lachlan Street|-37.97726,145.07804
Lackenheath Court|-37.97504,145.12944
Lade Court|-37.92414,145.25716
Ladonga Place|-37.91587,145.24081
Lady Barlow Court|-38.05526,145.14035
Lady Emily Way|-38.11531,145.19842
Lady Nelson Walk|-38.05564,145.13920
Lady Penrhyn Close|-38.10679,145.26195
Lady Wellington Court|-38.05397,145.14402
Laemmle Street|-37.96279,145.20618 -37.96064,145.20121
Laggan Court|-37.96129,145.26448
Lagnicourt Street|-37.93198,145.00935
Lagoon Place|-38.07946,145.13891
Lagrange Mews|-38.00328,145.17221
Lahinch Grove|-38.12217,145.25239
Lahona Avenue|-37.92702,145.04967 -37.92778,145.05391 -37.92822,145.05739
Laidlaw Court|-37.98257,145.15816
Laidlaw Lane|-38.09095,145.25432
Lainie Avenue|-37.99376,145.15994
Laird Close|-38.02143,145.11107
Lake Drive|-37.98045,145.11300
Lake Edge Drive|-37.99384,145.15125
Lake King Circle|-38.01429,145.13461 -38.01274,145.13809
Lake Park Court|-37.95829,145.27903
Lake View Boulevard|-38.00430,145.14994 -38.00101,145.15065 -37.99417,145.15123 -37.99779,145.15197
Lake View Drive|-38.04680,145.29170 -38.03782,145.28824 -38.04091,145.28734 -38.04346,145.28907
Lakeland Court|-37.96864,145.12521
Lakesfield Drive|-37.91021,145.27559 -37.91190,145.27893 -37.91402,145.28113 -37.91612,145.27890 -37.91576,145.27549
Lakeside Boulevard|-37.91259,145.23615 -37.91303,145.23962 -37.91391,145.24293
Lakeside Drive|-38.08069,145.21364 -38.08083,145.21710
Lakeview Avenue|-37.91879,145.22605 -37.91720,145.22910 -37.91762,145.23254
Lakeview Drive|-37.91483,145.21877 -37.90986,145.22196 -37.91256,145.22173 -37.90404,145.22425 -37.90561,145.22146
Lakewood Boulevard|-38.09398,145.15654 -38.09578,145.15957 -38.09303,145.16118 -38.00156,145.11596 -38.00189,145.11941 -38.00446,145.11633
Lalbert Court|-37.91140,145.27509
Lalor Close|-37.92558,145.20028
Lalor Court|-37.96138,145.13100
Lamada Street|-38.07637,145.25268
Lamana Road|-38.00605,145.09753 -38.00874,145.09824
Lamar Court|-37.96403,145.22237
Lamb Street|-38.11060,145.28110
Lambert Court|-37.99116,145.26525
Lambert Street|-38.12302,145.15410
Lambeth Court|-37.98416,145.15841
Lambourne Avenue|-37.91243,145.26718 -37.91242,145.27118
Lammas Court|-37.93440,145.19738
Lamont Crescent|-38.10145,145.27310 -38.09886,145.27126
Lanark Street|-37.93364,145.11295 -37.93394,145.11779
Lancashire Drive|-38.07592,145.29121
Lancaster Court|-37.98470,145.15484
Lancaster Crescent|-38.10181,145.17519
Lancaster Street|-37.90693,145.05572 -37.90991,145.05523 -37.91315,145.05464
Lance Close|-38.02520,145.12278
Lancefield Court|-37.97265,145.26091
Lancing Court|-37.91700,145.17967
Lancom Rise|-37.92402,145.26731
Landau Court|-38.08386,145.29408
Landcox Street|-37.90334,145.01509 -37.90798,145.01423
Landhill Court|-38.00414,145.27734
Landles Street|-37.91286,145.04462
Lando Place|-37.98088,145.14737
Landon Place|-38.10739,145.19377
Landsborough Avenue|-37.91825,145.17481 -37.90627,145.25561 -37.90556,145.25892
Landsborough Close|-37.98148,145.26042
Landsby Lane|-37.99900,145.19628
Landscape Boulevard|-38.02800,145.27620 -38.02829,145.27993
Landscape Court|-37.90979,145.19943
Landstead Court|-38.10916,145.18485
Lang Street|-37.99183,145.03181 -37.98918,145.03061
Langbourne Drive|-38.05660,145.28552 -38.05414,145.28319 -38.05091,145.28367
Langdon Court|-38.10045,145.24765
Langer Circuit|-38.11737,145.25865
Langhorne Crescent|-37.90265,145.27288 -37.90330,145.26955
Langhorne Street|-37.99574,145.22294 -37.98715,145.21479 -37.99092,145.21836
Langi Street|-37.94770,145.14208
Langley Court|-37.92022,145.29081
Langley Crescent|-37.99823,145.20436
Langold Court|-37.96826,145.19329
Langrigg Avenue|-38.03284,145.11353 -38.03453,145.10848
Langside Grove|-38.12134,145.29525
Langside Lane|-37.93818,145.01601
Langslow Road|-38.01883,145.10926
Langslow Street|-37.91826,145.06233
Lanham Street|-37.91090,145.11292
Lanoma Court|-37.91982,145.17809
Lanosso Avenue|-38.12500,145.24337
Lansbury Drive|-38.06557,145.28361
Lansdown Street|-37.94507,145.01180 -37.90308,145.01292 -37.90360,145.01710
Lansdowne Circuit|-37.92349,145.18687
Lansdowne Lane|-37.99264,145.14904
Lansell Avenue|-37.95405,145.02306 -37.95044,145.02378
Lansell Court|-38.10958,145.18067 -37.91744,145.26180
Lansell Drive|-38.08241,145.28979
Lansor Street|-37.98037,145.14979
Lantana Court|-37.95984,145.20358
Lantana Road|-37.90031,145.01099 -37.89678,145.01166
Lantana Street|-37.92039,145.12732
Lanthorn Crescent|-38.12063,145.30127
Lanyon Court|-37.91806,145.27931
Lanyon Street|-38.01546,145.22176 -38.02005,145.22083
Lara Court|-37.99729,145.26125
Lara Place|-38.05901,145.14447
Larado Place|-37.95558,145.13492
Larbert Road|-37.95987,145.17469 -37.95624,145.17539
Larch Lane|-37.97628,145.11438
Large Street|-37.95799,145.14019
Largs Street|-38.09309,145.12900
Larkrise Court|-38.01200,145.29388
Larksong Court|-37.97847,145.15315
Larman Street|-37.91986,145.06062
Larnark Court|-38.03558,145.13451
Larnook Crescent|-38.01944,145.10211 -38.01876,145.10550 -38.02087,145.10785
Larool Crescent|-38.08786,145.12841 -38.08502,145.12866
Larry Court|-37.96471,145.16447
Lascelles Street|-37.94419,145.15663
Laser Drive|-37.91162,145.24416 -37.90892,145.24472 -37.90622,145.24524
Lassa Court|-37.94395,145.19994
Lassiter Court|-38.02705,145.29131
Latchford Street|-38.08035,145.24332
Latham Crescent|-37.96644,145.21081 -37.96380,145.20836
Latham Street|-37.91427,145.07499 -37.91336,145.06770
Lathams Road|-38.09924,145.17154 -38.09896,145.16802 -38.09861,145.15517 -38.09788,145.15934 -38.09828,145.16322 -38.09924,145.17154
Latimer Street|-37.97351,145.16985 -37.97604,145.17163
Latina Court|-37.99158,145.28009
Latona Street|-37.98615,145.05761
Latrobe Avenue|-38.00070,145.14936
Latrobe Court|-37.90025,145.18905 -37.91937,145.24909
Latrobe Street|-38.10083,145.28331 -38.10214,145.28727 -38.10255,145.29076 -37.97379,145.05676 -37.97422,145.06033 -37.97490,145.06506 -37.90086,145.08544 -37.90460,145.08473
Lats Avenue|-38.09907,145.19655 -38.09853,145.19256 -38.10180,145.19172
Launching Way|-38.07255,145.12718
Laura Drive|-38.04482,145.27790 -38.04065,145.28166 -38.03729,145.28050
Laura Street|-38.01928,145.09853 -38.02178,145.10038 -38.01652,145.09635 -37.93221,145.12538
Laurel Avenue|-37.99120,145.24682 -37.99072,145.24279 -37.99169,145.25130
Laurel Court|-38.12329,145.14369 -37.90046,145.16653
Laurel Crescent|-38.10357,145.17727 -38.10217,145.17388
Laurel Street|-37.91903,145.05726
Lauren Close|-37.97607,145.11725
Lauren Drive|-38.03101,145.27467 -38.03080,145.27108
Laurie Cleary Lane|-38.12315,145.26892 -38.12589,145.26847
Laurie Court|-38.11665,145.19940
Laurieston Way|-38.12892,145.23470
Laurina Close|-37.90755,145.28242
Laurina Court|-37.98619,145.23362
Laurina Crescent|-38.11589,145.15491 -38.11847,145.15648
Lauriston Court|-37.95623,145.05864 -37.92727,145.15753
Lauriston Drive|-37.98642,145.27358 -37.98370,145.27282
Laurus Court|-37.95938,145.20267
Lautrec Avenue|-37.90764,145.18250
Lavender Lane|-38.10023,145.17861
Laver Close|-37.93151,145.17838
Lavis Lane|-38.12676,145.23065
Law Court|-37.92521,145.24210
Lawanna Street|-37.95751,145.19361
Lawborough Avenue|-37.98808,145.08891 -37.98864,145.09246
Lawless Drive|-38.07421,145.27226 -38.07151,145.27213 -38.06883,145.27266 -38.06776,145.27646
Lawn Road|-37.96367,145.16249 -37.96046,145.16309 -37.95773,145.16364
Lawncliffe Court|-37.92501,145.26287
Lawrence Avenue|-38.02647,145.10192
Lawrence Court|-38.07168,145.26869
Lawrence Crescent|-37.95834,145.19942
Lawrence Street|-37.91429,144.99907 -37.91644,145.00142
Lawson Close|-38.10616,145.26821
Lawson Court|-37.91367,145.16323
Lawson Parade|-37.95204,145.02105 -37.95242,145.02445 -37.95284,145.02860
Lawson Street|-37.93323,145.02029 -37.92569,145.01965 -37.92293,145.04656 -37.92332,145.04998 -37.90434,145.11498 -37.90480,145.11880
Lawson Way|-37.97802,145.26597 -37.97706,145.26921
Le Fevre Street|-37.95848,145.01455
Le Gallienne Crescent|-37.91160,145.16120 -37.91439,145.16228
Le Grand Court|-37.91534,145.19315
Le John Street|-37.92686,145.24889
Le Page Street|-37.94345,145.03862
Lea Road|-37.92335,145.16891 -37.92663,145.16833 -37.92985,145.16769 -37.92026,145.16953
Leaf Court|-37.92273,145.12765
Leafy Circuit|-38.09427,145.29395
Leah Court|-37.93026,145.24765
Leah Grove|-38.10069,145.15893 -38.10096,145.16356
Leak Avenue|-38.12344,145.29999
Leanna Court|-38.10116,145.26594
Leanne Court|-38.09464,145.27981
Leanne Crescent|-37.98444,145.16099
Learmonth Road|-38.06927,145.15587 -38.07289,145.15514 -38.07559,145.15451
Leary Avenue|-37.91630,145.05452 -37.91721,145.05900
Leatherwood Close|-37.93173,145.22472
Leatherwood Crescent|-37.90675,145.17387
Lebanon Crescent|-37.92738,145.15839 -37.93079,145.15765
Lebanon Street|-37.98463,145.22573
Leckie Street|-37.92301,145.04734 -37.91978,145.04793
Lecky Street|-38.10741,145.28844
Ledbury Place|-38.09523,145.20267
Lee Avenue|-37.93554,145.16932 -37.93604,145.17340
Lee Street|-37.97539,145.19287
Lee-Andy Court|-37.97892,145.12887
Leed Street|-37.97198,145.22337
Lees Street|-37.91187,145.03772 -37.91142,145.03396
Leeside Street|-37.96433,145.20291
Leeson Place|-37.98302,145.15954
Leffern Court|-38.10837,145.19407
Lefrant Way|-38.12803,145.23466
Legana Court|-38.06193,145.14602 -38.06415,145.14802 -37.97819,145.27111
Legend Close|-37.94116,145.24905
Legend Court|-38.00494,145.27719
Legg Court|-37.98395,145.25080
Leggo Court|-38.01352,145.23912 -38.01636,145.23654
Legon Road|-37.91782,145.10742
Lehem Avenue|-37.92773,145.08550
Lehhong Close|-37.92380,145.23531
Lehmann Crescent|-38.12189,145.14935
Leichhardt Court|-38.08871,145.21659
Leigh Court|-37.98246,145.24306
Leigh Street|-37.93093,145.07811 -37.90535,145.10779
Leila Court|-37.97552,145.26829
Leila Road|-37.89999,145.04044 -37.90048,145.04442 -37.90179,145.05509 -37.90237,145.05958 -37.90286,145.06358 -37.90092,145.04809
Leinster Street|-37.90636,145.04378 -37.90694,145.04812
Leith Court|-37.96322,145.26423
Leith Crescent|-37.94351,145.02907 -37.94075,145.02880
Leman Crescent|-37.96715,145.18058 -37.96912,145.18321 -37.96957,145.18664
Lemon Grove|-38.11563,145.24300
Lemon Thyme Way|-38.04786,145.26263 -38.04520,145.26131
Lemont Street|-37.99231,145.26766
Len George Drive|-37.99881,145.15177 -37.99839,145.14838
Len Thomas Place|-38.02012,145.29265
Lena Place|-38.11048,145.19434
Lenaro Street|-37.99983,145.20588
Lendor Court|-37.96447,145.08442
Lennon Court|-38.06616,145.29611
Lennox Street|-37.94037,145.06628
Lenore Street|-37.94063,145.15805 -37.94015,145.15464
Lentara Court|-37.96171,145.03302
Lenton Road|-37.99194,145.16973
Leo Place|-38.01371,145.10499
Leo Street|-37.92585,145.06229
Leon Street|-37.95863,145.06152 -37.96139,145.06088 -37.90318,145.19530
Leonard Avenue|-38.02825,145.10558 -37.97527,145.17458 -37.97126,145.17536 -37.96859,145.17587
Leonard Close|-37.94001,145.10744
Leonard Street|-37.97359,145.22291 -37.93774,145.03062
Leonie Avenue|-37.92557,145.06722
Leonie Court|-37.91404,145.00572
Leonne Court|-38.03110,145.26617
Leons Road|-37.97904,145.15117
Leopold Avenue|-37.97579,145.15510
Leopold Crescent|-38.04227,145.26798
Leopold Street|-37.89962,145.03445 -37.90289,145.03383
Leprosa Close|-37.96641,145.24181
Lerina Place|-37.91340,145.20115
Lerina Street|-37.90957,145.11566 -37.91275,145.11509
Lesay Court|-37.93011,145.24143
Lesden Street|-37.93470,145.05625 -37.93427,145.05273
Lesdon Avenue|-38.08749,145.27386 -38.08590,145.27103 -38.08714,145.27851 -38.08288,145.27133
Lesley Drive|-38.04367,145.27896 -38.04279,145.28252
Lesley Grove|-37.96310,145.16737
Leslie Court|-37.93297,145.11230
Leslie Road|-37.94853,145.11362
Leslie Street|-37.99112,145.19891
Lespray Avenue|-37.92734,145.05236
Letchworth Avenue|-37.92817,145.02281 -37.93131,145.02226
Letcon Drive|-38.03737,145.19555 -38.03899,145.19235
Leumear Street|-37.90175,145.11951 -37.90467,145.11889 -37.90839,145.11820
Leura Street|-37.90279,145.06950 -37.90324,145.07311
Levanswell Road|-37.94404,145.05974 -37.94449,145.06338 -37.94498,145.06749 -37.94574,145.07210
Levanto Street|-37.98240,145.07480 -37.97732,145.07577
Levi Drive|-38.01220,145.11175
Levida Drive|-38.09689,145.16991
Levin Street|-37.97029,145.16057 -37.96990,145.15716
Levuka Street|-38.11333,145.13182
Lewellin Grove|-38.07652,145.12513
Lewin Street|-38.10477,145.17813
Lewis Street|-38.00396,145.08607 -37.90896,145.04729 -37.90847,145.04348 -37.93694,145.14621 -37.93826,145.14937 -37.94122,145.14945
Lewisham Close|-38.03296,145.27913
Lexia Place|-37.91266,145.15240
Lexington Close|-37.90573,145.27627
Lexton Avenue|-37.97853,145.19949
Lexton Court|-38.08708,145.13490
Liam Street|-37.93129,145.12982
Lian Close|-37.91051,145.19057
Libbett Avenue|-37.95174,145.13586
Libby Court|-38.05061,145.28075
Libella Court|-38.11540,145.18676
Liberty Avenue|-37.93631,145.23889 -37.92917,145.24086 -37.93192,145.24131 -37.92882,145.24609
Liberty Court|-37.98153,145.12234
Liberty Place|-37.93219,145.19309
Libna Street|-37.90386,145.05667
Licola Crescent|-38.03582,145.19424 -38.03359,145.19196
Liddamore Court|-37.92522,145.26187
Lidgate Avenue|-37.92118,145.23282
Lido Court|-37.93939,145.08928
Lieber Grove|-38.10216,145.16356 -38.10203,145.15999
Liege Avenue|-37.97587,145.18893 -37.97342,145.19073 -37.97042,145.19133 -37.96748,145.19191
Lighthorse Crescent|-38.06011,145.28973
Lightwood Avenue|-37.95166,145.04011
Lightwood Road|-37.96225,145.16988 -37.96420,145.17250 -37.96021,145.16716 -37.95766,145.16376 -37.95563,145.16107 -37.95366,145.15847 -37.94941,145.15283 -37.95169,145.15588
Lightwood Street|-38.12190,145.19064
Lilac Avenue|-37.96410,145.20248
Lilac Crescent|-37.91565,145.01584
Lilac Street|-37.91758,145.05741 -37.92045,145.05699
Lilac Way|-37.93956,145.13582
Lileura Avenue|-37.98705,145.04460
Lilian Court|-38.03455,145.25167 -37.97672,145.05192
Lillian Street|-38.09647,145.26893 -37.92093,145.11620
Lillimur Road|-37.90245,145.04145 -37.89786,145.04235
Lilly Pilly Avenue|-37.99316,145.24187
Lily Place|-38.09116,145.17455 -38.08805,145.28363
Lily Street|-37.91507,145.02562
Lily Way|-38.12113,145.19713 -38.11858,145.19842
Lim Court|-37.93504,145.20973
Limandus Crescent|-38.12424,145.23914
Limonium Crescent|-38.05342,145.24481
Linacre Road|-37.94202,145.00168 -37.94243,145.00523 -37.94318,145.01114 -37.94365,145.01467 -37.94397,145.01851 -37.94443,145.02225 -37.94249,145.00575 -37.94295,145.00956 -37.94182,145.00018
Lincoln Avenue|-37.89772,145.09971
Lincoln Court|-37.97187,145.16119
Lincoln Drive|-37.96734,145.07774 -37.96412,145.07882
Lincoln Parade|-38.02734,145.10242 -38.02550,145.10668
Lind Court|-38.00129,145.20137
Linda Court|-38.03735,145.26979 -37.94043,145.19446
Linda Drive|-38.10125,145.25772 -38.10190,145.26119
Linda Street|-37.92999,145.11628
Lindas Way|-38.11070,145.17754
Lindell Street|-37.95837,145.19379
Linden Avenue|-37.95341,145.06313
Linden Court|-38.10952,145.18682
Linden Drive|-38.00168,145.17207
Linden Place|-37.98469,145.23898
Lindenow Court|-38.06901,145.27146
Lindsay Avenue|-37.90075,145.06921 -37.90019,145.06467
Lindsay Close|-37.98513,145.25772
Lindsay Crescent|-38.04995,145.24871 -38.05099,145.25202
Lindsay Street|-38.11833,145.15279 -37.97279,145.04991 -37.91349,145.04256 -37.91415,145.04663 -37.92485,145.12411
Lindsay Williams Crossing|-37.95028,145.15459
Lindwall Drive|-38.11531,145.23759 -38.11827,145.23703
Lindy Court|-38.01972,145.12259 -37.97465,145.15216
Lineham Drive|-38.12408,145.28985 -38.12346,145.29389 -38.12401,145.29853 -38.12444,145.30250
Ling Court|-37.93607,145.20443
Ling Drive|-37.92583,145.23967
Link Road|-37.92322,145.11905
Links Drive|-37.93448,145.23218
Links Street|-37.97101,145.02178
Linley Street|-37.99909,145.22648
Linlithgow Terrace|-38.01423,145.13713
Linmac Drive|-38.05047,145.27273
Linnel Court|-37.92613,145.23064
Linsell Boulevard|-38.09934,145.29908 -38.09842,145.29297
Linstead Lane|-38.00555,145.17799
Linton Close|-38.04814,145.13774
Linton Place|-37.92646,145.18544
Linton Street|-37.93415,145.04316 -37.93703,145.04256 -37.94025,145.04182
Lipton Drive|-37.94536,145.20947 -37.94651,145.21273 -37.94709,145.21656
Liquidamber Street|-37.98084,145.24072 -37.98299,145.23814
Lisa Beth Mews|-38.09605,145.20356
Lisa Court|-37.98892,145.09443 -37.97799,145.18234
Lissy Grove|-38.07746,145.24650
Lister Walk|-37.99963,145.19802
Litchfield Way|-38.04992,145.25034
Little Avenue|-37.94054,145.02513
Little Boy Rise|-37.98322,145.25235
Little Colenso Street|-38.07386,145.12323
Little Field Street|-37.94303,145.01782
Little Union Street|-37.90748,145.00808
Littlecroft Avenue|-38.06521,145.29910
Littlewood Street|-37.93504,145.00756 -37.93456,145.00371 -37.93582,145.01166
Liverpool Court|-38.06368,145.29228
Liverpool Drive|-37.98470,145.15774 -37.98694,145.15565 -37.98984,145.15577 -37.99121,145.15879
Liverpool Street|-37.92077,145.06925 -37.92723,145.18477
Liviana Drive|-37.93714,145.24575 -37.93874,145.24851
Livida Circuit|-38.07686,145.24335
Livingston Street|-37.94749,145.03868
Livingstone Circuit|-37.93093,145.19290
Livingstone Court|-38.00796,145.16441
Livingstone Rise|-38.05104,145.26403
Livonia Place|-37.94557,145.20799
Llewellyn Avenue|-38.02539,145.12384
Llewellyn Court|-38.07330,145.27245 -37.97706,145.18630
Llewellyn Street|-37.97400,145.05208
Lloyd-Webber Drive|-38.09243,145.18917
Lobator Street|-38.12020,145.16012
Lobelia Court|-38.07208,145.27304 -37.97672,145.11878
Locarno Court|-37.93439,145.18650
Loch Court|-37.92569,145.07205 -37.90249,145.16895
Loch Road|-37.96260,145.22204 -37.95957,145.22263 -37.95698,145.21994 -37.95589,145.21678
Loch Street|-38.10076,145.28279 -38.10132,145.28742 -38.10188,145.29195
Lochalsh Court|-37.96509,145.26289
Lochard Terrace|-38.02845,145.29403 -38.02591,145.29159
Locharn Crescent|-37.99178,145.17923 -37.99370,145.17658
Lochgreen View|-38.11831,145.26005
Lochiel Avenue|-38.03410,145.10667 -38.03275,145.11071 -38.03114,145.11559
Lochmaben Court|-37.93898,145.10534
Locinda Street|-37.94648,145.03065
Locke Street|-37.91425,145.01153
Lockington Crescent|-37.97035,145.20476
Lockley Close|-37.98970,145.27263
Locksley Close|-37.98699,145.13293
Locksley Court|-38.09650,145.19084
Lockwood Avenue|-37.90187,145.01282
Lockwood Rise|-38.06153,145.25712 -38.06223,145.26050
Lockwood Street|-37.93005,145.03751
Locky Grove|-38.07523,145.24467 -38.07483,145.24117
Locum Court|-37.92014,145.17988
Loddon Close|-37.91677,145.25353
Loddon Court|-37.93939,145.10927
Lodge Close|-37.93026,145.23458
Lodge Street|-37.96292,145.18541
Loftus Court|-37.98556,145.16240
Logan Avenue|-37.90681,145.05187
Logan Court|-37.97933,145.07703 -37.97476,145.18919 -37.91720,145.29081 -37.91835,145.29451
Loganberry Close|-38.06659,145.26763
Logis Boulevard|-38.01135,145.19680 -38.00877,145.19806 -38.00609,145.19941 -38.00585,145.20591
Lois Court|-37.92358,145.07140
Lola Street|-37.92843,145.17407
Loller Street|-37.91609,145.00210 -37.91396,144.99970 -37.93758,145.15483
Loma Street|-37.96527,145.16323
Lomandra Drive|-37.93040,145.12647
Lombard Court|-37.98297,145.28545
Lombard Way|-38.11530,145.15070
Lombardi Close|-38.11848,145.19446
Lomond Court|-37.98160,145.27301
London Court|-37.95395,145.20115
London Street|-37.92391,145.04071 -37.92440,145.04485 -37.92495,145.04898
Londrew Avenue|-37.96203,145.13707
Long Island Point|-38.07216,145.14031
Long Place|-37.90780,145.07986 -37.90495,145.08040
Long Street|-37.98566,145.07769 -37.98294,145.07832
Longbourne Avenue|-37.90407,145.15000 -37.90696,145.15060
Longfield Way|-38.06713,145.29168
Longford Close|-38.02227,145.25493
Longford Court|-37.92882,145.14811 -37.93203,145.14747
Longhirst Avenue|-38.12283,145.25777
Longleaf Street|-38.12389,145.15220 -38.12656,145.15328
Longstaff Street|-37.90407,145.06072
Longview Avenue|-37.91914,145.06215
Longview Road|-38.00664,145.15378
Longwood Close|-37.90502,145.28012
Lonhill Court|-37.99203,145.27071
Lonhro Boulevard|-38.08499,145.24249 -38.08308,145.23976
Lonsdale Avenue|-37.93729,145.02779 -37.93237,145.02876 -37.91913,145.25706
Lonsdale Crescent|-38.08103,145.26796
Lonsdale Street|-37.99759,145.22027 -37.99370,145.21680 -37.99957,145.22311 -38.00051,145.22697 -37.99012,145.21456 -37.98722,145.21426 -37.99257,145.21605
Loosestrife Street|-38.02128,145.28787
Lorack Close|-37.92526,145.17830
Loranne Street|-37.92168,145.03473 -37.91831,145.03539
Lord Avenue|-37.98316,145.12496
Lord Court|-38.04571,145.22306
Lord Rodney Drive|-38.05535,145.13938
Lord Street|-37.91085,145.04959
Lord Weaver Grove|-38.06457,145.11973
Lords Avenue|-37.92790,145.18724 -37.92544,145.18579
Lords Court|-37.91020,145.28586
Loreen Street|-37.91200,145.08717
Loren Court|-37.97488,145.27784
Lorenzo Way|-38.02123,145.12229
Loretta Avenue|-37.90690,145.19912
Loretta Street|-38.11173,145.18989
Lorikeet Lane|-38.01610,145.12981
Loris Street|-37.96751,145.15214 -37.97036,145.15159
Lorland Court|-38.00584,145.17162
Lorna Court|-38.02543,145.11748
Lorna Street|-38.12306,145.14196 -38.11909,145.14092 -38.11046,145.27720 -38.10750,145.27778 -37.96495,145.06865 -37.96135,145.06932
Lorraine Court|-38.03577,145.25554 -37.91395,145.18147
Lorraine Street|-37.97388,145.06577 -37.97895,145.19744
Lorrean Avenue|-37.90414,145.02088
Lotus Court|-37.96895,145.07844
Lotus Crescent|-37.92829,145.17300 -37.93108,145.17462
Louis Avenue|-37.97375,145.22400
Louis Street|-37.98833,145.24854 -37.98461,145.24485
Louisa Court|-37.93538,145.08096
Louise Court|-38.10615,145.14773 -38.09904,145.20004 -37.96517,145.13746 -37.99955,145.27849 -37.91626,145.27360
Louise Street|-37.90400,145.01979
Love Street|-38.07073,145.26126 -37.96633,145.01807 -37.96555,145.01235
Lovell Close|-37.91217,145.26912
Lowden Court|-38.05754,145.29301
Lowell Drive|-38.01044,145.16886
Lower Dandenong Road|-37.98241,145.07473 -37.98281,145.07895 -37.98478,145.09427 -37.98435,145.09075 -37.98394,145.08734 -37.98348,145.08356 -37.98304,145.07990 -37.98262,145.07647 -37.98510,145.09697 -37.98670,145.11009 -37.98699,145.11437 -37.98593,145.10389 -37.98553,145.10042 -37.98510,145.09697 -37.98641,145.10759 -37.98812,145.12257 -37.98768,145.11763 -37.98717,145.11366 -37.98894,145.12836 -37.98954,145.13417 -37.99020,145.13761 -37.99059,145.14175
Lower Terrace Crescent|-37.95191,145.19135 -37.94919,145.19099
Lowther Court|-38.08241,145.28100
Loxford Court|-38.05525,145.29366
Loxwood Avenue|-37.98643,145.15672 -37.98903,145.15553
Luain Avenue|-37.92578,145.08329
Luanda Street|-37.99659,145.17592
Lubrano Street|-37.90561,145.01839 -37.90611,145.02262
Lucas Court|-38.04556,145.29134
Lucas Crescent|-38.10368,145.14441 -38.10388,145.14794
Lucas Street|-37.92305,145.01112 -37.92235,145.00539
Lucerne Street|-37.98780,145.06984
Lucia Court|-38.11000,145.18881
Lucian Avenue|-37.94139,145.15433
Luciella Court|-37.96316,145.22075
Luckins Road|-37.93155,145.04402 -37.93195,145.04768
Lucknow Street|-38.09438,145.24787
Lucy Close|-37.91311,145.26536
Lucy Hill Rise|-37.93119,145.25446
Lucy Place|-38.09287,145.18982
Ludstone Street|-37.93403,145.01173 -37.93358,145.00813 -37.93312,145.00443 -37.93547,145.02356 -37.93504,145.01993 -37.93458,145.01629 -37.93407,145.01207
Ludwell Crescent|-37.92580,145.07482
Ludwig Street|-37.96883,145.15785 -37.96832,145.15383
Lugarno Court|-37.98328,145.16684
Luisa Avenue|-38.03698,145.20307
Luke Court|-38.03874,145.25301 -37.98191,145.15809
Luke Street|-37.92147,145.12822
Lum Road|-37.91139,145.17870 -37.91417,145.17818 -37.91694,145.17753 -37.91989,145.17711 -37.90569,145.17972 -37.90856,145.17923 -37.90158,145.18052 -37.89608,145.18154
Lume Court|-37.97357,145.18429
Lumeah Court|-37.97154,145.12366
Lumeah Drive|-38.10640,145.25060
Luntar Road|-37.92415,145.08360 -37.92718,145.08301
Lupin Court|-38.06853,145.27416
Lurline Street|-38.10646,145.27580 -38.11007,145.27510
Luscombe Avenue|-38.09631,145.18629 -38.09586,145.18287 -38.09433,145.17984
Luster Circuit|-38.12344,145.23267
Lutana Court|-37.91833,145.19252
Luton Court|-37.98369,145.16181 -37.92259,145.23143
Luton Place|-37.94443,145.13460
Luxford Court|-37.95555,145.15040
Luxmoore Street|-37.95929,145.04318 -37.95988,145.04781
Luxor Court|-38.09295,145.29309
Luxton Terrace|-38.09692,145.12943 -38.09985,145.12950
Lyala Court|-37.96761,145.28137
Lyall Court|-37.94952,145.20022
Lyall Street|-38.10949,145.28355 -38.11005,145.28824
Lydia Street|-37.91917,145.04876
Lyle Grove|-38.01962,145.09724
Lyle Street|-37.96227,145.17466
Lymington Street|-38.00196,145.17833
Lynbrook Boulevard|-38.05380,145.25191 -38.04775,145.26430 -38.04870,145.26109 -38.05096,145.25615
Lynbrook Boulevard Service Road|-38.07627,145.24452
Lynda Close|-37.95487,145.05972
Lynda Court|-38.02042,145.11255
Lyndale Court|-37.93413,145.09779 -37.95385,145.20027
Lyndhurst Boulevard|-38.07153,145.24657 -38.07811,145.24403 -38.07434,145.24562 -38.06690,145.24950
Lynette Avenue|-37.98353,145.02874 -37.98392,145.03219
Lynette Court|-37.97417,145.18441 -37.93122,145.17136
Lynian Court|-37.93433,145.10011
Lynn Street|-38.09575,145.13249
Lynne Court|-38.00220,145.26249
Lynne Street|-38.04872,145.14098
Lynwood Walk|-38.06132,145.29222
Lyons Court|-37.98094,145.07809 -37.96405,145.20984
Lyons Street|-38.10616,145.28355 -37.91540,145.07685
Lyrebird Drive|-38.11290,145.17028 -38.11155,145.17348 -38.10917,145.17903 -38.10655,145.18015 -38.10340,145.18722 -38.10508,145.18321
Lyric Court|-37.89974,145.16100
Lysander Court|-38.03866,145.13600
Lysander Street|-37.91949,145.01539
Lysbeth Street|-37.90683,145.03119 -37.91005,145.03064
Lyster Close|-38.12394,145.13195
Lysterfield Road|-37.90516,145.29543 -37.90706,145.29299 -37.90991,145.29570 -37.91141,145.29855 -37.91411,145.29845 -37.91655,145.29997 -37.91975,145.30052 -37.90112,145.29489 -37.90455,145.29570
Lytham Court|-38.12112,145.26284
Mac Crescent|-37.99858,145.08617
MacKenzie Place|-38.08238,145.21064
MacLeod Way|-38.04907,145.25039
Macao Court|-37.96392,145.07376
Macarthur Close|-38.08642,145.21488
Macarthur Drive|-38.10470,145.26624
Macaulay Place|-37.92358,145.18748
Macbeth Street|-38.00116,145.11248 -38.00385,145.11212
Mace Rise|-38.00870,145.28116
Macey Street|-38.10359,145.28821
Macgregor Court|-37.90549,145.25765
Macgregor Street|-37.98934,145.08486 -37.98975,145.08825
Mack Crescent|-37.94252,145.11317
Mack Road|-38.04574,145.30310 -38.04453,145.29916
Mackay Street|-37.97241,145.14828 -37.97316,145.15418 -37.97338,145.15762
Mackellar Avenue|-37.91215,145.16663 -37.91246,145.17006
Mackellar Close|-37.99409,145.27979 -37.99295,145.27611
Mackenzie Street|-37.97219,145.05224
Mackerras Court|-37.91737,145.17198
Mackie Grove|-37.90942,145.01977
Mackie Road|-37.92269,145.07332 -37.91982,145.07390 -37.91631,145.07459 -37.91338,145.07516 -37.90845,145.07616 -37.92543,145.15724 -37.92593,145.16133 -37.92386,145.16598
Mackinnon Court|-37.98615,145.16237
Maclaine Court|-37.98341,145.28702
Maclean Court|-38.09784,145.13126
Macpherson Street|-37.98916,145.22557 -37.98615,145.22275
Macquarie Circle|-38.01597,145.13788 -38.01868,145.13788
Macquarie Court|-38.07281,145.26579
Macrina Street|-37.90240,145.11397 -37.90529,145.11344 -37.89799,145.11478
Macro Court|-37.90906,145.24470
Maculata Drive|-38.09802,145.26745 -38.10075,145.26601
Maculosa Court|-37.96905,145.24110
Madden Road|-37.96132,145.10240 -37.96114,145.09829
Madden Street|-38.11699,145.14729
Maddy Court|-37.93990,145.24906
Madeleine Road|-37.91376,145.12017 -37.91652,145.11981 -37.91938,145.11941 -37.92254,145.11902
Madison Avenue|-38.00436,145.30037 -38.00218,145.29764 -37.93938,145.20439
Madison Court|-37.96462,145.07716
Madisson Crescent|-38.09054,145.19864
Madura Court|-37.91568,145.17525
Maffra Court|-37.94220,145.21568
Magdalena Place|-37.93135,145.24521
Maggie Street|-38.12540,145.29952
Magid Avenue|-37.90660,145.16136
Magid Drive|-38.01897,145.29951 -38.01629,145.30012
Magnolia Avenue|-37.92074,145.08021 -37.92360,145.07968
Magnolia Drive|-38.06735,145.29354
Magnolia Grove|-37.99342,145.23723
Magnolia Road|-37.90016,145.00975 -37.89656,145.01044
Magnolia Street|-37.99146,145.09480
Magnolia Way|-37.97315,145.14812
Magpie Court|-38.10882,145.17936
Magra Place|-37.97803,145.25622
Mahala Court|-37.95969,145.13441 -37.98520,145.18468
Maher Street|-37.95335,145.05305
Mahogany Avenue|-38.11995,145.14714 -38.12298,145.14827
Mahogany Close|-38.04945,145.27557
Mahoney Crescent|-38.11129,145.12922
Mahonga Drive|-37.91762,145.23350
Maidenhair Mews|-38.02194,145.12657
Main Road|-37.94153,145.12616 -37.93883,145.12669 -37.93600,145.12724 -37.93204,145.12787
Main Street|-38.11247,145.29702 -38.00797,145.08725 -38.00560,145.08548 -38.00225,145.08409
Maine Hey Crescent|-37.95521,145.15542 -37.95481,145.15196
Maitland Close|-37.92954,145.20476 -37.90710,145.25862
Maiya Court|-37.97002,145.04324
Majdal Street|-37.90963,145.07917
Majestic Boulevard|-38.08751,145.29173 -38.08969,145.28920 -38.08900,145.28585
Major Crescent|-37.91875,145.27725 -37.92078,145.27436 -37.92348,145.27366 -37.92505,145.27702 -37.92393,145.28031
Major Street|-37.94846,145.03959
Malabar Court|-38.05445,145.28419 -37.98917,145.16747 -37.91837,145.17855
Malacca Street|-37.90904,145.04179
Malane Street|-37.92058,145.05462 -37.91776,145.05497 -37.89946,145.03750 -37.90326,145.03675
Malanie Close|-37.98421,145.27920 -37.98415,145.28270 -37.98119,145.28293
Malata Way|-37.92341,145.27248
Malcolm Crescent|-37.98676,145.18732
Malcolm Road|-38.00094,145.11070 -38.00071,145.10531 -38.00128,145.11596
Malcolm Street|-37.91401,145.04553
Maldon Court|-38.00277,145.29808 -37.91081,145.19695
Male Street|-37.91261,145.00151 -37.91049,145.00454 -37.91579,144.99691 -37.90729,145.00539
Malford Way|-37.93585,145.18502
Malfoy Mews|-38.09547,145.25589
Malibu Circuit|-38.09621,145.17300
Mallard Court|-38.04984,145.13641
Mallawa Street|-37.93503,145.12722 -37.93460,145.12369
Mallee Court|-37.92355,145.19653
Mallee Place|-37.98226,145.15118
Mallee Street|-38.12180,145.15434
Mallett Grove|-38.07539,145.24961 -38.07531,145.24531
Mallory Court|-38.10047,145.27099
Mallory Crescent|-38.00149,145.18207
Malmo Court|-37.99552,145.17594
Malmsbury Crescent|-37.92097,145.26302 -37.91935,145.26026
Malone Grove|-37.92550,145.18574
Maltarra Street|-37.92974,145.11464
Maltravers Crescent|-38.07827,145.29016
Malua Circuit|-38.08415,145.19560 -38.08653,145.19315 -38.08709,145.19662
Malua Street|-37.90542,145.03183
Malvina Court|-37.92900,145.23842
Manatoka Crescent|-38.04787,145.28023
Manatunga Street|-37.91552,145.12577
Manchester Drive|-38.10812,145.19632 -38.10767,145.20018
Manchester Place|-37.92612,145.19275
Mandala Court|-37.93364,145.17503
Mandeville Court|-38.05653,145.28492
Mandorah Court|-37.93681,145.08276
Mangana Drive|-37.92663,145.16833 -37.92660,145.17184
Mangrove Court|-38.01971,145.12400
Manhattan Court|-38.07066,145.14509
Manhatten Terrace|-37.93860,145.24436
Manikato Avenue|-38.00147,145.09603
Manisa Place|-38.10333,145.26146
Manks Court|-37.95103,145.20941
Manley Close|-37.97759,145.24816
Manna Court|-38.11898,145.15349 -37.92465,145.19656
Manna Gum Court|-38.09678,145.18648
Mannahaven Close|-37.95934,145.27260
Mannavue Boulevard|-38.08122,145.29870 -38.08480,145.29930
Mannifera Street|-37.99524,145.23031
Manning Close|-38.02751,145.26293 -38.00661,145.10215
Manning Drive|-37.94105,145.19258 -37.94136,145.19615
Manning Road|-38.12237,145.13603
Manningham Court|-37.91788,145.28384
Manooka Court|-37.98753,145.16501
Manoon Road|-37.92948,145.10951 -37.92994,145.11324
Manor Court|-38.10242,145.29730 -37.92522,145.16970
Manorlane Place|-37.99294,145.28921
Manorlord Place|-38.02886,145.29308
Mansell Close|-37.93420,145.19529
Mansfield Avenue|-37.92195,145.17339
Mansfield Grove|-37.91857,145.22257
Mantello Street|-38.05476,145.24556
Manton Road|-37.91418,145.10906 -37.91462,145.11268 -37.91505,145.11610 -37.91552,145.11993
Mantova Drive|-37.91385,145.17992 -37.91657,145.17888
Mantung Crescent|-37.92136,145.24407 -37.91873,145.24257
Manuela Court|-37.97750,145.12314
Manuka Street|-37.91565,145.07890 -37.91263,145.07949
Manuscript Drive|-37.98989,145.25511
Manyung Court|-38.09842,145.13053 -37.92622,145.17770
Manzanilla Way|-38.04653,145.26043
Maple Court|-37.97114,145.07994 -37.99695,145.23162
Maple Street|-38.10242,145.14777 -38.10204,145.14407 -38.10291,145.15252 -37.94854,145.15654
Mapleson Court|-37.99852,145.25499
Mapleton Court|-37.99568,145.14944
Maplewood Court|-38.10416,145.18872
Marabou Place|-38.02660,145.10448
Maracana Court|-37.93275,145.19285
Maragle Avenue|-37.91427,145.00476
Maralber Road|-37.94676,145.03214
Maraline Road|-38.11597,145.22723 -38.12117,145.22618
Maralinga Avenue|-37.98566,145.18558
Maramba Drive|-38.00255,145.30395 -38.00193,145.30043 -37.99979,145.29811 -37.99706,145.29943
Marbec Place|-38.07535,145.24286
Marcella Avenue|-37.96568,145.19882
Marcella Court|-37.90079,145.11985
Marcella Place|-38.11052,145.19011
Marchant Street|-37.95128,145.03110 -37.95088,145.02745
Marconi Drive|-38.00384,145.19868 -38.00299,145.20250 -38.00323,145.20602
Marcus Court|-38.00484,145.29187
Marcus Road|-37.97952,145.13657 -37.98180,145.13380
Mardene Court|-37.93165,145.20399
Mardi Court|-37.95669,145.13439
Maree Court|-37.93452,145.24877
Maree Street|-37.91438,145.05708
Marga Place|-38.00581,145.14711
Margaret Avenue|-38.09828,145.13241
Margaret Court|-38.03525,145.25153
Margaret Crescent|-37.97956,145.21360
Margaret Place|-37.92906,145.23457
Margaret Street|-37.98642,145.09100 -37.92136,145.01023 -37.93630,145.04643 -37.91703,145.11614 -37.91745,145.11958 -37.91651,145.11190
Margaretta Avenue|-37.90631,145.07259 -37.90589,145.06896
Margaretta Street|-37.92619,145.05846
Margate Street|-37.98267,145.04884 -37.97947,145.04944
Margie Square|-38.06636,145.29157
Marglen Place|-38.07563,145.24786
Margot Court|-38.08246,145.29239
Maria Court|-38.07915,145.28786
Marie Avenue|-37.93547,145.16734
Marie Street|-37.98799,145.24399 -37.98352,145.24479
Mariemont Avenue|-37.98418,145.04863 -37.98321,145.04540
Marigold Place|-38.05830,145.24788
Marina Court|-37.90908,145.15010
Marina Road|-37.98633,145.05455 -37.98300,145.05525 -37.98025,145.05579
Marinda Drive|-38.12059,145.18794
Mariner Close|-38.07706,145.28585
Mariners Island|-38.06600,145.14332
Marinique Drive|-38.01996,145.12428
Marion Court|-37.99133,145.16082
Marion Street|-38.11010,145.13588 -37.98357,145.20208 -37.90795,145.00217 -37.91832,145.04890
Mariposa Grove|-38.09294,145.28328 -38.09057,145.28093
Marisa Court|-38.11161,145.18902
Marita Court|-37.95707,145.06436
Marjoram Close|-38.00524,145.28085
Marjorie Avenue|-37.98113,145.13200
Mark Anthony Drive|-38.03484,145.19443 -38.03167,145.19505
Mark Court|-38.02996,145.25062 -37.96683,145.16397 -37.94472,145.21057
Market Boulevard|-37.91095,145.06170
Market Court|-38.09473,145.19912
Market Street|-37.98107,145.21664
Markham Court|-37.98560,145.15650
Marklin Street|-38.10196,145.28581 -38.10420,145.28922
Marlborough Court|-37.97689,145.17625
Marlborough Street|-37.91506,145.06736 -37.91825,145.06674 -37.90748,145.06903 -37.91143,145.06804
Marlene Court|-38.03184,145.25510 -37.96610,145.07688 -37.93793,145.16714 -37.91609,145.27807
Marley Close|-37.92381,145.26043
Marley Mews|-38.11505,145.29122
Marlin Bay|-38.07323,145.13817
Marlo Grove|-37.97524,145.04448
Marlo Place|-38.00573,145.25669
Marlock Street|-38.12281,145.16250 -38.12124,145.16629
Marma Road|-37.90246,145.06893
Marmont Place|-37.90928,145.27787
Marna Court|-37.96815,145.19061
Marnebeck Court|-38.10219,145.27420
Marni Street|-38.02856,145.20283 -38.02910,145.20724
Marnie Drive|-38.10286,145.25599 -38.10309,145.25957
Marnie Place|-38.00097,145.28441
Maroona Road|-37.94564,145.03454 -37.90185,145.00509
Maroubra Avenue|-37.98294,145.16874
Marquis Road|-37.93054,145.04420 -37.93093,145.04778
Marra Court|-37.98252,145.25430
Marrawah Place|-37.99716,145.27891
Marrbridge Road|-37.94300,145.05885 -37.94031,145.05941 -37.93730,145.06004
Marriage Road|-37.92012,145.02078 -37.91961,145.01643 -37.91917,145.01266 -37.91865,145.00805
Marriot Road|-37.93167,145.04052
Marriott Boulevard|-38.07386,145.24619 -38.07451,145.24976 -38.07322,145.24102 -38.07739,145.25139
Marriott Crescent|-38.09009,145.20309
Marriott Drive|-38.00430,145.14905 -38.00503,145.14197
Marriott Street|-37.98828,145.08034 -37.98879,145.08488 -37.98885,145.08865
Marsden Court|-38.07894,145.27319
Marshall Avenue|-37.95093,145.02797 -37.95446,145.02726 -37.90981,145.12711 -37.91302,145.12651 -37.90713,145.12758
Marshall Close|-38.10384,145.17213
Marshall Court|-38.02620,145.25151
Marshall Place|-38.00044,145.25832
Marshall Street|-37.96496,145.19186 -37.92108,145.19329
Marsham Street|-37.95762,145.19948
Marshy Avenue|-38.09353,145.29592
Marson Crescent|-38.00372,145.27998 -38.00563,145.27704
Marston Street|-37.92489,145.04160
Martens Place|-37.97301,145.12331
Martha Street|-38.11230,145.13447
Martin Court|-37.93716,145.07087
Martin Place|-38.09369,145.27155
Martin Street|-38.11146,145.13365 -37.99130,145.03703 -37.97631,145.15939 -37.97438,145.15690 -37.90807,145.14174
Marwick Street|-38.08884,145.19533
Mary Avenue|-38.03293,145.11358 -37.95465,145.03581 -37.90286,145.19435 -37.90381,145.19785
Mary Court|-37.98195,145.18853
Mary Street|-38.02727,145.25010 -37.97432,145.02984 -37.97702,145.02940 -37.92156,145.12181 -37.92424,145.12130 -37.94279,145.15406
Marykirk Drive|-37.91340,145.19131 -37.91138,145.19369 -37.90964,145.19717 -37.90822,145.20065
Marylebone Drive|-37.92663,145.18695
Marylin Court|-37.93427,145.05273
Marylyn Place|-38.08721,145.27533 -38.08543,145.27253
Maryrose Crescent|-37.96944,145.27406
Mascot Avenue|-38.07171,145.12177 -38.07049,145.12499 -38.06903,145.12869
Masefield Avenue|-37.95771,145.00877
Mashie Terrace|-38.08224,145.21402
Maskell Street|-37.90918,145.00191
Mason Court|-37.94921,145.04928
Mason Drive|-38.00088,145.11014
Mason Street|-37.98830,145.21128
Massie Drive|-38.04463,145.26129
Masters Street|-37.98879,145.22197
Masterton Place|-38.10299,145.29350
Mastos Place|-37.93988,145.24409
Matador Way|-38.12506,145.24390
Mateo Close|-37.94800,145.21746
Mather Road|-37.97405,145.17860 -37.97430,145.18217
Matheson Court|-37.91733,145.18108
Mathoura Court|-37.94724,145.19127
Matilda Court|-38.06025,145.25182
Matilda Drive|-38.00165,145.16423
Matilda Road|-37.94285,145.05764 -37.93753,145.05861
Matilda Way|-38.05847,145.13309
Matipo Street|-37.99233,145.23535 -37.99515,145.23482
Matisse Street|-38.09506,145.24772
Matlock Avenue|-37.92409,145.16882 -37.92425,145.17234
Matthew Close|-37.99645,145.16970
Matthew Court|-38.03520,145.25716
Matthew Flinders Avenue|-37.98159,145.25574 -37.98794,145.25652 -37.98499,145.25560 -37.97906,145.25716 -37.97569,145.25787
Matthew Retreat|-37.97434,145.27151
Matthews Court|-37.91039,145.01756
Matthews Place|-37.95121,145.21175
Matthews Road|-37.92895,145.07033
Matthieson Street|-37.95314,145.05055 -37.95574,145.05240
Matts Place|-38.09133,145.17602
Mauchline Court|-37.94769,145.19657
Maud Street|-37.90385,145.03170
Maude Court|-38.00214,145.29018
Maude Street|-37.96417,145.05372 -37.90031,145.07313
Maughan Way|-38.08986,145.25142
Maureen Close|-38.10732,145.25440
Maureen Court|-37.96496,145.20116 -38.00252,145.28910 -37.95310,145.08288
Maureen Crescent|-37.97460,145.17023
Maurice Court|-37.99240,145.29368
Maurice Street|-37.97355,145.19729
Maury Road|-38.05589,145.11755
Mavho Street|-37.92171,145.03355 -37.91818,145.03422
Mavis Avenue|-37.90497,145.01111
Mawby Road|-37.92962,145.05724 -37.92905,145.05240
Mawson Court|-38.08059,145.27015 -37.91508,145.16159
Mawson Walk|-38.07918,145.20268
Max Close|-37.91171,145.26573
Max Court|-37.96436,145.16227
Maxfield Road|-38.00906,145.16756
Maxflo Court|-37.95287,145.03271
Maximus Way|-37.98505,145.18921
Maxine Court|-37.97645,145.08115 -37.96961,145.19334
Maxwell Court|-38.10332,145.14912 -37.97724,145.18736 -37.94383,145.04773
Maxwell Street|-38.00129,145.21807 -37.97401,145.15914
May Court|-37.97246,145.22051
May Gibbs Crescent|-38.05334,145.25131
May Street|-37.96083,145.05295 -37.93758,145.01141 -37.93415,145.01205 -37.91732,145.05144 -37.91776,145.05497
Maybury Court|-37.92325,145.26802
Mayday Drive|-38.10112,145.24658
Mayfair Close|-37.93101,145.18254
Mayfair Court|-37.98468,145.17998
Mayfield Drive|-38.00508,145.14233
Mayfield Place|-37.90861,145.27395
Mayflower Court|-37.91531,145.00972
Mayflower Drive|-38.11337,145.24528
Maygrove Way|-37.92922,145.19963 -37.93099,145.19702
Maylands Crescent|-37.90325,145.16906 -37.90391,145.17363
Mayne Street|-37.95436,145.06435
Mayo Court|-38.04622,145.13859
Mayrose Crescent|-37.92425,145.00576
Mayruck Rise|-38.03905,145.27044
Mayswood Court|-37.93901,145.05968
Mayune Court|-38.09900,145.27642
McAfee Court|-37.94309,145.20804
McAllister Drive|-38.11490,145.29568 -38.11774,145.29510
McAlpine Court|-37.97003,145.22153
McArdle Street|-37.98912,145.12983
McArthur Street|-37.92614,145.03234 -37.92578,145.02894
McBean Street|-37.92353,145.10847 -37.92390,145.11210
McBride Crescent|-38.10435,145.14803 -38.10282,145.15099
McCardle Court|-37.97439,145.26051
McCarthy Street|-37.93169,145.00117
McCartney Drive|-38.06657,145.29508
McClelland Drive|-38.12453,145.18496 -38.12682,145.18187 -38.13122,145.17856 -38.13505,145.17772 -38.12391,145.18943 -38.12425,145.18571 -38.11861,145.19119
McClure Road|-37.96787,145.12505 -37.96902,145.12827 -37.97107,145.13147
McColl Street|-37.95295,145.06518
McComb Lane|-38.11070,145.25315
McCormick Court|-37.93756,145.09764
McCormicks Road|-38.11332,145.19477 -38.11061,145.19527 -38.11616,145.19423 -38.09587,145.19822 -38.09928,145.19758 -38.10242,145.19693 -38.10929,145.19551 -38.10531,145.19629 -38.09567,145.19828 -38.08776,145.20002 -38.08453,145.20071 -38.08185,145.20129 -38.09064,145.19937 -38.09331,145.19880 -38.08792,145.19994 -38.07879,145.20192 -38.07580,145.20254
McCrae Street|-37.99499,145.22392 -37.99186,145.22101 -37.98919,145.21848
McCubbin Drive|-37.97466,145.07122
McCulloch Avenue|-38.12102,145.12486 -38.12134,145.12857 -38.12167,145.13215
McDonald Court|-38.04605,145.29501
McDonald Street|-38.12032,145.19268 -37.97329,145.03548 -37.97372,145.03914 -38.00574,145.08577 -38.00210,145.09342 -38.00399,145.08947 -38.00093,145.09984
McDonalds Lane|-37.90707,145.15613 -37.91024,145.15554
McDowall Road|-38.04217,145.25295 -38.03804,145.25386
McFarlane Court|-37.94818,145.04566 -37.91592,145.27675
McFarlane Crescent|-37.98226,145.21505
McFees Road|-37.96298,145.20614 -37.96344,145.20996 -37.96391,145.21384 -37.96441,145.21803 -37.96483,145.22143
McGavin Way|-38.11644,145.26045
McGeown Circuit|-38.11405,145.25622
McGowan Drive|-38.11768,145.19820 -38.11396,145.19999
McGregor Avenue|-37.98379,145.02302
McGregor Court|-37.97970,145.12811
McGregor Street|-37.92295,145.11786
McGuigan Drive|-38.10475,145.25908 -38.10650,145.25613
McGuinness Road|-37.92320,145.07529 -37.92605,145.07477
McGuire Street|-37.95317,145.07669
McHugh Lane|-37.99241,145.20088
McIndoe Parade|-38.00170,145.07784 -37.99622,145.07893
McIntosh Court|-38.01907,145.11738
McIntosh Street|-37.90945,145.09961
McIvor Street|-37.96226,145.05986
McKay Avenue|-37.96583,145.01818
McKay Court|-37.96545,145.22015
McKay Road|-37.92358,145.24470 -37.92434,145.25081
McKay Street|-37.99514,145.08820 -37.99560,145.09205 -37.99616,145.09662
McKenna Road|-37.89882,145.14798
McKenry Place|-37.95270,145.21082
McKenzie Court|-37.90174,145.10994
McKenzie Street|-38.10347,145.12844 -38.10384,145.13191
McKeon Circuit|-37.95127,145.21707 -37.95373,145.21912
McKern Place|-38.04603,145.24737
McKillop Place|-37.97706,145.26921
McKinley Court|-37.94086,145.20314
McKinnon Road|-37.90941,145.02512 -37.90994,145.02923 -37.91046,145.03325 -37.91164,145.04287 -37.91114,145.03899 -37.91276,145.05171 -37.91227,145.04774 -37.91384,145.06003
McKirdy Street|-37.95773,145.13928
McKittrick Road|-37.92909,145.03979 -37.92958,145.04398
McLaren Avenue|-38.10881,145.27952 -38.10611,145.28004
McLauchlin Avenue|-37.95683,145.01674 -37.95349,145.01744
McLaughlan Avenue|-38.00257,145.24851
McLean Avenue|-37.91467,145.02886 -37.91403,145.02377
McLean Crescent|-37.96814,145.21111 -37.96539,145.21209
McLennan Street|-38.00100,145.24097 -38.00142,145.24444
McLeod Road|-38.07641,145.12299 -38.07431,145.12852 -38.07301,145.13191 -38.07169,145.13531 -38.07042,145.13856 -38.07066,145.14512 -38.07113,145.14895
McLeod Street|-37.94224,145.14925
McMahen Street|-37.98650,145.18541
McMahens Road|-38.05303,145.15479 -38.05063,145.15968 -38.04893,145.16313 -38.04689,145.16725 -38.04537,145.17030 -38.04375,145.17327 -38.04043,145.17636 -38.03661,145.17991 -38.03407,145.18116
McMannis Way|-38.12167,145.13215
McMillan Court|-38.07694,145.26548
McMillan Street|-37.93178,145.12190 -37.93221,145.12538
McNab Court|-37.97057,145.20672
McNamara Street|-37.97381,145.05082
McNaught Street|-37.98086,145.03474 -37.97852,145.03648
McNaughton Road|-37.92973,145.13618 -37.92399,145.14084 -37.92608,145.13867
McQuade Court|-37.94664,145.19359
McRae Street|-38.10465,145.13100
McSwain Street|-37.99021,145.08865 -37.98733,145.08898 -37.98430,145.08955
McWilliam Street|-37.93828,145.16441 -37.93910,145.17100
Mcrae Mews|-37.97919,145.26613
Mead Court|-37.90685,145.09226
Meadow Court|-37.98753,145.13010
Meadow Croft Court|-38.10397,145.29326
Meadow Wood Walk|-38.02208,145.29852 -38.02415,145.30148
Meadowbank Close|-37.95651,145.27593
Meadowbrook Drive|-37.90591,145.17403 -37.90902,145.17345
Meadowbrook Place|-37.98814,145.15641
Meagan Court|-38.01533,145.11155
Meaghan Court|-37.92081,145.26776
Medhurst Street|-37.95608,145.01817
Medinah Rise|-38.03425,145.28200
Medoro Grove|-37.92562,145.15874 -37.92518,145.16230
Meduno Drive|-38.04375,145.25943
Medusa Court|-38.09151,145.29139
Medway Avenue|-37.96412,145.07882
Meehan Court|-37.98130,145.25811
Megan Close|-38.10067,145.25572
Mein Street|-37.94103,145.15912
Melaleuca Court|-37.91594,145.26912
Melaleuca Drive|-38.07409,145.12909 -37.92702,145.10668 -37.92971,145.10621
Melanie Blair Place|-38.09595,145.20262 -38.09890,145.20173
Melanie Close|-37.99112,145.17945
Melba Court|-38.07953,145.20445 -37.92503,145.17018
Melball Street|-37.93168,145.05311
Melbe Crescent|-37.98083,145.21463
Meldrum Court|-38.05500,145.28961
Melia Street|-37.99753,145.23281
Melina Court|-37.97172,145.25372
Melington Drive|-38.06698,145.24568 -38.07032,145.24296 -38.06432,145.24801
Melissa Court|-38.04438,145.27387
Melliodora Court|-37.96644,145.23994
Mellowood Court|-38.10909,145.18561
Melody Hill Court|-37.94250,145.20912
Melosa Avenue|-37.92263,145.02128 -37.93714,145.11432
Melrose Street|-37.99600,145.08499 -38.00095,145.08602 -37.95051,145.00384
Mels Place|-37.92319,145.27088
Melsetta Court|-38.09568,145.18535
Melton Avenue|-37.90108,145.04940
Melva Street|-37.90826,145.07525 -37.91117,145.07460
Melverton Drive|-38.01169,145.27223 -38.00962,145.27536
Melview Drive|-37.96312,145.13663
Memorial Drive|-37.96521,145.17500 -37.96286,145.17304 -37.95993,145.17203
Memory Lane|-37.94045,145.24822 -37.94088,145.25163
Mena Avenue|-37.96718,145.07023 -37.96987,145.06923
Mena Court|-37.91492,145.18868
Meneilly Way|-37.92193,145.19589
Menindee Terrace|-38.02557,145.29077
Mentone Parade|-37.99179,145.06578 -37.98687,145.06471 -37.98241,145.06500
Menzies Avenue|-37.96878,145.21133 -37.96460,145.20751
Menzies Close|-38.06628,145.28013
Meppel Drive|-37.93123,145.11839
Merano Circuit|-38.12488,145.23273
Merbow Street|-37.90093,145.09859
Mercer Court|-37.94301,145.21887
Mercer Place|-38.05159,145.26245
Mercury Court|-38.09465,145.19053
Mercury Road|-38.11927,145.29280
Meredith Close|-38.04894,145.29639
Meredith Crescent|-38.04208,145.27980
Meredith Street|-37.96278,145.02450 -37.95655,145.19381
Meribah Court|-37.98443,145.08617 -37.97996,145.16454
Meribel Way|-38.04677,145.25823
Merinda Park Boulevard|-38.08044,145.26161 -38.07692,145.25947
Merion Court|-37.92118,145.22213
Merion Vista|-38.12005,145.26122
Meriton Place|-37.93222,145.12058
Merivale Close|-38.08369,145.21016
Merlin Court|-37.90893,145.14746
Merlyn Avenue|-37.93547,145.11442
Mermaid Court|-38.08214,145.14558
Mermaid Grove|-38.07102,145.24268 -38.07143,145.24626
Mernda Avenue|-38.07063,145.12150 -38.06916,145.12584 -37.95939,145.04391 -37.95660,145.04446
Merran Court|-37.91695,145.19623
Merrang Court|-37.90377,145.17599
Merri Drive|-38.01493,145.13842
Merribah Way|-38.09572,145.25814
Merrick Street|-37.99052,145.18004
Merrigum Crescent|-37.93883,145.10222
Merrijig Avenue|-38.09538,145.28989
Merrill Street|-37.92766,145.16814 -37.93024,145.16999
Merrimack Crescent|-37.99946,145.17166
Merritt Avenue|-38.11615,145.24485
Merriwee Chase|-38.08357,145.19373 -38.08149,145.19604
Merryn Close|-37.97902,145.26170
Mersey Close|-37.91779,145.25829
Mersey Crescent|-38.08867,145.13420
Merso Court|-38.10451,145.17545
Merthyr Place|-38.02697,145.12753
Merton Close|-37.96731,145.07126
Merton Court|-37.96721,145.25208
Merton Street|-37.95066,145.15825 -37.94788,145.15875
Mervin Street|-37.92934,145.05479 -37.93201,145.05427
Messmate Street|-38.12369,145.14667
Metallic Way|-38.12362,145.24447
Metcalf Crescent|-37.91973,145.25400
Metcalf Street|-38.01135,145.19730 -38.01187,145.20158
Metung Court|-37.98264,145.12039
Metylene Avenue|-37.95139,145.13954
Meyer Court|-37.90280,145.01056
Mia Street|-37.94449,145.11248
Miami Court|-37.92231,145.08082
Michael Court|-38.10748,145.13607 -37.97965,145.18744 -37.93678,145.17259
Michael Street|-37.97891,145.04556 -37.97614,145.04617
Michaelia Close|-38.09707,145.26264
Michelle Court|-38.09332,145.17405 -37.98053,145.16386 -37.93360,145.09372
Michelle Drive|-38.04311,145.27137
Michelle Place|-37.89965,145.17893
Michigan Place|-37.91437,145.24333
Mickle Street|-38.02985,145.20257 -38.03041,145.20715
Micro Circuit|-38.02417,145.24003 -38.02241,145.23738
Middleham Close|-38.09480,145.26222 -37.91651,145.28451
Middlesex Court|-38.07428,145.29053
Middleton Street|-37.96749,145.01783 -37.96674,145.01236 -37.95556,145.03832 -37.95251,145.03894 -37.94889,145.03967
Mihan Street|-37.96288,145.18795
Milan Court|-38.06777,145.12388 -37.95614,145.21346
Milan Street|-37.98817,145.06080 -37.98553,145.05995 -37.98240,145.06055
Milano Place|-38.08137,145.29470
Milburn Court|-37.97799,145.27535
Mildura Avenue|-37.94783,145.00242
Mildura Crescent|-37.97055,145.25553 -37.97339,145.25501 -37.97275,145.25840
Miles Court|-38.10130,145.26943
Miles Grove|-38.11332,145.13390
Miles Street|-37.92136,145.03056 -37.92345,145.15381 -37.92295,145.14950 -37.92390,145.15735
Milford Street|-37.92966,145.05595
Milfull Close|-37.91978,145.26906
Milgate Street|-37.91222,145.10956 -37.91549,145.10905
Mill Court|-37.91917,145.18994
Mill Road|-37.90104,145.08694
Mill Street|-38.01409,145.09643
Millan Court|-37.90075,145.15956
Millard Street|-37.92737,145.06681
Millbank Place|-38.09700,145.29138
Millennium Court|-37.90019,145.23969
Miller Court|-38.08180,145.27057 -37.96912,145.22246
Miller Street|-37.95656,145.02133 -37.95098,145.02954 -37.94792,145.03029
Milliara Grove|-37.91117,145.01569
Millicent Avenue|-38.07398,145.12939
Millie Court|-37.93042,145.25441
Milliners Avenue|-38.00848,145.16308
Millis Avenue|-37.92932,145.06433
Millport Court|-37.96244,145.26917
Mills Court|-37.92439,145.18532
Mills Road|-37.99372,145.10939 -37.99429,145.11403 -37.99471,145.11747
Mills Street|-37.95656,145.07614 -37.93550,145.00288 -37.93604,145.00717 -37.93669,145.01150
Millswyn Avenue|-38.02561,145.26495 -38.02507,145.26109
Milne Avenue|-38.11897,145.13248 -38.11862,145.12882
Milner Court|-38.09132,145.27079
Milnes Circuit|-37.98401,145.19594
Milojevic Court|-38.09576,145.28431
Milroy Court|-37.91468,145.20125
Milroy Crescent|-38.08793,145.13486 -38.08540,145.13697
Milroy Street|-37.90307,145.01260 -37.90639,145.00874
Milton Avenue|-37.93336,145.13154 -37.93918,145.13034
Milton Court|-38.01597,145.11111
Milton Crescent|-37.93248,145.17215
Milton Place|-38.04931,145.29531
Milton Street|-38.00484,145.16788 -37.91848,145.02702
Mimica Avenue|-38.07679,145.24141
Mimosa Avenue|-37.91105,145.09788 -37.91408,145.09719
Mimosa Street|-37.98644,145.24093
MinJah Court|-37.97880,145.13353
Mina Court|-38.08823,145.19802
Minak Close|-38.05473,145.30026
Mindara Avenue|-37.93944,145.22467
Miners Court|-37.92786,145.19883
Minerva Avenue|-38.11234,145.23321
Minerva Court|-37.90817,145.16337
Minett Court|-38.01827,145.29031
Minette Court|-37.90304,145.02583
Mingay Place|-38.09112,145.25926
Minka Place|-38.11729,145.18929
Minnie Court|-37.96803,145.13654
Minnie Street|-37.94749,145.01181
Minot Court|-38.00091,145.17229
Mint Court|-38.05099,145.14138
Mintbush Close|-37.99322,145.15868
Minya Court|-37.90780,145.26096
Mira Court|-38.09407,145.29012
Miralie Way|-38.09370,145.26045 -38.09316,145.25644
Miramah Close|-37.92664,145.23767
Mirams Lane|-37.92803,145.00882
Miranda Close|-37.94627,145.13642
Miranda Court|-37.98017,145.17264
Miranda Gardens|-38.03612,145.28085
Mirboo Street|-37.95232,145.19956
Miriam Close|-37.92120,145.18703
Mirring Court|-37.97664,145.29004
Mirto Court|-37.92242,145.27387
Missens Road|-38.09471,145.24579 -38.09193,145.24638 -38.08851,145.24635 -38.08703,145.24937 -38.08434,145.25009 -38.08126,145.25068
Mission Court|-38.04605,145.26020
Mississippi Close|-37.91452,145.23844
Mitchell Court|-38.07755,145.26619 -37.95961,145.17687
Mitchell Place|-37.92705,145.25542
Mitchell Street|-38.10875,145.13057 -38.10597,145.13082 -37.98391,145.06852 -37.92592,145.03823 -37.92242,145.03889 -37.91906,145.03945
Mitre Crescent|-38.11319,145.15715
Mitta Avenue|-38.01084,145.12741
Mitta Close|-37.91495,145.25994
Moama Place|-37.90472,145.26141
Mock Street|-37.94942,145.00924
Modena Place|-38.11375,145.24341
Moffat Close|-37.96186,145.26353
Moina Court|-38.06826,145.14794
Moira Avenue|-37.94966,145.02153
Moishe Circuit|-37.95060,145.15914
Molden Street|-37.90721,145.05800 -37.90677,145.05450 -37.90764,145.06146
Molesworth Drive|-37.92780,145.18713
Molesworth Street|-38.11259,145.14551 -38.11317,145.15015
Moller Street|-37.90714,145.10199
Mollison Street|-37.96690,145.20378 -37.96558,145.20065 -37.96398,145.19756
Mollisons Hill|-38.03851,145.26960
Molly Lane|-38.08940,145.17345
Moloney Close|-38.00731,145.10154
Molong Avenue|-37.94541,145.02877
Mona Street|-38.09918,145.13218
Monaco Avenue|-38.06477,145.12373
Monaco Crescent|-37.97365,145.04490
Monaco Street|-37.99474,145.07470 -37.99729,145.07289
Monahans Road|-38.11070,145.26509 -38.10675,145.26579 -38.09865,145.26747 -38.10140,145.26689 -38.09578,145.26802 -38.09294,145.26858 -38.09020,145.26912
Monahans Road Service Road|-38.10813,145.26556 -38.10480,145.26612 -38.10108,145.26696 -38.09837,145.26744
Monahans Service Road|-38.09962,145.26727 -38.09672,145.26780
Monalto Street|-38.09378,145.20274
Monamie Avenue|-37.94661,145.03772
Monarch Court|-37.90432,145.09403
Monaro Crescent|-38.01385,145.29830
Monash Crescent|-37.94234,145.13275 -37.94454,145.13550
Monash Drive|-38.03590,145.24115 -38.03895,145.24257 -38.04151,145.24402 -38.04423,145.24342 -37.91463,145.16370 -37.91897,145.16494 -37.91089,145.16017
Monash Gardens Village|-37.91750,145.16417
Monash Green Drive|-37.92267,145.12713
Monash Place|-37.91953,145.11002
Monash Street|-37.91191,145.08114 -37.91235,145.08465
Monash Way|-38.07721,145.28719
Monbulk Court|-37.96782,145.08192
Monbulk Crescent|-37.90079,145.27977
Moncur Avenue|-37.96180,145.14745 -37.95919,145.14836
Monica Avenue|-38.06529,145.11984
Monica Close|-37.97052,145.27200
Monique Court|-38.02548,145.12656
Monique Rose Drive|-38.11382,145.24860
Monkhouse Drive|-37.97639,145.25732 -37.97644,145.25384 -37.97913,145.25302
Monrie Street|-38.00163,145.17165
Monroe Court|-37.98112,145.28836
Mons Parade|-37.96521,145.17500 -37.96724,145.17743 -37.97043,145.18169
Montague Court|-37.99946,145.20864 -37.98560,145.27571 -37.93191,145.25715
Montalto Rise|-37.91257,145.28991
Montana Avenue|-37.92631,145.14970 -37.92688,145.15433
Montana Street|-37.96939,145.15265
Montana Way|-38.10812,145.19632
Montclair Avenue|-37.90424,145.00348 -37.89973,145.00429
Montclair Close|-37.96244,145.13410
Montclair Court|-37.93761,145.07477
Montdami Way|-38.08829,145.18386
Monteith Crescent|-37.97198,145.26611 -37.97377,145.26333
Monterey Boulevard|-38.11855,145.14930 -38.12286,145.15399 -38.12048,145.15177 -38.12424,145.16016 -38.12457,145.15667
Monterey Court|-37.93836,145.09608
Monterey Drive|-37.96071,145.04263
Monterey Road|-38.02379,145.21365 -38.02468,145.22114
Montgomery Court|-38.04934,145.29422
Montgomery Street|-38.00722,145.08534 -37.91861,145.02091
Montie Court|-37.90153,145.16911
Montreal Street|-37.92710,145.04751
Montrose Avenue|-38.03384,145.11412 -38.03635,145.11559
Montrose Court|-37.96256,145.26816
Montrose Street|-37.93898,145.08755
Montrose Way|-38.09898,145.25749
Moodemere Street|-37.97753,145.17789 -37.97717,145.17431 -37.97669,145.17032 -37.97619,145.16632
Moodie Court|-38.08771,145.18934
Moodie Drive|-37.90318,145.17776
Moody Place|-37.98081,145.24984
Moola Court|-37.96329,145.05290
Moomba Avenue|-38.10684,145.14733
Moomba Parade|-37.99432,145.20443
Moon Street|-37.90594,145.02411
Moonah Court|-37.99062,145.24597
Moonda Grove|-37.96679,145.06710
Moonlight Drive|-37.90785,145.28280
Moonrise Close|-38.01514,145.13033
Moonstone Court|-37.92045,145.19747
Moor Street|-37.94746,145.00450 -37.93153,145.05195
Moorabbin Street|-37.94913,145.01336
Moorabool Place|-37.92467,145.18961
Moore Avenue|-37.93658,145.13582 -37.93980,145.13516
Moore Road|-37.99551,145.25428
Moore Street|-37.90194,145.00723 -37.90234,145.01065 -37.90280,145.03149 -37.89920,145.03220
Moorgate Court|-37.98173,145.15736 -37.92473,145.26385
Moorhen Crescent|-38.11157,145.17075 -38.11298,145.16776 -38.11001,145.16771
Moorookyle Avenue|-37.90677,145.07949 -37.90749,145.08535
Mora Avenue|-37.90191,145.08749
Moralla Court|-38.05149,145.14214
Morawa Drive|-37.92734,145.19459
Moray Street|-37.92433,145.05565
Moresby Avenue|-38.11653,145.12921 -38.11630,145.13490
Moresby Street|-37.93631,145.09649
Moreton Bay Boulevard|-38.05707,145.24575 -38.05846,145.24889
Moreton Street|-38.12097,145.15254 -38.11899,145.15523 -38.11753,145.15883
Morey Rise|-37.98254,145.25348
Morey Road|-37.97387,145.03927 -37.97682,145.03876 -37.97066,145.03988
Morgan Court|-37.99058,145.26791 -37.94519,145.11230
Morgan Street|-37.99389,145.08496
Moriah Street|-37.92637,145.12955 -37.92933,145.12898 -37.92265,145.13026
Morialta Road|-38.09139,145.25350
Morley Crescent|-37.94378,145.02380
Morningside Boulevard|-38.09789,145.24972 -38.10057,145.24914 -38.09409,145.25053
Mornmoot Court|-38.00781,145.27889
Moroney Street|-37.91017,145.10086
Morrant Mews|-38.06227,145.26095
Morres Street|-37.91733,145.03886
Morris Court|-37.95551,145.21364 -37.93826,145.17097
Morris Street|-37.99334,145.08853 -37.99382,145.09244
Morris West Circuit|-38.05026,145.25558
Morrison Street|-37.92459,145.10804
Mortimer Street|-37.90348,145.10497
Mortimore Street|-37.92682,145.03808 -37.92776,145.04445 -37.92829,145.04888
Morton Grove|-38.04607,145.11294
Morton Place|-37.92097,145.25645
Morton Street|-37.91689,145.13552 -37.91740,145.13977
Morwell Avenue|-37.99392,145.20450 -37.99703,145.20390
Morwell Parade|-37.94643,145.15892
Mosig Court|-38.03862,145.25070 -37.95600,145.19607
Mosrael Place|-37.90581,145.23828
Moss Court|-37.92064,145.26553
Mossbank Road|-38.11564,145.30021
Mossey Crescent|-38.12594,145.29827
Mossgiel Park Drive|-37.96839,145.26160 -37.97253,145.26057 -37.97460,145.25833
Mossvale Close|-37.96889,145.26335
Mount View Avenue|-37.99433,145.08835 -37.99389,145.08496
Mount View Road|-37.95254,145.05277 -37.95297,145.05637
Mount View Street|-38.01435,145.09427 -38.01177,145.09797
Mount Vlasic Drive|-37.91219,145.28654
Mountain Crescent|-37.92847,145.15518
Mountain View Crescent|-38.11033,145.15779
Mountbatten Court|-37.90083,145.12321
Mountview Avenue|-38.00094,145.26956
Mowbray Court|-38.10646,145.19293 -37.93831,145.18675
Moya Close|-37.97823,145.27271
Moya Crescent|-37.96202,145.16759
Moyhu Terrace|-37.92889,145.25232
Moylan Street|-37.90677,145.05450 -37.91121,145.05373
Moysey Lane|-37.98834,145.21072
Muderra Way|-37.96663,145.17667
Mudlark Court|-38.10764,145.17880
Mudo Court|-37.93570,145.24951
Mueller Court|-37.97879,145.26821
Muir Court|-38.05019,145.13885
Muir Street|-37.94618,145.03541
Muirfield Close|-38.12206,145.25150 -37.95516,145.08430
Muirfield Court|-37.92101,145.22208
Muirkirk Close|-37.97016,145.26503
Mulberry Court|-38.07776,145.28103
Mulberry Crescent|-38.11639,145.15791
Mulberry Grove|-38.00482,145.15932
Mulga Lane|-38.01441,145.12786
Mulga Place|-38.09800,145.19622
Mulgoa Avenue|-37.96665,145.20546
Mulgoa Court|-37.98815,145.16482
Mulguthrie Court|-38.00479,145.27200 -38.00157,145.27265
Mulkarra Drive|-38.04586,145.12397 -38.04602,145.12807
Mullin Court|-38.09980,145.26967
Mullum Court|-37.98026,145.15705
Mulsanne Lane|-37.90859,145.07161
Mundaring Drive|-38.10893,145.28055 -38.10613,145.28109
Munday Court|-38.10168,145.19707
Mundy Street|-37.98682,145.05562 -37.98320,145.05636 -37.98039,145.05692
Mungari Street|-37.97877,145.13205
Munro Avenue|-38.04209,145.11800 -38.03871,145.11612 -37.95952,145.04494 -37.95673,145.04549
Munro Close|-38.02236,145.26683
Munro Street|-37.96725,145.02044
Munster Court|-37.97221,145.25000
Murchison Crescent|-37.94794,145.13376 -37.94719,145.13753
Murdo Road|-37.91661,145.14130 -37.91977,145.14070
Murdoch Avenue|-37.91456,145.16363
Murdock Street|-37.93356,145.11794 -37.93414,145.12248
Murillo Court|-37.90960,145.18458
Murphy Street|-37.94482,145.11481
Murra Street|-37.90677,145.06313
Murray Close|-37.97920,145.17923
Murray Court|-38.09686,145.27600
Murray Crescent|-37.91821,145.24700 -37.92084,145.24969
Murray Road|-37.90615,145.02527 -37.90657,145.02886 -37.90707,145.03315 -37.90746,145.03662 -37.90828,145.04342 -37.94382,145.20978 -37.94432,145.21394 -37.94488,145.21856
Murray Street|-37.97999,145.07750 -37.98242,145.07899 -37.90578,145.02279 -37.91814,145.12107
Murray Way|-38.00296,145.29570
Murrayfield Street|-38.11685,145.29342
Murrindal Drive|-37.90986,145.26437 -37.91056,145.26773 -37.91086,145.27116 -37.90716,145.26463 -37.90907,145.27380 -37.90665,145.27687
Murrong Avenue|-37.90943,145.05997 -37.90668,145.06045
Murrumbeena Road|-37.90311,145.06401 -37.90662,145.06167 -37.89949,145.06469
Murtoa Place|-38.10485,145.25540
Murumba Drive|-37.92230,145.09288
Music Drive|-37.90667,145.12402
Mussert Avenue|-37.98496,145.12971
Mustang Avenue|-38.01092,145.29852
Myer Court|-38.09889,145.19512
Myer Place|-37.92616,145.21750
Myers Court|-37.96022,145.17759
Myhaven Circuit|-38.08667,145.18499
Myna Court|-38.11009,145.16809 -38.02091,145.28872
Myola Street|-38.07543,145.13462 -38.07270,145.13293
Myra Street|-38.10761,145.13001
Myriong Street|-37.91504,145.12167 -37.91552,145.12577
Myrtle Court|-37.91871,145.10213
Myrtle Grove|-37.99168,145.24348
Myrtle Road|-37.94188,145.01614 -37.94124,145.01133
Myrtle Street|-38.00089,145.10013 -37.96493,145.16097 -37.96419,145.15465 -37.96564,145.16677 -37.91916,145.04400
Mystic Court|-37.99852,145.25011
Myuna Court|-38.06414,145.14711
Nabila Close|-37.97188,145.27210
Nabilla Avenue|-38.08427,145.12955 -38.08782,145.12952
Nabilla Street|-37.93876,145.11351
Nada Mews|-37.98933,145.13898
Nada Way|-38.09899,145.19063
Nadia Court|-37.97757,145.24346 -37.91641,145.18835
Nagle Court|-37.93487,145.23940
Nagle Crescent|-38.11756,145.23717
Nagle Drive|-38.08672,145.21124
Naila Close|-37.97480,145.26951
Naila Court|-38.06738,145.26608
Nairn Court|-37.98541,145.16071
Naismith Court|-37.93524,145.24420
Naja Crescent|-38.03773,145.25202
Namatjira Court|-37.91240,145.16405
Nambour Road|-37.99238,145.16535
Nambrok Close|-37.97694,145.13374
Namron Street|-37.93415,145.06670
Namur Street|-37.97066,145.18875 -37.96794,145.18935
Nana Walk|-38.05865,145.29542
Nance Street|-37.98291,145.18214 -37.98091,145.17921
Nancy Street|-37.97528,145.07802 -37.97251,145.07855 -37.97136,145.08197
Nanda Court|-38.06552,145.14589
Nandaly Place|-38.08818,145.25982
Nantilla Road|-37.91714,145.14937 -37.91437,145.14984 -37.91094,145.15047
Naomi Court|-38.11484,145.25693 -37.97866,145.16113
Napier Street|-37.98765,145.06099 -37.98414,145.20678
Naples Road|-37.99105,145.06969 -37.98875,145.06729 -37.98901,145.06044
Napoleon Road|-37.92839,145.26517 -37.92611,145.26744 -37.91543,145.27151 -37.91980,145.27064 -37.92253,145.27011 -37.91190,145.27354 -37.90946,145.27649 -37.90726,145.27906 -37.90529,145.28149 -37.90251,145.28487 -37.90083,145.28798 -37.90045,145.29162
Nara Court|-37.95082,145.20271
Nara Place|-38.11293,145.16545
Nardoo Court|-37.92876,145.10638
Nareen Avenue|-37.97319,145.25819
Narellan Drive|-38.02714,145.26011 -38.02443,145.25893 -37.98853,145.16408 -37.98987,145.17045
Narelle Court|-38.10346,145.19956
Narelle Drive|-38.02075,145.11795
Narev Court|-37.90525,145.28008
Nariel Court|-38.03533,145.13264
Nariel Place|-38.09254,145.25701
Naroo Court|-37.90218,145.15616
Narooma Street|-37.93841,145.05355 -37.93924,145.05724
Narrabeen Court|-37.98112,145.17440
Narrabri Court|-37.91619,145.19388
Narrawong Close|-37.93943,145.24326
Narre Warren - Cranbourne Road|-38.06897,145.29815 -38.07173,145.29772 -38.06519,145.29889 -38.06129,145.29965
Narre Warren Road|-38.12086,145.28859 -38.11807,145.28915 -38.11178,145.29061 -38.11501,145.28997 -38.10878,145.29121 -38.09861,145.29292 -38.10167,145.29255 -38.10510,145.29170 -38.09419,145.29356 -38.08477,145.29567 -38.08770,145.29498 -38.09126,145.29412 -38.07892,145.29672 -38.07566,145.29709 -38.07288,145.29754 -38.08367,145.29558 -38.06997,145.29822
Narrumburn Road|-37.94105,145.11330
Nash Court|-37.97019,145.25291 -37.93046,145.25373
Nash Drive|-37.93221,145.17605
Nash Street|-37.93843,145.15467
Natal Avenue|-38.03490,145.10639
Natalia Avenue|-37.91595,145.10535
Natalie Close|-37.92538,145.23611
Natalie Court|-38.10300,145.25781
Natalie Rise|-37.97404,145.26943
Nathan Road|-38.01200,145.24371 -38.01020,145.23971 -38.00829,145.23550
National Drive|-38.04745,145.23850 -38.04418,145.23904 -38.04159,145.23736 -38.04085,145.23370 -38.03761,145.23406 -38.03456,145.23533 -38.01195,145.25509 -38.01335,145.25809
Natisone Place|-38.10481,145.20068
Native Retreat|-38.12252,145.29072
Nattai Court|-37.91987,145.24278
Nattia Court|-37.98636,145.17134
Nature Circuit|-38.08069,145.29983
Nautilus Court|-38.05500,145.14374
Nautilus Street|-37.98808,145.02941
Navarre Drive|-38.10455,145.25644 -38.10732,145.25587
Navi Grove|-38.04659,145.11127
Naxos Way|-38.02687,145.18197 -38.02469,145.18436 -38.02201,145.18502
Neale Street|-37.95971,145.15703
Neasham Drive|-37.94235,145.19845 -37.94451,145.20122
Nebula Lane|-38.10938,145.29785
Neerim Court|-37.90802,145.26197
Neeroonda Place|-38.11183,145.26708
Neesan Court|-38.04835,145.27747
Neil Court|-37.93675,145.07164 -37.92820,145.15738
Neilrex Court|-38.12866,145.29604
Neish Court|-37.95503,145.06425
Nell Place|-38.05197,145.29166
Nellbern Road|-37.93723,145.06684
Nellburn Terrace|-38.12185,145.29934
Nelse Court|-37.91552,145.19483
Nelson Street|-37.95119,145.00996 -37.94543,145.01105 -37.94823,145.01056 -37.94412,145.06802 -37.94499,145.07289 -37.89825,145.29310
Nemet Court|-37.95707,145.19497
Nepean Avenue|-37.93246,145.02954 -37.93610,145.02856
Nepean Highway|-38.07407,145.12196 -38.07821,145.12293 -38.12810,145.12400 -38.12516,145.12430 -38.12242,145.12467 -38.11875,145.12516 -38.11580,145.12555 -38.11296,145.12563 -38.10654,145.12579 -38.10952,145.12572 -38.09935,145.12579 -38.09561,145.12564 -38.10345,145.12586 -38.09290,145.12554 -38.08903,145.12508 -38.08612,145.12467 -38.08307,145.12404 -38.08023,145.12341 -38.07233,145.12153 -38.06079,145.11918 -38.06349,145.11958 -38.06712,145.12011 -38.05589,145.11755 -38.04039,145.10959 -38.04290,145.11107 -38.04544,145.11257 -38.04843,145.11410 -38.05138,145.11551 -38.05426,145.11684 -38.01451,145.09220 -38.01691,145.09452 -38.01993,145.09694 -38.02253,145.09886 -38.02508,145.10061 -38.03983,145.10927 -38.02811,145.10238 -38.03126,145.10421 -38.03421,145.10595 -38.03702,145.10763 -38.03983,145.10927 -38.02777,145.10218 -37.98160,145.07051 -37.97484,145.06524 -37.97748,145.06742 -37.96947,145.06053 -37.97157,145.06279 -37.96268,145.05581 -37.96519,145.05736 -37.95786,145.05239 -37.96024,145.05410 -37.96766,145.05968 -37.98340,145.07512 -37.98242,145.07168 -38.01451,145.09220 -38.01691,145.09452 -38.01993,145.09694 -38.02253,145.09886 -38.02508,145.10061 -38.01427,145.09198 -38.01181,145.08991 -38.00933,145.08824 -37.99825,145.08359 -37.99556,145.08324 -37.99290,145.08227 -38.00226,145.08391 -37.99015,145.08117 -37.98756,145.07904 -37.98418,145.07629 -37.98263,145.07345 -37.94104,145.04044 -37.94359,145.04244 -37.94893,145.04577 -37.94626,145.04390 -37.95638,145.05088 -37.95354,145.04886 -37.91589,145.01775 -37.91095,145.01316 -37.91361,145.01549 -37.90315,145.00719 -37.90827,145.01022 -37.90567,145.00846 -37.90014,145.00651 -37.92835,145.03027 -37.93059,145.03246 -37.93585,145.03659 -37.94090,145.03994 -37.93813,145.03860 -37.93319,145.03477 -37.93101,145.03230 -37.92290,145.02448 -37.92759,145.02930 -37.92552,145.02688 -37.91639,145.01878 -37.91861,145.02091 -37.92149,145.02342
Neptune Court|-38.05573,145.14404
Neptune Place|-38.10727,145.26060
Neptune Street|-38.05167,145.14158 -37.95358,145.01893 -37.95071,145.01951
Nerida Court|-37.98881,145.17678
Nerita Court|-37.91968,145.19538
Nerrena Rise|-38.09683,145.26089
Nesbit Court|-38.07661,145.28813
Nest Circuit|-38.09201,145.29532
Netherall Street|-38.09348,145.13067
Netherby Avenue|-37.91811,145.17746 -37.92073,145.17888
Nette Court|-37.94469,145.04756
Nettelbeck Road|-37.95580,145.13265 -37.95624,145.13631
Nettle Drive|-38.00176,145.27588 -37.99926,145.27837 -37.99966,145.28216 -38.00417,145.28107
Network Drive|-38.09352,145.17080 -38.09191,145.16787
Neutron Place|-37.90569,145.24696
Nevada Close|-37.90629,145.17763
Neville Avenue|-38.12630,145.13416
Neville Court|-37.93797,145.16864
Neville Street|-37.97906,145.06889 -37.97740,145.07196 -37.92386,145.05576 -37.92340,145.05218
Nevin Court|-37.93431,145.17390
Nevis Court|-37.96482,145.26655
New Holland Drive|-38.11031,145.29061 -38.11079,145.29488
New Street|-38.12943,145.12911 -38.13202,145.12805 -37.98808,145.21935 -37.99115,145.22222
Newberry Avenue|-38.06110,145.11923
Newberry Retreat|-38.03655,145.28147
Newbridge Close|-37.97171,145.12516
Newburgh Street|-38.00629,145.16875 -38.00673,145.17251
Newbury Court|-38.10876,145.19145
Newbury Street|-38.00783,145.17685
Newcastle Drive|-37.92974,145.19180
Newcombe Court|-37.93821,145.10548
Newcomen Road|-37.94713,145.15307 -37.94601,145.14930 -37.94357,145.14608
Newham Grove|-37.89952,145.03971 -37.90257,145.03923
Newington Drive|-38.11859,145.29585 -38.11506,145.29654
Newington Parade|-38.05677,145.11783
Newlands Court|-37.94325,145.10631 -37.92419,145.18885
Newlands Lane|-37.97745,145.02807
Newlyn Court|-37.91145,145.27792
Newman Avenue|-37.97696,145.17951 -37.97997,145.18026 -37.89906,145.05246
Newmill Close|-37.97110,145.27036
Newport Drive|-37.93370,145.19175
Newport Road|-37.93215,145.11227 -37.93263,145.11610
Newry Street|-37.95681,145.06047
Newson Street|-37.99918,145.16998
Newstead Street|-38.01038,145.17729
Newton Court|-37.98625,145.16330
Newton Drive|-38.07031,145.28974
Newton Street|-38.09361,145.13174
Nexus Court|-37.90998,145.15894
Nia Court|-38.10418,145.17411
Niagara Court|-38.04362,145.25753
Niblick Circuit|-38.08390,145.21565
Nicholas Court|-38.09149,145.19256 -37.91615,145.27869
Nicholas Drive|-38.03417,145.20760 -38.03679,145.20676 -38.03698,145.20307
Nicholas Grove|-37.95441,145.08745 -37.95159,145.08811
Nicholas Street|-37.98454,145.16184
Nicholls Court|-37.99119,145.10396
Nicholls Road|-37.90298,145.04765
Nicholson Close|-37.97471,145.24864
Nicholson Court|-37.92370,145.11897
Nicholson Place|-38.08753,145.20295
Nicholson Street|-38.11795,145.12527 -37.91478,145.03702 -37.91752,145.03650 -37.91101,145.03788
Nick Way|-37.99779,145.15197
Nickson Close|-37.96921,145.12475
Nickson Court|-38.10365,145.15254
Nicol Street|-37.94281,145.01598 -37.95088,145.02745 -37.94719,145.02821
Nicole Avenue|-37.96178,145.14105 -37.96889,145.21238 -37.96930,145.21579
Nicole Close|-37.97596,145.27187 -37.93867,145.10329
Nicole Court|-38.11034,145.19785 -37.93536,145.25627
Nicole Way|-38.01489,145.21819
Nigra Street|-37.98791,145.24134
Nihila Court|-38.03846,145.28098
Nike Court|-38.10837,145.18493
Niki Court|-37.93821,145.07570
Nile Crescent|-38.09305,145.29219
Nilufa Court|-38.04489,145.25658
Nimbin Court|-37.93731,145.18370
Nimbus Court|-38.04701,145.27335
Nimman Mews|-38.11604,145.19843
Nimmo Court|-37.92710,145.19898
Nimrod Rise|-38.03204,145.13211
Nina Court|-37.93684,145.07703
Nina Link|-38.03849,145.22805 -38.03921,145.23374
Ninalee Court|-37.96055,145.15243
Ninevah Crescent|-37.91459,145.17261 -37.91726,145.17343
Ninth Avenue|-38.04371,145.13430
Nioka Court|-37.97816,145.27328
Nioka Place|-37.92165,145.24135
Nirringa Avenue|-38.02202,145.10530 -38.02460,145.10838
Nirringa Drive|-38.04212,145.25884
Nissan Drive|-38.01983,145.21906 -38.02215,145.22319
Nita Close|-38.00359,145.29424
Nithsdale Road|-37.95889,145.17358
Nixon Court|-37.92714,145.06880
Nobel Drive|-38.09690,145.25273
Noble Street|-37.96719,145.16158 -37.96763,145.16519 -37.96809,145.16898 -37.96853,145.17251 -37.96991,145.16065 -37.96719,145.16158 -37.91695,145.16159
Nocera Place|-37.94341,145.24941
Nockolds Crescent|-37.95030,145.17399 -37.95488,145.17314
Nodding Avenue|-38.12457,145.15672 -38.12119,145.15580
Noel Court|-37.94481,145.04754 -37.94486,145.19092
Noel Street|-37.90564,145.01467
Nola Court|-38.03267,145.25022
Nolan Court|-38.07939,145.20375
Nonna Street|-37.90033,145.11312 -37.90074,145.11659
Noojee Court|-37.95013,145.19979
Noola Close|-37.98084,145.16194
Noon Street|-37.99611,145.20262
Noora Avenue|-37.92250,145.07666
Noora Court|-38.02439,145.11169
Nordic Road|-37.95289,145.20707
Noremac Grove|-38.07250,145.25372 -38.07273,145.25716
Norfolk Avenue|-37.89827,145.10103
Norfolk Crescent|-38.11911,145.15166
Norfolk Place|-38.02082,145.12529
Norfolk Street|-37.89662,145.14533 -37.89991,145.14444
Norford Court|-38.07862,145.28796
Norisha Court|-37.97093,145.22646
Norland Street|-37.96942,145.06898
Norlane Street|-37.99102,145.16903
Norma Avenue|-37.97113,145.07349 -37.92366,145.08717
Norma Close|-38.05320,145.28810
Norman Avenue|-38.04163,145.13067
Norman Court|-38.00230,145.20904
Norman Street|-37.90691,145.02513
Normanby Chase|-38.08671,145.20482
Normanby Road|-37.92818,145.06671 -37.92864,145.07032 -37.90610,145.13694 -37.90569,145.13339 -37.90527,145.12981 -37.90690,145.14386
Normanby Street|-38.09989,145.28314 -38.10042,145.28759 -38.10094,145.29174 -37.90325,145.08370
Normdale Road|-37.93089,145.06994 -37.93044,145.06636
Norris Court|-37.95705,145.20102
Norris Road|-37.92241,145.25119 -37.92169,145.24521
Norris Street|-37.97337,145.18294
North Avenue|-37.93032,145.03440 -37.92709,145.03480 -37.92444,145.03547
North Court|-37.94703,145.05135
North Road|-37.90004,145.00868 -37.90046,145.01223 -37.90121,145.01762 -37.90332,145.03446 -37.90284,145.03069 -37.90441,145.04423 -37.90488,145.04847 -37.90536,145.05217 -37.90329,145.03540 -37.90384,145.03975 -37.90142,145.01919 -37.90171,145.02277 -37.90227,145.02736 -37.90566,145.05425 -37.90618,145.05822 -37.90531,145.05053 -37.90482,145.04662 -37.90763,145.07024 -37.90811,145.07405 -37.90664,145.06314 -37.90860,145.07803 -37.90906,145.08169 -37.90964,145.08635 -37.91025,145.09159 -37.91119,145.09898 -37.91077,145.09552 -37.91157,145.10262 -37.91193,145.10618 -37.91223,145.10972 -37.91284,145.11507 -37.91397,145.12186 -37.91325,145.11849 -37.91461,145.12646
North Road Service Road|-37.90661,145.06138 -37.90593,145.05492
Northam Road|-37.92242,145.06226 -37.92327,145.06670
Northampton Street|-38.09539,145.20379
Northcliffe Road|-38.04274,145.11147 -38.04162,145.11479 -38.04071,145.11803
Northcote Street|-38.09509,145.13509
Northern Avenue|-37.97322,145.09384 -37.97274,145.08976 -37.90180,145.01539 -37.90229,145.01891
Northey Road|-38.04628,145.25390 -38.04582,145.25010 -38.04526,145.24667
Northgate Drive|-37.97923,145.15099 -37.98252,145.15034
Northumberland Court|-38.09901,145.19608
Northumberland Drive|-38.01013,145.16244
Norton Close|-38.09389,145.17887
Norval Court|-37.91519,145.17366
Norville Street|-37.92834,145.06795 -37.93278,145.06709
Norwegian Way|-38.06745,145.29253
Norwood Court|-38.08611,145.27140 -37.90285,145.17559
Norwood Street|-37.95803,145.01100 -37.93858,145.08468 -37.93501,145.08536
Notre Dame Parade|-37.92383,145.18635
Nottingham Street|-38.06595,145.28442
Noumea Court|-37.92747,145.15942
Nova Court|-37.96177,145.07736 -37.91217,145.19886
Nova Drive|-37.98822,145.22672
Nova Street|-37.91954,145.10549
Nowell Court|-37.98593,145.25720
Nowlan Street|-37.93040,145.19285
Nowra Street|-37.93614,145.05215
Noyes Street|-37.95431,145.02516 -37.95076,145.02588
Nugent Court|-37.96965,145.25389
Nugget Way|-38.11936,145.29772
Nugong Place|-38.05222,145.25980
Nullawil Street|-37.93633,145.16437
Nursery Avenue|-37.93782,145.13853 -37.93484,145.13926
Nursery Court|-37.98826,145.13479 -37.94041,145.24741
Nurten Parade|-38.02508,145.11982 -38.02476,145.11633 -38.02210,145.12407
Nuzla Court|-38.04964,145.26936
Nyadale Drive|-37.89969,145.21878
Nyah Place|-38.09802,145.25538
Nyala Court|-37.99573,145.17707
Nyarrin Place|-38.09427,145.25929
Nyora Close|-37.97922,145.26264
O'Connell Street|-37.94385,145.05978
O'Connor Crescent|-37.94327,145.02703
O'Connor Street|-37.96719,145.01560
O'Donnell Close|-38.02902,145.12813
O'Grady Road|-38.01990,145.27041 -38.01948,145.26697 -38.01874,145.26075 -38.01788,145.25489 -38.01716,145.25001
O'Gradys Road|-38.10608,145.17278 -38.10555,145.16842 -38.10663,145.17724
O'Hara Court|-38.08655,145.21484
O'Keefe Terrace|-38.08031,145.20437
O'Loughlan Street|-37.90686,145.03143 -37.90298,145.03183
O'Malley Crescent|-37.96501,145.20819
O'Reilly Court|-38.05072,145.24872
O'Shannasy Street|-37.93045,145.19072
OHagans Way|-37.98596,145.19751
Oak Avenue|-37.97401,145.06594 -37.97444,145.06942 -37.99699,145.23876 -37.99639,145.24211
Oak Grove|-37.90147,144.99863 -37.90192,145.00215 -37.95454,145.15545
Oak Post Place|-38.10503,145.29390
Oak Street|-37.98997,145.04065 -37.98722,145.04090 -37.98254,145.04181 -37.97863,145.04258 -37.98159,145.11250 -37.91421,145.03418 -37.91723,145.03364
Oakbank Court|-37.91019,145.20159
Oakdale Court|-37.93881,145.15208
Oakdene Court|-37.94608,145.19688 -37.90658,145.25793
Oakes Avenue|-37.93686,145.13620 -37.93561,145.13237 -37.93518,145.12875
Oakes Place|-38.11178,145.19066
Oakford Rise|-38.03081,145.27726
Oakgrove Drive|-38.05832,145.29790 -38.05530,145.29882 -38.05244,145.29805 -38.04980,145.29522
Oakland Drive|-38.04619,145.25588 -38.04227,145.25679
Oakland Place|-38.00023,145.15115
Oaklands Court|-37.94820,145.04379
Oakleaf Place|-38.03115,145.29557
Oakleigh Crescent|-37.90738,145.04147
Oakleigh Road|-37.90053,145.06416 -37.89976,145.05808
Oakley Street|-37.97603,145.04721
Oakman Way|-38.04935,145.27835
Oakmont Close|-37.94001,145.22598
Oakmont Crescent|-37.95958,145.07735
Oakmont Place|-38.10864,145.26438
Oakridge Close|-37.95729,145.27596
Oaks Court|-37.97848,145.22888 -37.96011,145.28665 -37.96057,145.28263
Oakton Close|-37.90871,145.17816
Oaktree Drive|-38.02224,145.25461 -38.02359,145.25142 -38.02614,145.25273 -38.02308,145.26032 -38.02379,145.26374 -38.02632,145.26509 -38.02253,145.25677
Oaktree Rise|-37.92293,145.28121 -37.92215,145.27792 -37.92458,145.27572
Oakwood Avenue|-37.96213,145.19862 -37.96568,145.20564 -37.96410,145.20248 -37.96032,145.19199 -37.96076,145.19558 -37.90363,145.00477
Oakwood Court|-38.01266,145.29157
Oakwood Drive|-38.09783,145.18758 -37.99337,145.16002
Oasis Court|-38.09915,145.18307
Oates Court|-38.07753,145.29605
Oatlands Road|-37.99258,145.29523 -37.99319,145.29967
Oban Close|-37.97060,145.26572
Obeah Court|-37.91570,145.29054
Obec Mews|-38.00133,145.19864
Oberon Avenue|-37.90449,145.11618
Oberon Drive|-38.09093,145.18646 -38.09162,145.18286
Oberon Street|-37.96077,145.21969
Oberwyl Close|-37.92079,145.26127
Obrien Close|-37.98748,145.12407
Obrien Street|-37.99141,145.20431
Observation Court|-38.01771,145.13232
Ocean Lane|-38.05905,145.14021
Ocean Reef Drive|-38.07868,145.14327 -38.08071,145.14558
Ocean Street|-37.93850,145.00380 -37.90467,145.03154
Oceanic Drive|-38.05826,145.13995 -38.05710,145.14345
Odell Place|-38.10965,145.16540
Odessa Court|-37.92953,145.20369
Odowd Place|-38.05525,145.25848
Odwyer Street|-38.00570,145.10041
Ogilvie Court|-38.11760,145.29389
Ogle Way|-38.07042,145.29073
Ogrady Lane|-37.99213,145.20560
Ohio Crescent|-38.01789,145.28927 -38.01485,145.28854
Old Boundary Road|-37.96104,145.11177 -37.95767,145.11226
Old Dandenong Road|-37.96676,145.11241 -37.97006,145.11650 -37.97285,145.11947 -37.96626,145.10889 -37.96035,145.10185 -37.96273,145.10448 -37.95678,145.10051 -37.96676,145.11241 -37.94702,145.09654 -37.95963,145.10157 -37.94956,145.09786 -37.93216,145.08190 -37.93413,145.08485 -37.93628,145.08781 -37.93984,145.09105
Old Eastern Court|-37.91346,145.09846
Old Gunns Court|-37.99669,145.27486 -37.99606,145.26978
Old School Road|-37.90688,145.14473
Old Tootal Road|-37.97382,145.12060
Old Trafford Way|-37.92333,145.18717
Old Wells Road|-38.09490,145.14558 -38.09822,145.14345 -38.10086,145.14157 -38.08980,145.14660 -38.08337,145.14790 -38.07527,145.14947 -38.07931,145.14868 -38.07126,145.14939
Oldenburg Way|-38.07643,145.25315
Oldhome Court|-38.06006,145.29540
Oldmeadow Street|-37.96852,145.21854
Oleander Court|-38.12271,145.19136
Oleander Street|-37.99495,145.23698 -37.99797,145.23642
Olearia Close|-37.96771,145.24094
Olida Grove|-38.07573,145.24242
Olin Court|-37.91573,145.19093
Olinda Avenue|-37.98499,145.02846 -37.95987,145.14391
Olinda Court|-37.96443,145.08355
Olinda Grove|-37.91784,145.10810
Oliphant Court|-37.91501,145.16246
Oliphant Way|-38.09826,145.14822 -38.09669,145.15117
Olive Court|-38.04929,145.13930
Olive Grove|-37.98666,145.07885 -37.98309,145.07959 -37.99907,145.18096 -37.99959,145.18501
Olive Road|-38.04703,145.25530 -38.04545,145.25905 -38.04506,145.26273 -37.99825,145.24688 -38.00156,145.24577 -37.99557,145.24772
Olive Street|-37.97992,145.21549 -37.98043,145.21970 -37.93504,145.01993 -37.93234,145.02047 -37.92944,145.11883
Oliver Court|-38.05020,145.29589 -37.93685,145.21206
Olivetree Drive|-38.00550,145.17376 -38.00277,145.17434
Olivia Court|-38.10147,145.17767 -37.91626,145.23060
Ollie Place|-38.11948,145.29611
Olympia Court|-37.90383,145.02569
Olympic Avenue|-37.96126,145.04253 -37.96167,145.04596 -37.97143,145.15323 -37.96864,145.15376 -37.96538,145.15442
Olympus Crescent|-38.11372,145.23280 -38.11109,145.23370
Omeara Crescent|-38.12384,145.29711 -38.12559,145.29450
Omega Street|-38.08796,145.18313
Omeo Court|-37.92200,145.05974 -37.92988,145.17779
Omeo Street|-37.94205,145.19510
Ondine Court|-37.98845,145.18186
Ondine Drive|-37.91831,145.17391 -37.91630,145.17644
Onslow Court|-37.97395,145.16466
Ontario Place|-37.91245,145.24446
Opal Court|-38.10950,145.19802 -37.92402,145.07033 -37.92263,145.17072
Opera Court|-37.90606,145.12477
Oploo Court|-37.97809,145.11652
Oppenheim Way|-38.00800,145.19192 -38.00482,145.19282
Ora Street|-38.03114,145.25967 -38.03458,145.25895
Orama Avenue|-38.09050,145.19589 -38.08696,145.19157 -38.08966,145.19098
Orana Court|-37.93616,145.04005
Orana Place|-38.03587,145.13077
Orana Way|-37.94654,145.14231
Orange Court|-37.98839,145.23827
Orange Street|-37.91750,145.07724 -37.91799,145.08160
Orbison Court|-37.97317,145.27761
Orchard Way North|-37.93091,145.25139
Orchard Way South|-37.93130,145.25131
Orchid Avenue|-37.96265,145.19961
Orchid Drive|-37.99162,145.14735
Orchid Street|-37.93072,145.12690
Ord Court|-37.97729,145.07821
Ord Place|-37.91345,145.23717
Ordish Road|-38.03152,145.19502 -38.02921,145.19219 -38.02574,145.19269 -38.02169,145.19258 -38.01836,145.19305 -38.01453,145.19511
Orduna Place|-37.91806,145.17942
Oregan Close|-37.90720,145.17838
Oregano Drive|-38.04638,145.26358
Oregon Close|-37.95484,145.05897
Oregon Court|-38.07906,145.27800 -38.04613,145.28517
Orgill Street|-37.99339,145.22474 -37.99096,145.22256
Oriana Grove|-38.12204,145.19113
Oriflamme Court|-38.01858,145.10836
Oriole Court|-38.10153,145.18098
Orion Avenue|-38.09364,145.29174
Orion Court|-37.96304,145.14394 -37.92092,145.16353
Orkney Close|-37.96350,145.26813
Orlando Crescent|-38.01029,145.15786
Orlando Street|-37.93479,144.99599 -37.93737,144.99938 -37.93984,145.00079
Orli Court|-37.91672,145.18532
Orlit Close|-38.07005,145.26517
Orloff Close|-37.95898,145.13246
Orloff Street|-37.98485,145.18666 -37.93251,145.06462
Ormiston Place|-38.06406,145.28849
Ormond Road|-38.04816,145.26922 -38.04779,145.26572 -38.04885,145.27488 -38.04953,145.28000 -38.06002,145.29125 -38.06510,145.29772 -38.06424,145.29445 -38.05732,145.28991 -38.05468,145.28837 -38.05206,145.28686 -38.04954,145.28051 -38.05009,145.28436 -37.90267,145.04545 -37.92226,145.11250 -37.92503,145.11197
Ormond Street|-38.00338,145.08795 -38.00164,145.09180
Orrington Drive|-38.00934,145.16998
Orsett Court|-38.10498,145.19482
Orsino Street|-37.94226,145.15641
Orton Rise|-37.98580,145.26257
Orville Court|-37.90549,145.24304
Osborne Avenue|-37.91252,145.04973 -37.91655,145.04908 -37.94293,145.11629 -37.94337,145.11979 -37.94398,145.12465 -37.94467,145.13007 -37.94513,145.13363 -37.94559,145.13740 -37.94645,145.14440 -37.94696,145.14855
Osborne Street|-37.97636,145.20674
Osprey Court|-38.10327,145.18574
Ostend Court|-37.93210,145.11912
Oswald Street|-37.97365,145.21668 -37.97407,145.22033 -37.95526,145.07149
Oswald Thomas Avenue|-37.93589,145.03310 -37.93524,145.02977
Otford Close|-37.93643,145.04888
Otis Court|-37.93407,145.18532
Otley Way|-38.09728,145.29882
Otooles Road|-38.11218,145.27378 -38.11493,145.27323
Outer Crescent|-37.90556,144.99798 -37.90698,145.00116
Outlook Drive|-38.03062,145.26137 -37.95239,145.22286 -37.95518,145.22285 -37.94994,145.21833 -37.94590,145.21770 -37.94172,145.21777 -37.94020,145.21048 -37.94061,145.21387
Ovata Place|-38.09259,145.26458
Ovens Court|-37.97744,145.07887 -37.93770,145.10973 -37.94294,145.21680
Ovens Place|-37.91922,145.24786
Overall Drive|-38.09184,145.20169 -38.08964,145.19958
Overseas Drive|-37.95702,145.18366 -37.95508,145.18644 -37.95228,145.18617
Overton Close|-37.90960,145.27407
Overton Road|-38.12980,145.13048 -38.12879,145.12677
Owen Street|-38.00675,145.08627
Owens Court|-38.03929,145.25922
Oxenford Rise|-38.05695,145.29983
Oxford Court|-37.95346,145.22212
Oxford Street|-37.90364,145.00776 -37.90195,145.09264 -37.89917,145.09318
Oxley Close|-37.90021,145.16940
Oxley Court|-38.07625,145.26478
Oxley Way|-37.98369,145.25651 -37.98535,145.25954
Ozone Avenue|-38.11754,145.12589 -38.02129,145.09794 -37.97837,145.04101
Ozone Street|-37.93829,145.01698
Pace crescent|-38.04389,145.12525
Pacific Boulevard|-37.98625,145.02823 -37.98675,145.03267
Pacific Drive|-38.01904,145.12318 -38.02401,145.12896 -38.02194,145.12657 -38.01744,145.17879 -38.01336,145.18173
Paddington Avenue|-38.11247,145.17167 -38.10701,145.16683 -38.10978,145.16658
Paddys Lane|-37.99512,145.29484 -37.99558,145.29849
Padey Drive|-37.92676,145.19318
Page Close|-37.96262,145.17604
Page Court|-37.96707,145.21139 -37.92755,145.19749
Page Street|-37.98291,145.02700 -37.96984,145.05920
Pagett Road|-38.08879,145.17625
Pagoda Place|-38.08717,145.28632
Paisley Court|-37.92393,145.17658
Palais Close|-38.05283,145.29735
Palana Court|-37.97315,145.15954
Palermo Street|-37.98954,145.06808
Paljan Court|-37.96202,145.08194
Palkarra Court|-38.11540,145.19969
Palm Beach Drive|-38.07953,145.13800 -38.07805,145.13505 -38.08084,145.13433 -38.08226,145.13733 -38.08190,145.14083 -38.08246,145.14420 -38.08169,145.14757 -38.07946,145.13891
Palm Court|-37.90975,145.28063
Palm Grove Boulevard|-38.01815,145.11910
Palm Island Court|-38.07942,145.14372
Palm Way|-38.04518,145.29205
Palmer Avenue|-37.91112,145.01515
Palmer Close|-37.92220,145.22766
Palmerston Crescent|-37.90802,145.19585
Palmerston Road|-37.90882,145.27727 -37.91093,145.28001 -37.91306,145.28279
Palmtree Place|-38.02227,145.12694
Palmyra Street|-38.00328,145.17221
Paloma Street|-37.91535,145.08416 -37.91490,145.08008 -37.91441,145.07602
Palomo Drive|-38.08355,145.24275
Pamela Court|-37.96637,145.15044 -37.94651,145.10018
Pamela Street|-37.97497,145.18768
Pamir Street|-37.95797,145.21723
Panama Road|-38.11151,145.24812
Pandan Place|-38.02252,145.12723
Pandora Drive|-38.11387,145.23399
Panenka Court|-38.08376,145.23966
Pankina Court|-37.98666,145.13611
Panorama Avenue|-37.94601,145.03232
Panorama Court|-37.95580,145.26778
Panorama Drive|-38.05061,145.13705
Panorama Street|-37.91658,145.13024 -37.91931,145.12972 -37.92240,145.12913
Paperbark Street|-37.99530,145.24123 -37.99364,145.24506 -37.99127,145.24690
Para Court|-37.91951,145.18459
Parade Avenue|-38.00568,145.14614
Paradise Way|-38.12155,145.19423
Paragon Way|-38.01164,145.13898
Paramount Boulevard|-38.09119,145.25531 -38.09113,145.25140 -38.09063,145.24767
Paran Close|-37.98870,145.27262
Parana Street|-38.01092,145.08777
Paras Drive|-38.11645,145.18990 -38.11383,145.19124
Paratea Drive|-37.92341,145.23573
Pardalote Avenue|-38.10670,145.18308 -38.10595,145.18643
Parer Street|-37.90844,145.09865
Parhnam Court|-38.10710,145.19033
Paris Close|-38.08853,145.19042
Park Avenue|-37.95752,145.01991
Park City Drive|-38.04778,145.25890
Park Crescent|-37.92163,145.03283
Park Drive|-38.03264,145.22019 -38.03090,145.22373
Park Lane|-38.03133,145.10426 -37.96149,145.17747
Park Road|-38.03162,145.10346 -37.96317,145.03738 -37.96368,145.04167 -37.96422,145.04604 -37.96468,145.04974 -37.96540,145.05569 -37.97151,145.16404 -37.97107,145.16041 -37.95064,145.20750 -37.92315,145.27054
Park Street|-38.10367,145.13087 -38.10052,145.13186 -38.09747,145.13264 -38.00777,145.08946 -38.00981,145.09179
Park Valley Way|-37.90608,145.28306
Park View Drive|-37.90485,145.06049
Park Way|-37.99882,145.11915 -38.00388,145.15338
Parkdale Drive|-38.10358,145.18920 -38.07842,145.25230
Parker Court|-37.97533,145.25076
Parker Street|-37.97179,145.15467 -37.91978,145.01785 -37.90217,145.04948 -37.90485,145.04861 -37.91557,145.13277
Parkers Road|-37.99397,145.07670 -37.99733,145.07607 -37.99093,145.08085
Parkes Way|-38.03964,145.25542
Parkhart Circle|-38.08083,145.21710
Parkhurst Drive|-38.12453,145.29459 -38.12744,145.29408 -38.11918,145.29570
Parkin Avenue|-37.96099,145.06222 -37.96145,145.06567
Parkland Avenue|-38.03101,145.25869 -38.03446,145.25795
Parkland Court|-37.99065,145.16716
Parkland Place|-37.90534,145.14495
Parklands Court|-38.01294,145.29368
Parklands Crescent|-37.91451,145.02171
Parklane Way|-37.90605,145.27054
Parkmore Road|-37.98975,145.18697 -37.99050,145.18367 -37.91434,145.06051 -37.91483,145.06417 -37.91550,145.07125 -37.91595,145.07466
Parkside Avenue|-37.90549,145.10005
Parkside Boulevard|-37.95979,145.28251 -37.95870,145.27922 -37.95912,145.27138 -37.95731,145.27625
Parkside Mews|-38.09341,145.26688
Parkside Street|-37.97373,145.04979
Parkstone Vista|-38.12079,145.25344
Parkview Close|-37.97668,145.22814
Parkview Crescent|-37.93873,145.02694
Parkview Drive|-38.02211,145.10063
Parkview Road|-37.91232,145.01346
Parkview Terrace|-37.95753,145.27192 -37.95615,145.26878
Parkville Terrace|-38.06687,145.28416
Parnell Court|-38.09722,145.26380
Parnell Street|-37.95327,145.06238
Parnum Place|-38.06396,145.25847
Parramatta Crescent|-37.97976,145.16659
Parrot Court|-38.11398,145.17606
Parry Court|-38.10427,145.17337
Parslow Crescent|-38.05212,145.26184
Parsons Avenue|-37.94689,145.15094 -37.94401,145.15149 -37.94072,145.15210
Parsons Street|-38.00700,145.09376 -38.00432,145.09429 -37.93039,145.11859
Partridge Crescent|-38.10500,145.18426
Pasadena Avenue|-37.98443,145.02857 -37.98483,145.03202
Pasadena Crescent|-37.93068,145.06998
Pascal Road|-38.10067,145.14399 -38.09981,145.14781
Pascal Way|-38.12518,145.24486
Paschal Street|-37.92948,145.04438 -37.92993,145.04802
Pascoe Avenue|-37.96153,145.16031 -37.91295,145.02798 -37.91148,145.02510
Pascuzzi Court|-38.03089,145.27402
Passchendaele Street|-37.93240,145.00566
Patchell Road|-37.99953,145.20414
Patching Avenue|-37.97466,145.16372
Pater Close|-38.00452,145.29603
Paterson Drive|-38.06047,145.25184 -38.06202,145.25496 -38.06386,145.25747 -38.05781,145.25098 -38.05380,145.25191 -38.04764,145.24888 -38.05049,145.24871 -38.06620,145.25710
Paterson Road|-37.97859,145.14755 -37.97902,145.15107 -37.97964,145.15596
Patio Court|-38.01462,145.29531
Pato Place|-37.95083,145.18738
Patonga Court|-37.98062,145.16797
Patricia Court|-38.04308,145.26948
Patricia Loop|-38.00399,145.16961
Patricia Street|-37.92623,145.07676 -37.92351,145.07727
Patrick Close|-38.07738,145.24550
Patrick Court|-38.11789,145.13566 -37.90055,145.18779
Patrick Street|-37.90744,145.12070 -37.90205,145.12171
Patrona Street|-37.99879,145.22423 -37.99922,145.22764
Patterson Court|-37.98509,145.26317
Patterson Road|-37.92471,145.02692 -37.92509,145.03049 -37.92549,145.03401 -37.92599,145.03847 -37.92647,145.04235 -37.92697,145.04647
Patterson Street|-38.06441,145.12182 -38.06725,145.12244 -38.07006,145.12324 -37.90297,145.05801
Patty Street|-37.97674,145.05359 -37.97716,145.05717 -37.97758,145.06064 -37.97825,145.06642
Pau Street|-37.96673,145.17889
Paul Court|-38.03630,145.25697 -37.98654,145.20277 -37.98904,145.26162
Paul Street|-37.96437,145.04722 -37.96146,145.04763
Paula Court|-37.91813,145.11016
Paula Terrace|-37.97041,145.26124
Pauline Avenue|-37.98363,145.13151
Pauline Court|-38.04586,145.27941 -38.01741,145.27959
Pavilion Place|-37.92464,145.18843
Pavillion Way|-37.91386,145.13678
Paviour Court|-37.96140,145.22003
Pax Court|-37.95693,145.19373
Paydon Court|-37.94935,145.21975
Paydon Way|-38.03277,145.27782
Peace Road|-37.95677,145.10695 -37.95190,145.10790
Peace Street|-37.95044,145.05183 -37.93283,145.15339 -37.93639,145.15272
Peach Court|-37.98459,145.23496
Peachtree Place|-37.95625,145.08401
Peacock Street|-37.92198,145.00300
Peacock Way|-38.09088,145.25382
Pearce Court|-37.94993,145.19394
Pearcedale Road|-38.12509,145.24980 -38.13163,145.24858
Pearl Court|-37.97586,145.16172
Pearson Street|-37.96375,145.21252 -37.90938,145.00367
Pebble Avenue|-38.07881,145.25535 -38.07575,145.25502
Pebble Beach Drive|-38.08853,145.19336
Pebble Beach Place|-37.95912,145.07699
Pecan Court|-38.11854,145.16316 -37.93514,145.09328 -37.92542,145.27039
Peckover Court|-37.97962,145.25689
Pedder Court|-37.95422,145.22200
Pedley Way|-38.05489,145.25417
Peebles Street|-37.96653,145.26679 -37.96709,145.27042
Pegasus Road|-38.11402,145.23366 -38.11692,145.23307
Pejaro Place|-37.98164,145.27063
Pekina Court|-38.11209,145.16542
Pekina Place|-37.91882,145.17574
Peledora Place|-38.06160,145.24673
Pelican Court|-38.03040,145.12902 -38.04252,145.28854
Pell Street|-37.91075,145.07789
Pellatt Street|-37.98531,145.04246 -37.98146,145.04321 -37.97877,145.04367
Pellew Street|-37.95305,145.01446 -37.95019,145.01504
Pelson Court|-38.02788,145.23216
Pemberley Drive|-37.90657,145.14931
Pemberton Drive|-38.01315,145.28836
Pemberton Lane|-38.08474,145.21137
Pembroke Crescent|-37.95764,145.06746
Penang Street|-37.90993,145.04164
Pendelton Place|-37.92120,145.27946
Pengana Way|-38.08917,145.25937
Penhurst Street|-38.00117,145.29583
Peninsula Boulevard|-38.11503,145.14107
Penley Lane|-38.08531,145.21003
Penn Court|-37.91757,145.27580
Penn Place|-37.98933,145.13610
Penn Street|-37.92591,145.10778
Pennants Way|-38.09193,145.20486
Pennell Court|-37.93222,145.24042
Pennycross Court|-37.92693,145.26084
Penola Court|-37.94477,145.19275
Penola Place|-37.91553,145.17793
Penrose Drive|-38.06964,145.29354
Penshurst Way|-38.07288,145.29341
Penton Way|-38.05951,145.25518
Pepper Street|-38.09499,145.29653 -38.09225,145.29712
Pepperbush Circuit|-38.08769,145.28495 -38.08708,145.28155
Peppercorn Court|-38.07914,145.27556
Peppermint Court|-38.02503,145.26546
Peppermint Gum Road|-38.11838,145.23787
Peppermint Street|-37.99152,145.23092
Peppertree Place|-37.96213,145.06677
Peppertree Street|-38.00360,145.15988 -38.00051,145.16072
Perceval Court|-37.91840,145.28685
Percival Street|-37.92284,145.02317
Percy Street|-37.96374,145.01364 -38.00904,145.09598 -37.96856,145.16657
Peregrine Place|-38.10269,145.18194
Perimeter Road|-38.02939,145.27987
Perkin Court|-37.97360,145.20343
Perkins Drive|-38.09112,145.19422
Perkunos Lane|-38.12381,145.23120
Peron Court|-38.01219,145.28843
Perri-Raso Rise|-37.94178,145.25020
Perry Court|-37.91342,145.02158
Perry Road|-38.01703,145.17795 -38.01494,145.17543 -38.01294,145.17295 -38.03302,145.18452 -38.03637,145.18731 -38.03053,145.18278 -38.02672,145.18194 -38.02281,145.18106 -38.01989,145.18037 -38.01751,145.17851 -38.00574,145.17306 -38.01494,145.17543 -38.01294,145.17295 -38.00901,145.17201 -38.00154,145.17390 -38.00516,145.17317 -37.99481,145.17546 -37.99885,145.17426
Perry Street|-37.93921,145.03894 -37.93775,145.04222
Peter Avenue|-37.99695,145.08103
Peter Court|-38.10794,145.15042 -37.97162,145.22067
Peter Street|-37.96183,145.16285 -37.96110,145.15686 -37.91753,145.10522
Peters Avenue|-37.91824,145.15538 -37.92103,145.15481 -37.92256,145.15188
Peters Drive|-37.96293,145.07771
Peterson Street|-38.10361,145.14456 -37.94666,145.02438 -37.94528,145.02763 -37.94581,145.03228
Petley Court|-38.10861,145.19151
Petrel Court|-38.10664,145.18560
Petronella Avenue|-37.90400,145.19474 -37.90653,145.19602
Pettigrew Street|-38.11825,145.29752
Petunia Drive|-38.00230,145.17714 -38.00156,145.18052
Peveril Court|-37.99985,145.29994
Peveril Crescent|-38.07716,145.28672
Pharaoh Drive|-38.09274,145.28952
Phelan Drive|-38.06813,145.26505
Phileo Avenue|-38.00291,145.24378 -38.00493,145.24654
Philip Road|-38.00260,145.25329 -38.00302,145.25676
Philip Street|-37.95850,145.04118 -37.96497,145.21572 -37.96823,145.21509
Phillimore Drive|-37.92681,145.18562
Phillip Avenue|-37.93935,145.17295 -37.93651,145.17351
Phillip Court|-38.08128,145.27461
Phillip Street|-38.12861,145.13650 -37.97779,145.06258 -37.97455,145.06237 -37.92551,145.03424 -37.92283,145.03473
Phoenix Avenue|-38.09436,145.28762 -38.09501,145.29315
Phoenix Court|-37.99665,145.11945
Phoenix Drive|-37.91157,145.18069 -37.91307,145.18528
Photinia Street|-37.99211,145.23352 -37.99238,145.23702
Pia Drive|-37.93453,145.25254 -37.93370,145.24867
Picadilly Street|-37.91365,145.08450 -37.91411,145.08821
Picasso Court|-37.90828,145.18073
Piccadilly Crescent|-37.98482,145.15671 -37.98366,145.16094
Picken Court|-37.94059,145.16028
Pickering Road|-37.90611,145.15464 -37.90883,145.15413
Pickersgill Court|-37.98306,145.25119
Pickett Street|-37.98807,145.20718 -37.98400,145.20790
Pickwick Place|-38.03112,145.13052
Pickworth Crescent|-37.93455,145.24455 -37.93621,145.24179
Pickworth Drive|-37.98045,145.12435
Picola Court|-37.97790,145.13453
Piebald Court|-37.96695,145.27350
Piedmont Close|-37.97648,145.24367
Pietro Road|-37.95520,145.09400 -37.95960,145.09301
Pike Close|-38.04191,145.28808
Pike Court|-37.97403,145.16542
Pike Street|-37.95587,145.06316
Pildra Court|-38.11332,145.15386
Pillars Road|-38.02219,145.13635 -38.02237,145.14014 -38.02665,145.15562 -38.02758,145.15898 -38.02909,145.16447 -38.03018,145.16843 -38.03300,145.17867 -38.02219,145.13635 -38.02237,145.14014 -38.02665,145.15562 -38.02758,145.15898 -38.02909,145.16447 -38.03018,145.16843 -38.03300,145.17867 -38.03182,145.18293
Pilosa Place|-37.96711,145.24108
Pimelea Avenue|-38.06005,145.26080
Pimelia Court|-37.93300,145.24026
Pimmys Court|-38.11831,145.19125
Pimpala Avenue|-38.11220,145.15358 -38.11449,145.15168
Pin Oak Court|-38.01036,145.29420
Pindari Street|-37.95698,145.19684
Pine Court|-38.01232,145.09460
Pine Crescent|-38.01451,145.09220 -38.01218,145.09401
Pine Hill Court|-38.08262,145.28276
Pine Lane|-37.95554,145.09668 -37.96114,145.09829
Pine Street|-38.12506,145.14422 -38.12432,145.14054 -37.96242,145.05625 -37.99511,145.08136 -37.91927,145.00343 -37.91978,145.00775
Pine Valley Place|-37.95807,145.07928
Pinebank Avenue|-38.11666,145.29908
Pinehill Drive|-37.92717,145.25972
Pinehurst Way|-37.95607,145.08208
Pinelands Court|-38.01257,145.29374
Pineview Close|-37.91100,145.20110
Pineview Court|-37.92365,145.27801
Pinewood Avenue|-37.96321,145.20451 -37.96132,145.20075
Pinewood Drive|-38.09624,145.18841
Pinewood Mews|-37.95563,145.05947
Piney Ridge|-37.97773,145.26403
Pinjarra Court|-38.01183,145.28774
Pinnacle Way|-38.04518,145.26927 -38.04811,145.26924
Pinto Close|-37.96808,145.27805
Pinto Place|-37.92286,145.18685
Pioneer Court|-37.90364,145.19090 -37.91305,145.24878
Pioneer Place|-38.03954,145.27206
Pip Street|-38.12066,145.19339
Piper Drive|-38.02929,145.13066
Pipetrack Circuit|-38.10741,145.30015
Pippa Way|-38.08965,145.17340
Pirita Place|-38.10029,145.25924
Pisa Court|-37.97720,145.23670
Pitcairn Place|-38.08067,145.13434
Pitcher Way|-38.09078,145.25302
Pitfield Avenue|-38.09293,145.29697
Pitfield Crescent|-37.92088,145.25574 -37.92336,145.25830 -37.92401,145.25491
Pitman Court|-38.03309,145.25410
Pitman Street|-37.96108,145.21545 -37.96063,145.21180
Pitt Street|-37.92091,145.08321 -37.92129,145.08668
Pitta Place|-38.10332,145.18437
Pittosporum Grove|-37.98986,145.23625 -37.99031,145.23999
Plaistow Court|-38.08225,145.28012
Plane Tree Avenue|-37.97579,145.11284
Plant Grove|-37.94144,145.09168 -37.94412,145.09266 -37.94642,145.09483 -37.94414,145.08771 -37.94135,145.08825
Plantation Avenue|-38.12476,145.14200 -38.12278,145.14441 -37.92178,145.00550 -37.92239,145.01113
Plantation Lane|-37.93987,145.13917
Plateau Crescent|-38.04716,145.26925 -38.04648,145.26589
Platina Place|-38.03897,145.13512
Plato Crescent|-37.90713,145.16203
Platypus Court|-37.90175,145.27935
Plaza Crescent|-37.98420,145.12093 -37.98217,145.12342
Pleasance Street|-37.91822,145.02478
Pleasant Way|-38.00561,145.16801
Pledger Close|-38.05431,145.28927
Plough Rise|-38.05852,145.29446
Plover Court|-38.07897,145.14008 -37.97499,145.24466
Plover Place|-38.11310,145.17817
Plum Street|-37.98267,145.23927
Plummer Court|-37.98489,145.05786
Plummer Road|-37.98761,145.05733 -37.98205,145.05840 -37.98489,145.05786
Plumpton Court|-37.98563,145.27322
Plunket Street|-37.91939,145.01453
Plunkett Avenue|-37.89948,145.04657
Plunkett Road|-37.99664,145.22464 -37.99971,145.22399
Plunkett Street|-37.96435,145.06379
Plym Street|-37.93225,145.03536
Plymouth Court|-37.95001,145.21863
Plymouth Street|-37.91920,145.06746
Poa Court|-38.00751,145.16074
Poath Road|-37.89876,145.07597 -37.90158,145.07547 -37.90449,145.07492 -37.90745,145.07434
Podmore Street|-37.99767,145.21730 -37.99720,145.21384
Poet Road|-37.90813,145.07420 -37.91104,145.07355
Point Avenue|-37.98918,145.03061
Polaris Court|-38.09012,145.18464
Police Road|-37.93380,145.16209 -37.93424,145.16565 -37.93334,145.15828 -37.93498,145.17163 -37.93545,145.17536 -37.93679,145.18616 -37.93593,145.17880 -37.93637,145.18238 -37.93769,145.19260 -37.93807,145.19847 -37.93838,145.20220 -37.93883,145.20759 -37.93914,145.21103 -37.93961,145.21446 -37.94157,145.23057 -37.94216,145.23555 -37.94105,145.22654
Police Road Service Road|-37.93787,145.19625 -37.93807,145.19970 -37.93835,145.20311
Polk Court|-37.94176,145.20242
Pollina Close|-38.02506,145.25595
Pollina Street|-37.92651,145.05250
Polson Way|-38.09137,145.25331
Pont Court|-37.98418,145.15249
Pontford Court|-37.91277,145.19488
Ponto Court|-37.98657,145.26184
Poole Avenue|-37.94229,145.01854
Poole Court|-37.97695,145.26822
Pooley Bridge Road|-38.00398,145.10178
Popes Road|-37.98307,145.19225 -37.98257,145.18816 -37.98213,145.18465
Poplar Close|-37.91398,145.26904
Poplar Street|-38.12233,145.15345
Poppy Place|-38.09921,145.17853
Port Street|-37.95363,145.05469
Portal Place|-38.05743,145.14376
Porter Road|-37.93403,145.04356 -37.93081,145.04415 -37.92791,145.04461
Porter Street|-37.94248,145.02007
Portland Crescent|-37.91541,145.22425
Portland Parade|-38.10004,145.13054 -38.09710,145.13040
Portland Place|-38.01423,145.12678 -37.97262,145.25852
Portland Street|-37.90464,145.05651 -37.93322,145.20517 -37.93633,145.20549 -37.93742,145.20190
Portlink Drive|-38.05399,145.23085 -38.05348,145.22716 -38.05435,145.23451 -38.05523,145.24296 -38.05488,145.23913
Portman Street|-37.90005,145.08845 -37.90036,145.09188
Porto Court|-38.07892,145.28936
Portobello Place|-37.90837,145.19346
Portobello Street|-38.01125,145.16292
Portofino Drive|-38.08170,145.29342
Portrush Terrace|-38.12082,145.25680
Postregna Court|-38.00626,145.16143
Postregna Way|-38.10453,145.20185
Potter Street|-37.96444,145.01846 -37.96374,145.01364 -37.97884,145.20672 -37.98207,145.20611 -37.98543,145.20546
Potts Road|-38.13446,145.20827 -38.13188,145.20635 -38.12937,145.20447 -38.12608,145.20198 -38.12259,145.20222 -38.11881,145.20298
Potts Street|-37.98390,145.07258
Poulson Street|-38.07526,145.12607
Poulter Crescent|-37.94519,145.10164
Pound Road|-38.04982,145.29816 -38.05222,145.30017 -38.04652,145.29538 -38.02586,145.25037 -38.02638,145.25433 -38.02714,145.26011 -38.02764,145.26391 -38.02655,145.24372 -38.02601,145.24733 -38.02623,145.25174 -38.02809,145.26730 -38.02881,145.27122 -38.02966,145.27780 -38.03109,145.28107 -38.03782,145.28824 -38.04215,145.29179 -38.04478,145.29398 -38.03452,145.28511 -38.03124,145.28126
Pound Road West|-38.02680,145.24326 -38.02710,145.23967 -38.02678,145.23514
Powell Court|-37.99901,145.20420
Powell Way|-38.09127,145.25251
Powells Road|-37.93147,145.29993 -37.93414,145.29934
Power Road|-37.98809,145.23934 -37.99247,145.23850 -38.00103,145.23493 -37.99518,145.23802 -37.99805,145.23748 -37.97881,145.24113 -37.98177,145.24055 -37.98452,145.24000 -37.98780,145.23949 -37.97579,145.24172 -37.97178,145.24248 -37.96896,145.24302 -37.96483,145.24420 -37.95362,145.25048 -37.96109,145.24905
Power Street|-37.99321,145.21868 -37.99115,145.22222 -37.98921,145.22551 -37.98679,145.22962
Powerscout Retreat|-38.11541,145.26508
Powis Court|-37.95686,145.19596
Powlett Street|-38.00277,145.08528 -37.94773,145.07451
Powys Drive|-37.98549,145.04514
Prairie Court|-38.01646,145.29387
Pranjic Place|-37.93649,145.24934
Prasino Court|-38.11367,145.19133
President Road|-38.05895,145.28531 -38.05774,145.29012
Presley Place|-37.97353,145.27846
Prestige Drive|-37.94104,145.12218
Preston Avenue|-37.99188,145.26624 -37.99223,145.26258
Preston Street|-37.91107,145.05248
Prestwick Green|-38.11911,145.25824
Price Street|-37.91530,145.11103
Prichard Avenue|-38.06420,145.25848
Pride Court|-38.03857,145.26098
Pridham Court|-37.98680,145.27040
Primrose Court|-38.07027,145.27525
Primrose Crescent|-37.91537,145.01333
Primrose Hill Close|-37.96979,145.24429
Primula Court|-37.92312,145.26704
Prince Albert Mews|-38.05321,145.14379
Prince Charles Street|-37.92790,145.11376 -37.92494,145.11434 -37.92094,145.11519
Prince Court|-37.93698,145.10636
Prince Crescent|-38.10959,145.15176
Prince Edward Avenue|-37.91129,145.04020 -37.90801,145.04074
Prince Street|-37.93434,145.01432 -37.93156,145.01484 -37.91539,145.12463 -37.94743,145.15549
Princes Court|-37.98652,145.07069
Princes Domain Drive|-38.00516,145.26540 -38.00235,145.26594
Princes Highway|-38.02205,145.30060 -38.02021,145.29807 -38.01727,145.29406 -38.01495,145.29105 -37.97530,145.20350 -37.97301,145.20101 -37.97042,145.19793 -37.96791,145.19569 -37.98270,145.21176 -37.98060,145.20923 -37.97845,145.20706 -37.98462,145.21420 -37.99106,145.21504 -37.97588,145.20416 -37.98130,145.21048 -37.96097,145.18795 -37.95836,145.18470 -37.95634,145.18243 -37.95392,145.17970 -37.96608,145.19328 -37.96363,145.19037 -38.00067,145.22753 -38.00093,145.23118 -38.00154,145.23532 -38.00197,145.23890 -38.00237,145.24230 -38.00280,145.24591 -38.00377,145.25240 -38.00438,145.25749 -38.01131,145.28281 -38.00943,145.27891 -38.00719,145.27498 -38.01328,145.28828 -38.00413,145.25699 -38.00528,145.26239 -38.00508,145.26594 -38.00557,145.26997 -38.00628,145.27339 -38.01419,145.29015 -38.01727,145.29406 -37.90459,145.11146 -37.90286,145.10866 -37.90107,145.10610 -37.91124,145.12233 -37.90961,145.11945 -37.90766,145.11637 -37.90485,145.11218 -37.90077,145.10526 -37.89892,145.10234 -37.92800,145.14900 -37.92995,145.15236 -37.92618,145.14578 -37.92121,145.13787 -37.91553,145.12915 -37.91897,145.13433 -37.92385,145.14206 -37.92556,145.14512 -37.92761,145.14866 -37.92222,145.13924 -37.92043,145.13664 -37.91368,145.12583 -37.91547,145.12905 -37.91183,145.12296 -37.94353,145.16770 -37.94048,145.16429 -37.94868,145.17376 -37.94580,145.17082 -37.95254,145.17838 -37.94239,145.16709 -37.96143,145.18814 -37.95836,145.18470 -37.95634,145.18243 -37.95392,145.17970 -37.92800,145.14900 -37.92995,145.15236 -37.92618,145.14578 -37.93599,145.15933 -37.93980,145.16353 -37.93198,145.15549 -37.92975,145.15147
Princes Highway Off Ramp|-38.00366,145.25149
Princes Highway Service Road|-38.01668,145.29296 -38.01435,145.28938 -37.97159,145.19991 -37.97460,145.20327 -37.97888,145.20779 -37.98119,145.21059 -37.95371,145.17969 -37.95636,145.18292 -37.95975,145.18676 -38.00106,145.23126 -38.00305,145.24644 -38.00823,145.27721 -38.00401,145.25721 -38.01668,145.29296 -38.01435,145.28938 -37.95371,145.17969 -37.95636,145.18292 -37.95975,145.18676 -37.95155,145.17679 -37.93681,145.16103 -37.93013,145.15207 -37.93940,145.16371
Princess Avenue|-37.95470,145.04237 -37.95511,145.04578 -37.95642,145.14380 -37.95357,145.14433 -37.95090,145.14487 -37.94654,145.14569
Princess Maria Place|-38.03700,145.26309
Princess Street|-37.90445,145.09143
Princeton Drive|-38.00083,145.15049 -38.00045,145.14706 -37.99984,145.14300
Princeton Place|-38.09624,145.25292
Princetown Drive|-38.01544,145.13540
Prior Court|-37.91809,145.26939
Prior Road|-37.97082,145.16497 -37.96745,145.16371
Priorswood Close|-37.98749,145.12629
Priscilla Close|-37.90501,145.19707
Prisco Lane|-38.12337,145.24207
Privet Court|-37.98218,145.23737
Produce Drive|-38.03496,145.22102 -38.04023,145.21866
Progress Avenue|-38.07970,145.12315
Progress Street|-38.00820,145.23537 -38.00365,145.23636
Prospect Court|-38.10013,145.18266
Prospect Grove|-37.97598,145.02024
Prospect Hill Crescent|-37.95520,145.22215 -37.95725,145.22445
Prospect Hill Road|-38.00931,145.29161 -38.00978,145.29527 -38.01015,145.29961
Prospect Terrace|-38.00424,145.15587 -38.00365,145.15168
Prospector Court|-37.90481,145.19126
Prosperity Way|-38.05195,145.21343 -38.05115,145.20838
Prosperous Way|-38.12637,145.29080
Protea Street|-38.09866,145.18748 -38.10132,145.18841
Provence Place|-38.06285,145.29547
Provence Rise|-37.92393,145.28031
Providence Drive|-38.09211,145.26874
Providence Place|-37.94350,145.24750
Prunus Grove|-37.99607,145.23994
Pryde Court|-37.90379,145.17864
Puffin Close|-38.05381,145.13680
Puffin Court|-37.97574,145.24416
Pullen Court|-37.93976,145.15729
Pullyn Street|-37.92682,145.12295
Pultney Street|-37.99518,145.22053 -37.99160,145.21720 -37.98943,145.21500
Pumpkin Road|-38.09523,145.20267
Punari Court|-38.11400,145.15373
Punnett Street|-38.09044,145.20344
Purdy Avenue|-37.98288,145.20348 -37.98008,145.20402
Purley Drive|-37.95507,145.21583
Purtell Close|-38.00111,145.10257
Purtell Street|-37.92537,145.04998 -37.92599,145.05448 -37.92642,145.05786
Putney Close|-37.98370,145.27282
Putt Grove|-37.98697,145.16116 -37.98572,145.15791
Putter Road|-38.11417,145.25925
Pycnantha Court|-37.96592,145.24360
Pyingerra Crescent|-37.96997,145.04259
Pyke Court|-37.92384,145.17535
Pyke Street|-37.97552,145.19559
Pyramid Place|-38.05618,145.24524
Pyrus Court|-37.98376,145.23503
Quail Close|-38.05234,145.13868
Quail Court|-38.10828,145.17029 -38.04414,145.28969
Quail Way|-37.92895,145.25426 -37.93154,145.25639 -37.93186,145.25290
Quality Drive|-38.02575,145.20334 -38.02618,145.20682 -38.02666,145.21063
Quantum Close|-38.02969,145.23742 -38.03011,145.24118
Quarrion Drive|-38.10871,145.17150 -38.10809,145.17495
Quarry Road|-38.12871,145.18046 -38.13089,145.18488 -38.13387,145.18875 -38.13646,145.18992 -38.13772,145.19311 -38.13980,145.19711
Quarterdeck Road|-38.08053,145.21474
Quarters Boulevard|-38.09725,145.24576 -38.09814,145.25321 -38.09777,145.24960
Quattro Avenue|-38.12256,145.29919 -38.12307,145.30309
Quay Place|-37.92701,145.19383
Queen Street|-37.98537,145.07223 -37.97262,145.19877 -37.90731,145.03542 -37.90359,145.03608
Queens Avenue|-37.90358,145.08646 -37.90405,145.09080 -37.94610,145.14828 -37.94366,145.14518 -37.94888,145.15212
Queens Square|-37.94674,145.00589
Queensberry Circuit|-37.92897,145.19200
Queensberry Street|-38.09945,145.25141
Quengo Court|-38.09918,145.13054
Quinn Court|-37.91625,145.27346
Quinn Street|-38.12174,145.13741 -37.99864,145.22203
Quinns Road|-37.91885,145.05968
Quirk Court|-37.96967,145.26964
Quist Parade|-38.11496,145.23671 -38.11198,145.23734
Race Drive|-38.11241,145.29706
Racecourse Drive|-37.95620,145.16278
Racecourse Road|-37.94994,145.17131 -37.95044,145.17520
Rachel Drive|-38.06694,145.26527
Rachel Street|-37.96183,145.20907
Radar Lane|-38.12270,145.23557
Radcliff Avenue|-37.95978,145.05674
Rade Macut Court|-37.97245,145.28078
Radiata Street|-38.11973,145.15094 -38.11773,145.15368
Radleigh Drive|-37.91201,145.18393 -37.91252,145.17849
Radovic Court|-38.06898,145.26589
Raduett Court|-37.96735,145.25309
Rae Avenue|-38.03538,145.10909 -38.03376,145.11390
Rae Street|-37.93577,145.07182
Raewyn Close|-37.97864,145.15386
Raffindale Crescent|-38.09862,145.26064 -38.09551,145.26117
Raglan Way|-37.91816,145.22318
Railway Avenue|-37.90799,145.09963 -37.90992,145.10219
Railway Crescent|-37.93751,144.99948 -37.92897,145.03638 -37.92620,145.03558 -37.93317,145.03722
Railway Parade|-38.10988,145.13025 -38.08817,145.12773 -38.09091,145.12835 -38.09609,145.12844 -38.09978,145.12845 -38.10414,145.12852 -38.10691,145.12883 -38.10951,145.12996 -38.08231,145.12787 -38.08522,145.12745 -38.08889,145.12818 -37.97831,145.19244 -37.98216,145.19801 -37.98457,145.20143 -37.97390,145.18631 -37.97587,145.18893 -37.97782,145.19173 -37.98839,145.20701 -37.98490,145.20198 -37.94862,145.04233 -37.94505,145.03975
Railway Road|-37.96617,145.05554
Rain Court|-37.98559,145.24232
Rainford Crescent|-38.05280,145.24493
Rainsford Court|-37.97741,145.12045
Rainsford Drive|-37.94424,145.19507
Rainwater Drive|-38.07186,145.25296 -38.06924,145.25207 -38.06690,145.24975
Raisell Road|-38.10296,145.26268 -38.10050,145.26117 -38.10016,145.25769
Raith Avenue|-37.95706,145.01005
Raleigh Drive|-38.05703,145.28982 -38.05591,145.29476
Raleigh Street|-37.93292,145.10884
Ralph Crescent|-38.03737,145.28037 -38.04006,145.28131
Ralph Street|-37.94522,145.01300
Ramsay Court|-37.96510,145.06988 -37.97796,145.24979
Ramsey Court|-37.92690,145.17581
Ranceby Close|-37.90431,145.26591
Ranch Court|-38.01525,145.29620
Randall Avenue|-38.03744,145.11951 -38.04013,145.12180 -38.04236,145.12374
Randell Crescent|-37.93322,145.02581
Randell Street|-38.00030,145.08210 -37.99775,145.08011
Randwick Court|-37.94256,145.18737
Ranfurlie Boulevard|-38.11270,145.24594 -38.11216,145.24196 -38.11333,145.25051
Ranger Court|-38.08592,145.13449
Rangeview Drive|-38.10272,145.19992 -38.09992,145.19954 -38.09730,145.20103
Rangoon Court|-37.92662,145.15959
Rankin Close|-38.05711,145.26111
Ranleigh Court|-37.94207,145.05905
Rapallo Way|-38.08246,145.29239
Rapanea Court|-37.96881,145.24095
Raphael Drive|-37.90957,145.18775 -37.90856,145.17923 -37.91003,145.18215
Raphael Street|-38.01247,145.28242
Raquel Close|-38.11451,145.18661
Rashu Court|-37.94604,145.11210
Rata Street|-37.92035,145.18773 -37.92072,145.19118
Ratcliffe Court|-37.98949,145.18383
Ratcliffe Way|-38.04735,145.24668 -38.04725,145.25022
Rathdowne Street|-38.10037,145.24707
Rathdowne Way|-37.92399,145.19014
Rathgar Road|-37.91062,145.28661 -37.90636,145.28093 -37.90845,145.28359
Ratho Avenue|-37.92825,145.00424
Rava Court|-38.01581,145.11117
Raven Close|-38.10541,145.18013
Raven Court|-37.91304,145.09287
Raven Crescent|-38.01580,145.29702 -38.01727,145.29406
Raven Street|-37.97260,145.18953
Ravenhill Crescent|-37.98785,145.25432 -37.98945,145.25737
Ravensbourne Court|-38.08689,145.20694
Ravenscourt Close|-37.92485,145.26334
Ravenswood Court|-38.10724,145.18828
Rawdon Hill Drive|-37.95125,145.20532 -37.94843,145.20585 -37.95376,145.20677
Rawls Street|-38.11478,145.25396
Ray Street|-37.98889,145.04319 -37.97424,145.20032 -37.97340,145.19601
Rayern Court|-37.93457,145.05517
Rayhur Street|-37.92975,145.12847 -37.93268,145.13163 -37.93521,145.13509 -37.93718,145.13767
Raymond Court|-37.93235,145.02981
Raymond Grove|-37.90009,145.01777
Raymond McMahon Boulevard|-37.97900,145.26168 -37.97942,145.26523 -37.97817,145.25750 -37.97893,145.26874
Raymond Road|-38.11085,145.13412 -38.11211,145.13764 -37.92526,145.25063 -37.92250,145.25117
Raymond Street|-37.97524,145.05037 -37.99400,145.21094 -37.99670,145.21042 -37.97058,145.17044
Rayner Close|-37.92034,145.26662
Raynes Close|-38.08949,145.17404
Raynes Park Road|-37.93616,145.01168 -37.93668,145.01596 -37.93710,145.01939 -37.93763,145.02373
Rearden Close|-37.97531,145.24710
Reark Avenue|-37.95138,145.17157
Rebecca Close|-38.03356,145.13205 -37.90542,145.19301
Rebecca Court|-38.07115,145.26439 -37.92083,145.08108
Rebecca Mac Court|-38.00035,145.27619
Rebecca Street|-37.98815,145.24849 -37.98448,145.24620
Reckless Lane|-38.00294,145.09947
Red Bluff Street|-37.96212,145.01158 -37.96271,145.01578
Red Brush Drive|-38.00467,145.16607 -38.00194,145.16658
Red Cap Drive|-38.11477,145.24501
Red Gum Close|-37.99276,145.15768
Red Hill Road|-37.96004,145.15072
Red Mallee Court|-38.06654,145.24266
Red Maple Drive|-38.11536,145.25100
Red Oak Terrace|-38.05909,145.24591
Red Poll Road|-38.11169,145.24363
Redding Street|-38.11812,145.29206
Redfern Crescent|-37.99949,145.24515 -37.92575,145.16337 -37.92652,145.16729
Redfield Court|-37.91896,145.19439
Redgum Avenue|-38.09903,145.19626 -38.10149,145.19453
Redgum Court|-37.91423,145.26664
Redgum Drive|-38.02517,145.20344 -38.02449,145.19806
Redhill Court|-37.96950,145.25286
Redholme Street|-37.93532,145.03928
Redington Drive|-37.95127,145.19238
Redleaf Close|-38.03059,145.27761
Redleaf Way|-37.90146,145.18591
Redleap Court|-37.96571,145.27353
Redpath Close|-37.92404,145.10626
Redpath Crescent|-37.93351,145.15964
Redstart Street|-37.97954,145.23680
Redwood Avenue|-38.05103,145.26865 -38.05125,145.27239
Redwood Court|-37.92274,145.27678
Redwood Drive|-37.98403,145.11262 -37.98731,145.11484 -38.00564,145.17495 -37.90317,145.13242
Reece Court|-37.93753,145.24954
Reed Court|-37.96997,145.27061
Reedy Court|-38.00082,145.28223
Reef Court|-38.01805,145.12181
Reema Boulevard|-37.97449,145.27387 -37.97089,145.27321 -37.96798,145.27450 -37.97200,145.27829
Reeve Court|-37.95994,145.05777
Reeve Place|-37.91830,145.25429
Reeves Court|-38.03848,145.25744
Regal Avenue|-38.00438,145.26786
Regal Court|-38.10047,145.19096
Regal Drive|-37.94601,145.14930
Regans Road|-38.03016,145.25197 -38.03284,145.25140
Regatta Court|-38.01763,145.11776
Regency Court|-38.09540,145.19049
Regency Place|-37.89961,145.17045
Regency Street|-37.96513,145.19980
Regency Terrace|-37.92163,145.27401
Regent Avenue|-37.95627,145.14257 -37.95340,145.14311 -37.95066,145.14364 -37.94742,145.14427 -37.94372,145.14498
Regent Court|-37.95963,145.02794
Regent Parade|-37.95358,145.06455 -37.95657,145.06445
Regent Place|-37.93683,145.10724
Regent Street|-37.92325,145.00521 -37.92394,145.01092 -37.90213,145.09445 -37.89944,145.09497
Regents Park Court|-37.90829,145.26758
Regina Street|-37.97598,145.15041 -37.97644,145.15409 -37.90807,145.16941
Reginald Court|-38.10140,145.25651
Reginald Street|-37.96857,145.15586
Regnans Avenue|-37.96821,145.23828 -37.97004,145.24095
Regworth Court|-37.94874,145.02172
Reid Court|-37.96866,145.21031
Reid Street|-37.99185,145.03663 -37.99145,145.03312 -37.98547,145.09119 -37.90159,145.07349 -37.90482,145.07288 -37.90780,145.07230 -37.91107,145.08729
Reilly Street|-37.93573,145.15903
Rembrandt Drive|-37.90602,145.18195 -37.90810,145.18487
Remer Court|-37.97155,145.07736
Remington Drive|-38.03352,145.22735 -38.02711,145.23376 -38.02889,145.23115 -37.95354,145.04886
Remo Street|-37.98565,145.06202
Remont Court|-37.96012,145.07371
Remount Way|-38.08258,145.24522 -38.07985,145.24574
Remuera Street|-37.90101,145.02621
Remus Circuit|-38.10333,145.24898
Rena Court|-37.93364,145.16707
Renbold Place|-37.93386,145.20096
Rendell Place|-38.04132,145.26357
Rene Place|-38.02364,145.25836
Rene Street|-37.97512,145.04739
Renee Avenue|-37.97509,145.27509
Renee Close|-37.92926,145.19716
Renee Court|-38.10075,145.26601
Renfree Street|-37.99832,145.20511
Rennison Court|-37.90372,145.17849
Rennison Street|-37.99526,145.03664 -38.00262,145.07889 -37.99976,145.07951 -37.99685,145.08009
Reno Road|-37.95895,145.02373 -37.95849,145.01982
Renoir Court|-37.91274,145.18040
Renowden Street|-37.96519,145.08524 -37.96874,145.08457
Renown Street|-37.92103,145.04396 -37.92151,145.04754
Renver Road|-37.92017,145.14295 -37.92353,145.14229 -37.91689,145.14356
Research Way|-37.90786,145.13600 -37.90739,145.13080
Reserve Place|-37.90585,145.14495
Reserve Road|-38.08601,145.12466 -37.99040,145.03208 -37.99311,145.03158 -37.98677,145.03277 -37.97929,145.03418 -37.98214,145.03364 -37.97430,145.03530 -37.96476,145.03706 -37.96888,145.03628 -37.96176,145.03766 -37.95700,145.03867
Reserve Street|-37.94132,145.15595
Reservoir Crescent|-37.94102,145.25174 -37.94284,145.24917
Reservoir Road|-37.97205,145.30096 -37.97621,145.29859 -37.97898,145.29665
Resplendent Avenue|-38.11818,145.23601
Retreat Avenue|-38.08158,145.30060 -38.01985,145.09871
Retreat Road|-37.94033,145.01142 -37.94090,145.01602
Reuben Street|-37.96039,145.06231
Reumah Court|-37.97985,145.16373
Reumah Place|-38.02087,145.11880
Revilo Court|-37.93686,145.21315
Rex Court|-37.97615,145.17360
Rex Place|-37.97400,145.12409
Reynolds Avenue|-37.90810,145.18487
Reynolds Court|-37.98945,145.26730
Reynolds Street|-37.93435,145.03342
Reyoff Place|-38.07392,145.24314
Reys Close|-38.00367,145.10391
Rhoda Street|-37.98596,145.13121 -37.98554,145.12751
Rhode Island|-38.07077,145.14179
Rhoden Court|-37.95451,145.20957
Rhoden Grove|-38.00045,145.24483
Rhodes Street|-37.94772,145.15790
Rhonda Close|-37.97030,145.26019
Rhonda Court|-37.94309,145.04786
Rhone Grove|-38.12381,145.19558
Rhur Street|-38.00853,145.20678 -38.00906,145.21106
Rhus Close|-37.96989,145.23838
Rhyl Close|-37.97116,145.24785
Rialto Avenue|-38.07795,145.28267
Riana Loop|-37.99749,145.24928
Ribbon Court|-38.12414,145.15545 -38.02309,145.12790
Ribbon Gum Drive|-38.06636,145.24462
Rica Street|-37.94255,145.05568
Rice Street|-37.94172,145.04889
Rich Street|-37.97291,145.17323 -37.97339,145.17719
Rich Walk|-38.06065,145.28695
Richard Court|-37.98938,145.09762 -37.92579,145.23941
Richard Street|-37.96756,145.15397 -37.96799,145.15741 -37.92308,145.07433 -37.92041,145.07488
Richardson Street|-38.10194,145.14313 -37.89852,145.08415
Richie Court|-38.03867,145.28658
Richmond Avenue|-38.10984,145.16674 -38.11253,145.16610
Richmond Circuit|-37.93317,145.19194
Ricki Court|-37.94347,145.13236
Rickson Court|-37.97838,145.15172
Riddell Street|-37.95006,145.21300 -37.95054,145.21647
Ridder Court|-37.97446,145.11757
Riddle Street|-37.92407,145.04202 -37.92362,145.04567
Riddleston Court|-38.05878,145.29137
Ridge Avenue|-37.93975,145.02572
Ridge Court|-38.04694,145.26681
Ridgemont Way|-38.00210,145.17942
Ridgeview Terrace|-37.91030,145.28599
Ridgeway Chase|-38.02983,145.29137
Ridgeway Street|-37.91509,145.22507
Ridley Close|-38.11124,145.16541
Riflebird Avenue|-37.99735,145.29159
Rigby Avenue|-37.90159,145.05353
Rigby Court|-38.06573,145.29286
Rigby Mews|-37.92489,145.23231
Rigby Street|-38.07320,145.13142 -38.07565,145.13293
Riley Place|-38.03902,145.26271
Riley Street|-37.92359,145.09421 -37.92086,145.09242
Rimes Close|-38.10515,145.26120
Rimfire Crescent|-38.11527,145.27700
Rimfire Drive|-38.02008,145.27227 -38.01959,145.27896
Rimington Court|-38.02638,145.25433
Rimmer Street|-37.97413,145.05960
Rimu Close|-37.97930,145.23860
Ring Court|-37.95255,145.21352
Ring Road East|-37.91392,145.13528
Ringo Place|-38.06452,145.29153
Rings Road|-37.94583,145.05938
Rio Court|-37.90023,145.28818
Rio Vista Court|-37.96374,145.07254
Ripley Street|-37.93541,145.09523
Ripon Court|-37.93913,145.19087
Rips Court|-37.97932,145.11664
Risdon Drive|-37.90778,145.14726 -37.90714,145.15075
Riseley Court|-37.99695,145.16429
Rita Court|-37.97263,145.27189
Ritz View|-38.07385,145.27719
River Gum Place|-38.08363,145.20167
River Redgum Place|-38.05412,145.24995
River Terrace|-38.00107,145.28846
Riverend Road|-38.04187,145.14580 -38.04555,145.14873 -38.04824,145.15086 -38.05127,145.15327 -38.03710,145.14324 -38.04001,145.14479 -38.04300,145.14671 -38.04555,145.14873 -38.04824,145.15086 -38.05127,145.15327
Rivergum Place|-37.98586,145.15191
Rivergum Rise|-38.02998,145.27769
Riversdale Avenue|-38.10970,145.13945 -38.07083,145.12947 -38.07327,145.13098
Riverside Drive|-38.09583,145.25016
Riverside West|-38.06190,145.14128 -38.05987,145.14357
Riverview Crescent|-37.99443,145.25087 -37.99473,145.24740
Riverwood Drive|-38.12885,145.28656 -38.13153,145.28607
Rivett Crescent|-37.91084,145.16133 -37.91421,145.16075 -37.91639,145.16335
Rivette Court|-38.11503,145.27514
Rivette Street|-37.98903,145.09532 -37.98589,145.09591
Rivette Way|-38.08701,145.19577
Riviera Street|-38.08601,145.12587 -38.08892,145.12622 -37.98211,145.07255 -37.97852,145.07323 -37.97571,145.07377
Rivoli Court|-37.97522,145.11997
Rivoli Street|-37.98300,145.05525
Rivulet Boulevard|-37.94681,145.13988
Robb Court|-38.03505,145.26248
Robbie Close|-37.92229,145.26857
Robbins Way|-38.03806,145.26420
Roberna Street|-37.94864,145.06728 -37.94588,145.06770 -37.94295,145.06825
Robert Court|-38.04301,145.27040
Robert Molyneux Avenue|-37.98924,145.25813 -37.98983,145.26182
Robert Street|-37.98672,145.08469 -37.98621,145.08081 -37.98733,145.08898 -37.97944,145.21996 -37.92608,145.03924 -37.92263,145.03989 -37.91922,145.04050
Roberta Street|-37.97186,145.21485
Roberts Avenue|-37.92703,145.14942 -37.92926,145.15295
Roberts Court|-37.99226,145.26729 -37.92890,145.03032
Roberts Road|-38.09378,145.26842 -38.09576,145.27113
Roberts Street|-37.96647,145.17779
Robertson Parade|-38.02553,145.10135
Robin Close|-37.97665,145.23695
Robin Court|-37.98634,145.16027
Robin Drive|-38.09800,145.17787
Robina Court|-37.98702,145.12793 -37.92930,145.24376
Robinson Crescent|-38.03255,145.26412
Robinson Road|-38.07718,145.15329 -38.07999,145.15276
Robinson Street|-37.98725,145.21099 -37.98284,145.21191 -37.91835,145.01667 -37.91961,145.02028 -37.91949,145.10935 -37.91989,145.11296
Robinsons Road|-38.10727,145.13375
Robinvale Court|-37.96861,145.26062
Robjant Street|-38.03736,145.24915 -38.03419,145.24790 -38.03111,145.24762 -38.02821,145.24727
Robross Street|-37.96363,145.06891
Robusta Avenue|-38.08769,145.28868
Robyn Court|-38.03590,145.25320 -37.93642,145.08182 -37.94636,145.21079
Roche Court|-38.04689,145.13894 -37.93569,145.08617
Rochell Court|-37.94651,145.10336
Rochelle Court|-38.02763,145.12949 -38.04525,145.28479
Rochester Parade|-38.10086,145.29411 -38.09889,145.29674
Rochford Place|-38.02859,145.28828
Rochford Street|-37.90935,145.05767 -37.90640,145.05819
Rock Daisy Drive|-38.11606,145.24904
Rockbeare Court|-37.91489,145.12005
Rockford Court|-37.97666,145.18311
Rocklea Crescent|-38.09201,145.20210
Rockleigh Park Road|-37.97841,145.28573 -37.97561,145.28670 -37.97409,145.28968 -37.97271,145.29273
Rockman Court|-37.99349,145.29325
Rodd Street|-37.98507,145.20894
Rodeo Court|-37.96777,145.27535
Rodeo Drive|-38.00614,145.20849
Rodina Terrace|-38.00093,145.19949
Rodney Close|-37.90476,145.19399
Rodney Court|-38.09557,145.19929 -37.96423,145.15980
Rodney Street|-37.94184,145.04994
Rodwell Street|-37.99277,145.20163
Roger Court|-37.92690,145.24014
Rogers Avenue|-37.91160,145.02054
Rogers Road|-37.93194,145.04283
Rogers Street|-37.98175,145.06887 -37.98489,145.06826 -37.97322,145.20951 -38.00134,145.24374
Rohan Court|-38.02950,145.27012
Rokeby Close|-38.01013,145.27766
Rokeby Place|-37.92822,145.18483
Rokewood Court|-37.97303,145.25767
Rola Close|-37.97008,145.27568
Rolex Court|-37.97854,145.19385
Rolland Court|-37.98351,145.26354
Roma Avenue|-38.09451,145.27139
Roma Court|-37.98003,145.15320 -37.99790,145.25196
Roma Street|-37.92659,145.04338
Romilly Crescent|-37.93471,145.18460
Romney Close|-37.93918,145.04834
Romsey Street|-37.96809,145.16898
Romulus Crescent|-38.10216,145.24889
Ronald Avenue|-37.95373,145.17114
Ronald Street|-37.98988,145.22438 -37.98666,145.22139 -37.93539,145.04605
Ronans Retreat|-38.05126,145.24878
Ronston Court|-37.91367,145.19246
Rooding Street|-37.90385,145.00188 -37.90345,144.99834
Roosevelt Court|-37.98107,145.12369 -37.92806,145.01387
Roper Street|-37.94499,145.05381
Ropley Grange|-38.12848,145.13547
Rosa Avenue|-37.95906,145.16335
Rosalie Avenue|-38.09671,145.27219
Rosalie Court|-38.03054,145.26879
Rosalie Street|-37.94521,145.15716 -37.94478,145.15368
Roscoe Court|-37.95001,145.19504
Rose Avenue|-37.96317,145.20064
Rose Bush Court|-38.06415,145.24294
Rose Drive|-37.99337,145.23223
Rose Lane|-38.09076,145.27877
Rose Street|-37.95699,145.01798 -37.95364,145.01868 -37.95130,145.03319 -37.94787,145.03393 -37.91734,145.03105 -37.91034,145.03229 -37.92255,145.12155 -37.92306,145.12571
Rosebank Avenue|-37.93943,145.13153 -37.93883,145.12669 -37.93985,145.13492 -37.94033,145.13882
Rosebank Court|-37.90941,145.27369
Rosebank Drive|-38.08082,145.28367 -38.07611,145.28772 -38.07624,145.29395 -38.07809,145.28419
Roseberry Avenue|-38.04544,145.11257 -37.91073,145.00992
Rosebud Avenue|-37.94011,145.04815
Rosedale Court|-37.97193,145.25911
Rosehill Court|-37.93766,145.18691
Rosella Avenue|-37.94101,145.10063 -37.94376,145.10009
Rosella Road|-38.00040,145.08067 -38.00350,145.08009
Roselyn Crescent|-37.91493,145.05485
Rosemary Avenue|-37.95851,145.15237
Rosemary Court|-38.11304,145.18602 -37.90331,145.15884
Rosemary Crescent|-38.12438,145.16025 -38.12641,145.15549 -38.12345,145.15312
Rosemary Road|-37.98149,145.03978 -37.97837,145.04037
Rosemont Court|-37.96407,145.19945
Rosene Court|-37.99769,145.17099
Rosette Crescent|-38.00125,145.17222
Rosevae Crescent|-37.99223,145.14904
Rosewall Place|-37.93751,145.10561
Rosewarne Avenue|-37.95343,145.06357 -37.95630,145.06310
Rosewin Court|-38.08821,145.19130
Rosewood Boulevard|-37.92244,145.28210 -37.91932,145.28439
Rosewood Court|-37.92692,145.17757
Rosie Court|-38.02836,145.12951
Rosina Street|-37.93258,145.04547
Rosings Court|-37.90315,145.15114
Rosling Lane|-37.99249,145.20422
Roslyn Court|-37.94541,145.21659
Roslyn Street|-37.92897,145.00164 -37.92601,145.00224 -37.92330,145.00279 -37.91617,145.00408 -37.91927,145.00343
Ross Court|-37.96035,145.16185
Ross Crescent|-38.09595,145.20262
Ross Street|-38.02875,145.10323 -37.96536,145.10645 -37.96882,145.10566 -37.97151,145.10513 -37.97826,145.22693 -37.98101,145.22641 -37.98441,145.22576 -37.97514,145.22748 -37.91707,145.04196 -37.90751,145.10737 -37.90800,145.11078
Rosscommon Mews|-38.11673,145.26258
Rossdale Street|-37.90941,145.12159
Rossiter Avenue|-37.98829,145.26421
Rossiter Court|-38.10132,145.14123 -37.90425,145.27849
Rossiter Road|-38.06872,145.16709 -38.07239,145.16636 -38.07782,145.16526 -38.08201,145.16442
Rosslare Place|-38.12081,145.26290
Rosslyn Avenue|-38.12477,145.12792 -38.12144,145.12962 -38.11875,145.13020 -38.11360,145.13130
Rosslyn Court|-38.12532,145.12908
Rossmith Avenue|-37.97846,145.05328 -37.97804,145.04927
Rostella Court|-37.90103,145.17528
Rothesay Court|-37.94859,145.18939
Rotorua Street|-37.89996,145.02642
Rouen Street|-37.93035,145.00384
Roulston Court|-37.94659,145.19267
Round Tower Road|-38.01666,145.23359 -38.01305,145.23436 -38.00820,145.23537
Rouse Street|-38.09112,145.26894 -38.09155,145.27233
Rowan Avenue|-37.92935,145.05486
Rowan Court|-38.12254,145.16344 -38.10467,145.17681
Rowan Drive|-37.98481,145.23995 -37.98483,145.23649
Rowan Road|-37.98185,145.13894 -37.98036,145.14183 -37.97845,145.14656
Rowans Road|-37.94887,145.04667 -37.94939,145.05070 -37.94149,145.05271 -37.94570,145.05161 -37.93842,145.05566 -37.93569,145.05629
Rowcroft Avenue|-38.05626,145.25634
Rowdon Place|-38.02163,145.12620
Rowell Drive|-37.97641,145.07135
Rowellyn Avenue|-38.10604,145.19355 -38.10215,145.19255
Rowen Court|-38.07973,145.29033
Rowena Court|-37.98861,145.16938
Rowland Close|-38.02245,145.25593
Rowland Street|-37.93610,145.05941
Rowlands Avenue|-37.97275,145.16237
Rowson Grove|-37.94711,145.11440
Roxley Place|-37.92801,145.20261
Roy Court|-37.99061,145.18164
Roy Street|-37.91107,145.11736
Royal Avenue|-38.06145,145.12704 -37.95787,145.01133 -37.95891,145.01789 -37.95679,145.14687 -37.95399,145.14805 -37.94931,145.14895
Royal Charlotte Drive|-38.05439,145.14213
Royal Court|-38.06576,145.28238
Royal Oak Court|-37.93962,145.21454
Royal Palms|-38.02190,145.12427
Royal Parade|-37.99976,145.07951
Royal Place|-37.93644,145.10611
Royal Road|-38.05923,145.13127 -38.06080,145.12665
Royal Terrace|-37.94547,145.04566
Royal Troon Avenue|-37.95529,145.08427
Royaloak Crescent|-38.12347,145.29112 -38.12568,145.29330
Royalty Avenue|-37.95545,145.04222 -37.95596,145.04637
Royalty Street|-37.91525,145.12349
Roycroft Avenue|-38.02811,145.10238
Roycroft Court|-37.96778,145.27237
Roydon Street|-37.93538,145.02816 -37.93493,145.02445
Royena Road|-37.94096,145.05702 -37.93797,145.05755
Royston Court|-38.10325,145.19518
Rubens Court|-37.91028,145.18630
Rubicon Court|-38.01443,145.27600
Rubida Court|-37.97033,145.23868
Rubina Court|-37.95899,145.19324
Ruby Close|-37.93787,145.24751
Ruby Place|-37.97520,145.12292 -37.95270,145.15836
Ruby Street|-37.90642,145.03432
Rudd Court|-38.06584,145.26008
Rudduck Street|-37.98838,145.20925
Rudolf Court|-37.97883,145.12383
Rudyard Street|-37.92723,145.08180 -37.92671,145.07777
Ruffles Close|-38.04813,145.29187
Ruffles Court|-38.09711,145.25545
Ruffy Drive|-38.09907,145.27419 -38.09998,145.27743
Rumble Lane|-38.12490,145.23105
Rundle Drive|-38.08720,145.19357 -38.08991,145.19303
Rupert Drive|-37.92893,145.17770 -37.93166,145.17789
Rupert Street|-37.99261,145.08035 -37.94967,145.03475
Rupertswood Rise|-38.06144,145.29667
Rupicola Court|-37.93372,145.22402
Rusden Place|-37.90588,145.14215
Rushdale Street|-37.89361,145.25518 -37.89679,145.25562 -37.89952,145.25579 -37.90088,145.25275 -37.90239,145.24962
Russ Street|-37.93553,145.11111
Russdann Court|-37.96832,145.15109
Russell Court|-37.97811,145.05591
Russell Street|-38.11242,145.28750 -38.10628,145.28866 -38.10974,145.28798 -37.90084,145.02294 -37.94250,145.16217 -37.94014,145.16383
Russet Court|-37.99246,145.17826
Russlie Court|-37.90082,145.17363
Rustic Rise|-37.99171,145.28318
Ruth Court|-37.96230,145.13913
Rutherford Road|-38.09860,145.14803 -38.09904,145.15194
Rutherglen Court|-37.90524,145.27158
Rutherglen Street|-37.97784,145.17077 -37.97839,145.17526
Ruthven Way|-38.07496,145.29460
Rutland Court|-37.98373,145.15353
Ruvina Street|-38.01574,145.09405
Ruxton Rise|-37.97750,145.02878
Ryan Mews|-37.96971,145.13083
Ryan Street|-38.10295,145.15261
Ryans Road|-37.95026,145.11485 -37.95082,145.11955
Rydal Place|-37.91315,145.17748
Ryder Court|-37.90251,145.27364
Ryder Street|-38.11313,145.26030 -38.11634,145.25944 -37.96673,145.19298
Ryebank Way|-38.11784,145.29766
Ryecroft Court|-37.94834,145.18842
Rylands Road|-37.97630,145.20095
Rymada Street|-38.07825,145.24844
Ryrie Place|-37.91667,145.20207
Sabina Park Drive|-37.92978,145.19037
Sabine Avenue|-37.95385,145.20662
Sackville Court|-37.92513,145.19180
Saddle Crescent|-38.10155,145.29641
Sadie Court|-37.96893,145.19339
Sadler Court|-37.97265,145.12366
Saffron Drive|-38.00474,145.28000 -38.00472,145.28352 -38.00497,145.28734 -38.00718,145.28956
Sage Place|-37.93045,145.23500
Sage Street|-37.90121,145.11177 -37.90387,145.11099
Sahra Grove|-38.10337,145.16351
Saint Clair Avenue|-38.09855,145.24959 -38.10157,145.25096
Saint Cloud Court|-38.07281,145.29399
Saint Georges Court|-37.98514,145.08317
Saint Helena Place|-37.90503,145.27984
Saint John Place|-37.91623,145.24248
Saint Lawrance Way|-37.91322,145.25802
Saint Maximin Court|-38.06369,145.29849
Saint Mellion Court|-38.11648,145.26366
Saint Peters Court|-37.92525,145.06506
Saintsbury Crescent|-37.95177,145.20727
Saison Circuit|-37.99282,145.23526
Salem Avenue|-37.92496,145.08344
Salerno Way|-37.93181,145.23624 -37.93345,145.23903
Salford Court|-37.92380,145.17411
Sali Court|-37.93960,145.09006
Salicina Court|-37.96563,145.24103
Salisbury Street|-37.94862,145.01826
Sallys Run|-38.04980,145.28024
Salmon Bay|-38.07429,145.13883
Salmon Street|-37.97882,145.06161
Saltair Street|-37.94310,145.02561
Saltbush Avenue|-38.06706,145.24559
Saltbush Court|-37.92797,145.24289
Saltram Court|-38.10296,145.19111
Salway Close|-38.09278,145.28377
Sam Close|-37.97202,145.26805
Sam Street|-38.08749,145.18550
Samada Street|-37.90438,145.14230 -37.90477,145.14570 -37.90591,145.14894
Samaher Court|-37.96971,145.27381
Samantha Close|-37.90530,145.19202
Samantha Court|-37.90004,145.25150
Samantha Crescent|-38.07860,145.29277
Samaria Street|-37.95437,145.20415
Samuel Close|-37.90403,145.19876
Samuel Court|-37.92391,145.06950
San Antonio Court|-37.99353,145.06795
San Lorenzo Court|-37.96013,145.07729
Sanctuary Crescent|-37.90313,145.27694
Sanctuary Drive|-38.09860,145.18301
Sanctuary Place|-38.01631,145.10582
Sanctuary Rise|-38.00111,145.29058
Sanctum Parade|-38.11942,145.23517
Sand Hill Close|-37.95780,145.07978
Sandala Court|-37.96310,145.21355
Sandalong Court|-38.06723,145.12705
Sandalwood Drive|-38.08124,145.20419 -37.93879,145.09257
Sandalwood Grove|-38.09229,145.18806 -38.09307,145.19144
Sandarra Boulevard|-38.08203,145.20046 -38.08173,145.19700 -38.08421,145.19559 -38.08661,145.19780
Sandfield Drive|-38.10781,145.19220 -38.10700,145.18880 -38.10756,145.18501
Sandford Close|-37.93873,145.25298
Sandford Street|-37.95031,145.04698 -37.95041,145.05177
Sandhurst Boulevard|-38.08690,145.20117 -38.08592,145.20459 -38.08576,145.20821 -38.08694,145.21188 -38.08742,145.21528 -38.08455,145.21562 -38.08200,145.21446 -38.08673,145.20026 -38.08083,145.20416 -38.08068,145.20873
Sandhurst Mews|-38.03741,145.27729
Sandleford Place|-37.98856,145.12528
Sandown Road|-37.94871,145.15293 -37.95066,145.15825 -37.95213,145.16143
Sandpiper Close|-38.05320,145.13626
Sandra Avenue|-37.97130,145.16487
Sandra Court|-37.90960,145.16821
Sandra Grove|-37.93434,145.04622
Sandra Street|-37.98628,145.24656
Sandridge Court|-38.08019,145.14563
Sandringham Road|-37.95054,145.00607 -37.95098,145.00973 -37.95138,145.01341 -37.95230,145.02099
Sandstone Circuit|-38.10133,145.17288
Sandview Place|-38.11126,145.26118
Sandy Court|-37.98058,145.15952 -37.96356,145.19991
Sanicki Court|-37.93788,145.07831
Saniky Street|-37.90367,145.14380 -37.90326,145.14743
Sanoma Drive|-38.12118,145.19761 -38.12373,145.19565 -38.12301,145.19222
Sansom Close|-38.05629,145.26045
Santa Clara Mews|-38.12305,145.19579
Santaram Street|-37.91298,145.08250
Santed Court|-37.92338,145.22826
Sapling Street|-37.93912,145.13629
Sapphire Drive|-38.03514,145.25053
Sapphire Mews|-38.11828,145.19551
Sapphire Place|-37.95178,145.15738
Sara Avenue|-37.92121,145.01605
Sara Court|-37.97995,145.16089
Sara Drive|-37.91363,145.19207 -37.91627,145.19280
Sara Place|-38.01488,145.10736
Sarah Close|-37.95537,145.13322
Sarah Place|-38.09234,145.18840 -38.03435,145.27386
Sarah Street|-37.96505,145.01742
Sargasso Avenue|-37.99467,145.17085
Sargood Court|-37.98516,145.26974
Sargood Street|-37.94292,145.01097 -37.93952,145.01158
Sarno Court|-38.10842,145.26560
Sarona Street|-37.98332,145.22741
Sarose Court|-37.97758,145.12126
Sarton Road|-37.91692,145.14474 -37.92026,145.14408 -37.92419,145.14334
Sarzana Street|-37.97663,145.07243
Sash Close|-38.11211,145.19189
Sasha Court|-38.01336,145.28301
Sasha Place|-37.94527,145.18895
Sassella Street|-37.92605,145.07477
Satin Street|-38.08891,145.29034 -38.08942,145.29421
Satinwood Way|-38.05609,145.24539
Satterley Close|-37.97806,145.24598
Saturn Court|-37.91923,145.18262
Saunders Close|-37.91884,145.27176
Saunders Street|-37.94129,145.13848
Saunton Drive|-38.12018,145.25543
Saurin Lane|-37.92629,145.28936 -37.92986,145.28864
Saville Court|-37.90474,145.27536
Savona Street|-37.98021,145.07175 -37.98063,145.07520
Savoy Grove|-38.07138,145.27801
Sawgrass Way|-38.09798,145.25128
Saxil Court|-38.10389,145.14713
Saxony Court|-37.92683,145.17670
Scanlan Street|-37.93642,145.06998
Scarborough Avenue|-38.11002,145.25928 -38.10795,145.26158 -38.10520,145.26163
Scarborough Drive|-38.05408,145.28804 -38.05677,145.29068
Scarborough Grove|-37.98087,145.04810
Scarlet Ash Drive|-38.11453,145.24846
Scarlet Drive|-37.98041,145.23664
Scarlet Street|-37.98885,145.09382 -37.98910,145.09724 -37.98535,145.09826
Scarlett Avenue|-38.08780,145.19852
Scenic Boulevard|-37.91458,145.13508 -37.90898,145.13698 -37.90628,145.13726
Scenic Court|-37.94823,145.21169
Schanck Place|-37.98073,145.25303
Schmidt Court|-38.10469,145.15140
Schneider Crescent|-37.93969,145.10204
Schofield Street|-37.93998,145.03987
Scholar Lane|-38.10480,145.25039
School Court|-38.05149,145.28653
Schoolhall Street|-37.90721,145.08887
Schooner Bay Drive|-38.07008,145.14023 -38.07281,145.13966
Schuler Court|-38.01728,145.28960
Schulz Street|-37.93398,145.05659 -37.93443,145.06039
Schumann Court|-38.10044,145.19298
Scioto Street|-38.11084,145.25831
Scone Street|-38.12798,145.29619
Scorchin Drive|-38.12267,145.23452
Scotch Avenue|-38.00018,145.14691
Scotch Lane|-38.09560,145.25309
Scotch Parade|-38.05905,145.13136 -38.05650,145.12998 -38.04824,145.12484 -38.05074,145.12618 -38.05366,145.12775
Scotia Crescent|-37.98128,145.15900 -37.98273,145.16203
Scotland Circuit|-38.10681,145.24563
Scotsburn Avenue|-37.92379,145.10819 -37.92664,145.10763 -37.92009,145.10891
Scotsburn Close|-37.93514,145.19745
Scotsburn Way|-37.97088,145.26665 -37.96835,145.26791 -37.97269,145.26108 -37.97312,145.26455
Scotsdale Drive|-38.10855,145.29799 -38.10595,145.29593 -38.10267,145.29646
Scotsmore Road|-37.97725,145.15482
Scott Avenue|-37.94938,145.13551
Scott Close|-37.99910,145.26900
Scott Court|-38.12451,145.13698 -38.05699,145.14029
Scott Street|-38.10833,145.13424 -38.10785,145.13075 -38.10892,145.28037 -38.11176,145.27981 -37.99059,145.03909 -37.98714,145.03980 -37.98251,145.04071 -37.98597,145.20792 -37.98514,145.20465 -37.98627,145.21149 -37.94439,145.03642 -37.90265,145.03034 -37.89827,145.03120
Scotts Street|-37.92003,145.04414 -37.92052,145.04771
Scullin Street|-37.96580,145.21347
Sea Parade|-37.98256,145.05363 -37.98530,145.05310
Sea Terrace|-37.98535,145.05390
Seaberry Promenade|-38.09391,145.20427 -38.08873,145.20625
Seabreeze Court|-38.02065,145.10142
Seabrook Way|-38.08565,145.13340
Seach Street|-37.89918,145.01795
Seachange Parade|-38.07824,145.25544
Seacombe Place|-38.09631,145.29152
Seacrest Avenue|-38.10660,145.14507 -38.10927,145.14454
Seafarer Court|-38.07951,145.13721
Seafoam Street|-37.94014,145.03246
Seaford Grove|-38.11087,145.13352 -38.10975,145.13670
Seaford Place|-38.11071,145.14153
Seaford Road|-38.11003,145.12730 -38.11080,145.13296 -38.10905,145.13578 -38.10886,145.13950 -38.11102,145.14402 -38.11145,145.14752 -38.11192,145.15131 -38.11244,145.15645
Seamons Court|-37.99085,145.27011
Sean Close|-37.90567,145.19510
Searle Court|-37.95358,145.21536
Seascape Street|-37.91642,145.12810
Season Grove|-38.00705,145.16354
Seathorpe Avenue|-37.92934,145.05609
Seaton Drive|-37.97695,145.13486
Seaton Place|-37.92114,145.26218
Seaton Rise|-38.01657,145.27867
Seaton Road|-37.94408,145.03384
Seaview Avenue|-37.91662,145.04691 -37.91614,145.04222
Seaview Court|-38.04313,145.13030 -37.95301,145.20548
Seaview Crescent|-37.97133,145.01264 -37.97050,145.01606 -37.92779,145.15424
Seccull Drive|-38.04889,145.14002 -38.04625,145.13859
Second Avenue|-38.03116,145.10466 -38.04273,145.13186 -38.04554,145.13337 -37.97659,145.09423 -37.97612,145.09052 -37.97568,145.08688 -37.95635,145.21014 -37.91835,145.22995
Second Street|-37.97810,145.01708 -37.97835,145.02120 -37.97881,145.02506 -37.98706,145.07198 -37.98345,145.07505 -37.97555,145.09098 -37.93389,145.13324 -37.93051,145.13412
Sedgwick Court|-38.05771,145.25992
Seebeck Drive|-38.05284,145.28689 -38.05258,145.28340 -38.05292,145.29348 -38.05002,145.29833
Seebeck Road|-37.93307,145.22126 -37.93682,145.22068 -37.93775,145.22391 -37.93875,145.22719 -37.94050,145.22984 -37.93295,145.22124 -37.93573,145.22090 -37.93754,145.22345 -37.93866,145.22675 -37.94039,145.22943
Seely Street|-37.99281,145.20324
Seismic Court|-37.90779,145.24495
Selbourne Place|-38.05030,145.27270
Selbourne Way|-37.93303,145.19674
Selby Avenue|-37.95296,145.17135
Selhurst Park Road|-37.92553,145.18675
Selkirk Avenue|-37.91361,145.04854
Selma Close|-38.05629,145.26231
Selo Mews|-38.00112,145.19942
Selsey Street|-38.09639,145.13137
Selwood Court|-37.92346,145.23625
Selwood Retreat|-37.95355,145.06056
Selworthy Avenue|-37.91519,145.08533
Selwyn Court|-38.11415,145.20153 -37.92481,145.17295
Senga Street|-37.96872,145.16161
Serica Place|-37.91376,145.17627
Sermon Street|-38.12422,145.24435
Serpentine Court|-38.01645,145.13181
Serpentine Road|-37.98293,145.15168 -37.98515,145.15366
Serrata Street|-38.09784,145.26266
Service Street|-37.93890,145.00271 -37.94017,145.00758 -37.94062,145.01130
Settlers Court|-37.91218,145.26821
Settlers Hill Place|-37.99616,145.28873
Settlers Lane|-38.06198,145.25570
Seventh Avenue|-38.04310,145.13083 -38.04201,145.13403 -37.97914,145.20421
Seventh Street|-37.99092,145.07415 -37.98748,145.07890
Severn Court|-37.95268,145.20128
Severn Crescent|-37.91591,145.25738 -37.91847,145.25925 -37.91888,145.25583
Sevilla Place|-38.04909,145.27092
Seville Court|-37.96519,145.08341
Sexton Court|-37.98389,145.27289
Shadetree Road|-38.06743,145.28007
Shadi Court|-38.10227,145.26146
Shadwell Street|-37.96466,145.06630
Shady Close|-38.04891,145.28437
Shady Grove|-37.91651,145.26157
Shady Mews|-37.92273,145.12765
Shady Place|-37.97802,145.16090
Shafer Court|-37.97988,145.26394
Shaftesbury Court|-37.98312,145.15719
Shafton Street|-37.90984,145.10685 -37.90294,145.10879 -37.90599,145.10759
Shaftsbury Drive|-37.92277,145.16550
Shakespeare Place|-37.92352,145.19004
Shalimar Crescent|-37.95714,145.21529 -37.95486,145.21284
Shanahan Crescent|-37.91203,145.05231
Shandeau Avenue|-37.91889,145.11948
Shandon Close|-38.12289,145.26178
Shands Street|-37.97495,145.05164
Shane Court|-38.10841,145.18813
Shannon Court|-37.97534,145.12077 -37.93854,145.10430
Sharan Avenue|-37.98363,145.08970
Sharman Court|-37.92163,145.04971
Sharne Court|-38.08349,145.29057
Sharon Road|-37.96593,145.16130 -37.96513,145.15447
Sharpe Street|-38.09715,145.27825
Sharra Court|-37.94246,145.09940
Sharrock Avenue|-37.96601,145.07850
Sharrock Drive|-37.98058,145.12696 -37.98328,145.12679
Sharyn Street|-38.09761,145.26080
Shasta Avenue|-37.91655,145.00650 -37.91701,145.01046
Shaun Court|-37.96062,145.14968
Shaw Close|-37.94973,145.19903
Shaw Street|-37.97646,145.15497
Shawnee Court|-38.01562,145.28792
Shay Close|-38.06628,145.28761
Sheales Street|-37.97299,145.21358
Shearer Drive|-37.93592,145.23944 -37.93724,145.24336
Shearman Court|-37.98805,145.18517
Shearman Crescent|-37.97737,145.05893
Shearson Crescent|-37.97627,145.08538 -37.97835,145.08292
Shearwater Drive|-38.10595,145.17167 -38.10871,145.17150 -38.11148,145.17306
Sheehan Court|-37.96803,145.21961
Sheffield Street|-37.91881,145.07069
Sheffield Way|-38.00220,145.14938
Shelburn Way|-38.11538,145.29357
Sheldon Court|-37.91623,145.29317
Sheldon Place|-37.94429,145.13347
Shelford Court|-37.96813,145.07104
Shelford Grove|-37.98266,145.12901
Shell Court|-38.08064,145.14559
Shelley Court|-38.03622,145.25385
Shelly Street|-37.97664,145.16217
Shelton Court|-37.94136,145.19615
Shelton Crescent|-37.94113,145.19356 -37.93856,145.19462
Shenfield Avenue|-38.05956,145.11879
Sheoak Mews|-37.95439,145.05877
Sheoak Street|-37.98951,145.25095 -37.98886,145.24523
Shepherd Court|-37.97903,145.13512
Sheppard Street|-37.93608,145.04472
Shepreth Avenue|-37.97351,145.17964 -37.97043,145.18077
Sherbourne Drive|-38.08840,145.18809
Sherbrooke Avenue|-37.93581,145.08101 -37.93807,145.08289 -37.93885,145.08660
Sheridan Avenue|-37.93191,145.25537 -37.93469,145.25504
Sheridan Court|-37.97580,145.11986 -37.98485,145.27288
Sherie Court|-37.99109,145.16422
Sheringham Drive|-37.90252,145.18255 -37.90577,145.18235
Sherlowe Court|-37.92557,145.07101
Sherwood Avenue|-38.05111,145.12638 -38.05263,145.12187 -38.05373,145.11861
Sherwood Crescent|-37.95152,145.22154 -37.95402,145.22000
Sherwood Road|-38.06742,145.28267 -38.06376,145.28499 -38.06068,145.28565
Sherwood Street|-37.90432,145.02560
Sherwood Way|-37.92034,145.28853
Shetland Street|-37.96587,145.26292 -37.96331,145.26405 -37.96275,145.26757 -37.96757,145.27100 -37.96346,145.27097
Shipston Road|-37.97146,145.06803 -37.97194,145.07174
Shipton Court|-37.95245,145.19447
Shiralee Court|-37.91105,145.19045
Shiraz Court|-37.94222,145.19719
Shirley Avenue|-38.09736,145.13267
Shirley Court|-37.90716,145.01575
Shirley Street|-37.96297,145.16628 -37.96013,145.16679
Shirlian Street|-37.96806,145.07762
Shoal Court|-37.98585,145.11899
Shoalwater Drive|-38.01217,145.13312 -38.01296,145.13654
Shoreacres Place|-37.95712,145.08127
Shoreline Avenue|-38.04249,145.11221
Shoreline Crescent|-38.09694,145.19220
Shorey Place|-38.08878,145.25787
Short Road|-38.04226,145.25975 -38.04543,145.25917
Short Street|-37.98858,145.20124 -37.93723,145.02775 -37.94729,145.16042
Shorthorn Walk|-38.06123,145.29284
Shower Road|-38.06862,145.25456
Showers Avenue|-38.05051,145.11265
Showjump Crescent|-37.96356,145.27581 -37.96571,145.27353
Shrewsbury Street|-37.91237,145.05478 -37.91310,145.06053
Shrives Road|-38.03016,145.28185 -38.03095,145.28782 -38.03146,145.29158 -38.03187,145.29508 -38.03065,145.29901
Sibthorpe Street|-37.98897,145.10261 -37.98584,145.10224
Siddeley Court|-37.97590,145.12071
Siddons Way|-38.01197,145.25273
Sidney Street|-38.09401,145.27034
Siede Court|-37.95904,145.04709
Sienna Court|-37.91431,145.26210
Sienna Crescent|-37.98427,145.26755
Sierra Boulevard|-38.08092,145.29610
Sigvard Boulevard|-38.00055,145.28082
Silk Court|-37.96803,145.22266
Silkwood Rise|-38.09185,145.16233
Silkwood Way|-37.92571,145.25354
Silky Oak Drive|-38.08690,145.28800
Silvan Avenue|-37.96001,145.14504
Silvan Court|-37.91964,145.24971
Silvan Grove|-38.03197,145.26598
Silvan Street|-37.93654,145.08703
Silvana Court|-37.91450,145.17480
Silver Avenue|-38.11757,145.15927 -38.11559,145.16347
Silver Banksia Boulevard|-38.11111,145.25997
Silver Birch Avenue|-37.97793,145.11450
Silver Court|-38.04566,145.25640
Silver Creek Drive|-38.04617,145.25932 -38.04752,145.25626
Silver Oak Street|-38.00011,145.16092
Silver Street|-37.96448,145.06496 -37.96407,145.06112 -37.96495,145.06865
Silverbanks Grove|-37.97975,145.07605
Silverbark Court|-38.08898,145.19932
Silvercrest Court|-37.99437,145.14971
Silverdale Close|-37.93960,145.24724
Silverdale Court|-37.97576,145.16093
Silvergum Place|-38.08668,145.28286
Silverstone Drive|-38.12261,145.25586
Silverton Drive|-37.94928,145.19711 -37.94951,145.19362
Silvertop Close|-38.05029,145.26124
Silvertop Crescent|-38.12657,145.14828
Silvertop Street|-38.12393,145.14862
Silverwattle Drive|-38.06430,145.25191 -38.06122,145.25038 -38.05869,145.24911
Simmonds Court|-37.91715,145.06581
Simmonds Place|-37.98058,145.24810
Simmonds Street|-37.90482,145.07988 -37.90773,145.07930
Simon Avenue|-37.97507,145.16091 -37.97550,145.16516 -37.92388,145.24352 -37.92353,145.24003
Simon Court|-38.04498,145.27367 -37.91033,145.16807
Simon Street|-37.93227,145.11319
Simone Court|-37.99967,145.27981
Simpson Court|-37.99816,145.26813
Simpson Drive|-37.96484,145.22155 -37.96746,145.21996 -37.97046,145.21928
Simpson Road|-37.95454,145.11881
Simpson Street|-37.96777,145.16633 -37.96433,145.16706 -37.94756,145.07310
Sims Court|-38.09052,145.18966
Sims Street|-37.95271,145.00483 -37.95321,145.00846 -37.95375,145.01268
Sinatra Way|-38.11513,145.29237
Sinclair Avenue|-38.03741,145.10785
Sinclair Court|-38.02635,145.25266
Sinclair Road|-37.99129,145.19629 -37.98722,145.19708
Sinclair Street|-37.96212,145.05229 -37.92081,145.10415
Singleton Drive|-37.98331,145.27172 -37.98107,145.26970 -37.93184,145.17121
Singleton Place|-37.95856,145.20034
Sir Harold Close|-37.97734,145.26616
Sir Kenneth Luke Boulevard|-37.92370,145.18649
Sir Laurence Drive|-38.11459,145.14130
Sirens Place|-38.00181,145.28816
Sirius Place|-38.03646,145.29429
Sitella Court|-38.10841,145.17275
Sixth Avenue|-38.02825,145.10558 -38.03075,145.10706 -38.04428,145.13654 -38.04118,145.13616 -37.98021,145.20512
Sixth Street|-37.99018,145.07329 -37.98668,145.07813
Skipton Place|-37.96781,145.27693
Sky Way|-38.09067,145.17420
Skye Court|-38.05102,145.13835
Skye Crescent|-37.96400,145.26716
Skye Heights Court|-38.11961,145.20001
Skye Road|-38.12854,145.13408
Skyline Way|-37.90783,145.28427
Sladen Street|-38.11198,145.27498 -38.11232,145.27863 -38.11104,145.26629 -38.11135,145.27004 -38.11369,145.28774 -38.11307,145.28287
Sladen Street Service Road|-38.11240,145.27578 -38.11074,145.26534 -38.11114,145.26943
Slater Court|-38.10389,145.14605
Sleeth Avenue|-37.98338,145.21912
Slessor Avenue|-38.04985,145.25236
Sloane Court|-37.98368,145.15151
Slym Court|-37.97738,145.15013
Smale Court|-38.10215,145.14521 -37.96197,145.19227
Small Road|-37.93058,145.04419 -37.93017,145.04081
Small Street|-37.93922,144.99963
Smeaton Avenue|-38.01195,145.20197 -38.00916,145.20231 -38.00671,145.19949
Smeed Street|-37.96707,145.01472
Smethurst Street|-38.10382,145.28657
Smith Court|-38.04370,145.29308
Smith Road|-37.94125,145.16583 -37.93596,145.17142 -37.93927,145.17076
Smith Street|-38.07463,145.12772 -37.96603,145.19033 -37.96390,145.18797 -37.93531,145.02213 -37.93258,145.02264 -37.91825,145.04417
Smithfield Court|-37.99377,145.16139
Smithson Court|-37.99868,145.20199
Smyth Street|-38.04889,145.14002
Snapper Point Drive|-38.07109,145.13684 -38.07429,145.13883
Snead Boulevard|-38.11471,145.25591 -38.11489,145.25220 -38.11186,145.25658
Snead Court|-37.97923,145.12516
Sneddon Court|-37.92567,145.19872
Sneddon Drive|-38.04685,145.29279 -38.04964,145.29471
Snipe Close|-38.05296,145.13695
Snow Gum Court|-37.92346,145.19736
Snowdon Drive|-37.97457,145.07925 -37.97229,145.08195
Snowdonia Road|-38.07310,145.28861
Snowdrop Drive|-37.99828,145.16619
Snowgum Close|-37.91492,145.26893
Snowgum Court|-37.98536,145.15464
Snowy Court|-37.93761,145.10887
Snowy Drive|-38.06946,145.25984
Snowy Street|-37.93959,145.21436
Society Avenue|-38.07738,145.25038
Soden Road|-38.02241,145.13698 -38.02460,145.13480 -38.03114,145.14268
Soho Court|-38.00307,145.18202
Sokleng Close|-37.92447,145.23527
Solar Close|-38.09201,145.29532
Solferino Way|-38.08934,145.19620
Solley Court|-38.11040,145.16540
Solsbury Crescent|-38.00256,145.16646
Solson Court|-37.98179,145.14962
Solway Close|-38.05275,145.14237
Somerfield Drive|-38.00887,145.17208
Somerfield Drive North|-38.00881,145.17340 -38.00755,145.17662
Somerfield Drive South|-38.00801,145.17862 -38.00838,145.17521
Somers Street|-38.12734,145.29658 -37.95981,145.16454 -37.91546,145.02872 -37.91494,145.02459
Somerset Close|-37.95889,145.07852
Somerset Court|-37.92999,145.18072 -37.93642,145.25431
Somerset Drive|-37.98724,145.17975 -37.98731,145.18325 -37.95360,145.22316 -37.95094,145.22254 -37.94811,145.22218 -37.94691,145.21902
Somerville Road|-38.02978,145.24962 -38.03074,145.25658 -38.03026,145.25301 -38.03178,145.26428 -38.03128,145.26061 -38.03223,145.26785
Somme Parade|-38.04138,145.10862
Sommersby Court|-37.92176,145.28014
Sonar Street|-38.12982,145.23237
Songlark Crescent|-38.10095,145.19586
Sonia Street|-38.09794,145.16136
Sophi Court|-37.93064,145.16760
Sophia Avenue|-38.02375,145.09977
Sophia Court|-38.11082,145.18865
Sophia Grove|-37.99404,145.07389
Sophie Court|-37.99907,145.26296
Sorbus Close|-37.97168,145.24168
Sottile Drive|-38.11410,145.26508
Souffi Place|-38.03152,145.19502
Soutar Place|-37.95968,145.08346
Souter Street|-37.95150,145.14051
South Anderson Court|-38.08361,145.26904
South Avenue|-37.93192,145.03371 -37.92913,145.03593
South Charles Court|-38.08623,145.27017
South Corporate Avenue|-37.92555,145.21656 -37.92608,145.22008
South Court|-37.94859,145.05103
South Gippsland Highway|-38.12264,145.28882 -38.12527,145.28975 -38.12964,145.29215 -38.11858,145.28708 -38.11606,145.28531 -38.11307,145.28287 -38.09285,145.28108 -38.08971,145.27957 -38.09608,145.28264 -38.08709,145.27849 -38.08445,145.27737 -38.08180,145.27608 -38.07416,145.27125 -38.07169,145.26968 -38.06920,145.26810 -38.07724,145.27342 -38.07976,145.27503 -38.07434,145.27137 -38.09800,145.28301 -38.09482,145.28190 -38.07169,145.26968 -38.06920,145.26810 -38.07411,145.27143 -38.05868,145.26304 -38.06322,145.26501 -38.06581,145.26622 -38.06866,145.26776 -38.05489,145.26043 -38.05826,145.26258 -38.04711,145.25514 -38.05146,145.25807 -38.04279,145.25243 -38.04041,145.25082 -38.03390,145.24470 -38.04520,145.25407 -38.03684,145.24771 -38.02030,145.23829 -38.02210,145.24092 -38.02932,145.24410 -38.03293,145.24434 -38.02659,145.24354 -38.04520,145.25407 -38.01771,145.23417 -38.01536,145.23238 -38.01979,145.23751 -38.00441,145.22729 -38.00170,145.22681 -38.00930,145.22949 -38.01440,145.23194
South Gippsland Highway Service Road|-38.09269,145.28102 -38.09644,145.28258 -38.02933,145.24454 -38.03259,145.24476 -38.03509,145.24628
South Gippsland Highway service road|-38.00433,145.22673
South Link|-38.02337,145.23634 -38.02126,145.23870
South Park Drive|-38.01668,145.19396 -38.01529,145.20138 -38.01737,145.19890
South Road|-37.92818,144.99493 -37.92859,144.99843 -37.92924,145.00417 -37.92967,145.00776 -37.93184,145.02452 -37.93137,145.02066 -37.93082,145.01616 -37.93031,145.01198 -37.92974,145.00712 -37.93187,145.02476 -37.93250,145.03105 -37.93357,145.03849 -37.93398,145.04319 -37.93315,145.03494 -37.93568,145.05535 -37.93516,145.05136 -37.93451,145.04761 -37.93651,145.06109 -37.93689,145.06576 -37.93733,145.06920 -37.93794,145.07363 -37.93839,145.07701
Southampton Drive|-37.92822,145.18483
Southbourne Avenue|-37.99668,145.20609 -37.99400,145.20665
Southdean Street|-37.97227,145.21236
Southdowne Close|-37.95399,145.15662
Southern Court|-38.01547,145.18066
Southern Cross Circuit|-38.07698,145.25039
Southern Drive|-37.98573,145.13802
Southern Road|-37.98394,145.08734 -37.98082,145.08793 -37.97666,145.08872
Southey Street|-37.95577,145.01108 -37.95629,145.00764 -37.90730,145.00569
Southpark Close|-37.98595,145.14758
Southwell Close|-37.99210,145.26221
Sovereign Close|-38.05404,145.13869
Sovereign Crest Boulevard|-37.90630,145.27657
Spalding Court|-37.93183,145.23877
Sparks Street|-37.99343,145.03861
Sparrow Street|-38.11264,145.25540 -38.11453,145.25283
Spean Court|-37.96089,145.26458
Spearwood Lane|-37.98173,145.15166
Spearwood Rise|-38.11625,145.24508 -38.11260,145.24451
Spence Terrace|-38.08125,145.20582
Spencer Circuit|-38.11037,145.29951
Spencer Drive|-38.09089,145.19272 -38.09136,145.19672
Spencer Road|-37.91816,145.22318
Spencer Street|-37.97790,145.06355
Speranza Place|-38.05842,145.26068
Spice Rise|-38.00917,145.28205
Spicer Court|-38.02248,145.11538
Spicer Street|-37.97370,145.04946 -37.97917,145.04837
Spindrift Court|-38.11267,145.18002
Spinnaker Court|-38.01883,145.11981
Spinosa Close|-37.96956,145.24290
Spirit Boulevard|-38.09327,145.29607 -38.09402,145.29985
Splash Way|-38.07031,145.25244 -38.07025,145.25589
Spoonbill Court|-38.10465,145.18034
Spoonbill Place|-38.01581,145.12758
Sporing Court|-37.99071,145.26903
Spray Avenue|-38.00758,145.10252 -38.01114,145.10189
Spray Circuit|-38.06872,145.25134
Spray Street|-37.99789,145.07596
Spring Road|-38.12881,145.28870 -38.13251,145.29215 -37.96943,145.13502 -37.97176,145.13319 -37.97513,145.13363 -37.97788,145.13563 -37.98185,145.13894 -37.98435,145.14104 -37.98604,145.14376 -37.96975,145.13615 -37.96718,145.13970 -37.96197,145.14676 -37.96382,145.14426 -37.94375,145.03284 -37.94046,145.03358 -37.94735,145.03200 -37.89870,145.02981 -37.90141,145.02944
Spring Street|-37.95944,145.01951 -37.95992,145.02353 -37.96036,145.02716 -37.98312,145.23633
Spring Valley Drive|-37.94733,145.13881 -37.94751,145.13387
Spring Water Crescent|-38.11844,145.25197
Springbank Rise|-37.97580,145.28456
Springfield Avenue|-37.92868,145.11231
Springfield Court|-37.96316,145.19669
Springfield Crescent|-38.04343,145.27283 -38.04091,145.27145
Springfield Drive|-38.01402,145.28779 -38.01686,145.28784 -38.01837,145.29076 -38.01684,145.29385
Springfield Road|-37.96322,145.14198
Springhill Drive|-38.08559,145.29072 -38.08678,145.28755 -38.08671,145.28403 -38.08329,145.28324
Springlands Street|-38.06948,145.24976
Springs Road|-37.92743,145.10991 -37.93054,145.10931 -37.93379,145.10867 -37.93680,145.10809 -37.94001,145.10744
Springside Crescent|-37.98692,145.18632
Springside Drive|-38.09574,145.24759
Springswood Drive|-37.93714,145.10802
Springvale Road|-38.02799,145.13093 -38.02229,145.13654 -38.02575,145.13291 -38.01996,145.13834 -38.01737,145.13937 -38.01299,145.14021 -38.00594,145.14179 -38.00880,145.14103 -38.00323,145.14214 -38.00033,145.14271 -37.99410,145.14416 -37.99694,145.14359 -37.98929,145.14504 -37.98221,145.14614 -37.98633,145.14528 -37.97932,145.14705 -37.97529,145.14769 -37.96716,145.14934 -37.97013,145.14858 -37.96381,145.14974 -37.95734,145.15139 -37.96005,145.15088 -37.94941,145.15283 -37.95437,145.15181 -37.94281,145.15389 -37.94655,145.15318 -37.94007,145.15442 -37.93686,145.15517 -37.93321,145.15568 -37.92925,145.15656 -37.92629,145.15684 -37.92331,145.15812 -37.91380,145.15963 -37.91723,145.15904 -37.92057,145.15825 -37.91089,145.16017 -37.90242,145.16174 -37.90677,145.16102 -37.89919,145.16214
Springvale Road Service Road|-37.92547,145.15760 -37.91099,145.16015 -37.91433,145.15966 -37.91746,145.15914
Springvalley Crescent|-37.99173,145.15740
Springvalley Way|-38.04606,145.28478
Springwood Avenue|-38.02363,145.29758 -38.02108,145.29876
Spruce Court|-38.11896,145.16029 -38.01051,145.29592
Spruce Drive|-37.91558,145.26704 -37.91832,145.26660
Spyglass Close|-37.95593,145.08149
St Agnes Court|-38.11165,145.18692
St Andrews Close|-38.09039,145.18866
St Andrews Court|-38.05905,145.28638 -37.96734,145.02123 -37.92456,145.21868
St Andrews Drive|-37.95947,145.07731 -37.95934,145.08087 -37.95519,145.08297
St Andrews Street|-37.90909,144.99751 -37.90695,145.00059
St Anthony Court|-38.09020,145.17944
St Aubin Street|-37.98493,145.04780
St Austell Court|-38.12408,145.19257
St Bernards Crescent|-38.05506,145.26184
St Cloud Court|-38.07294,145.29397
St Cuthberts Avenue|-37.98623,145.13267
St Finbars Crescent|-37.91643,145.01423
St Georges Avenue|-37.92131,145.06035
St Georges Court|-37.92043,145.00937
St Georges Crescent|-37.95952,145.08067
St Georges Road|-38.06011,145.28518 -38.06101,145.28159
St Helens Crescent|-37.99659,145.28209 -37.99421,145.28445
St Ives Road|-37.91676,145.05366
St Jakob Court|-37.92701,145.18535
St James Avenue|-37.91661,145.04914 -37.95359,145.14552 -37.95404,145.14924 -37.95319,145.14209
St James Park Drive|-37.92868,145.18552
St Johns Avenue|-37.95695,145.14813 -37.95417,145.14928 -37.95139,145.14985 -37.94825,145.15042
St Johns Wood|-38.09300,145.20118
St Kilian Street|-37.93084,145.00133
St Lawrance Way|-37.91495,145.25789
St Leonards Close|-37.97336,145.16041
St Marks Close|-37.98342,145.13525
St Peters Close|-38.08918,145.19028
St Remy Court|-38.06259,145.29778
St Shenouda Court|-38.00410,145.28663
Stable Court|-37.96778,145.27569
Stable Grove|-38.09622,145.19818
Stableford Court|-37.92433,145.26545
Stableford Drive|-38.09988,145.24932
Stacey Court|-37.97203,145.27747
Stackpoole Street|-37.98026,145.18022 -37.98070,145.18390
Stadium Circuit|-37.92556,145.18659 -37.92719,145.18933 -37.92396,145.18942
Stafford Street|-38.00971,145.17648 -38.00993,145.17299 -37.91006,145.10370 -37.91073,145.10977
Staffordshire Place|-38.06381,145.25100
Stainsby Close|-37.97883,145.25198
Stallion Court|-38.05976,145.29837
Stamford Crescent|-37.92274,145.23364 -37.91977,145.23310
Standish Way|-38.00547,145.16686
Stanford Avenue|-38.00328,145.14584 -38.00064,145.14682
Stanford Street|-38.09810,145.25237 -38.09500,145.25322
Stanhill Drive|-38.13548,145.24087 -38.13266,145.23873 -38.12999,145.23737
Stanhope Street|-37.96712,145.01930 -37.99647,145.20401
Stanis Street|-38.00060,145.24609 -38.00016,145.24245
Stanley Avenue|-37.96708,145.05650
Stanley Road|-38.00820,145.16634 -38.00547,145.16686 -37.99741,145.16850 -37.99462,145.16920 -38.00275,145.16738
Stanley Street|-38.07291,145.12488 -38.09818,145.27310 -38.03639,145.25664 -37.97227,145.01683 -37.97280,145.02140 -37.97334,145.02588 -37.98371,145.20299 -37.91464,145.00422
Stanton Close|-38.04242,145.28977
Stanton Street|-37.95375,145.05572
Star Crescent|-38.01647,145.26896 -38.01581,145.26315 -38.01339,145.27178
Starboard Lane|-38.05729,145.14144
Starchenko Court|-38.09294,145.19289
Starling Court|-38.01697,145.13000
Starling Mews|-38.00349,145.16250
State Street|-37.90006,145.10557 -37.90045,145.10895
Staten Island|-38.07048,145.14348
Statham View|-38.10918,145.23799
Station Avenue|-37.91114,145.03899 -37.90786,145.03954
Station Road|-37.96724,145.05770
Station Street|-38.07560,145.12295 -38.07297,145.12209 -38.10345,145.12742 -38.08193,145.12450 -38.07861,145.12370 -38.07583,145.12303 -38.10077,145.28104 -38.10381,145.28646 -38.10561,145.28973 -38.07226,145.12191 -38.06765,145.12069 -38.06241,145.11991 -38.05666,145.11830 -38.05946,145.11927 -38.05402,145.11743 -38.04274,145.11147 -38.04522,145.11293 -38.05112,145.11584 -38.04817,145.11446 -38.01872,145.09657 -38.02108,145.09831 -38.02401,145.10047 -38.03319,145.10585 -38.03950,145.10956 -38.04274,145.11147 -38.03592,145.10747 -38.02763,145.10259 -38.03043,145.10423 -38.03319,145.10585 -38.02465,145.10084 -38.01453,145.09324 -38.01705,145.09524 -37.98148,145.06660 -38.01215,145.09015 -37.99125,145.20904 -37.95069,145.00418 -37.94759,145.00481 -37.94895,145.04366 -37.93555,145.03693
Stawell Street|-38.11572,145.14750 -38.10796,145.28335 -38.10862,145.28851 -37.98245,145.02442 -37.98317,145.02871 -37.98498,145.06824
Stayner Grove|-37.94380,145.04217
Stayner Street|-38.04562,145.11870 -37.99156,145.03433
Steedman Street|-38.00675,145.09495
Steele Court|-38.07982,145.26688 -37.97606,145.08397
Steeple Place|-37.96781,145.27666
Stefans Court|-38.11360,145.19662
Stella Avenue|-37.97413,145.17299 -37.97477,145.17846
Stella Court|-38.00257,145.27817
Stellato Place|-38.04865,145.26749
Stenocarpus Drive|-37.99320,145.23080
Stephanie Court|-38.09066,145.17712 -38.05788,145.14386
Stephellen Way|-38.09525,145.26119 -38.09283,145.25952
Stephen Johnson Way|-38.11369,145.29955
Stephen Road|-38.01029,145.21582 -38.00752,145.21303
Stephen Street|-38.11622,145.14549
Stephens Avenue|-37.93534,145.15657
Stephens Close|-37.98969,145.26053
Stephens Street|-38.07426,145.12065
Stephenson Court|-37.90199,145.27233
Stephenson Road|-38.10144,145.15153
Stephenson Street|-37.94163,145.15193 -37.94102,145.14730
Stepney Court|-37.93149,145.23780
Sterling Avenue|-37.95149,145.03302
Steven Court|-37.98818,145.09548
Steven Street|-37.99323,145.20071 -37.99051,145.20111
Stevens Parade|-37.96486,145.02148
Stevens Place|-37.91682,145.23354
Stevens Street|-37.95838,145.14985 -37.95300,145.05053
Stevenson Avenue|-37.96803,145.19818 -37.96545,145.19931
Stevensons Road|-38.11152,145.26876 -38.11422,145.26824
Stewart Avenue|-37.99295,145.07649 -37.98997,145.08062
Stewart Road|-37.90596,145.12122
Stewart Street|-37.90657,145.02886 -37.90276,145.02953
Stirling Avenue|-38.06920,145.26810 -38.07134,145.26591
Stirling Court|-37.98251,145.26160
Stockade Drive|-37.90564,145.19086
Stockdale Avenue|-37.91649,145.06267 -37.91745,145.06670 -37.91796,145.07066 -37.91838,145.07408 -37.91290,145.12523 -37.90942,145.12606
Stocks Drive|-38.11656,145.24567
Stone Court|-38.06849,145.27211
Stone Hill Circuit|-38.10453,145.29915
Stone Street|-38.12508,145.15110 -37.90285,145.00752
Stonehaven Avenue|-38.12093,145.25434
Stonehaven Crescent|-37.93524,145.02974
Stonnington Court|-37.92051,145.27885
Storey Avenue|-37.93962,145.01276
Storm Avenue|-38.07117,145.25259 -38.07113,145.25620
Strabane Way|-38.04059,145.25908 -38.04132,145.26357
Strada Crescent|-37.90814,145.16752 -37.91090,145.16714 -37.91176,145.17130 -37.90427,145.16763
Stradbroke Avenue|-37.91123,145.01619
Stradbroke Court|-37.93865,145.18829
Stradbroke Crescent|-37.92313,145.16309
Stradbroke Street|-37.91339,145.10482
Stradbrook Court|-38.10459,145.18837
Strafford Avenue|-38.08720,145.27296
Stratford Avenue|-37.91936,145.06402
Stratford Court|-37.92056,145.16571
Strathaird Drive|-38.05989,145.29056 -38.06065,145.28695 -38.06031,145.29410 -38.05854,145.29781
Strathconnan Place|-37.90273,145.18922
Strathearn Avenue|-37.90655,145.06875
Strathearn Court|-38.10537,145.18755
Strathfield Court|-38.12930,145.29592
Strathlea Drive|-38.10730,145.24944 -38.10683,145.24573
Strathmore Street|-37.91577,145.04704 -37.91517,145.04238
Stratus Court|-38.04732,145.27276
Straughan Close|-37.92757,145.26943
Strawbent Rise|-38.02133,145.29782
Stream Walk|-38.00342,145.28680
Streeton Court|-38.11148,145.19807 -37.93137,145.23453
Streeton Drive|-37.97457,145.07044
Strelden Avenue|-37.90496,145.12123
Strickland Street|-38.11639,145.24018
Stricta Court|-38.11547,145.15704
Stringer Avenue|-38.11213,145.25663 -38.11313,145.26030
Stringybark Crescent|-38.12361,145.14603
Strong Drive|-38.03269,145.27717 -38.03524,145.27563 -38.03445,145.27203 -38.03182,145.27109
Struan Avenue|-37.96286,145.27033 -37.96535,145.27185
Strzelecki Court|-38.07888,145.26687
Stuart Avenue|-38.03178,145.26428 -38.03479,145.26365 -37.96022,145.04272 -37.96084,145.04767
Stuart Street|-37.97259,145.17652 -37.96979,145.17694 -37.98324,145.21811
Stud Court|-38.10103,145.19840
Stud Road|-37.98360,145.22103 -37.98058,145.22162 -37.97769,145.22215 -37.96997,145.22336 -37.96381,145.22481 -37.97493,145.22265 -37.96721,145.22393 -37.97769,145.22215 -37.97150,145.22347 -37.96302,145.22499 -37.95949,145.22545 -37.95506,145.22649 -37.95064,145.22737 -37.94157,145.23057 -37.94463,145.22992 -37.94748,145.22880 -37.93759,145.23119 -37.93344,145.23195 -37.93067,145.23245 -37.92742,145.23326 -37.92461,145.23360 -37.91684,145.23512 -37.91964,145.23478 -37.91308,145.23606 -37.90986,145.23671 -37.90630,145.23739 -37.90335,145.23599 -37.90009,145.23333
Stud Road Service Road|-37.95552,145.22619 -37.95258,145.22656 -37.94144,145.23041 -37.93663,145.23117 -37.92332,145.23370 -37.92040,145.23427
Studley Road|-37.93171,145.02454 -37.92856,145.02509
Studley Street|-37.93221,145.16087 -37.93270,145.16486
Sturdee Road|-37.96474,145.02047
Sturdee Street|-38.10711,145.15540 -38.05185,145.12678
Sturt Court|-38.07379,145.26682
Suaad Court|-38.10250,145.26187
Subzero Close|-37.92873,145.24805
Sue Court|-38.03255,145.27152
Sue Place|-38.11045,145.17525
Suemar Street|-37.93123,145.16674 -37.93173,145.17028
Suerulla Court|-37.94026,145.25138
Suffolk Court|-38.07163,145.28950
Suffolk Grove|-37.92331,145.19061
Suffolk Road|-37.94852,145.22201
Sugar Bush Drive|-38.04874,145.26069 -38.04635,145.25905
Sugar Gum Court|-38.04091,145.28734 -38.01084,145.11378
Sugar Gum Drive|-37.92446,145.19551
Sugarloaf Avenue|-38.05045,145.25986 -38.04969,145.26325
Sulky Court|-37.96910,145.27957
Sullivan Avenue|-37.91821,145.27646 -37.91626,145.27360 -37.91884,145.27176
Sullivan Street|-37.93693,145.06452 -37.93994,145.06387 -37.93632,145.15053 -37.93921,145.15397
Sumersett Avenue|-37.91533,145.08641
Summer Lane|-37.93813,145.13740
Summerhill Avenue|-37.91006,145.19840 -37.90950,145.20297
Summerhill Road|-37.97675,145.02688 -37.97408,145.02739 -37.91917,145.01266 -37.91543,145.01312
Summerlea Road|-38.01473,145.30382 -38.01215,145.30151
Summit Avenue|-37.93949,145.02348
Summit Court|-38.04567,145.26607
Summit Road|-37.94798,145.18288 -37.95002,145.18591 -37.92984,145.26900
Sun Rise|-38.07328,145.14869
Sun Valley Boulevard|-38.04953,145.25886
Sunbird Avenue|-38.09636,145.29313 -38.09339,145.29203
Sunbird Crescent|-38.11147,145.17374 -38.11383,145.17543 -38.11219,145.17858
Sunburst Court|-38.00903,145.29000
Sunburst Street|-37.90375,145.11763
Sunderland Court|-38.11087,145.14296
Sundew Avenue|-38.12394,145.29796
Sundew Court|-38.01905,145.12070
Sundown Court|-38.01511,145.29204
Sundowner Avenue|-37.94307,145.10491
Sundowner Court|-37.90202,145.19105
Sunflower Circuit|-38.09277,145.17613
Sunflower Court|-38.00405,145.16334
Sunlight Crescent|-37.92787,145.02055 -37.92855,145.02389
Sunline Avenue|-37.96063,145.19452 -37.96289,145.19232
Sunline Way|-38.06251,145.24416
Sunlit Court|-37.94317,145.03296
Sunmore Close|-37.94728,145.08155 -37.94780,145.08491
Sunningdale Court|-37.92179,145.22427
Sunningdale Crescent|-38.11748,145.25617 -38.12007,145.25769
Sunningdale Way|-37.95516,145.08368
Sunny Court|-38.10733,145.15432
Sunnybank Close|-37.95755,145.27760
Sunnybrook Drive|-37.90060,145.18071 -37.89946,145.18420
Sunnyoaks Lane|-38.04294,145.26504
Sunnyside Avenue|-37.98185,145.22324 -37.90805,145.01273
Sunnyside Grove|-37.92102,145.02776 -37.91731,145.02845
Sunnyvale Court|-38.02843,145.26196
Sunnyvale Crescent|-37.99644,145.16247 -37.99552,145.16574
Sunrae Court|-38.08325,145.12557
Sunray Avenue|-37.96297,145.06052 -37.96329,145.06533
Sunrise Court|-38.09490,145.19254 -38.04530,145.26796 -37.97223,145.15816 -37.92641,145.27199
Sunrise Drive|-37.92724,145.17321 -37.92606,145.17632
Sunset Avenue|-37.98090,145.02922
Sunset Close|-38.01620,145.13346
Sunset Court|-37.99102,145.15754
Sunset Grove|-37.99496,145.20187
Sunset Place|-38.04587,145.26903
Sunset Terrace|-37.90957,145.28509
Sunshine Court|-38.04248,145.26160
Sunshine Street|-37.90696,145.11709 -37.93250,145.23388
Sunshine Way|-37.93461,145.23322
Sunview Court|-37.98838,145.13070
Superior Avenue|-37.91602,145.24285 -37.91512,145.23929 -37.91277,145.23718
Superior Drive|-38.03217,145.20207
Surace Court|-37.96308,145.22200
Surat Place|-37.91162,145.26321
Surf Avenue|-37.98493,145.02442
Surf Street|-37.99890,145.07461
Surfers Crescent|-38.09694,145.19220
Surrey Close|-38.00362,145.26125
Surrey Court|-38.10896,145.16685
Surrey Crescent|-37.90848,145.11336
Surrey Road|-37.95114,145.22386 -37.95437,145.22516
Surrey Street|-37.92784,145.04950
Susan Close|-38.00563,145.28936
Susan Court|-38.10872,145.15029 -38.10902,145.27069 -38.03695,145.25679 -37.95227,145.06125
Susan Street|-37.98671,145.09576 -37.94777,145.00700 -37.94510,145.00751
Susi Court|-37.97919,145.15979
Sussex Avenue|-38.07150,145.28847 -38.07350,145.29205
Sussex Crescent|-38.10989,145.15416
Sussex Road|-37.89560,145.02395 -37.89840,145.02343 -37.90161,145.02279
Sussex Street|-37.98289,145.17687
Sustain Circuit|-38.06876,145.25207
Sutherland Avenue|-38.01792,145.11400 -38.01688,145.11786
Sutherland Court|-37.97867,145.25083 -37.91383,145.16384
Sutherland Road|-37.97614,145.20073
Suttie Court|-38.00456,145.18283
Sutton Crescent|-38.09613,145.17690
Sutton Street|-38.04589,145.13946 -38.04859,145.14091
Suva Street|-37.92612,145.16150
Suzana Place|-37.93431,145.25097
Suzanne Court|-37.95856,145.17722
Suzanne Street|-37.97311,145.21461 -37.97014,145.21518
Sven Street|-38.11678,145.19589
Swallow Court|-38.07477,145.14422
Swan Court|-38.10830,145.16897 -38.04371,145.28850
Swan Place|-37.98748,145.12323
Swan Road|-37.89997,145.07076
Swan Walk|-38.05006,145.11536 -38.04877,145.11919 -38.04728,145.12359
Swanpool Avenue|-38.04734,145.11407 -38.04578,145.11870
Swansea Road|-38.05520,145.11600
Swanston Street|-37.97689,145.06636 -37.97990,145.06585
Swaran Close|-37.92757,145.23561
Swaran Court|-37.93386,145.09522
Sweet Gum Avenue|-38.01446,145.29511 -38.01177,145.29648
Sweet Gum Place|-38.08518,145.20133
Swift Court|-38.10694,145.18626
Swift Drive|-37.90374,145.17222 -37.90066,145.17175
Swift Way|-38.03404,145.20170 -38.03447,145.20514 -38.03429,145.20861
Swinden Avenue|-37.97179,145.06792 -37.97115,145.06264
Swindon Grove|-37.91182,145.04414
Swing Court|-37.90611,145.12476
Swiss Court|-37.96737,145.24759
Swords Street|-37.98882,145.20813
Swyer Street|-37.94620,145.02071
Sybil Street|-37.93941,145.03606
Sycamore Avenue|-37.98109,145.08140
Sydenham Street|-37.95083,145.02692 -37.95433,145.02620
Sydney Parkinson Avenue|-37.98754,145.26155 -37.98509,145.26317 -37.98241,145.26374
Sydney Street|-37.97135,145.05241 -37.92913,145.11635
Sylvan Court|-37.95499,145.22887
Sylvander Street|-37.93864,145.11256 -37.93918,145.11691
Sylvanwood Crescent|-38.00720,145.29198
Sylvia Crescent|-37.97382,145.01467
Sylvia Mews|-37.98900,145.13952
Sylvia Street|-37.96241,145.21402 -37.96202,145.21060 -37.96152,145.20653
Symons Street|-38.12433,145.29555
Szer Way|-38.10564,145.17464
Tabbita Street|-37.94437,145.06241
Tabby Street|-38.11004,145.29047 -38.10659,145.29114
Tacit Park Lane|-37.97450,145.26123
Taco Way|-38.11158,145.15752
Tad Court|-38.06916,145.27341
Taddor Drive|-38.09848,145.28671 -38.09584,145.28565
Tadema Court|-37.94572,145.19463
Tadstan Court|-37.95689,145.13290
Tadstan Drive|-38.03185,145.24773
Taft Close|-37.94026,145.20492
Taggerty Crescent|-38.05381,145.29892
Tahiti Court|-37.92856,145.16122
Tait Court|-37.93476,145.09578
Talab Court|-38.05055,145.13989
Talara Close|-37.94770,145.13970
Talara Court|-38.09621,145.29066
Talba Court|-38.11479,145.18140
Talbot Avenue|-37.92294,145.02780 -37.92124,145.10407
Talbot Court|-38.03477,145.25247 -37.98265,145.18015
Talbot Street|-37.93529,145.00006
Taldra Crescent|-38.10731,145.15196
Taldra Place|-38.09202,145.26163
Tali Karng Close|-37.91201,145.23944
Talia Court|-37.91754,145.24381
Talinga Road|-37.96159,145.03769 -37.96107,145.03314 -37.96065,145.02963
Talisker Street|-38.01034,145.16390
Talisman Place|-37.92081,145.28262
Tallon Way|-38.10887,145.24057
Tallowwood Street|-38.12430,145.14469
Talma Place|-38.09810,145.25606
Talofa Avenue|-37.91601,145.01152
Tamala Avenue|-37.90712,145.14572
Tamar Court|-37.98046,145.08006
Tamar Road|-37.97852,145.15931
Tamarind Close|-37.99977,145.16004
Tamarisk Avenue|-37.90066,145.16237 -37.90114,145.16640
Tamarisk Drive|-38.12254,145.16724 -38.11389,145.16319 -38.11683,145.16385 -38.12002,145.16540
Tambet Street|-37.91783,145.07088 -37.91286,145.07182 -37.91009,145.07238
Tambo Close|-37.94103,145.10843
Tambo Court|-37.97703,145.07582 -37.98425,145.12384 -37.94338,145.21101
Tamboon Drive|-37.91451,145.25154 -37.91446,145.24786
Tamboore Way|-37.95863,145.28545
Tammany Drive|-37.94290,145.09750 -37.94435,145.10089
Tampe Road|-37.90556,145.23858
Tamworth Court|-38.08143,145.26595
Tandara Court|-37.97649,145.02449
Tandarra Court|-38.10698,145.18811
Tangerine Drive|-38.06652,145.29297 -38.06692,145.29641
Tanglewood Road|-37.93927,145.22811
Tania Court|-38.11033,145.19217 -37.98705,145.22779
Tanjil Court|-37.94336,145.21313
Tanti Street|-37.96587,145.07101 -37.96630,145.07439
Tanya Court|-37.94658,145.11027 -37.92101,145.24301
Tanya Place|-37.91699,145.19885
Tapas Court|-38.04636,145.26094
Taplan Crescent|-38.08900,145.26530 -38.08864,145.26059
Taponga Way|-38.11083,145.25079
Tara Close|-37.93361,145.25229
Tara Court|-38.00368,145.27317
Tara Grove|-37.90450,145.05534
Tara Place|-37.94271,145.19839
Tarago Court|-37.91369,145.28114
Tarago Crescent|-37.93816,145.10921 -37.94087,145.10836
Tarana Court|-38.03563,145.13428
Taranto Drive|-37.97055,145.16940
Tarata Drive|-37.99767,145.24041
Tarbet Court|-37.96019,145.26487
Tarcoola Way|-38.08477,145.19579
Tarella Road|-38.04630,145.11357 -38.04500,145.11745
Tarella Street|-38.03062,145.27199
Tarene Street|-37.99796,145.20211 -38.00058,145.20318 -38.00199,145.20731
Tarlee Court|-38.02573,145.10450
Tarnard Drive|-37.98869,145.10772 -37.98979,145.11623 -37.98919,145.11144
Tarnook Court|-37.97922,145.13293
Taro Place|-37.95095,145.18890
Taronga Court|-37.98322,145.17231
Tarongo Drive|-38.02316,145.10612 -38.02267,145.10980 -38.02497,145.11234
Tarragon Court|-38.04586,145.26237
Tarrawarra Terrace|-38.08398,145.21098
Tarwin Avenue|-37.93962,145.02463
Tarwin Court|-37.94264,145.21098 -37.91435,145.24949
Tashinny Road|-38.09240,145.20485
Tasma Place|-37.98019,145.16209
Tasman Court|-38.09205,145.19487 -38.05473,145.13904 -38.01954,145.18488
Tasman Place|-37.98107,145.25347
Tasman Road|-37.92797,145.07352
Tate Court|-37.99828,145.26904 -37.95183,145.18963
Tatiara Avenue|-37.93593,145.09885
Tatong Road|-37.92856,145.02630 -37.92995,145.03004
Tatra Close|-37.94261,145.10031
Tatterson Road|-38.01222,145.20601 -38.01268,145.20982
Tatterson Street|-38.03362,145.26196
Tattlar Place|-37.91661,145.26064
Tattler Street|-38.10447,145.18656 -38.10350,145.18982
Tatura Street|-37.97317,145.08050
Tatyoon Close|-38.01806,145.10733
Tauna Place|-38.09259,145.25739
Taunton Avenue|-37.91546,145.08749
Taunton Drive|-37.96900,145.08524 -37.97201,145.08468
Taupo Crescent|-37.91302,145.25181 -37.91480,145.25454
Taurus Avenue|-37.95804,145.21823
Taverner Street|-37.94088,145.04033
Taya Court|-38.04564,145.25712
Taylor Avenue|-38.02593,145.10110
Taylor Court|-38.12459,145.13755 -37.98467,145.24932 -37.95283,145.20904
Taylor Street|-38.11157,145.27249 -38.10808,145.27316 -38.10457,145.27384 -37.98733,145.07928 -37.90382,145.01714 -37.93387,145.03843 -37.90413,145.02081
Taylors Lane|-37.92602,145.24426 -37.92289,145.24487 -37.91577,145.24626 -37.91946,145.24554 -37.91176,145.24714 -37.90669,145.24804
Taylors Road|-38.11221,145.21377 -38.11576,145.21306 -38.11876,145.21242 -38.09401,145.21757 -38.09883,145.21655 -38.10346,145.21556 -38.10619,145.21499 -38.09020,145.21838 -38.09396,145.21759 -38.07527,145.22154 -38.06059,145.22390 -38.05760,145.22482 -38.05467,145.22534 -38.04648,145.22638 -38.04934,145.22629 -38.04379,145.22655 -38.03997,145.22776 -38.03445,145.22884
Tayport Gardens|-37.96220,145.26432
Te Hongi Court|-37.98483,145.02728
Tea Tree Court|-38.06661,145.24875
Tea Tree Place|-37.99298,145.15703
Teacher Lane|-38.10610,145.25033
Teague Avenue|-37.97917,145.06599 -37.97791,145.06262
Teal Avenue|-38.09959,145.19508
Teal Court|-38.04359,145.28919 -37.98908,145.17867 -37.96208,145.22371
Technology Circuit|-38.00960,145.25801 -38.01163,145.26088
Tecoma Court|-37.93253,145.08148
Tecoma Street|-38.12180,145.16508
Teddington Road|-37.93571,145.01658 -37.93613,145.02011 -37.93660,145.02392 -37.93513,145.01187
Teddy Crescent|-37.98167,145.15102
Teeside Way|-38.00471,145.15493
Tegans Close|-38.00081,145.27610
Tekarra Drive|-38.04444,145.25931
Telfer Court|-37.92264,145.26278
Telford Court|-38.02228,145.25306
Telford Street|-37.94699,145.02718 -37.94348,145.02805
Telopea Court|-38.11960,145.16088 -37.93975,145.09622
Tembie Rise|-38.05413,145.26180
Temby Close|-37.99106,145.26635
Temora Street|-37.98589,145.09591
Temple Court|-37.96934,145.16639
Templeman Court|-38.02006,145.11829
Templer Avenue|-38.03205,145.27504
Templewood Avenue|-37.95122,145.19190 -37.95239,145.19658
Tench Rise|-37.97656,145.25370
Tenham Grove|-37.96928,145.06781
Tennant Court|-38.05679,145.25719
Tennyson Avenue|-37.93255,145.13047 -37.93523,145.12987 -37.93904,145.12914
Tennyson Court|-37.92025,145.16360
Tennyson Street|-38.07208,145.12572 -38.07469,145.12733 -37.95782,145.05690 -37.95380,145.00562 -37.95436,145.00962 -37.95506,145.05457 -37.95254,145.05277
Tenterfield Drive|-38.06866,145.29242
Teofilo Drive|-37.92486,145.27183 -37.92624,145.26881
Teralba Close|-37.98302,145.14110
Terara Court|-37.98076,145.26914
Teresa Court|-38.04749,145.13473
Tereva Crescent|-37.91129,145.16811
Tern Close|-38.05150,145.13734
Tern Court|-38.10757,145.16661 -37.97431,145.24511
Terrain Road|-38.11846,145.23860
Terrapin Drive|-38.04911,145.28490 -38.04626,145.28463
Terrell Close|-37.97619,145.24841
Terrence Drive|-38.07096,145.26817
Terrigal Avenue|-37.92128,145.09234
Terrigal Drive|-38.07901,145.14688 -37.94454,145.19598 -37.94205,145.19431
Terry Court|-38.04369,145.26668 -37.97397,145.15201
Terry Street|-37.96469,145.18885
Tess Court|-38.00890,145.28893
Tessie Place|-37.93882,145.25011
Tetlow Terrace|-37.92625,145.27287
Teton Court|-37.94654,145.05376 -37.94959,145.05315
Tetoora Close|-37.90396,145.26257
Tetrabine Way|-38.06188,145.24760
Tetragona Quadrant|-37.93671,145.22764
Thames Avenue|-37.95269,145.14214 -37.95223,145.13848
Thames Court|-38.09763,145.29462 -37.92067,145.16661
Thames Promenade|-38.04801,145.12331 -38.04928,145.11956 -38.05038,145.11632 -38.04659,145.12894 -38.04583,145.13481 -38.04430,145.13931 -38.04187,145.14580 -38.04298,145.14266
Thames Street|-37.95042,145.22130
Thana Street|-37.91310,145.08349
Thane Court|-38.10535,145.14697
Thanos Court|-38.03663,145.26504 -38.00014,145.26466
Tharle Street|-37.98959,145.19792
The Avenue|-38.05432,145.11484 -37.93266,145.00107 -37.92998,145.00148
The Beachway|-38.05138,145.11551
The Belfry|-38.11981,145.25452
The Birches|-37.99623,145.23892
The Boardwalk|-38.01613,145.13298
The Briars|-37.92741,145.26683
The Close|-38.03953,145.25407 -37.98574,145.04592
The Common|-38.06008,145.28477
The Corso|-37.99534,145.07645 -37.99341,145.07318 -37.99127,145.07071
The Crescent|-37.94586,145.04862 -37.95623,145.14922
The Croft|-37.92779,145.26632
The Dell|-37.99086,145.28529
The Deviation|-37.90980,145.18793 -37.90701,145.18574
The Esplanade|-38.03830,145.10838
The Estuary|-38.00224,145.28682
The Eyrie|-38.04029,145.25463
The Fairway|-38.06654,145.12760 -38.03087,145.25761 -38.03419,145.25693 -37.92188,145.22527
The Gables|-37.92537,145.26962
The Glade|-38.06734,145.11909 -38.04237,145.25348 -37.99293,145.22568
The Glen|-38.09555,145.18443
The Grange|-38.02696,145.26508 -38.02635,145.26843
The Green|-37.97341,145.24749
The Grove|-38.03048,145.28406 -38.00472,145.15666
The Highway|-37.91940,145.04581
The Lookout|-37.92754,145.26837
The Mews|-38.04577,145.27357 -38.01388,145.13375 -37.90695,145.14496
The Outlook|-38.01757,145.13184 -37.95526,145.27270
The Panorama|-38.00400,145.15633 -38.00293,145.15188
The Parade|-37.92979,145.10004 -37.93025,145.10378
The Parkway|-38.05626,145.13997 -38.05463,145.14499 -38.04982,145.27818 -38.05156,145.27512 -38.04877,145.27390
The Pines|-37.99612,145.23464
The Retreat|-38.04143,145.25367
The Ridge|-38.04055,145.27978
The Sands|-38.01779,145.11815
The Spur|-38.04630,145.27050
The Strand|-38.05298,145.11377 -38.00581,145.14793 -37.92630,145.26867
The Terrace|-37.90531,145.14470 -37.92831,145.26651
The Water Course|-37.99420,145.15269
The Waterways Boulevard|-38.01615,145.13960
The Woodland|-37.90210,145.18214 -37.90482,145.18243
Thelma Rise|-38.04090,145.28218
Thelma Street|-38.07932,145.12962 -37.98029,145.18895
Theodore Avenue|-37.97536,145.16638
Theresa Gardens|-37.97322,145.26990
Theresa Street|-37.92150,145.04882
Theyer Street|-38.00013,145.24178
Thiele Court|-38.04598,145.24816
Third Avenue|-38.03188,145.10508 -38.04237,145.13294 -38.04575,145.13477 -37.95550,145.21025 -37.91930,145.22954
Third Street|-37.97923,145.01917 -37.97970,145.02312 -37.98793,145.07071 -37.98427,145.07585 -37.97538,145.08956 -37.93315,145.13230 -37.93037,145.13299
Thistle Grove|-37.95026,145.04172
Thistlewood Place|-38.10575,145.29381
Thomas Court|-37.99630,145.08214 -37.99788,145.27037
Thomas Crescent|-38.10721,145.26873 -38.10551,145.27141
Thomas Mitchell Drive|-37.98304,145.27212 -37.98450,145.26894 -37.98061,145.27435 -37.98099,145.27819
Thomas Murrell Crescent|-38.02018,145.19256 -38.02066,145.19655
Thomas Place|-38.09136,145.19672
Thomas Street|-38.00399,145.08947 -37.97342,145.17747 -37.97065,145.17787 -37.99009,145.21282 -37.98736,145.21264 -37.98466,145.21246 -37.93832,145.00236 -37.93880,145.00642 -37.93930,145.01026 -37.93976,145.01389 -37.94021,145.01732 -37.94069,145.02125 -37.91496,145.02351 -37.91997,145.02226 -37.90961,145.02442 -37.90264,145.02590 -37.90607,145.02528 -37.92536,145.12101 -37.92813,145.12042
Thomasina Street|-37.91155,145.05493 -37.91204,145.05879
Thompson Court|-37.98673,145.25349
Thompson Road|-38.06987,145.14003 -38.06718,145.14890 -38.06784,145.14523 -38.06701,145.15331 -38.06770,145.15876 -38.06804,145.16287 -38.06852,145.16678 -38.06895,145.17021 -38.06732,145.15487 -38.06753,145.15878 -38.07014,145.17846 -38.06949,145.17463 -38.07113,145.18679 -38.07047,145.18274 -38.07142,145.19047 -38.07211,145.19466
Thompson Street|-37.90643,145.02771 -37.90261,145.02838 -37.91893,145.11577 -37.91937,145.11934
Thompsons Road|-38.07674,145.23130 -38.07550,145.22151 -38.07436,145.21257 -38.07314,145.20446 -38.07351,145.20819 -38.07469,145.21704 -38.07527,145.22154 -38.07436,145.21257 -38.07603,145.22752 -38.07654,145.23134 -38.07220,145.19690 -38.07278,145.20162 -38.07550,145.22151 -38.07436,145.21257 -38.07603,145.22752 -38.07654,145.23134 -38.07740,145.23986 -38.07694,145.23487 -38.07987,145.25690 -38.07934,145.25270 -38.07842,145.24649 -38.07805,145.24225 -38.08028,145.26186 -38.08084,145.26523 -38.07967,145.25663 -38.08130,145.27000 -38.08261,145.27889 -38.08199,145.27429 -38.08328,145.28316 -38.08734,145.31539 -38.08677,145.31124 -38.08628,145.30766 -38.08577,145.30380 -38.08529,145.30011 -38.08295,145.28179 -38.08456,145.29379 -38.08406,145.28987 -38.07197,145.19502 -38.07278,145.20162
Thomson Court|-37.91426,145.24532
Thomson Rise|-38.00090,145.08058
Thoonen Court|-37.99633,145.16158
Thorburn Street|-37.94125,145.01874 -37.94177,145.02294
Thornbill Drive|-38.10980,145.17848 -38.11144,145.18196
Thornton Close|-38.01081,145.27742
Thornton Court|-37.94848,145.21367
Thornton Street|-37.93013,145.07828
Threadbow Crescent|-37.90122,145.18059 -37.90309,145.17788
Thredbo Court|-37.95950,145.22175
Throsby Court|-37.98273,145.26367
Through Road|-37.95615,145.17671
Thurbro Drive|-37.98731,145.18325
Thurling Street|-37.98596,145.05665
Thurmond Court|-37.97634,145.25688
Thurra Circuit|-38.11166,145.24922
Thurra Court|-37.94405,145.21791
Thurso Court|-37.96701,145.26997
Thurza Court|-37.91171,145.19018
Ti Tree Avenue|-38.06726,145.11947
Ti-Tree Crescent|-38.11228,145.15616 -38.10699,145.15734
Ti-Tree Drive|-37.98980,145.24291
Ti-Tree Grove|-37.99579,145.07383
Ti-Tree Grove East|-37.99597,145.07380
Tiarne Crescent|-38.05131,145.28047
Tibbles Street|-37.97227,145.03566 -37.97271,145.03942
Tibrockney Street|-37.95525,145.03340 -37.95181,145.03408 -37.94801,145.03512
Tiffany Avenue|-37.97179,145.08016 -37.97459,145.08082
Tiffany Place|-38.04950,145.26627
Tikanti Court|-38.03605,145.13204
Tiki Court|-37.92070,145.19048
Tilbavale Close|-38.00087,145.27608
Tilbury Court|-38.09571,145.29423
Tilia Court|-38.12456,145.16319
Tillbrook Court|-37.94821,145.19113
Tiller Lane|-38.05609,145.14043
Tilley Street|-37.96981,145.07241
Tilly Place|-38.05640,145.25957
Tilney Close|-37.93386,145.18202
Timaru Court|-37.91688,145.17433
Timberglade Drive|-37.94894,145.18998 -37.95162,145.18936
Timbertop Court|-38.12816,145.14996
Timbertop Drive|-37.93615,145.23097 -37.93416,145.22751 -37.93245,145.22471 -37.93280,145.22118
Times Street|-37.95710,145.07354
Timmins Court|-37.90112,145.17955
Timmis Avenue|-37.96865,145.04192
Timms Crescent|-37.98077,145.12540 -37.98090,145.12190
Timms Street|-38.05839,145.29353
Timothy Court|-37.99979,145.26290
Tina Close|-38.10994,145.19333
Tina Court|-37.94281,145.10212 -37.93202,145.17432
Tinara Court|-38.07936,145.28165
Tingara Court|-38.06528,145.14749
Tinks Road|-38.01419,145.29015 -38.00750,145.29191 -38.01094,145.29121 -38.00476,145.29248
Tinnadice Road|-38.12064,145.29540
Tintern Drive|-37.96487,145.14283
Tintern Grove|-37.95290,145.05954
Tintern Mews|-37.95185,145.05982
Tippet Street|-37.93262,145.13245
Tirhatuan Drive|-37.92598,145.23834 -37.92835,145.23615
Titan Drive|-38.10384,145.16662 -38.09902,145.16764
Titch Street|-38.11615,145.25772
Titcher Road|-37.95902,145.19902 -37.95862,145.19562 -37.95814,145.19185
Tiverton Drive|-37.92480,145.17375 -37.92458,145.17737 -37.92712,145.18051 -37.92938,145.18338
Tivoli Court|-37.99738,145.25153
Tivoli Gardens|-37.94128,145.25004
Tivoli Road|-37.93230,145.19231
Tobias Court|-38.08908,145.19160
Tobin Way|-38.06378,145.25161 -38.06346,145.24819
Todd Court|-38.10720,145.25345 -37.97668,145.07722
Todd Street|-37.92094,145.02713
Toirram Crescent|-38.08514,145.27053 -38.08295,145.26732
Tolga Close|-38.08835,145.18758
Tolls Avenue|-37.97969,145.06941
Tolmie Rise|-38.00954,145.27804
Tomar Court|-37.96258,145.06988
Tomasetti Crescent|-38.00860,145.29101
Tomintoul Court|-37.93743,145.10341
Tonbridge Street|-38.07677,145.12449
Tongola Court|-38.09898,145.27591
Tony Way|-38.10707,145.24763 -38.10463,145.24917
Toohey Close|-38.04507,145.25519
Toomah Street|-38.06027,145.29724
Toon Court|-37.95199,145.21035
Toongabbie Court|-37.98491,145.17209
Toorak Drive|-37.97998,145.13334 -37.97788,145.13563
Tooronga Street|-37.96652,145.21894
Tootal Road|-37.96385,145.12796 -37.96641,145.12611 -37.96910,145.12416 -37.97160,145.12234 -37.96112,145.12993
Topaz Court|-37.92264,145.16998
Topaz Way|-38.03419,145.24790
Toporoa Court|-38.08473,145.19971
Topp Street|-38.11407,145.25844
Torana Court|-37.99007,145.24889
Tori Place|-38.05819,145.14399
Torquay Avenue|-38.09626,145.13039 -38.09352,145.13039
Torquay Close|-37.98270,145.11852
Torquay Court|-37.96776,145.25694
Torrens Terrace|-38.08720,145.20372
Torres Parade|-38.08433,145.21556
Torteval Place|-37.92805,145.13503
Tottenham Grove|-37.92400,145.19099
Toulon Court|-38.06339,145.12420
Tourmaline Crescent|-37.92099,145.19628
Tournament Place|-38.07132,145.29406
Tova Drive|-38.09862,145.16374 -38.10216,145.16356
Tovan Akas Avenue|-37.92317,145.02950 -37.92268,145.02538
Tower Avenue|-38.06385,145.28153
Tower Court|-37.97982,145.19032 -37.98253,145.18975
Towerhill Boulevard|-38.04991,145.25927
Towers Street|-37.97531,145.05385 -37.97514,145.04917
Town Lane|-38.06089,145.14071
Towong Street|-37.94233,145.21705
Towt Court|-37.92479,145.23090
Tracey Close|-37.98961,145.17845
Tracey Court|-37.96939,145.07509 -37.90200,145.18870
Tracey Drive|-38.10137,145.25901
Tradewinds Lane|-38.08204,145.13447
Trafalgar Street|-37.91504,145.00090
Trafalgar Walk|-37.99859,145.16829
Trafalgar Way|-38.09820,145.29552 -38.09869,145.29900
Trafford Court|-37.90438,145.18370
Trafford Road|-38.09063,145.17370
Train Street|-37.94859,145.04062
Trainor Court|-37.95649,145.17089
Tramore Terrace|-38.11832,145.25598
Tramway Parade|-37.99402,145.03374 -37.99335,145.03844 -37.98871,145.04294 -37.99058,145.04044 -37.98563,145.04360 -37.98267,145.04417 -37.97897,145.04489
Tranter Square|-38.04817,145.25303
Traphina Court|-37.93767,145.08391
Travers Walk|-37.95968,145.08346
Travis Close|-37.94419,145.09888
Trawalla Court|-38.02764,145.26391
Trawalla Street|-38.01971,145.11042
Trebecco Street|-38.12790,145.23666
Trebilco Avenue|-38.00060,145.16967
Treboryn Court|-37.92461,145.26433
Treeby Boulevard|-38.00503,145.10166 -38.00119,145.10223
Treeby Court|-37.97221,145.15230
Trees Court|-37.94235,145.09850
Treesbank Avenue|-37.96337,145.16007
Treforest Drive|-37.92223,145.13203
Tregenna Court|-37.90640,145.01043
Treherne Court|-38.10742,145.19155
Tremaine Court|-38.11075,145.18041 -37.93399,145.18363
Trende Street|-37.97833,145.20545
Trent Court|-38.05630,145.13105 -37.90219,145.14668
Trent Street|-37.94264,145.07331
Trentbridge Road|-37.92661,145.19054
Trentham Street|-37.95196,145.00578 -37.94914,145.00635
Trenton Court|-38.06228,145.28275
Trentwood Road|-38.01322,145.29959 -38.01015,145.29961
Tresco Court|-37.93001,145.18378
Trevena Close|-37.91180,145.25258
Trevethic Road|-37.94259,145.15199
Trevino Way|-38.07148,145.29051
Trevor Court|-37.98321,145.16394
Trewin Street|-38.00110,145.21256
Trey Close|-38.11574,145.23660
Tricia Avenue|-37.95812,145.14505
Trina Court|-38.00401,145.14906
Trinity Court|-38.05832,145.13886 -37.90871,145.02116 -37.93659,145.07407
Trinity Lane|-38.00137,145.14858
Tripoli Court|-37.99864,145.25994
Trisha Drive|-37.93444,145.24660 -37.93170,145.24925
Tristania Street|-37.99493,145.24132 -37.99150,145.24244 -37.98867,145.24312
Triton Drive|-37.99000,145.16947
Triumph Way|-38.11956,145.19283 -38.12292,145.19219
Troon Court|-37.96967,145.26446 -37.91898,145.22301
Trooper Court|-37.90515,145.19046
Troups Creek Promenade|-38.00904,145.28702
Troy Street|-38.05783,145.13070 -38.05933,145.12626
Troy Terrace|-37.92331,145.27184
True Avenue|-38.07374,145.13000 -38.07122,145.12844
Trueman Street|-38.11049,145.24215
Trumper Lane|-38.10955,145.23995
Truscott Court|-37.91395,145.16983
Truslove Court|-37.98792,145.27349
Tuck Street|-37.97052,145.05746 -37.97047,145.06123 -37.93496,145.03761
Tucker Avenue|-37.91212,145.00429
Tucker Boulevard|-38.09650,145.18111 -38.09550,145.17775
Tucker Road|-37.92935,145.04923 -37.93460,145.04832 -37.92618,145.04983 -37.92350,145.05033 -37.92061,145.05086 -37.91688,145.05151 -37.91381,145.05202 -37.91107,145.05248 -37.90699,145.05321
Tucker Street|-38.10475,145.27786 -38.10156,145.27846
Tudawali Crescent|-37.91316,145.17154 -37.91578,145.17252
Tudor Crescent|-37.96174,145.19364
Tudor Street|-37.91820,145.07455 -37.91866,145.07869 -37.91913,145.08294
Tufnel Court|-37.97127,145.24557
Tuileries Rise|-38.06418,145.29435
Tular Avenue|-37.92644,145.08196 -37.92693,145.08574
Tulip Court|-37.90815,145.14854
Tulip Grove|-38.08735,145.28824 -37.96449,145.04822 -37.96168,145.04878 -37.95892,145.04844
Tulip Street|-37.96213,145.01894 -37.96255,145.02249 -37.96294,145.02589 -37.96333,145.02952 -37.96379,145.03341 -37.96422,145.03697
Tulip Way|-37.99818,145.16514
Tullaroop Court|-37.91059,145.27608
Tullius Avenue|-37.90188,145.12058 -37.90481,145.12003
Tulloch Drive|-38.08070,145.20431
Tully Crescent|-38.00626,145.29217
Tully Road|-37.94724,145.11545 -37.94680,145.11196
Tulsk Close|-38.04174,145.26192
Tumut Court|-38.06311,145.14644
Tundra Way|-37.99514,145.17060
Tunley Close|-37.98636,145.25932
Turakina Avenue|-38.03951,145.10785
Turanga Place|-38.00296,145.27330
Turnberry Avenue|-38.06347,145.30325
Turnberry Court|-37.95455,145.08127 -37.92046,145.22170
Turnbull Avenue|-37.89998,145.11852
Turnbull Court|-38.11500,145.18321
Turner Close|-37.93598,145.16094
Turner Court|-37.97542,145.22548
Turner Road|-37.95129,145.04801 -37.95161,145.05280 -37.95223,145.05815
Turnstone Court|-38.11180,145.16039
Turramurra Drive|-37.98672,145.16926 -37.98621,145.16579 -37.92538,145.23616 -37.92288,145.23468 -37.92583,145.23967 -37.92477,145.24285 -37.92220,145.24390 -37.91959,145.24483
Tuscan Court|-38.06495,145.24278
Tuskar Place|-38.10881,145.19429
Tusmore Grove|-38.07327,145.29017
Tusmore Place|-37.92315,145.18983
Tuxen Court|-37.92980,145.02841
Tweed Street|-37.94727,145.02947 -37.94374,145.03031
Twickenham Street|-37.92851,145.18618
Twisden Road|-37.92533,145.03284
Twofold Close|-37.98435,145.11841
Twohig Court|-37.96087,145.20759
Tyabb Grove|-38.02425,145.10936
Tyalla Court|-38.03608,145.26072 -37.92624,145.16936
Tyas Place|-38.10798,145.19389
Tyers Crescent|-37.91685,145.25015
Tyers Lane|-38.00744,145.16029 -38.00796,145.16441 -38.00838,145.16792 -38.00879,145.17139
Tylden Court|-37.97943,145.08437
Tylers Run|-38.00314,145.18261
Tyntynder Drive|-38.11236,145.18681 -38.10957,145.18672
Tyree Avenue|-37.95887,145.15349
Tyrell Court|-37.91900,145.25415
Tyrol Street|-37.96020,145.22346
Tyrone Court|-37.91981,145.18237
Tyrone Street|-38.10987,145.14181 -37.90473,145.04664
Tyrrell Terrace|-38.01545,145.13889
Uddin Lane|-38.03018,145.28198
Ulupna Road|-37.90262,145.04281 -37.89803,145.04370
Ungarie Court|-38.03908,145.25557
Union Grove|-37.95242,145.15231
Union Road|-38.00830,145.20682 -38.00775,145.20251
Union Street|-37.90821,145.01415 -37.90878,145.01819 -37.91042,145.02428
Units 54-62|-37.91733,145.16580
Units 54-74|-37.91677,145.16612
Unity Drive|-38.00787,145.16990
Universal Way|-38.09304,145.25316
University Place|-37.91048,145.14662
Unley Place|-37.92297,145.18827
Uonga Road|-37.92942,145.03973
Uplands Court|-38.01058,145.29415
Upton Court|-37.92651,145.20314
Upwey Avenue|-37.96012,145.14598
Ural Court|-37.96052,145.22395
Urban Street|-37.99847,145.11062
Urquhart Court|-38.02719,145.26802
Ursula Close|-37.90554,145.19405
Usher Court|-38.00034,145.20307
Utah Court|-37.94255,145.21322
Val Court|-37.98254,145.22715
Valanne Street|-37.90345,145.02101
Valda Court|-38.08289,145.26847
Valda Grove|-37.91257,144.99950
Valdemar Court|-37.92936,145.02736
Vale Street|-37.92635,145.04132
Valegro Lane|-38.12316,145.24088
Valencia Circuit|-38.09082,145.28520
Valepark Close|-37.94592,145.18884
Valepark Crescent|-38.11125,145.27028 -38.10882,145.26855
Valerian Street|-37.94606,145.01965
Valerie Court|-38.10728,145.13731 -38.03602,145.25513
Valerie Drive|-38.11063,145.27015
Valerie Street|-37.97689,145.17895 -37.93499,145.05149
Valetta Street|-38.08171,145.12691 -38.07809,145.12567 -38.07253,145.12410
Valewood Court|-38.01051,145.29205
Valewood Drive|-37.92402,145.16674
Valkstone Street|-37.91413,145.05464 -37.91464,145.05916
Valley Court|-37.94713,145.21998
Valley Fair Drive|-38.02291,145.29620 -38.02459,145.29941 -38.02591,145.30267
Valley Road|-38.12543,145.20112 -38.12494,145.19724 -38.12447,145.19355
Valley Street|-37.91723,145.10289 -37.91792,145.10845
Valley View Rise|-38.04072,145.27593
Valleyview Drive|-37.90894,145.25218 -37.90564,145.24770
Vallota Crescent|-37.97668,145.16247
Valma Avenue|-38.09294,145.26858
Valmont Avenue|-37.98410,145.04796
Van Haaster Court|-37.93670,145.21958
Van Haaster Grove|-38.09964,145.19961
Van-Wyk Court|-37.96981,145.15537
Vance Court|-37.98708,145.16000
Vanessa Avenue|-37.98602,145.17806
Vanessa Court|-37.94149,145.09591
Vanessa Crescent|-37.91732,145.18414
Vanessa Drive|-38.02605,145.25037 -38.02969,145.24961
Vanguard Avenue|-38.11793,145.23430
Vanner Lane|-37.99928,145.19558
Vardon Avenue|-37.97399,145.04146
Vardon Street|-37.95871,145.15464
Vasello Circuit|-38.12652,145.23241
Vasey Rise|-37.97682,145.26261
Vasey Street|-37.93489,145.06535 -37.93446,145.06190
Vaucluse Court|-37.90774,145.17664
Vega Close|-37.97812,145.16179
Vega Terrace|-38.09251,145.29022
Vella Court|-37.96773,145.13762
Velra Avenue|-37.90607,145.07361
Venetia Way|-38.12787,145.23141
Venezia Way|-38.10915,145.20090
Venice Gardens|-37.97340,145.26887
Venice Street|-37.98843,145.06714 -37.98603,145.06516 -37.98558,145.06151
Venn Grove|-38.09650,145.25140
Ventura Place|-38.02601,145.23285
Venture Court|-38.00925,145.22374
Venture Way|-38.00100,145.11608 -37.99879,145.11889
Venus Court|-37.98560,145.12357
Venus Place|-38.09389,145.28818
Vera Court|-37.97163,145.20381
Vera Street|-37.90390,145.07307 -37.92450,145.07933
Verbena Crescent|-37.98071,145.16446
Verbena Street|-37.99173,145.09708
Verdana Place|-38.07065,145.29348
Verdant Avenue|-38.08652,145.21062 -38.08376,145.21124
Verdant Drive|-37.99515,145.17164
Verdant Place|-37.97422,145.13103
Verde Lane|-38.00336,145.16727
Verdure Crescent|-37.96209,145.06623
Verey Court|-37.98775,145.20091
Vernal Road|-37.92790,145.08507
Vernon Court|-37.97213,145.16316
Vernon Street|-37.92271,145.02197 -37.90471,145.10874 -37.90427,145.10481
Verona Drive|-38.02670,145.25676 -38.02380,145.25612
Veronica Court|-37.97760,145.16352
Veronica Drive|-38.11517,145.19626
Veronica Street|-37.92616,145.07576 -37.92340,145.07620
Verve Circuit|-38.11222,145.24793 -38.11284,145.25157
Vesper Drive|-38.02124,145.29502 -38.01832,145.29474
Vezelay Court|-38.06414,145.29642
Vialls Avenue|-37.99302,145.08511 -37.99349,145.08851
Vickery Street|-37.91482,145.03934 -37.91826,145.03878
Victor Avenue|-38.10089,145.12585 -37.97156,145.04716 -37.96828,145.04774 -37.95735,145.21125 -37.95439,145.21183
Victor Court|-38.03523,145.27465
Victor Road|-37.91853,145.02287 -37.92686,145.07887 -37.93013,145.07828 -37.92366,145.07949
Victor Street|-37.98357,145.03337 -37.98393,145.03715
Victoria Avenue|-37.95139,145.14728 -37.94610,145.14828
Victoria Court|-37.96022,145.20881 -37.95377,145.14683
Victoria Knox Avenue|-37.90649,145.27045 -37.90470,145.27306 -37.90365,145.27956
Victoria Road|-38.00973,145.29622 -38.00705,145.29666
Victoria Street|-37.99242,145.08871 -37.99123,145.08464 -37.95699,145.01798 -37.95619,145.01179
Victory Court|-37.91380,145.02264
Victory Road|-37.95175,145.10669 -37.95249,145.11258
Victory Street|-37.95262,145.01079 -37.94976,145.01138 -37.90348,145.06936 -37.90298,145.06591
Victory Way|-38.08778,145.19006
View Court|-37.94556,145.21753
View Mount Road|-37.90434,145.17366 -37.90091,145.17431 -37.89065,145.17629 -37.89364,145.17574 -37.89639,145.17521
View Road|-37.96291,145.15641 -37.95971,145.15703 -37.95701,145.15754 -37.95400,145.15811
View Street|-38.03422,145.25585 -38.03074,145.25658 -37.98349,145.05345 -37.95139,145.04477 -37.92109,145.10873 -37.92385,145.10987 -37.92657,145.10934
Viewbank Court|-38.02142,145.10191
Viewgrand Rise|-37.90673,145.28137
Viewline Drive|-37.90800,145.28443
Viewline Way|-38.06816,145.24580
Viewmount Place|-38.08080,145.21692
Viewside Way|-38.04771,145.27757
Viewtech Place|-37.93023,145.22203 -37.92736,145.22208
Viking Court|-38.09105,145.18329 -37.94880,145.06866 -37.95176,145.06809
Villa Road|-37.94835,145.14409 -37.94778,145.13969
Village Close|-38.09575,145.18354
Village Court|-37.90652,145.16078 -37.93350,145.23448
Village Crescent|-38.04398,145.12389
Village Drive|-38.02801,145.26530 -38.02992,145.26776 -37.97703,145.12232 -37.97851,145.11939 -37.98128,145.11905
Villager Street|-38.09432,145.29668 -38.09494,145.30137
Villas Road|-38.03572,145.20136 -38.03526,145.19757
Villeroy Street|-37.93130,145.00367 -37.93177,145.00753 -37.93132,145.01091
Villiers Road|-37.99838,145.16170
Viminalis Court|-37.96899,145.23841
Vincent Court|-38.07975,145.28506
Vincent Crescent|-37.95926,145.17985
Vincent Street|-38.04025,145.11150 -37.94877,145.01045 -37.94954,145.01660 -37.95008,145.02134 -37.92667,145.02659 -37.92884,145.16326 -37.93242,145.16257
Vine Court|-37.91576,145.05654
Viney Street|-37.93402,145.10316 -37.93708,145.10261 -37.93989,145.10198
Viola Court|-37.99282,145.15875
Viola Crescent|-37.94583,145.04030
Violet Court|-37.97826,145.16332
Violet Crescent|-37.91551,145.01459
Violet Way|-38.08905,145.29137
Virgilia Court|-37.92766,145.24399
Virgilia Street|-37.99775,145.23454
Virginia Court|-37.98225,145.09311
Virginia Street|-38.09686,145.27339 -38.09416,145.27400 -37.94782,145.15876 -37.94729,145.15429
Viridis Place|-37.96665,145.23893
Vision Drive|-38.02876,145.27494
Vision Street|-38.04389,145.21018 -38.03973,145.21470 -38.04394,145.21387
Vista Crescent|-37.92433,145.25315 -37.92149,145.25299
Vistula Court|-37.97957,145.14880
Vitis Avenue|-37.97959,145.16197 -37.98102,145.15901
Vivant Lane|-38.12342,145.24281
Vivi Court|-38.11840,145.19180
Vivian Court|-37.91825,145.11109
Vivien Street|-37.99995,145.21049 -37.92657,145.05959
Vivienne Street|-38.12107,145.14209
Vizard Street|-37.97323,145.21566 -37.97027,145.21622
Volk Road|-38.08487,145.25435 -38.08436,145.25026
Volks Court|-37.92561,145.27506
Volta Street|-37.97824,145.19029
Voltri Street|-37.97488,145.07319 -37.97568,145.08124 -37.97627,145.08538 -37.97514,145.07684
Volunteer Avenue|-38.12531,145.24051
Von Nida Court|-37.97985,145.12568 -37.93626,145.24264
Von Nida Drive|-38.07169,145.29008 -38.07228,145.29510
Voumard Street|-37.91335,145.09369 -37.91413,145.09718
Voyager Way|-37.98957,145.25646
Vue Court|-37.92524,145.26620
Vunabere Avenue|-37.92407,145.02939 -37.92366,145.02596
Wachter Court|-37.96680,145.18850
Waddington Crescent|-37.97683,145.14848
Wade Court|-37.96195,145.07789
Wadham Court|-37.96801,145.24557
Wadsley Road|-38.07559,145.15451 -38.07527,145.15106
Wagga Court|-37.98147,145.16609
Wagtail Court|-37.99816,145.29215
Wahroonga Avenue|-37.98469,145.17649 -37.98399,145.17288 -37.98363,145.16947
Wahroonga Court|-37.90861,145.26593
Waintree Court|-37.98049,145.26413
Waiora Avenue|-37.97760,145.02990
Wairoa Avenue|-37.90362,145.01247
Waitara Avenue|-37.98591,145.16533
Waitara Court|-37.91539,145.17892
Wakefield Court|-38.07815,145.27093
Wakefield Rise|-37.98283,145.26195
Wakeman Court|-37.97341,145.12308
Wakool Avenue|-37.98236,145.05256
Walbundry Avenue|-38.12879,145.13794
Walcott Place|-38.06337,145.29985
Walden Court|-38.07468,145.29465 -37.96503,145.14457
Walden Grove|-37.89980,145.05834
Walden Road|-37.98686,145.06163
Waldorf Court|-37.92998,145.07220
Wales Court|-38.00169,145.26464
Wales Street|-37.94556,145.01571 -37.94284,145.01626 -37.94758,145.15669
Walker Avenue|-37.93710,145.01939
Walker Grove|-37.96648,145.06464
Walker Street|-37.99689,145.10635 -37.98830,145.21128 -37.98808,145.21473
Walkers Road|-38.07646,145.12981 -38.07807,145.12561
Wall Street|-37.97801,145.04682 -37.96959,145.17064
Wallace Avenue|-37.97547,145.19822 -37.90482,145.07288 -37.90435,145.06926 -37.90374,145.06494 -37.91739,145.10410
Wallace Crescent|-37.97727,145.04951
Wallace Road|-38.10814,145.26896 -38.10552,145.26813 -38.10459,145.27141
Wallace Street|-37.92365,145.05419
Wallara Road|-38.02673,145.10909
Wallarano Drive|-37.97956,145.17176 -37.97907,145.16759
Wallaroo Avenue|-38.01322,145.30063 -38.01300,145.29673
Wallen Road|-37.90354,145.05045 -37.90400,145.05415
Wallen Street|-37.91651,145.01582
Waller Court|-37.97373,145.05671
Wallingford Place|-37.94191,145.24656
Wallingford Street|-37.97055,145.06199 -37.97099,145.06804
Wallowa Crescent|-38.11682,145.16058 -38.00903,145.29966
Wallum Road|-38.04360,145.10980
Walnut Court|-38.07576,145.27891 -37.92407,145.16415
Walnut Crescent|-37.98151,145.16140 -37.97909,145.16292
Walnut Street|-37.90873,145.05290 -37.90826,145.04915
Walsh Avenue|-37.94274,145.04999 -37.94588,145.04939
Walsh Street|-37.96518,145.16687 -37.90229,145.04173 -37.90267,145.04545
Walstab Street|-37.92105,145.00759
Walter Street|-38.10219,145.27834 -38.10264,145.28203 -37.97419,145.18132 -37.97710,145.18080 -37.94021,145.06503 -37.93745,145.06564
Walters Court|-37.92571,145.25480
Waltham Street|-37.94990,145.00410
Waltzing Drive|-38.06652,145.25958
Walworth Court|-37.98394,145.15930
Wamba Road|-37.93267,145.05193 -37.93320,145.05642
Wanaka Close|-37.91315,145.24513
Wanda Court|-38.02473,145.11011 -37.99802,145.26678
Wanda Street|-37.92412,145.16674 -37.92704,145.16718 -37.92975,145.16664 -37.93267,145.16612 -37.92175,145.16479
Wandarri Court|-37.96157,145.03190
Wandoo Avenue|-37.92935,145.10405 -37.92955,145.10808
Wandoo Court|-37.90534,145.16846
Wang Court|-38.10260,145.27647
Wangara Road|-37.95872,145.03830 -37.95831,145.03465 -37.95792,145.03122 -37.95748,145.02748
Wanke Crescent|-37.96981,145.20690
Wannan Court|-37.94158,145.11140
Wannan Street|-37.94656,145.05256 -37.94991,145.05188
Wannon Court|-37.98980,145.17142 -37.91417,145.25645
Wanrua Street|-37.95699,145.04051
Wanstead Way|-38.10477,145.25008
Wara Close|-37.95010,145.18752
Waradgery Drive|-37.92229,145.22705 -37.92175,145.22361 -37.91904,145.22289 -37.92499,145.23059 -37.91882,145.22634 -37.92229,145.22705
Warana Drive|-38.03544,145.28399 -38.03331,145.28091 -38.03131,145.26823 -38.03269,145.27717 -38.03158,145.27307
Waranga Street|-37.94345,145.21791 -37.94163,145.21537 -37.94279,145.21213
Waratah Avenue|-37.97820,145.03096 -37.99424,145.09585 -37.99146,145.09480
Waratah Drive|-37.96057,145.20659 -37.95858,145.20225
Waratah Mews|-37.99300,145.15665
Waratah Street|-37.98452,145.24000 -37.98706,145.24261 -37.91220,145.07539 -37.91263,145.07949 -37.91310,145.08349
Warbla Street|-37.96707,145.20260
Warbler Court|-38.11187,145.17778
Warburton Court|-37.98137,145.25889
Ward Avenue|-37.91258,145.08471
Ward Street|-37.99170,145.03555 -37.97023,145.06824 -37.97312,145.06800 -37.91566,145.01596 -37.91569,145.03808
Wardale Road|-37.96904,145.15367
Wards Grove|-37.92653,145.06109 -37.92276,145.06188
Wareham Street|-37.93926,145.15999 -37.93865,145.15484
Waring Street|-38.00689,145.16264
Warland Road|-37.93633,145.03383
Warleigh Grove|-37.90438,145.00465
Warner Street|-37.90792,145.10296
Warner Way|-37.94923,145.16021
Warngar Close|-38.08747,145.19197
Warradale Court|-37.94718,145.19433
Warragamba Court|-37.98834,145.16567
Warrawee Avenue|-37.98196,145.16886
Warraweena Road|-37.94030,145.11418
Warrawitur Court|-38.06709,145.12588
Warrego Circuit|-38.08558,145.20509
Warren Court|-37.96574,145.22199
Warren Park Place|-38.03646,145.29636 -38.03916,145.29680
Warren Road|-37.99383,145.09255 -37.99928,145.09156 -37.99652,145.09204 -37.98524,145.09418 -37.98798,145.09366 -37.99077,145.09312 -37.95474,145.06700 -37.95513,145.07048
Warren Street|-38.06630,145.12225
Warrigal Court|-37.98562,145.16635
Warrigal Road|-37.98842,145.07018 -37.99416,145.06910 -37.99148,145.06961 -37.98528,145.07077 -37.98137,145.07148 -37.97521,145.07270 -37.97842,145.07209 -37.96793,145.07418 -37.97184,145.07336 -37.96482,145.07465 -37.96206,145.07514 -37.95751,145.07594 -37.95473,145.07659 -37.95199,145.07692 -37.94924,145.07749 -37.94447,145.07846 -37.94131,145.07904 -37.93858,145.07957 -37.93454,145.08037 -37.93053,145.08118 -37.92778,145.08170 -37.92431,145.08239 -37.92099,145.08304 -37.91821,145.08359 -37.91535,145.08416 -37.91258,145.08471 -37.90979,145.08492 -37.90353,145.08621 -37.90682,145.08558 -37.90054,145.08676
Warriner Court|-37.90245,145.10980
Warrington Close|-38.01098,145.29407
Warriston Street|-37.90855,145.00673 -37.90552,145.00726
Warsaw Court|-37.94577,145.11573
Wartook Way|-37.91236,145.24895
Waruka Close|-37.98117,145.26987
Warwick Avenue|-37.95182,145.15366
Warwick Court|-37.94948,145.22079 -37.90219,145.17308
Warwick Street|-37.92046,145.06677 -37.92090,145.07031
Washington Drive|-37.93570,145.08094 -37.93627,145.08512
Waterbury Street|-38.08347,145.28408 -38.08435,145.29096
Waterbush Crescent|-38.05716,145.24589
Waterdale Place|-38.02104,145.11522
Waterford Close|-37.96673,145.28453 -37.96398,145.28496
Waterford Park Avenue|-37.90266,145.26020 -37.90442,145.25753
Waterford Terrace|-37.99326,145.15231
Waterfront Way|-38.00772,145.16248
Watergardens Circuit|-38.06941,145.25142
Watergrass Court|-37.99696,145.14859
Watergum Avenue|-38.05415,145.24722 -38.05678,145.24816
Waterhaven Way|-38.07139,145.24246
Waterlilly Court|-38.01678,145.13155
Waterlily Way|-37.99625,145.15206
Waterloo Court|-37.98245,145.15748
Waterloo Place|-37.90607,145.27808
Waterloo Street|-37.91553,145.00146
Waters Avenue|-37.89933,145.29563
Waters Court|-37.94478,145.11456
Waterside Circuit|-38.08007,145.21261
Waterside Crescent|-37.93058,145.18752
Waterside Drive|-38.10437,145.29449 -38.01621,145.13638 -38.01471,145.13335 -38.01341,145.13024 -38.01196,145.12690
Watervale Way|-38.00409,145.15616
Waterview Close|-38.02088,145.23913 -38.01990,145.24591
Waterville Vista|-38.11819,145.25603
Watford Avenue|-38.09950,145.25226
Watkins Court|-37.94311,145.16444
Watkins Street|-38.01336,145.09109
Watson Close|-37.92039,145.22557
Watson Court|-37.93957,145.10050
Watson Road|-37.94891,145.19033 -37.94621,145.19061
Watson Street|-37.96910,145.20706
Watsonia Street|-37.90916,145.09599
Watsons Road|-37.89989,145.16845 -37.90322,145.16781
Watt Place|-38.07486,145.24800
Watt Street|-37.90981,145.06981 -37.94425,145.15362
Wattle Avenue|-37.98264,145.02891 -37.98303,145.03234
Wattle Close|-37.91628,145.26684
Wattle Drive|-37.99728,145.23068 -37.99774,145.23450
Wattle Grove|-37.90737,145.03597 -37.91026,145.03544 -37.92598,145.15971 -37.92917,145.15909 -37.93223,145.15849
Wattle Street|-37.95079,145.15695
Wattle Valley Close|-38.06705,145.24695
Wattlebird Court|-37.98769,145.12780
Wattleglade Court|-37.90033,145.18665
Wattleseed Way|-38.00456,145.16517
Wattletree Close|-37.95737,145.27275
Wattlewoods Place|-38.09887,145.18392
Watton Close|-37.95546,145.13397
Wauchope Lane|-37.98917,145.19910 -37.98693,145.20146
Wave Street|-37.93865,145.00511
Wavell Street|-37.91502,145.04716 -37.91438,145.04252
Waverley Close|-37.93420,145.23599
Waverley Park Drive|-38.07455,145.27511 -38.07195,145.27609 -38.07023,145.27335 -38.06845,145.27004 -37.92723,145.18813 -37.92491,145.18995
Waverley Street|-37.91946,145.00790
Waverly Street|-37.95551,145.01566
Waygara Street|-37.99863,145.24675
Wayne Court|-38.01304,145.09411 -37.98871,145.19445 -37.93429,145.10533 -37.91101,145.16720
Wayne Terrace|-38.12639,145.29621
Wayside Court|-38.02762,145.25597
Weatherall Road|-37.97081,145.04108 -37.97146,145.04639 -37.97192,145.05007 -37.97028,145.03684 -37.97241,145.05400
Weatherall Way|-38.00859,145.16398
Weatherly Grove|-37.91609,145.00210
Weatherston Road|-38.11003,145.13399 -38.10983,145.13034
Webb Avenue|-37.93695,145.15731 -37.93428,145.15806
Webb Court|-37.90209,145.27133
Webb Street|-38.11613,145.14474
Weber Street|-37.90414,145.02088
Webster Court|-38.09234,145.17238
Webster Drive|-38.06152,145.14110
Webster Place|-38.07576,145.27337
Webster Street|-37.99420,145.21019 -37.99329,145.21414
Wedd Street|-37.96671,145.05893
Wedge Court|-38.09632,145.14481
Wedge Crescent|-37.91011,145.25290
Wedge Road|-38.08620,145.18549 -38.08802,145.20032 -38.08861,145.20518 -38.08677,145.19002 -38.08720,145.19357 -38.08620,145.18549 -38.08920,145.21059 -38.09020,145.21838
Wedge Street|-37.99480,145.22018 -37.99260,145.22398
Wedgewood Road|-38.00532,145.25716 -38.00899,145.25574 -38.01195,145.25509 -38.01434,145.25690 -38.01544,145.26024 -38.00532,145.25716 -38.00899,145.25574 -38.01195,145.25509 -38.01434,145.25690 -38.01544,145.26024 -38.00530,145.25718
Weebill Place|-38.11393,145.17799
Weeden Crescent|-38.00934,145.28245 -38.00608,145.28049
Weeks Close|-37.92118,145.26469
Weeroona Street|-37.93842,145.01801
Weigela Court|-37.98930,145.23223
Weist Court|-37.94956,145.21459
Welcomen Street|-38.11707,145.29133
Weller Street|-37.98339,145.20765
Wellington Avenue|-37.98273,145.02582 -37.98568,145.02540
Wellington Road|-37.91544,145.13461 -37.91590,145.13821 -37.91670,145.14308 -37.91728,145.14880 -37.91493,145.12913 -37.91537,145.13408 -37.91833,145.15612 -37.91889,145.16198 -37.91767,145.15195 -37.92019,145.16931 -37.91969,145.16527 -37.92143,145.18098 -37.92067,145.17480 -37.92191,145.18653 -37.92302,145.19373 -37.92400,145.20154 -37.92357,145.19816 -37.92457,145.20603 -37.92229,145.18893 -37.92536,145.21351 -37.92495,145.20990 -37.92620,145.21897 -37.92668,145.22282 -37.92713,145.22644 -37.92787,145.23118 -37.92769,145.24066 -37.92855,145.23719 -37.92649,145.24425 -37.92695,145.24968 -37.92752,145.25329 -37.92782,145.25688 -37.92904,145.26592 -37.92506,145.28491 -37.92602,145.28123 -37.92700,145.27787 -37.92789,145.27444 -37.92889,145.27090 -37.92829,145.25957 -37.92784,145.25573 -37.92888,145.26564 -37.93147,145.29993 -37.92989,145.29669 -37.92838,145.29362 -37.92685,145.29054 -37.92539,145.28733 -37.93244,145.30187
Wellington Road Service Road|-37.91629,145.13927 -37.91593,145.13573 -37.91550,145.13217 -37.91703,145.14472 -37.91853,145.16050 -37.91896,145.16396 -37.92040,145.17716 -37.92098,145.18087 -37.92709,145.19480
Wells Road|-38.12648,145.13301 -38.12957,145.13168 -38.12078,145.13539 -38.12380,145.13418 -38.11751,145.13691 -38.11374,145.13726 -38.11092,145.13806 -38.02075,145.12257 -38.01953,145.11920 -38.01219,145.10357 -38.01492,145.10469 -38.01692,145.11001 -38.01777,145.11337 -38.01903,145.11848 -38.01213,145.10340 -38.05819,145.14639 -38.05463,145.14499 -38.04802,145.14213 -38.05153,145.14395 -38.04562,145.14037 -38.03535,145.13523 -38.03826,145.13679 -38.04160,145.13861 -38.02798,145.13118 -38.03286,145.13387 -38.02552,145.12809 -38.02219,145.12422 -37.98759,145.04909 -37.98429,145.04963 -37.98114,145.05022 -38.01144,145.10331 -38.01037,145.09953 -38.01419,145.10412 -38.01610,145.10678 -38.01694,145.11008 -38.01777,145.11337 -38.01903,145.11848 -38.01421,145.10392 -38.01144,145.10331 -37.90255,145.09628
Wellwood Road|-38.06051,145.11910
Wellwood Square|-37.91254,145.19580
Welton Street|-37.97431,145.04755
Welwood Court|-37.93570,145.10632
Welwyn Avenue|-37.93126,145.02111 -37.92803,145.02167
Welwyn Court|-37.99286,145.18408 -37.94334,145.04988
Wembley Avenue|-37.96409,145.04491
Wembley Grove|-37.91070,145.04624
Wendel Court|-38.08821,145.18664
Wendon Court|-37.98056,145.13679
Wendy Court|-38.09164,145.19058 -38.04311,145.26766 -37.91789,145.10229 -37.91234,145.19006
Wendy Street|-37.94241,145.04908
Wendyn Avenue|-38.00520,145.14328
Wentworth Avenue|-37.96274,145.02590 -37.91515,145.26138 -37.92181,145.26388 -37.92311,145.26695 -37.91785,145.26196
Wentworth Street|-38.07517,145.26725 -38.07425,145.27132
Were Street|-37.92624,145.00462 -37.92574,145.00067 -37.92666,145.00833 -37.92688,145.01318
Werona Court|-37.93196,145.17536
Werona Street|-37.93082,145.03736
Weroona Court|-37.91280,145.27509
Werrett Court|-37.99686,145.16680
Wesley Close|-38.11694,145.19697
Wesley Court|-38.00203,145.14848 -37.94571,145.04745 -37.91848,145.18495
West Vista Place|-37.99197,145.27853 -37.99037,145.28255
Westall Road|-37.95840,145.13694 -37.95487,145.13756 -37.95091,145.13830 -37.94788,145.13910 -37.94195,145.14038 -37.94487,145.13981 -37.93917,145.14015 -37.93081,145.14171 -37.93449,145.14119 -37.92786,145.14226 -37.92503,145.14307
Westall Road Extension|-37.98110,145.14431 -37.98364,145.14583 -37.96880,145.13558 -37.97831,145.14152 -37.97537,145.13949 -37.97261,145.13785 -37.98076,145.14324 -37.96921,145.13609 -37.97788,145.14147 -37.96659,145.13499 -37.96174,145.13654
Westall Road Service Road|-37.94287,145.13989 -37.93677,145.14120 -37.93366,145.14184
Westbridge Court|-38.01444,145.12704
Westbrook Drive|-38.00332,145.15903 -38.00084,145.15680
Westbury Court|-37.97825,145.12095
Westbury Way|-38.06024,145.24681
Westerfield Drive|-37.90253,145.15026 -37.90556,145.14989 -37.90778,145.14726
Western Port Highway|-38.12315,145.23043 -38.12675,145.22975 -38.13020,145.22910 -38.13308,145.22827 -38.12032,145.23075 -38.11759,145.23158 -38.11276,145.23231 -38.10765,145.23336 -38.10212,145.23449 -38.09884,145.23516 -38.09419,145.23613 -38.08641,145.23789 -38.08967,145.23728 -38.10179,145.23479 -38.10589,145.23396 -38.08245,145.23839 -38.09371,145.23623 -38.07938,145.23915 -38.08632,145.23791 -38.09031,145.23690 -38.06573,145.24190 -38.07029,145.24102 -38.07489,145.24013 -38.07993,145.23885 -38.06225,145.24229 -38.06513,145.24202 -38.05932,145.24286 -38.05651,145.24341 -38.05383,145.24393 -38.04604,145.24570 -38.04876,145.24489 -38.04331,145.24591
Western Way|-38.02045,145.29777
Westgate Street|-37.90961,145.08611 -37.90367,145.08728 -37.90677,145.08665
Westham Court|-37.92536,145.19366
Westleigh Crescent|-38.01310,145.29752
Westley Street|-38.07292,145.13213 -38.07042,145.13058
Westminster Avenue|-37.94977,145.21863 -37.94707,145.21921
Westminster Court|-38.03821,145.27251
Westminster Drive|-37.92867,145.24509 -37.92993,145.24204
Westminster Street|-37.90486,145.09488 -37.89957,145.09588
Westmoreland Avenue|-38.07533,145.29301 -38.07492,145.28956
Weston Street|-38.00769,145.16835 -38.00811,145.17195
Westpool Drive|-38.01573,145.26249 -38.01268,145.26311 -38.01221,145.26680
Westport Grove|-38.12004,145.25163
Westview Court|-37.97969,145.15090
Westwood Boulevard|-38.00401,145.16109 -38.00473,145.16663 -38.00539,145.17280 -38.00547,145.17624
Wetherby Court|-37.92631,145.26471
Wethersdane Drive|-38.03053,145.28450 -38.02765,145.28483
Wetland Drive|-38.05950,145.13928 -38.06186,145.14123
Wevlin Close|-37.97683,145.26723
Weymar Street|-37.96201,145.05969 -37.96231,145.06551
Weymouth Grange|-38.00865,145.28701
Whalley Drive|-37.92158,145.19932 -37.92086,145.19580 -37.91344,145.19044 -37.91620,145.18975 -37.91980,145.19235
Whatley Street|-38.07716,145.12793 -38.08098,145.13114 -38.08324,145.13317
Wheatland Crescent|-37.96986,145.12960 -37.96759,145.12764
Wheatley Road|-37.91746,145.03238 -37.91474,145.03286 -37.91136,145.03346 -37.90744,145.03417 -37.90423,145.03471
Wheaton Lane|-38.11159,145.24864
Wheatsheaf Court|-37.99419,145.29012
Wheeler Court|-37.90268,145.17737
Wheeler Street|-37.90788,145.04020 -37.90420,145.04087
Whethered Court|-38.11693,145.25640
Whimbrel Crescent|-38.10968,145.17181
Whipbird Court|-37.92855,145.25635
Whipbird Drive|-38.10792,145.17533 -38.10914,145.17892
Whisper Street|-38.07742,145.25557
Whitburn Street|-37.91577,145.12152
Whitby Way|-38.09426,145.13039
Whitcombe Mews|-38.11903,145.25719
White Ash Court|-38.01068,145.29770
White Gum Way|-38.08213,145.29626
White Street|-37.98936,145.03228 -37.98976,145.03578 -37.99827,145.08372 -37.99954,145.09408 -37.99871,145.08723 -38.00086,145.10512 -38.00041,145.10127 -38.00000,145.09783 -37.91006,145.08150 -37.91026,145.12021
Whitecliffe Drive|-37.93856,145.24644 -37.94137,145.24792
Whitehaven Crescent|-37.94389,145.19727 -37.94198,145.19432 -37.92721,145.17467 -37.92784,145.17812
Whites Lane|-37.89723,145.17172 -37.89969,145.17335 -37.90007,145.17682 -37.90038,145.18065
Whiteside Road|-37.93802,145.11724 -37.93883,145.12363
Whiteside Street|-37.93572,145.15518
Whitestone Court|-37.97134,145.26775
Whitewater Court|-38.07984,145.21592
Whitewood Street|-38.12206,145.16215 -38.12055,145.16578
Whitfield Boulevard|-38.08972,145.24160 -38.08644,145.24221 -38.08355,145.24275 -38.08086,145.24322 -38.09263,145.24104
Whiting Court|-38.08864,145.20201
Whitmorr Court|-37.96552,145.18589
Whitmuir Road|-37.91016,145.02962 -37.91284,145.02917 -37.91624,145.02859
Whitton Court|-37.96748,145.02233 -37.93437,145.23856
Whitworth Avenue|-37.93971,145.14514 -37.94023,145.14956 -37.94079,145.15419
Wickham Road|-37.94277,145.02286 -37.94327,145.02700 -37.94377,145.03127 -37.94420,145.03487 -37.94468,145.03886 -37.94525,145.04405 -37.94571,145.04745 -37.94622,145.05134 -37.94667,145.05480 -37.94720,145.05883
Wicklow Drive|-38.12187,145.25602
Wicklow Street|-38.11122,145.14562 -37.90551,145.04394 -37.90611,145.04886
Wicks Court|-37.93570,145.09801
Widdop Crescent|-37.94054,145.02328 -37.94130,145.02661 -37.94009,145.02976
Wigstone Street|-37.96864,145.18103
Wilam Court|-38.09826,145.27426
Wilberton Drive|-37.95161,145.14141
Wilcox Court|-37.96332,145.16361
Wild Cherry Road|-37.90130,145.05116 -37.90428,145.05021
Wild Court|-37.98192,145.25560
Wild Sage Court|-38.06573,145.24260
Wild Street|-37.99145,145.08640 -37.98870,145.08693
Wildcroft Court|-38.11115,145.18132
Wildoer Drive|-38.02812,145.12742
Wildwood Court|-38.07184,145.27501
Wildwood Place|-37.93604,145.19843
Wilela Court|-37.97089,145.18728
Wilga Court|-38.01171,145.28697 -37.95702,145.19869
Wilkes Street|-38.01668,145.29296
Wilkin Court|-37.97030,145.24648
Wilkins Avenue|-37.97966,145.05177
Wilkinson Street|-37.97855,145.19073
Wilkinson Way|-37.98334,145.25331
Willand Court|-38.04215,145.26402
Willansby Avenue|-37.90568,145.00381 -37.90880,145.00329
Willen Street|-37.95520,145.07108
Willgilson Court|-37.90547,145.09128
William Avenue|-37.99916,145.21227 -37.99647,145.21279 -37.99362,145.21331 -38.00073,145.25826
William Clarke Wynd|-38.06124,145.29358
William Hovell Drive|-37.98478,145.25988 -37.98231,145.26130 -37.98130,145.25811
William Perry Close|-37.98504,145.25452
William Road|-38.09605,145.17530 -38.09716,145.17854 -38.09919,145.18469
William Salthouse Way|-38.05301,145.14159
William Street|-38.10309,145.27817 -38.10352,145.28172 -37.94214,145.04504 -37.94522,145.04443 -37.91351,145.00586 -37.91137,145.00344 -37.90776,144.99943 -37.90062,145.10350 -37.90578,145.10250
Williams Close|-37.98823,145.13630
Williams Grove|-38.06245,145.11944
Williams Road|-38.01510,145.22191 -38.01233,145.22133 -38.00937,145.22195
Williams Street|-37.97952,145.06866
Williamson Close|-38.00295,145.10405
Willis Close|-38.02882,145.24732
Willis Lane|-37.93643,145.00176
Willis Street|-37.93612,144.99955 -37.93659,145.00325 -37.93702,145.00675 -37.93745,145.01063
Willmott Street|-38.01391,145.09355
Willoby Street|-38.12954,145.28808
Willora Crescent|-38.10265,145.25975 -38.10466,145.25734
Willow Avenue|-37.96955,145.08251 -37.96913,145.07911 -37.93228,145.14898 -37.93499,145.14846 -37.91647,145.26956 -37.91382,145.26835 -37.91460,145.26505
Willow Court|-37.99611,145.16593
Willow Drive|-38.02398,145.26966 -38.02236,145.26683 -38.02152,145.26357 -38.02283,145.26041
Willow Glen Boulevard|-38.11268,145.25259 -38.11006,145.25830
Willow Street|-37.98159,145.11250
Willow-Glen Court|-37.98666,145.12477
Wills Court|-38.08701,145.21600 -38.07313,145.26491 -37.98654,145.26540
Willum Way|-37.99815,145.19733
Willy Court|-37.97783,145.12993
Wilma Avenue|-37.97698,145.20331 -37.98076,145.20263 -37.98357,145.20208 -37.92769,145.15213 -37.92943,145.15489
Wilma Street|-37.92647,145.04235
Wilmington Avenue|-38.10132,145.24814 -38.09943,145.24542
Wilmoth Avenue|-37.90278,145.06291
Wilshire Court|-37.98992,145.27098
Wilson Court|-38.09687,145.27215
Wilson Grove|-38.02253,145.09886
Wilson Street|-37.96195,145.05964 -37.96441,145.06108 -37.95312,145.06115 -37.95584,145.06065 -37.95864,145.06013 -37.96153,145.05960 -37.99160,145.21720 -37.98954,145.22071 -37.95076,145.02638 -37.94770,145.02699 -37.95312,145.06115 -37.95584,145.06065 -37.91181,145.00024 -37.91472,145.00349 -37.91494,145.02459 -37.90822,145.09541 -37.90776,145.09086
Wilton Close|-38.04941,145.13730
Wilton Street|-38.11120,145.25186
Wilton Way|-38.09999,145.19606
Wimborne Avenue|-38.05770,145.11815
Wimmera Street|-37.94610,145.05041 -37.94292,145.05102 -37.90216,145.05089 -37.90261,145.05442
Wimpole Street|-37.96221,145.19356
Win Place|-37.99673,145.25559
Winalla Avenue|-37.93915,145.22798
Wincanton Court|-37.94076,145.19165
Windale Street|-37.99693,145.22459 -37.99734,145.22802
Windella Crescent|-37.89533,145.15759 -37.89999,145.15398 -37.90216,145.15609
Windella Grove|-38.12190,145.19114
Windermere Crescent|-37.93609,145.19711
Windermere Street|-37.99998,145.16431
Windmill Circuit|-38.07259,145.25627
Windmill Court|-37.92067,145.19136
Windoo Street|-38.12063,145.14787
Windsor Avenue|-37.91239,145.04874 -37.91643,145.04809 -37.91119,145.09898 -37.91420,145.09831 -37.95033,145.13842 -37.95074,145.14203 -37.95118,145.14598 -37.95162,145.14972
Windsor Court|-37.93672,145.10552
Windsor Drive|-37.91805,145.28651 -37.91759,145.28206
Windsor Grange Court|-38.11383,145.19885
Windsor Street|-38.00227,145.26561
Windward Lane|-38.10994,145.24567
Windy Hill Drive|-37.93087,145.18987
Wingala Avenue|-37.98661,145.16715 -37.98929,145.16659
Wingate Court|-37.98532,145.26880
Wingate Street|-37.93489,145.05643 -37.93531,145.06012 -37.93586,145.06504 -37.93638,145.06883
Wingham Street|-37.94463,145.21658
Wingrove Street|-37.95303,145.06050 -37.95282,145.06542
Winmalee Drive|-37.89642,145.15797 -37.89924,145.15787 -37.90108,145.16186
Winneke Court|-37.91122,145.27701
Winners Circle|-38.01586,145.10757
Winnima Avenue|-38.03063,145.25575 -38.02784,145.25592
Winnipeg Street|-37.91333,145.24182
Winslow Court|-37.98834,145.18100
Winsome Street|-37.97549,145.06221
Winston Court|-37.97959,145.19583 -37.93931,145.06818
Winston Way|-37.90570,145.06103
Winterset Close|-38.00455,145.10007
Winterton Court|-38.00123,145.27987
Winterton Road|-37.91989,145.13578 -37.92322,145.13512
Winthrop Court|-38.00640,145.16965
Winton Retreat|-38.10465,145.30010
Wirilda Court|-37.97393,145.15084 -37.98911,145.23703
Wirilda Crescent|-38.12034,145.16133
Wiringa Close|-37.97111,145.29141
Wise Avenue|-38.11194,145.13447
Wisewould Avenue|-38.12902,145.12762 -38.12606,145.12890
Wishart Street|-37.93712,145.02673
Wisteria Court|-38.12351,145.19131 -38.07754,145.27906 -37.94384,145.09811
Wisteria Place|-37.97378,145.14839
Withers Avenue|-37.93125,145.17641 -37.93457,145.17553
Withers Way|-37.97537,145.07127
Wittenberg Court|-38.01754,145.28826
Wodalla Circuit|-38.08324,145.19939
Wodalla Place|-38.06288,145.24988
Woff Street|-37.97534,145.03512 -37.97576,145.03885
Wolai Avenue|-37.92101,145.07694
Wolbers Road|-37.97929,145.13414
Wolf Court|-37.98765,145.25349
Wolseley Place|-37.92951,145.23420
Wolseley Street|-37.94677,145.03884
Wolsley Street|-37.92687,145.03266 -37.92733,145.02925
Wolstenholme Gardens|-38.06795,145.13244
Wondalga Avenue|-37.96055,145.21782
Wonga Court|-37.90829,145.06795
Wongella Court|-38.02725,145.10753
Wood Court|-38.10076,145.26867
Wood Street|-37.97430,145.03530 -37.97474,145.03902 -37.94896,145.01209 -37.92286,145.04627 -37.94389,145.15811
Woodall Street|-37.97540,145.02561
Woodbine Grove|-38.05369,145.12202 -38.05479,145.11875 -38.05204,145.12688
Woodbine Road|-38.08046,145.27944
Woodbury Court|-38.04105,145.28745
Woodchase Court|-38.10645,145.29373
Woodcock Court|-37.96944,145.22053
Woodcock Walk|-38.01458,145.10939
Woodhenge Close|-38.10295,145.29555
Woodington Drive|-37.91813,145.18697
Woodland Avenue|-38.00272,145.17437
Woodland Court|-37.97935,145.13560
Woodland Drive|-37.95357,145.06081
Woodlands Court|-38.00005,145.09137
Woodlands Drive|-37.99487,145.11953 -37.99859,145.11906 -37.98954,145.11745
Woodlea Drive|-37.90030,145.15855 -37.90282,145.15727
Woodlee Street|-37.97660,145.21308 -37.97327,145.21353 -37.97001,145.21415
Woodright Circuit|-38.11205,145.26140
Woods Avenue|-38.00323,145.09332
Woods Place|-37.90201,145.27312
Woodside Avenue|-37.90912,145.12381 -37.90964,145.12833
Woodside Close|-38.04964,145.27283
Woodside Drive|-37.92367,145.25822 -37.92362,145.26171
Woodstock Place|-37.97042,145.15595
Woodvale Drive|-38.10777,145.18713 -38.10481,145.18763
Woodview Court|-37.94784,145.20977 -37.91725,145.18846
Woodward Street|-37.95977,145.16322 -37.95903,145.15726
Woodworth Close|-37.98943,145.25707
Woollahra Avenue|-37.98154,145.16752
Wooltana Road|-37.99085,145.18447
Woolwich Drive|-37.92155,145.16470 -37.92438,145.16284
Woomera Avenue|-37.98588,145.18756 -37.98304,145.18690
Wooral Court|-37.90557,145.14596
Wootoona Court|-37.92787,145.19259
Worcester Street|-37.90283,145.10509
Wordsworth Avenue|-37.93560,145.13227 -37.93934,145.13155
Woronora Court|-37.98340,145.17401
Worrell Street|-37.96731,145.22277
Worsley Avenue|-37.94289,145.13720
Worsley Road|-38.07745,145.17934 -38.07286,145.18050 -38.07041,145.17886 -38.04160,145.18660 -38.04564,145.18580 -38.05388,145.18418 -38.05898,145.18317 -38.06319,145.18235 -38.06641,145.18171 -38.06909,145.18113 -38.07745,145.17934 -38.07286,145.18050 -38.04134,145.18665 -38.03708,145.18749
Worthing Court|-37.92524,145.17485
Worthing Road|-37.94389,145.03950 -37.94677,145.03884 -37.94122,145.04011
Wotama Court|-37.95771,145.19856
Wotan Way|-38.08326,145.19745
Wren Drive|-37.94449,145.18851 -37.94439,145.19195
Wren Road|-37.93989,145.07932 -37.93986,145.07474
Wren Street|-38.03471,145.25989 -38.03128,145.26061
Wright Street|-38.12032,145.14041 -38.07487,145.12709 -37.91735,145.02960 -37.91370,145.03023 -37.91018,145.03097 -37.92156,145.12181 -37.92204,145.12576
Wrixon Avenue|-37.90760,145.02368
Wunalla Road|-38.08796,145.13062 -38.08396,145.13065
Wyandra Way|-37.91335,145.26023 -37.91039,145.26458
Wyangala Court|-37.91335,145.27666
Wyatt Street|-38.09556,145.12564
Wycombe Rise|-38.02559,145.25269
Wyman Place|-38.00994,145.10648
Wyndarra Crescent|-37.96968,145.12373 -37.96865,145.12729
Wyndham Place|-37.93807,145.24347
Wynen Court|-38.00730,145.28967
Wynette Close|-38.03895,145.26400
Wynnstay Road|-38.09598,145.13502
Wyola Court|-37.91163,145.26114
Wyong Court|-38.07520,145.14610
Wyton Court|-37.97579,145.14863
Wyuna Court|-37.92984,145.03755 -37.91495,145.19604
Wyuna Drive|-37.95673,145.18032
Xavier Drive|-37.91678,145.18423 -37.91945,145.18497
Yackatoon Avenue|-38.02764,145.10637 -38.02659,145.10953
Yagoona Avenue|-37.97986,145.16775
Yalambee Avenue|-38.02509,145.10398
Yale Avenue|-37.99901,145.14819 -37.99952,145.15162
Yallambee Court|-37.95041,145.19889
Yalta Court|-37.95572,145.13618
Yaltara Close|-38.10546,145.25484
Yaraan Court|-38.04201,145.25458
Yaralla Court|-37.98953,145.16458
Yaralla Road|-37.92357,145.07867 -37.92044,145.07924
Yardley Drive|-37.92009,145.18370
Yarra Court|-37.98177,145.07971 -37.93437,145.08253 -37.94380,145.21575
Yarra Links Way|-37.93563,145.07286
Yarra Place|-38.08769,145.20220
Yarraburn Close|-37.92589,145.07349
Yarram Crescent|-37.92498,145.11567
Yarraman Road|-37.97662,145.17692 -37.97710,145.18080 -37.97758,145.18501
Yasmin Court|-38.04262,145.26264
Yass Court|-38.07685,145.14859
Yawla Street|-37.91387,145.02900 -37.91324,145.02391
Yazaki Way|-38.09497,145.17350 -38.09728,145.17102 -38.09652,145.16764
Yellowbox Crescent|-38.06041,145.24396 -38.05804,145.24563
Yellowbox Drive|-38.00849,145.16133
Yellowgum Avenue|-38.07663,145.25678 -38.07931,145.25625
Yellowstone Close|-37.91512,145.23929
Yennora Court|-37.98713,145.16607
Yeovil Court|-37.91597,145.18545
Yew Court|-38.06893,145.26923
Yiannis Court|-37.93340,145.14403
Yongala Court|-37.93833,145.11605
Yoni Court|-38.01683,145.27971
York Avenue|-37.89898,145.10215
York Court|-37.98813,145.18207
York Street|-38.06201,145.11985 -38.06033,145.12482 -37.91029,145.00222 -37.91907,145.06651 -37.91959,145.07049
Yorkshire Drive|-38.07344,145.29489 -38.07631,145.29433
Young Road|-38.00361,145.27399
Young Street|-38.10935,145.14467 -37.90834,145.09518 -37.93401,145.15551
Younger Avenue|-37.89896,145.01621
Yuille Street|-37.92709,144.99870
Yukon Avenue|-38.11037,145.25064
Yukon Court|-37.91593,145.23737
Yvette Court|-38.02612,145.12596
Yvette Drive|-37.92818,145.25077 -37.92741,145.24648
Yvonne Court|-37.95305,145.08196 -37.92634,145.23967
Zachary Hicks Crescent|-37.98378,145.24833
Zain Street|-38.07062,145.26037
Zala Court|-37.91242,145.27118
Zamia Way|-38.09131,145.20409
Zebrafinch Court|-38.11265,145.16898
Zenith Road|-38.01983,145.21906 -38.02029,145.22295 -38.01850,145.21466
Zephyr Place|-38.06511,145.12510
Zeus Avenue|-38.11170,145.23346
Zeus Court|-38.05171,145.14140
Zilla Court|-38.01086,145.20910
Zita Street|-37.92869,145.17031
Zoe Street|-38.12637,145.29384
wembley Court|-37.96410,145.14851
