Aaran Close|Lachlan Drive|-37.97124,145.26230
Abacus Lane|Merano Circuit|-38.12421,145.23117
Abayo Crescent|Encore Boulevard|-38.12683,145.23538
Abayo Crescent|Jeepster Way|-38.12687,145.23329
Abbey Court|Conley Street|-37.98182,145.17924
Abbey Road|Ormond Road|-38.06492,145.29632
Abbey Road|Provence Place|-38.06306,145.29672
Abbey Road|Saint Maximin Court|-38.06271,145.29864
Abbey Road|St Remy Court|-38.06259,145.29778
Abbeygate Street|Eastgate Street|-37.90431,145.08922
Abbeygate Street|North Road|-37.90999,145.08920
Abbeygate Street|Schoolhall Street|-37.90731,145.08970
Abbeygate Way|Elmsford Crescent|-38.09922,145.25233
Abbeygate Way|Saint Clair Avenue|-38.09910,145.25148
Abbin Avenue|Brosa Avenue|-37.93085,145.05005
Abbin Avenue|Delma Street|-37.93161,145.05260
Abbin Avenue|East Boundary Road|-37.93237,145.05670
Abbin Avenue|Melball Street|-37.93168,145.05311
Abbin Avenue|Mervin Street|-37.93207,145.05425
Abbin Avenue|Milford Street|-37.93222,145.05545
Abbin Avenue|Moor Street|-37.93153,145.05195
Abbin Court|Swaran Close|-37.92757,145.23561
Abbin Court|Tirhatuan Drive|-37.92766,145.23639
Abbington Avenue|Bellevue Road|-37.96231,145.04137
Abbington Avenue|Fairview Drive|-37.96119,145.04162
Abbington Avenue|Monterey Drive|-37.96060,145.04173
Abbott Road|Carl Court|-38.01020,145.26775
Abbott Road|Dansu Court|-38.00754,145.25606
Abbott Road|David Lee Road|-38.01025,145.26717
Abbott Road|Decor Drive|-38.00831,145.26205
Abbott Road|Hallam South Road|-38.01049,145.27240
Abbott Road|Wedgewood Road|-38.00754,145.25606
Abbott Street|Beach Road|-37.94841,145.00049
Abbott Street|Beaumont Street|-37.94888,145.00502
Abbott Street|Bluff Road|-37.95084,145.02129
Abbott Street|Collingwood Street|-37.94981,145.01249
Abbott Street|Dreadnought Street|-37.95045,145.01803
Abbott Street|Essex Street|-37.94854,145.00229
Abbott Street|Fernhill Road North|-37.94929,145.00821
Abbott Street|Gladstone Street|-37.94994,145.01364
Abbott Street|Harston Street|-37.94892,145.00532
Abbott Street|Mock Street|-37.94942,145.00924
Abbott Street|Neptune Street|-37.95063,145.01953
Abbott Street|Pellew Street|-37.95011,145.01505
Abbott Street|Pickett Street|-37.98768,145.20725
Abbott Street|Station Street|-37.94883,145.00458
Abbott Street|Trentham Street|-37.94906,145.00637
Abbott Street|Victory Street|-37.94968,145.01139
Abbott Street|Waltham Street|-37.94862,145.00293
Abbotts Road|Ausco Place|-38.03467,145.23632
Abbotts Road|England Street|-38.03245,145.21863
Abbotts Road|Frankston-Dandenong Road|-38.03172,145.21209
Abbotts Road|Gaine Road|-38.03528,145.24120
Abbotts Road|Monash Drive|-38.03528,145.24120
Abbotts Road|National Drive|-38.03448,145.23468
Abbotts Road|Park Drive|-38.03264,145.22019
Abbotts Road|Produce Drive|-38.03303,145.22228
Abbotts Road|Remington Drive|-38.03352,145.22735
Abbotts Road|South Gippsland Highway|-38.03446,145.24504
Abbotts Road|Taylors Road|-38.03378,145.22897
Abbottswood Close|Sandleford Place|-37.98671,145.12565
Abeckett Street|Hodges Street|-38.11572,145.14929
Abeckett Street|Madden Street|-38.11722,145.14898
Abercairn Drive|Amos Court|-38.05394,145.29361
Abercairn Drive|Baringa Park Drive|-38.05382,145.29429
Abercairn Drive|Churchmead Court|-38.05460,145.29349
Abercairn Drive|Loxford Court|-38.05525,145.29366
Abercairn Drive|Raleigh Drive|-38.05617,145.29409
Abercrombie Avenue|Homeleigh Road|-38.00960,145.16279
Abercrombie Avenue|Northumberland Drive|-38.01013,145.16244
Abercrombie Avenue|Portobello Street|-38.01125,145.16292
Abercrombie Avenue|Talisker Street|-38.01136,145.16369
Abercrombie Street|Axford Crescent|-37.92992,145.08328
Abercrombie Street|Old Dandenong Road|-37.93254,145.08247
Aberdeen Court|Meadowbrook Drive|-37.90828,145.17359
Aberdeen Drive|Angus Court|-37.95135,145.19906
Aberdeen Drive|Bakers Road|-37.95066,145.19690
Aberdeen Drive|Brahman Court|-37.95080,145.19786
Aberdeen Drive|Currajong Street|-37.95196,145.19952
Aberdeen Drive|Galloway Street|-37.95374,145.19931
Aberdeen Drive|Halton Road|-37.95550,145.19866
Aberdeen Drive|Illawarra Crescent|-37.95471,145.19882
Aberdeen Drive|Koonung Street|-37.95298,145.19945
Aberdeen Drive|Mirboo Street|-37.95232,145.19956
Aberdeen Road|Bay Road|-37.95474,145.02899
Aberfeldy Crescent|Calimbo Walk|-38.13020,145.23092
Aberfeldy Crescent|Charisma Circuit|-38.12979,145.22976
Aberfeldy Crescent|Firecrest Way|-38.12979,145.22976
Aberforth Place|Indra Street|-38.02890,145.27636
Abergeldie Avenue|Balmoral Avenue|-37.91453,145.04725
Abergeldie Avenue|Lindsay Street|-37.91453,145.04725
Abergeldie Avenue|Osborne Avenue|-37.91474,145.04937
Abergeldie Avenue|Windsor Avenue|-37.91465,145.04837
Abiku Road|Authentic Avenue|-38.12700,145.24188
Abiku Road|Karasi Road|-38.12601,145.24207
Abiku Road|Volunteer Avenue|-38.12550,145.24216
Aboyne Close|Haverbrack Drive|-37.93257,145.20476
Abrahams Drive|Conder Way|-37.97554,145.07209
Abrahams Drive|Humphrey Lane|-37.97512,145.07178
Abrahams Drive|Rowell Drive|-37.97598,145.07235
Abrehart Street|Doveton Avenue|-38.00130,145.24958
Absent Lane|Kiwi Crescent|-38.12290,145.23853
Acacia Avenue|Blackwood Avenue|-37.98213,145.08120
Acacia Avenue|Mimosa Avenue|-37.91204,145.09760
Acacia Avenue|Southern Road|-37.98295,145.08753
Acacia Avenue|Voumard Street|-37.91399,145.09605
Acacia Crescent|Gladesville Boulevard|-38.07514,145.14505
Acacia Crescent|Swallow Court|-38.07477,145.14422
Acacia Place|Ferntree Gully Road|-37.90036,145.13444
Acacia Street|Kathryn Street|-37.98493,145.24342
Acacia Street|Waratah Street|-37.98706,145.24261
Academic Lane|Flicka Boulevard|-38.10605,145.24996
Academic Lane|Lumeah Drive|-38.10614,145.25066
Academic Lane|Teacher Lane|-38.10610,145.25033
Academy Avenue|Alumnus Court|-37.90732,145.16519
Academy Avenue|Brandon Park Drive|-37.90709,145.16314
Academy Avenue|Cootamundra Drive|-37.90786,145.17143
Academy Avenue|Honeysuckle Avenue|-37.90815,145.17055
Academy Avenue|Regina Street|-37.90807,145.16941
Academy Avenue|Strada Crescent|-37.90752,145.16705
Access Way|Buontempo Road|-38.09514,145.17042
Access Way|Colemans Road|-38.08639,145.17105
Access Way|Gateway Drive|-38.09002,145.17153
Access Way|Industry Boulevard|-38.09222,145.17106
Access Way|Network Drive|-38.09352,145.17080
Accra Street|Bergen Street|-37.99610,145.17996
Accra Street|Cabinda Drive|-37.99578,145.17800
Accra Street|Cameron Place|-37.99610,145.17996
Acer Street|Agonis Street|-37.98541,145.23828
Acer Street|Linden Place|-37.98547,145.23885
Acer Street|Power Road|-37.98557,145.23980
Acheron Close|Glenburn Drive|-38.01234,145.27983
Acheron Court|Daff Avenue|-37.94198,145.03579
Acland Close|Gladeswood Drive|-37.93323,145.19981
Acland Court|Alliance Street|-37.98059,145.18711
Acol Court|Bertrand Avenue|-37.93340,145.18543
Acorn Court|Dowling Road|-37.93952,145.09730
Acre Rise|Cornell Place|-38.04063,145.28265
Ada Court|Joffre Street|-37.97318,145.19228
Ada Street|Emerson Place|-37.93096,145.25186
Ada Street|Fuji Mews|-37.93056,145.25195
Adaleigh Court|Evelyn Street|-37.92180,145.13043
Adam Avenue|Alex Avenue|-37.90537,145.19266
Adam Avenue|Frawley Road|-38.00014,145.26186
Adam Close|Lambourne Avenue|-37.91161,145.27222
Adam Court|Gwent Street|-37.98082,145.15397
Adam Court|Jacinta Drive|-38.10185,145.25513
Adam Street|Centre Road|-37.91694,145.02618
Adam Street|Pleasance Street|-37.91836,145.02590
Adams Court|Fillmore Road|-37.94243,145.20822
Adams Street|Leura Street|-37.90325,145.07320
Adams Street|Poath Road|-37.90390,145.07504
Adams Street|Reid Street|-37.90325,145.07320
Adamson Drive|Albany Court|-37.97174,145.24563
Adamson Drive|Belsize Court|-37.97205,145.24560
Adamson Drive|Chalcot Drive|-37.97267,145.24538
Adamson Drive|Fitzroy Court|-37.97089,145.24553
Adamson Drive|Primrose Hill Close|-37.97023,145.24574
Adamson Drive|Tufnel Court|-37.97127,145.24557
Adare Close|Hansworth Street|-37.93102,145.18501
Addison Court|Haverbrack Drive|-37.93458,145.20481
Addlington Court|Oakgrove Drive|-38.05793,145.29810
Adela Court|Gladeswood Drive|-37.93271,145.20130
Adelaide Street|Foster Street|-37.91225,145.04116
Adelaide Street|Heatherton Road|-37.96848,145.20188
Adelaide Street|Jasper Road|-37.91246,145.04273
Adelaide Street|Princes Highway|-37.97167,145.19979
Adelaide Street|Princes Highway Service Road|-37.97159,145.19991
Adele Close|Petronella Avenue|-37.90446,145.19553
Adele Street|Futura Road|-37.98516,145.18930
Adele Street|Maximus Way|-37.98505,145.18921
Adelle Court|Lindas Way|-38.11021,145.17686
Adelong Court|Kurrawa Crescent|-38.07739,145.14704
Adelong Court|Loch Road|-37.96041,145.22246
Adib Court|Rosemary Crescent|-38.12635,145.16037
Adina Avenue|Connewarra Avenue|-38.01990,145.10566
Adina Avenue|Cooinda Drive|-38.02078,145.10663
Adison Close|Beddington Street|-38.00734,145.17156
Adison Close|Weston Street|-38.00806,145.17143
Adley Place|Willow Drive|-38.02255,145.26063
Admans Avenue|Mitchell Street|-38.10597,145.13082
Administration Road|Scenic Boulevard|-37.91240,145.13607
Admirala Avenue|Annabella Court|-37.96354,145.22019
Admirala Avenue|Holohan Place|-37.96402,145.22075
Admirala Avenue|Isobella Court|-37.96271,145.21925
Admirala Avenue|Luciella Court|-37.96344,145.22009
Admirals Quay|Mariners Island|-38.06619,145.14372
Adrian Street|Ballarto Road|-38.13004,145.29746
Adrian Street|Celia Street|-37.93243,145.05893
Adrian Street|Cheddington Road|-38.12751,145.29796
Adrian Street|Chesterville Road|-37.93285,145.06212
Adrian Street|Deegan Way|-38.12526,145.29847
Adrian Street|East Boundary Road|-37.93217,145.05694
Adrian Street|Greenglade Way|-38.12569,145.29832
Adrian Street|Hillcrest Grove|-37.95783,145.15623
Adrian Street|Mossey Crescent|-38.12594,145.29827
Adrian Street|Vardon Street|-37.95888,145.15604
Advantage Drive|Commercial Drive|-38.01963,145.22937
Advantage Drive|Kitchen Road|-38.01908,145.22520
Advantage Road|Bay Road|-37.95481,145.02960
Advantage Road|Marchant Street|-37.95119,145.03028
Aegean Avenue|Naxos Way|-38.02663,145.18373
Aenone Avenue|Corrigan Road|-37.97774,145.16593
Affinity Close|Black Knight Street|-38.00222,145.10021
Affinity Lane|Aurora Drive|-38.11793,145.23341
Affinity Lane|Sanctum Parade|-38.11912,145.23318
Affleck Street|Dartmoor Drive|-38.09535,145.29922
Affleck Way|Airedale Way|-37.92452,145.26486
Affleck Way|Napoleon Road|-37.92674,145.26652
Affra Place|Oaktree Drive|-38.02270,145.25209
Africa Way|Amarillo Drive|-38.12463,145.23420
Africa Way|Scorchin Drive|-38.12414,145.23493
Afton Way|Albany Crescent|-38.02427,145.10195
Afton Way|Laura Street|-38.02365,145.10153
Agana Avenue|Bloomfield Road|-37.98238,145.17697
Agana Avenue|Conley Street|-37.98265,145.17922
Agathea Court|Wirilda Crescent|-38.11998,145.16220
Age Street|Barlow Avenue|-37.95810,145.07448
Age Street|Herald Street|-37.95786,145.07251
Age Street|Times Street|-37.95796,145.07339
Age Street|Warrigal Road|-37.95826,145.07582
Agnes Street|Alfred Street|-37.97244,145.17008
Agnes Street|Backous Way|-37.97236,145.16932
Agnes Street|Buckley Street|-37.97283,145.17324
Agnes Street|Corrigan Road|-37.97206,145.16700
Agnes Street|Duckmanton Court|-37.91926,145.05300
Agnes Street|Edith Street|-37.98468,145.03553
Agnes Street|Filbert Street|-37.91926,145.05300
Agnes Street|Herbert Street|-37.98468,145.03553
Agnes Street|Malane Street|-37.91953,145.05465
Agnes Street|Reserve Road|-37.98442,145.03321
Agnew Street|Alford Street|-37.91175,145.01091
Agnew Street|Cluden Street|-37.91273,145.01081
Agnew Street|Ferguson Street|-37.91085,145.01102
Agonis Street|Gum Court|-37.98608,145.23817
Agonis Street|Judas Court|-37.98677,145.23806
Agonis Street|Kidds Road|-37.98753,145.23794
Agonis Street|Rowan Drive|-37.98465,145.23842
Agostino Court|Aspire Place|-38.00619,145.16093
Ahern Street|Dawson Court|-37.94408,145.19301
Ahern Street|Feathertop Drive|-37.94432,145.19372
Ahern Street|Jacksons Road|-37.94397,145.19203
Aiden Rise|Tinks Road|-38.00512,145.29240
Aileen Court|Hinrichsen Drive|-38.01696,145.28055
Ailsa Street|Apex Street|-37.95944,145.21487
Ailsa Street|Como Court|-37.95944,145.21487
Ailsa Street|Dava Court|-37.95922,145.21296
Ailsa Street|Delia Court|-37.95934,145.21392
Ailsa Street|Glencoe Grove|-37.95911,145.21200
Aimee Place|Taylors Lane|-37.91246,145.24691
Ainsleigh Court|Ardmore Street|-38.09577,145.27851
Ainsleigh Court|Belmar Street|-38.09498,145.27866
Ainsleigh Court|Circle Drive North|-38.09414,145.27882
Ainsleigh Court|Duncan Street|-38.00175,145.29661
Ainsley Avenue|Bloomfield Road|-37.98146,145.17715
Ainsley Avenue|Conley Street|-37.98170,145.17920
Ainslie Drive|Ferntree Gully Road|-37.90531,145.17679
Ainslie Drive|Fernvale Crescent|-37.90909,145.17706
Ainslie Drive|Heritage Court|-37.90793,145.17707
Ainslie Drive|Vaucluse Court|-37.90774,145.17664
Aintree Avenue|Manyung Court|-37.92651,145.17854
Aintree Avenue|Rosewood Court|-37.92705,145.17825
Aintree Avenue|Tiverton Drive|-37.92605,145.17915
Aintree Avenue|Whitehaven Crescent|-37.92784,145.17812
Aintree Court|Ascot Drive|-37.93913,145.18723
Airedale Way|Ashbee Court|-37.92534,145.26137
Airedale Way|Chiswick Court|-37.92509,145.26236
Airedale Way|Lawncliffe Court|-37.92501,145.26287
Airedale Way|Liddamore Court|-37.92522,145.26187
Airedale Way|Moorgate Court|-37.92473,145.26385
Airedale Way|Pinehill Drive|-37.92528,145.26054
Airedale Way|Ravenscourt Close|-37.92485,145.26334
Airedale Way|Stableford Court|-37.92433,145.26545
Airedale Way|Treboryn Court|-37.92461,145.26433
Airedale Way|Wentworth Avenue|-37.92306,145.26653
Airedale Way|Woodside Drive|-37.92391,145.25974
Airlie Avenue|Princes Highway|-37.97361,145.20195
Airlie Avenue|Princes Highway Service Road|-37.97352,145.20208
Airlie Court|Wentworth Avenue|-37.91614,145.26149
Airlie Grove|Armstrongs Road|-38.09382,145.13394
Aisbett Close|Aylmer Road|-38.05944,145.26151
Aisha Crescent|Caruana Drive|-37.96909,145.13147
Aisha Crescent|Julius Avenue|-37.97028,145.13185
Aisha Crescent|Ryan Mews|-37.96969,145.13116
Ajana Court|Fernvale Crescent|-37.90908,145.17617
Ajana Court|Illawarra Crescent|-37.95160,145.20223
Ajana Drive|Amarillo Drive|-38.12555,145.23640
Ajana Drive|Chalan Way|-38.12588,145.23832
Ajana Drive|Depeche Way|-38.12611,145.23908
Ajax Drive|Belinda Crescent|-37.90431,145.18654
Ajax Drive|Donald Road|-37.90409,145.18535
Ajax Drive|Jells Road|-37.90466,145.18949
Akita Court|Bergen Street|-37.99709,145.17943
Akuna Avenue|Karla Court|-37.90645,145.14612
Akuna Avenue|Samada Street|-37.90517,145.14732
Akuna Avenue|Tamala Avenue|-37.90712,145.14572
Akuna Avenue|Westerfield Drive|-37.90812,145.14591
Akuna Avenue|Wooral Court|-37.90577,145.14663
Alamanda Way|Brad Court|-38.08308,145.29402
Alamanda Way|Jessie Street|-38.08299,145.29328
Alameda Street|Como Parade West|-37.99266,145.07547
Alameda Street|The Corso|-37.99390,145.07374
Alamein Street|Corrigan Road|-37.95830,145.16978
Alamein Street|Flinders Street|-37.95773,145.16488
Alan Bird Drive|Thompson Road|-38.06895,145.17021
Alan Bird Drive|Worsley Road|-38.06319,145.18235
Alan Court|Shelton Crescent|-37.93855,145.19434
Alan Place|Liviana Drive|-37.93783,145.24600
Alana Court|Keylana Drive|-38.00320,145.14337
Alandown Close|Brookside Drive|-37.90086,145.26013
Alandown Close|Emica Parade|-37.90114,145.26018
Alarah Boulevard|Alice Mary Road|-38.10997,145.24318
Alarah Boulevard|Ercildoune Court|-38.11040,145.24642
Alarah Boulevard|Fintona Crescent|-38.10912,145.23769
Alarah Boulevard|George Frederick Road|-38.11017,145.24476
Alarah Boulevard|Glasson Way|-38.10952,145.23962
Alarah Boulevard|Hassett Lane|-38.10940,145.23878
Alarah Boulevard|Red Poll Road|-38.11007,145.24398
Alarah Boulevard|Statham View|-38.10918,145.23799
Alarah Boulevard|Trumper Lane|-38.10955,145.23995
Alaster Court|Cairns Road|-38.03787,145.25305
Alba Street|Brunning Crescent|-38.12202,145.16099
Alba Street|Excelsior Drive|-38.12174,145.16200
Alba Way|Albida Parade|-38.07692,145.24250
Alba Way|Livida Circuit|-38.07761,145.24238
Albany Court|Kingswood Crescent|-37.95977,145.19406
Albany Crescent|Barook Street|-38.02410,145.10605
Albany Crescent|Gothic Road|-38.02388,145.10316
Albany Crescent|Lincoln Parade|-38.02491,145.10731
Albany Crescent|Yackatoon Avenue|-38.02659,145.10953
Albany Crescent|Yalambee Avenue|-38.02390,145.10573
Albany Drive|Cromer Crescent|-37.92343,145.17043
Albany Drive|Denver Crescent|-37.93416,145.17180
Albany Drive|Glengariff Drive|-37.92624,145.17358
Albany Drive|Gregory Crescent|-37.92978,145.17270
Albany Drive|Hansworth Street|-37.93084,145.17248
Albany Drive|Lotus Crescent|-37.92829,145.17300
Albany Drive|Mansfield Avenue|-37.92369,145.17230
Albany Drive|Matlock Avenue|-37.92382,145.17265
Albany Drive|Milton Crescent|-37.93248,145.17215
Albany Drive|Police Road|-37.93498,145.17162
Albany Drive|Selwyn Court|-37.92446,145.17355
Albany Drive|Singleton Drive|-37.93416,145.17180
Albany Drive|Suemar Street|-37.93197,145.17224
Albany Drive|Sunrise Drive|-37.92724,145.17321
Albany Drive|Tiverton Drive|-37.92480,145.17375
Albany Drive|Zita Street|-37.92900,145.17286
Albany Road|Baynton Street|-37.90268,145.11631
Albany Road|Carmichael Road|-37.90226,145.11276
Albany Road|Gordon Avenue|-37.90255,145.11523
Albany Road|Highland Avenue|-37.90286,145.11778
Albany Road|Leumear Street|-37.90303,145.11920
Albany Road|Macrina Street|-37.90240,145.11397
Albatross Drive|Fairway Drive|-37.90194,145.26600
Albatross Drive|Kilcunda Drive|-37.90342,145.26653
Albenca Street|Judd Parade|-37.97353,145.07528
Albenca Street|Nepean Highway|-37.98226,145.07367
Albenca Street|Voltri Street|-37.97508,145.07502
Albert Avenue|Heather Grove|-37.95656,145.14491
Albert Avenue|Queens Avenue|-37.94522,145.14725
Albert Crescent|Princes Highway|-37.92995,145.15236
Albert Crescent|Roberts Avenue|-37.92930,145.15301
Albert Crescent|Wilma Avenue|-37.92865,145.15366
Albert Park Way|Cascade Place|-37.99474,145.15169
Albert Park Way|Lake View Boulevard|-37.99474,145.15169
Albert Place|Glen Avis Grove|-37.98074,145.11750
Albert Place|Kingston Drive|-37.97998,145.11754
Albert Road|Alexander Street|-38.00370,145.26233
Albert Road|Frawley Road|-38.00137,145.27159
Albert Road|Leila Road|-37.90123,145.05065
Albert Road|Princes Domain Drive|-38.00320,145.26578
Albert Street|Ashmore Avenue|-38.00127,145.08442
Albert Street|Castle Street|-38.00001,145.21098
Albert Street|Chute Street|-38.00878,145.09222
Albert Street|Deepdale Street|-38.00007,145.21150
Albert Street|Hammond Road|-37.99972,145.20859
Albert Street|Highett Road|-37.94822,145.03749
Albert Street|James Avenue|-37.95225,145.03661
Albert Street|Lewis Street|-38.00396,145.08607
Albert Street|McDonald Street|-38.00519,145.08719
Albert Street|Nepean Highway|-38.00127,145.08442
Albert Street|Park Street|-38.00777,145.08946
Albert Street|Powlett Street|-38.00277,145.08528
Albert Street|Trewin Street|-38.00015,145.21276
Albert Street|Vivien Street|-37.99995,145.21049
Alberton Drive|Bookham Way|-38.09419,145.25841
Alberton Drive|Stephellen Way|-38.09283,145.25952
Alberton Drive|Tauna Place|-38.09280,145.25875
Albi Close|Hogan Close|-38.06904,145.12950
Albida Parade|Amara Grove|-38.07689,145.24301
Albida Parade|Livida Circuit|-38.07686,145.24335
Albida Parade|Mimica Avenue|-38.07679,145.24141
Albida Parade|Olida Grove|-38.07689,145.24219
Albion Court|Darren Road|-37.97730,145.15676
Albion Place|Holmbury Boulevard|-37.92554,145.20396
Alda Court|Brownlee Crescent|-37.91468,145.17061
Alden Court|Warrigal Road|-37.97279,145.07318
Alder Court|Tamarisk Drive|-38.11739,145.16399
Alder Way|Boronia Avenue|-38.08931,145.29332
Alder Way|Satin Street|-38.08931,145.29332
Alderberry Road|Westwood Boulevard|-38.00554,145.17410
Alderbrook Avenue|Fairhaven Court|-37.92754,145.20396
Alderbrook Avenue|Holmbury Boulevard|-37.92519,145.20269
Alderbrook Avenue|Upton Court|-37.92651,145.20314
Alderney Road|Aspen Court|-37.97959,145.15840
Alderney Road|Henderson Road|-37.98112,145.15819
Alderney Road|Mullum Court|-37.98025,145.15827
Alderney Road|Tamar Road|-37.97841,145.15839
Alderstone Rise|Eliburn Drive|-38.12129,145.29927
Aldridge Court|Warana Drive|-38.03311,145.28030
Aldridge Street|Caine Court|-37.97632,145.24063
Aldridge Street|Cardigan Street|-37.97360,145.24083
Aldridge Street|Griffith Street|-37.97537,145.24003
Aldridge Street|Power Road|-37.97386,145.24208
Aleja Court|Corrigan Road|-37.97858,145.16576
Alema Court|Dean Close|-38.04784,145.29157
Aleppo Crescent|Gum Street|-38.12168,145.15726
Aleppo Crescent|Nodding Avenue|-38.12309,145.15685
Aleppo Place|Karri Drive|-38.08555,145.29186
Aleppo Place|Springhill Drive|-38.08571,145.29069
Alex Avenue|Bignell Road|-37.94154,145.06773
Alex Avenue|Colonial Close|-37.90433,145.19094
Alex Avenue|Corr Street|-37.94099,145.07047
Alex Avenue|Joel Court|-37.93986,145.07044
Alex Avenue|Joyner Street|-37.94168,145.06874
Alex Avenue|Petronella Avenue|-37.90578,145.19615
Alex Avenue|Pioneer Court|-37.90364,145.19090
Alex Avenue|Prospector Court|-37.90481,145.19126
Alex Avenue|Rebecca Close|-37.90542,145.19301
Alex Avenue|Samantha Close|-37.90530,145.19202
Alex Avenue|Sean Close|-37.90567,145.19510
Alex Avenue|South Road|-37.93761,145.07077
Alex Avenue|Stockade Drive|-37.90501,145.19145
Alex Avenue|Ursula Close|-37.90554,145.19405
Alex Scott Way|Huckson Street|-37.99264,145.20649
Alex Scott Way|Keneally Street|-37.99255,145.20543
Alexander Avenue|Alsace Street|-37.97636,145.19542
Alexander Avenue|Carmen Street|-37.97066,145.19657
Alexander Avenue|Dandenong Road|-37.90910,145.11921
Alexander Avenue|Elray Avenue|-37.97436,145.19582
Alexander Avenue|Goldlang Street|-37.97597,145.19550
Alexander Avenue|Princes Highway|-37.97001,145.19748
Alexander Avenue|Pyke Street|-37.97552,145.19559
Alexander Avenue|Ray Street|-37.97340,145.19601
Alexander Avenue|Stewart Road|-37.90579,145.11983
Alexander Avenue|Wallace Avenue|-37.97516,145.19567
Alexander Court|Wells Road|-38.01999,145.12094
Alexander Street|Bickford Place|-38.00345,145.25880
Alexander Street|Centre Road|-37.92050,145.05402
Alexander Street|Elizabeth Street|-37.90622,145.01671
Alexander Street|Everton Close|-38.00362,145.26021
Alexander Street|Harmer Road|-38.00332,145.25776
Alexander Street|Hawthorn Road|-37.90639,145.01824
Alexander Street|High Street Service Road|-38.10444,145.28177
Alexander Street|Princes Domain Drive|-38.00412,145.26560
Alexander Street|Surrey Close|-38.00362,145.26125
Alexander Street|Tucker Street|-38.10398,145.27800
Alexander Street|Willis Street|-37.93712,145.00800
Alexandra Street|Nepean Highway|-38.03429,145.10600
Alfa Court|Murrindal Drive|-37.90923,145.27374
Alfonso Court|Kalamata Avenue|-38.04618,145.26024
Alford Street|Hampton Street|-37.91141,145.00741
Alfred Deakin Grove|Overall Drive|-38.09028,145.20111
Alfred Grove|North Road|-37.91311,145.11731
Alfred Grove|Roy Street|-37.91107,145.11736
Alfred Street|Bowman Street|-38.01214,145.08896
Alfred Street|Charman Road|-37.97693,145.05356
Alfred Street|Craig Street|-37.97154,145.17026
Alfred Street|Kleine Street|-37.97077,145.17040
Alfred Street|Lilian Court|-37.97672,145.05192
Alfred Street|Nepean Highway|-38.01163,145.08978
Alfred Street|Noble Street|-37.96833,145.17088
Alfred Street|Peace Street|-37.95253,145.05146
Alfred Street|Raymond Street|-37.97058,145.17044
Alfred Street|Wall Street|-37.96959,145.17064
Alfred Street|Wallace Crescent|-37.97647,145.05045
Alfreda Street|Duncan Street|-37.94782,145.01885
Alfreda Street|Highett Road|-37.94601,145.01921
Alfreda Street|Kenneth Street|-37.94690,145.01903
Alice Court|Gibson Street|-37.99769,145.26897
Alice Court|Mather Road|-37.97430,145.18217
Alice Court|Rangeview Drive|-38.09891,145.20021
Alice Mary Road|Bursaria Lane|-38.11091,145.24298
Alice Mary Road|George Frederick Road|-38.11159,145.24284
Alice Street|Colin Road|-37.91751,145.11233
Alice Street|Deanswood Court|-37.97351,145.07897
Alice Street|Madeleine Road|-37.91842,145.11954
Alice Street|Nancy Street|-37.97304,145.07845
Alice Street|Snowdon Drive|-37.97457,145.07925
Alice Street|Voltri Street|-37.97541,145.07909
Alicia Street|Hampton Street|-37.94330,145.00145
Alison Place|Clair Court|-38.01381,145.10535
Alison Street|Brough Street|-37.91274,145.04370
Alison Street|McKinnon Road|-37.91179,145.04387
Alison Street|Nepean Highway|-37.94359,145.04244
Alison Street|William Street|-37.94387,145.04470
Alkira Close|Cooinda Crescent|-37.93547,145.10192
Alkira Court|Gladesville Boulevard|-38.06697,145.14471
Alkira Court|Menzies Close|-38.06603,145.28107
Alkoomi Court|Epsilon Way|-38.04670,145.26365
Allamanda Boulevard|Alocasia Close|-37.92545,145.27259
Allamanda Boulevard|Catalpa Place|-37.92402,145.27137
Allamanda Boulevard|Park Road|-37.92326,145.27144
Allamanda Boulevard|Wellington Road|-37.92807,145.27382
Allambi Court|Bataba Court|-37.93775,145.10148
Allambi Court|Viney Street|-37.93787,145.10241
Allan Street|Cheltenham Road|-37.98990,145.20473
Allan Street|Everitt Street|-37.99211,145.20418
Allan Street|Garry Lane|-37.99176,145.20426
Allan Street|Hornsby Street|-37.99070,145.20447
Allan Street|Joy Parade|-37.96597,145.17208
Allan Street|Keneally Street|-37.99285,145.20431
Allan Street|McHugh Lane|-37.99249,145.20422
Allan Street|Noble Street|-37.96842,145.17161
Allan Street|Obrien Street|-37.99141,145.20431
Allan Street|Rosling Lane|-37.99249,145.20422
Allanby Grove|Caleb Street|-37.92181,145.05746
Allanby Grove|Daffodil Street|-37.92317,145.05719
Allanby Grove|Elizabeth Street|-37.92317,145.05719
Allandale Road|Delville Avenue|-37.98027,145.09033
Allandale Road|Lower Dandenong Road|-37.98421,145.08958
Allandale Road|McSwain Street|-37.98421,145.08958
Allandale Road|Sharan Avenue|-37.98363,145.08970
Allara Drive|Bando Court|-38.04517,145.25738
Allara Drive|Olive Road|-38.04596,145.25782
Allara Drive|Taya Court|-38.04558,145.25753
Allara Drive|Tekarra Drive|-38.04422,145.25749
Allard Street|Asling Street|-37.90320,145.00201
Allard Street|Montclair Avenue|-37.90333,145.00366
Allawah Close|Gymea Court|-37.98448,145.17040
Allawah Close|Kingsclere Avenue|-37.98437,145.16940
Alleford Street|Golf Road|-37.91555,145.08860
Alleford Street|Warrigal Road|-37.91501,145.08423
Allemby Drive|Bernborough Avenue|-38.09741,145.25777
Allemby Drive|Chloe Court|-38.09722,145.25632
Allemby Drive|Evans Road|-38.09704,145.25492
Allemby Drive|Ruffles Court|-38.09711,145.25545
Allen Court|Gertrude Street|-37.92754,145.19350
Allen Court|Quay Place|-37.92752,145.19398
Allen Street|Highett Road|-37.94814,145.03676
Allen Street|Holyrood Street|-37.94639,145.03712
Allendale Crescent|Cootamundra Drive|-37.91185,145.17259
Allendale Crescent|Earlwood Drive|-37.91015,145.17442
Allendale Crescent|Farnham Avenue|-37.91177,145.17397
Alleyne Avenue|Crown Road|-38.05944,145.12888
Alleyne Avenue|Derby Parade|-38.05642,145.12729
Alleyne Avenue|Glenbrook Avenue|-38.05579,145.12683
Alleyne Avenue|Golden Avenue|-38.05579,145.12683
Alleyne Avenue|Royal Road|-38.05995,145.12916
Alleyne Avenue|Troy Street|-38.05860,145.12844
Allfrey Street|Hodder Street|-37.90432,145.02304
Allfrey Street|Moon Street|-37.90448,145.02438
Allfrey Street|Thomas Street|-37.90461,145.02555
Alliance Lane|Boiler House Road|-37.90896,145.13246
Alliance Lane|Boundary Road|-37.90861,145.12925
Alliance Lane|Innovation Walk|-37.90870,145.13000
Alliance Street|Beatrice Street|-37.98054,145.18668
Alliance Street|Chandler Road|-37.98027,145.18461
Alliance Street|Haley Court|-37.98050,145.18628
Alliance Street|Jacana Street|-37.98070,145.18799
Allied Drive|Carmela Way|-38.10964,145.19236
Allied Drive|Caterina Place|-38.11044,145.19426
Allied Drive|Earnshaw Drive|-38.10950,145.19130
Allied Drive|Lena Place|-38.11048,145.19434
Allied Drive|Loretta Street|-38.11173,145.18989
Allied Drive|Lucia Court|-38.11000,145.18881
Allied Drive|Marcella Place|-38.10938,145.19033
Allied Drive|Marisa Court|-38.11161,145.18902
Allied Drive|McCormicks Road|-38.11061,145.19527
Allied Drive|Oakes Place|-38.11178,145.19066
Allied Drive|Sophia Court|-38.11082,145.18865
Allied Drive|Tina Close|-38.10994,145.19333
Allied Drive|Tyntynder Drive|-38.10974,145.18885
Allington Avenue|Fairthorne Street|-38.00910,145.17462
Allington Avenue|Somerfield Drive South|-38.00864,145.17442
Allington Avenue|Stafford Street|-38.00982,145.17450
Allison Avenue|Doveton Avenue|-38.00123,145.24959
Allison Avenue|Jonathan Court|-38.00094,145.24710
Allison Avenue|McLaughlan Avenue|-38.00107,145.24821
Allison Avenue|Olive Road|-38.00081,145.24602
Allister Road|Corrigan Road|-37.95719,145.16993
Allnutt Court|Allnutt Parade|-37.96865,145.07505
Allnutt Parade|Tracey Court|-37.96939,145.07509
Allnutt Parade|Warrigal Road|-37.96852,145.07405
Allnutt Street|Mortimore Street|-37.92682,145.03808
Allora Avenue|Napoleon Road|-37.90059,145.28913
Allora Avenue|Rio Court|-37.90004,145.28884
Allure Court|Alpina Street|-38.12034,145.15807
Alluvian Way|Cerise Court|-38.08868,145.19637
Alluvian Way|Crimson Crescent|-38.09034,145.19596
Alluvian Way|Orama Avenue|-38.09050,145.19589
Alluvian Way|Pebble Beach Drive|-38.08897,145.19628
Alluvian Way|Scarlett Avenue|-38.08813,145.19647
Alluvian Way|Solferino Way|-38.08934,145.19620
Allwen Court|Bourke Road|-37.94243,145.11214
Allwen Court|Enngonia Crescent|-37.94241,145.11214
Alma Close|Portland Street|-37.93714,145.20536
Alma Court|Grove End Road|-37.96869,145.25405
Alma Court|Royal Avenue|-37.95593,145.14703
Alma Crescent|Cyril Grove|-37.97460,145.19302
Alma Crescent|Joffre Street|-37.97285,145.19184
Alma Road|Hicks Street|-37.98737,145.09148
Alma Road|Jennifer Avenue|-37.98753,145.09262
Alma Road|Pound Road|-38.02669,145.25522
Alma Road|Somerville Road|-38.03042,145.25429
Alma Road|Warren Road|-37.98765,145.09372
Almond Drive|Ash Street|-37.98968,145.24508
Almond Drive|Laburnum Grove|-37.99036,145.24707
Almond Terrace|Larch Lane|-37.97632,145.11370
Almondbank Road|Annabella Street|-38.11902,145.29283
Almondbank Road|Celtic Drive|-38.11916,145.29375
Almondbank Road|Easter Way|-38.11929,145.29467
Almondbank Road|Parkhurst Drive|-38.11949,145.29563
Almurta Road|Chesterville Drive|-37.92356,145.06646
Almurta Road|Millard Street|-37.92724,145.06576
Alpha Close|Dewpoint Crescent|-38.04703,145.27029
Alpha Mews|Coco Parade|-38.11787,145.19312
Alpina Street|Armata Crescent|-38.12048,145.15771
Alpina Street|Brunning Crescent|-38.11967,145.15961
Alpine Crescent|Ayton Court|-37.94584,145.19557
Alpine Crescent|Bakers Road|-37.94401,145.19808
Alpine Crescent|Cascade Court|-37.94523,145.19576
Alpine Crescent|Eagle Drive|-37.94630,145.19522
Alpine Crescent|Eppalock Court|-37.94413,145.19629
Alpine Crescent|Terrigal Drive|-37.94454,145.19598
Alpine Crescent|Whitehaven Crescent|-37.94389,145.19727
Alpine Heath Way|Lyndhurst Boulevard|-38.06839,145.24870
Alpine Heath Way|Viewline Way|-38.06780,145.24754
Alpine Heath Way|Wattle Valley Close|-38.06791,145.24781
Alpine Walk|Berridale Court|-38.03876,145.25486
Alray Drive|Gawler Court|-37.96268,145.07069
Alray Drive|Herald Street|-37.96279,145.07160
Alray Drive|Lorna Street|-37.96249,145.06912
Alray Drive|Tomar Court|-37.96258,145.06988
Alsace Street|King George Parade|-37.97785,145.19776
Altair Street|Spring Road|-37.96601,145.14123
Altair Street|Springfield Road|-37.96343,145.14345
Altair Street|Tintern Drive|-37.96401,145.14217
Alter Court|Darnley Drive|-38.12322,145.18804
Alvanley Court|Gladeswood Drive|-37.93250,145.20245
Alvena Street|Phillip Street|-37.97539,145.06222
Alverna Grove|Male Street|-37.91211,145.00222
Alvina Street|Amara Circuit|-37.92129,145.10628
Alvina Street|Coombs Avenue|-37.91969,145.10674
Alvina Street|Sinclair Street|-37.92107,145.10633
Alward Avenue|Clarevale Street|-37.93496,145.12240
Alward Avenue|Clayton Road|-37.93443,145.11783
Alysha Avenue|Graegwen Place|-38.07486,145.24800
Alysha Avenue|Mallett Grove|-38.07539,145.24961
Alysha Avenue|Watt Place|-38.07486,145.24800
Amalfi Drive|Bittern Drive|-37.97711,145.24339
Amalfi Drive|Delos Court|-37.97614,145.24275
Amalfi Drive|Nadia Court|-37.97757,145.24346
Amalfi Drive|Power Road|-37.97579,145.24172
Amanda Court|Golding Avenue|-37.93940,145.25014
Amanda Court|Hawkins Court|-37.98950,145.17761
Amanda Court|Nettle Drive|-37.99947,145.27643
Amanda Drive|Jacana Drive|-38.10431,145.17202
Amanda Drive|Marshall Close|-38.10384,145.17213
Amara Circuit|Boobialla Lane|-37.92112,145.10735
Amara Circuit|Ground Cover Lane|-37.92164,145.10661
Amara Grove|Bluemist Circuit|-38.07583,145.24319
Amarillo Drive|Cilroy Crescent|-38.12278,145.23362
Amarillo Drive|Merano Circuit|-38.12395,145.23371
Amaroo Drive|Bradina Court|-38.03560,145.13368
Amaroo Drive|Challenger Court|-38.03843,145.13156
Amaroo Drive|Clarood Crescent|-38.03714,145.13106
Amaroo Drive|Enmore Court|-38.03927,145.13421
Amaroo Drive|Georgiana Close|-38.03919,145.13231
Amaroo Drive|Larnark Court|-38.03558,145.13451
Amaroo Drive|Lysander Court|-38.03866,145.13600
Amaroo Drive|Nariel Court|-38.03533,145.13264
Amaroo Drive|Orana Place|-38.03587,145.13077
Amaroo Drive|Platina Place|-38.03897,145.13512
Amaroo Drive|Tarana Court|-38.03563,145.13428
Amaroo Drive|Tikanti Court|-38.03642,145.13081
Amaroo Drive|Wells Road|-38.03837,145.13685
Amaryn Court|Carre Square|-37.94654,145.14223
Amayla Crescent|Frankston-Dandenong Road|-38.10654,145.16584
Amayla Crescent|O'Gradys Road|-38.10530,145.16763
Amazon Court|Bridgewater Way|-37.91566,145.24375
Ambassador Circuit|Laurieston Way|-38.13004,145.23583
Ambassador Circuit|Trebecco Street|-38.12879,145.23588
Amber Close|Wisteria Place|-37.97383,145.14909
Amber Court|Harpley Street|-37.97386,145.07135
Amber Drive|Eclipse Court|-38.04790,145.27375
Amber Drive|Highmount Drive|-38.04635,145.27291
Amber Drive|Horizon Boulevard|-38.04572,145.27297
Amber Drive|Michelle Drive|-38.04502,145.27313
Amber Drive|Nimbus Court|-38.04701,145.27335
Amber Drive|Ormond Road|-38.04861,145.27360
Amberley Avenue|Lyle Grove|-38.01934,145.09781
Amberley Crescent|Frankston-Dandenong Road|-38.00226,145.21763
Amberly Park Drive|Pound Road|-38.04560,145.29464
Amberly Park Drive|Sneddon Drive|-38.04685,145.29279
Amberly Park Drive|Terrapin Drive|-38.04911,145.28490
Amblecote Crescent|Anglesey Court|-37.93494,145.20188
Amblecote Crescent|Clendon Road|-37.93472,145.19989
Amblecote Crescent|Gladeswood Drive|-37.93329,145.19883
Amblecote Crescent|Haverbrack Drive|-37.93544,145.20387
Amblecote Crescent|Lammas Court|-37.93440,145.19884
Amblecote Crescent|Renbold Place|-37.93481,145.20086
Ambrie Crescent|Cole Street|-37.95246,145.17483
Ambrie Crescent|Ellt Crescent|-37.95465,145.17443
Ambrie Crescent|Princes Highway Service Road|-37.95077,145.17592
Ambrose Avenue|Bellevue Road|-37.96211,145.03967
Ambrose Avenue|Charlton Avenue|-37.96242,145.03959
Ambrose Way|Clubhouse Way|-37.93411,145.23524
Ambrose Way|Waverley Close|-37.93434,145.23612
Ambrosia Court|Frangipani Close|-37.98052,145.26115
Amelia Avenue|Christina Close|-37.90535,145.19942
Amelia Avenue|June Close|-37.90611,145.19928
Amelia Avenue|Loretta Avenue|-37.90690,145.19912
Amelia Avenue|Mary Avenue|-37.90421,145.19963
Amelia Street|Murray Road|-37.90672,145.03024
Americain Way|Jayco Drive|-38.04891,145.21433
Americain Way|Prosperity Way|-38.05183,145.21339
Amersham Avenue|Ealing Crescent|-37.96541,145.14726
Amersham Avenue|Euston Place|-37.96472,145.14741
Ames Street|Le John Street|-37.92542,145.24912
Amethyst Close|Golden Way|-38.12016,145.19598
Amhurst Drive|Golden Grove Drive|-38.07066,145.29538
Amhurst Drive|Penrose Drive|-38.06964,145.29354
Amhurst Drive|Verdana Place|-38.07055,145.29360
Amico Walk|Rodina Terrace|-37.99988,145.19969
Amiel Street|Furnew Street|-37.94306,145.15757
Amiel Street|Lenore Street|-37.94063,145.15805
Amiel Street|Wareham Street|-37.93907,145.15836
Amiens Street|Avelin Street|-37.93216,145.01243
Amiens Street|Imbros Street|-37.93290,145.01222
Amiens Street|South Road|-37.93031,145.01198
Amiriya Street|East Boundary Road|-37.92463,145.05849
Amiriya Street|Hill Street|-37.92486,145.06029
Amity Way|Providence Drive|-38.09051,145.26806
Amley Rise|Glenview Place|-37.90902,145.28433
Amley Rise|Rathgar Road|-37.90902,145.28433
Amos Court|Ireland Road|-37.95721,145.13516
Amott Court|Wells Road|-38.01738,145.11234
Amron Street|Fourth Avenue|-38.04077,145.13337
Amron Street|Norman Avenue|-38.04163,145.13067
Amstel Mews|Fernhill Avenue|-38.11733,145.25334
Amstel Mews|Gracehill Mews|-38.11733,145.25334
Amstel Mews|Spring Water Crescent|-38.11717,145.25219
Amy Court|Lesley Drive|-38.04247,145.28242
Amy Court|Shearman Crescent|-37.97835,145.05786
Amy Mews|Fenton Court|-37.99725,145.16980
Anarth Street|Blenheim Street|-37.90996,145.07130
Anarth Street|Mulsanne Lane|-37.90859,145.07161
Anarth Street|North Road|-37.90782,145.07178
Anchor Street|Laura Street|-38.01782,145.09745
Anchor Street|Station Street|-38.01838,145.09632
Ancona Street|Florence Street|-37.98219,145.05946
Ancora Imparo Way|Boundary Road|-37.91240,145.12854
Andelana Avenue|Dirigo Drive|-37.91471,145.17537
Andelana Avenue|Kooringa Crescent|-37.91408,145.17726
Andelana Avenue|Lum Road|-37.91417,145.17818
Andelana Avenue|Ninevah Crescent|-37.91525,145.17423
Andelana Avenue|Serica Place|-37.91418,145.17644
Andelana Avenue|Silvana Court|-37.91482,145.17520
Anderson Avenue|George Street|-37.90921,145.05655
Anderson Avenue|Molden Street|-37.90708,145.05692
Anderson Close|Pound Road|-38.02734,145.26018
Anderson Court|Charles Green Avenue|-37.98284,145.24843
Anderson Court|Patty Street|-37.97760,145.06081
Anderson Road|Carson Avenue|-37.99058,145.14885
Anderson Road|Fiveways Boulevarde|-37.99081,145.15067
Anderson Street|Ardwick Street|-37.92721,145.03689
Anderson Street|Patterson Road|-37.92584,145.03714
Andleigh Drive|Grantham Terrace|-37.92680,145.19904
Andleigh Drive|Jacksons Road Service Road|-37.92635,145.19495
Andleigh Drive|Sneddon Court|-37.92668,145.19774
Andleigh Drive|Sugar Gum Drive|-37.92653,145.19607
Andleon Court|Monash Crescent|-37.94398,145.13249
Andleon Way|Coomoora Road|-37.98233,145.14817
Andleon Way|Koval Court|-37.98176,145.14831
Andleon Way|Springvale Road|-37.97993,145.14690
Andleon Way|Vistula Court|-37.98010,145.14816
Andover Court|Hansworth Street|-37.93537,145.18784
Andover Court|Strong Drive|-38.03340,145.27703
Andre Court|Linda Drive|-38.10172,145.26084
Andrea Claire Court|Melanie Blair Place|-38.09890,145.20173
Andrea Crescent|Dianne Court|-38.08046,145.29283
Andrea Crescent|Jessie Street|-38.07951,145.29394
Andretti Avenue|Evans Road|-38.07057,145.25996
Andretti Avenue|Love Street|-38.07073,145.26126
Andretti Avenue|Zain Street|-38.07062,145.26037
Andrew Court|Armstrong Drive|-37.92694,145.25452
Andrew Court|Bourke Road|-37.94112,145.10154
Andrew Street|Cairns Road|-38.03835,145.25655
Andrew Street|David Street|-38.03560,145.25575
Andrew Street|Dorothy Court|-38.03767,145.25668
Andrew Street|Hadley Street|-38.12135,145.14168
Andrew Street|Haughton Road|-37.90542,145.09465
Andrew Street|Lorna Street|-38.12060,145.14029
Andrew Street|Moncur Avenue|-37.95901,145.14840
Andrew Street|North Road|-37.91043,145.09371
Andrew Street|Springvale Road|-37.95931,145.15086
Andrew Street|Stanley Street|-38.03639,145.25664
Andrew Street|Susan Court|-38.03695,145.25679
Anfield Crescent|Gertrude Street|-37.92919,145.19292
Anfield Drive|Cavenagh Boulevard|-37.92808,145.18828
Anfield Drive|Lords Avenue|-37.92819,145.18742
Angie Court|Hickman Avenue|-38.02236,145.12069
Angus Court|Bourke Road|-37.94044,145.09597
Angus Court|Vanessa Court|-37.94087,145.09588
Anice Street|Parkhurst Drive|-38.12531,145.29443
Anice Street|Royaloak Crescent|-38.12521,145.29354
Anidala Place|Merribah Way|-38.09617,145.25686
Aniseed View|Pennants Way|-38.09186,145.20412
Aniseed View|Zamia Way|-38.09132,145.20416
Anita Avenue|Mussert Avenue|-37.98345,145.13000
Anita Avenue|Pauline Avenue|-37.98363,145.13151
Anita Court|Rigby Street|-38.07398,145.13190
Anita Court|Scarlet Street|-37.98917,145.09640
Anita Street|Dalgetty Road|-37.98882,145.03724
Anita Street|Reserve Road|-37.98828,145.03248
Ann Court|Glen Street|-38.02229,145.10449
Ann Street|Billing Street|-37.96008,145.15437
Ann Street|Carroll Avenue|-37.97980,145.22300
Ann Street|Herbert Street|-37.97850,145.21098
Ann Street|Margaret Crescent|-37.97871,145.21375
Ann Street|Robert Street|-37.97944,145.21996
Ann Street|Ross Street|-37.98023,145.22656
Ann Street|Springvale Road|-37.95950,145.15099
Ann Street|Stud Road|-37.97966,145.22178
Anna Court|Bunbury Avenue|-38.00647,145.28851
Annabella Street|Elmslie Drive|-38.11823,145.29291
Annabella Street|Mercury Road|-38.11927,145.29280
Annabella Street|Native Retreat|-38.12257,145.29235
Annabelle Boulevard|Bend Road|-38.00293,145.18090
Annabelle Boulevard|Emily Promenade|-38.00141,145.18124
Annabelle Boulevard|Mallory Crescent|-38.00141,145.18124
Annafee Avenue|Farm Road|-38.00676,145.16163
Annafee Avenue|Tyers Lane|-38.00760,145.16151
Annafee Avenue|Waring Street|-38.00676,145.16163
Annafee Avenue|Yellowbox Drive|-38.00760,145.16151
Annand Close|Marnie Drive|-38.10299,145.25873
Anne Court|Valepark Crescent|-38.10929,145.26846
Anne Crescent|Outer Crescent|-37.90576,144.99917
Anne Street|McKinnon Road|-37.91026,145.03166
Anne Street|Murray Road|-37.90695,145.03214
Annette Court|Lancefield Court|-37.97357,145.26066
Anniversary Place|Memory Lane|-37.94080,145.25115
Anora Crescent|Blyth Place|-37.92323,145.17483
Anora Crescent|Bolton Court|-37.92093,145.17043
Anora Crescent|Cromer Crescent|-37.92109,145.17140
Anora Crescent|Jalna Close|-37.92129,145.17240
Anora Crescent|Lea Road|-37.92079,145.16945
Anora Crescent|Mansfield Avenue|-37.92195,145.17339
Anora Crescent|Pyke Court|-37.92384,145.17535
Anora Crescent|Tiverton Drive|-37.92436,145.17550
Anson Court|Marrbridge Road|-37.93972,145.05952
Anstee Grove|Gilbert Grove|-37.92054,145.03132
Anthony Court|Erwin Drive|-38.10827,145.13576
Anthony Court|Raphael Street|-38.01184,145.28246
Anthony Drive|Betty Close|-37.92025,145.27266
Anthony Drive|Frank Court|-37.91963,145.27169
Anthony Drive|Herman Court|-37.91996,145.27214
Anthony Drive|Napoleon Road|-37.91941,145.27073
Anthony Drive|Sullivan Avenue|-37.91821,145.27646
Anthony Street|Gloria Avenue|-37.96816,145.21400
Anthony Street|Ian Avenue|-37.96652,145.21430
Anthony Street|Murray Road|-37.90746,145.03662
Anthony Street|North Road|-37.90365,145.03725
Antibes Street|Beach Road|-37.99558,145.07078
Antibes Street|Como Parade West|-37.99127,145.07384
Antill Court|Monash Drive|-37.91291,145.16401
Anton Court|Chelsea Park Drive|-38.04685,145.13434
Anton Court|Drovers Retreat|-38.05173,145.28524
Antonella Court|Swift Way|-38.03431,145.20643
Antrim Close|Huxley Crescent|-37.98240,145.27602
Anzed Court|Miles Street|-37.92295,145.14950
Aonach Street|Centre Road|-37.93022,145.13229
Aonach Street|Keol Street|-37.93155,145.13197
Aonach Street|Rayhur Street|-37.93268,145.13163
Apex Avenue|Bluff Road|-37.93764,145.02383
Apex Avenue|Crest Avenue|-37.93801,145.02708
Apex Avenue|Keith Street|-37.93841,145.03050
Apex Avenue|Lonsdale Avenue|-37.93805,145.02761
Apex Avenue|Raynes Park Road|-37.93764,145.02383
Apex Avenue|Ridge Avenue|-37.93789,145.02609
Apex Avenue|Tarwin Avenue|-37.93777,145.02499
Apex Street|Belinda Court|-37.95632,145.21543
Apex Street|Como Court|-37.95944,145.21487
Apex Street|Gibb Street|-37.95865,145.21503
Apex Street|Milan Court|-37.95620,145.21539
Apex Street|Purley Drive|-37.95513,145.21502
Apex Street|Shalimar Crescent|-37.95714,145.21529
Aphrodite Way|Eros Crescent|-38.10886,145.23564
Apoinga Street|Luisa Avenue|-38.03557,145.20529
Apoinga Street|Nicholas Drive|-38.03722,145.20497
Apoinga Street|Swift Way|-38.03452,145.20551
Apollo Court|Orloff Street|-37.98462,145.18474
Apollo Drive|David Lee Road|-38.01420,145.26637
Apollo Drive|Star Crescent|-38.01459,145.26942
Apollo Drive|Westpool Drive|-38.01378,145.26290
Appila Close|Hinrichsen Drive|-38.01507,145.28283
Apple Court|Lacebark Street|-37.98671,145.24114
Applegum Court|Carroll Court|-37.99979,145.29415
Applegum Court|Deanswood Way|-37.99871,145.29438
Applegum Court|Heyfield Court|-37.99871,145.29438
Appleton Avenue|Auburn Drive|-38.00424,145.17494
Appleton Avenue|Iris Court|-38.00491,145.17479
Appleton Avenue|Westwood Boulevard|-38.00561,145.17465
Appleton Court|Lake View Drive|-38.04012,145.28688
April Grove|Pagett Road|-38.08865,145.17524
Apsley Place|Hartnett Drive|-38.11323,145.14175
Aquamarine Court|Sapphire Drive|-38.03663,145.25026
Aquamarine Crescent|Emerald Rise|-38.11831,145.19662
Aquamarine Crescent|Golden Way|-38.11942,145.19621
Aquamarine Crescent|Lily Way|-38.11958,145.19742
Aquanita Close|Biscay Grove|-38.06307,145.24589
Aquanita Close|Sunline Way|-38.06200,145.24423
Aquarius Court|Whites Lane|-37.90003,145.17699
Aquatic Drive|Cazaly Way|-38.11629,145.23936
Aquatic Drive|Hammond Road|-38.11780,145.23906
Aquatic Drive|Lindwall Drive|-38.11707,145.23727
Aquatic Drive|Strickland Street|-38.11791,145.23987
Aquila Court|Donald Road|-37.90131,145.18887
Aquila Crescent|Ardea Court|-37.97192,145.24000
Aquila Crescent|Essex Park Drive|-37.97141,145.24054
Aquila Mews|Greenwood Village Mews|-37.98807,145.13906
Aquila Place|Polaris Court|-38.08950,145.18510
Aquilla Court|Enterprize Avenue|-38.03316,145.13084
Aranda Court|Withers Avenue|-37.93291,145.17590
Aratula Street|Clow Street|-37.98592,145.22360
Aratula Street|Grant Street|-37.98493,145.22379
Aratula Street|King Street|-37.98396,145.22397
Arcadia Avenue|Bramley Court|-37.99815,145.25996
Arcadia Avenue|Frawley Road|-37.99987,145.25971
Arcadia Avenue|Lara Court|-37.99680,145.26030
Arcadia Avenue|Tripoli Court|-37.99864,145.25994
Arcadia Court|Arden Drive|-37.97725,145.16009
Arcadia Street|Ballarto Road|-38.11630,145.18816
Arcadia Street|Burlorn Court|-38.11405,145.18903
Arcadia Street|Clover Place|-38.11559,145.18784
Arcadia Street|Denis Court|-38.11421,145.19011
Arcadia Street|Driftwood Mews|-38.11471,145.18794
Arcadia Street|Greenslopes Drive|-38.11410,145.18827
Arcadia Street|Hampton Street|-37.93149,145.00363
Arcadia Street|Paras Drive|-38.11455,145.19066
Arcadia Street|The Avenue|-37.93121,145.00126
Archer Court|Cluden Street|-37.91299,145.01299
Archer Grove|Bankside Boulevard|-37.91843,145.22069
Archer Grove|Hamilton Way|-37.91941,145.22163
Archer Lane|Waterside Crescent|-37.93058,145.18752
Archer Lane|Windy Hill Drive|-37.93058,145.18752
Arco Lane|Corporate Drive|-37.94728,145.08155
Arco Lane|Sunmore Close|-37.94728,145.08155
Arco Lane|Warrigal Road|-37.94658,145.07823
Arcots Court|Dresden Drive|-38.01443,145.13893
Arctic Court|Atlantic Drive|-38.01653,145.18483
Arden Court|Erwin Drive|-38.10759,145.13498
Arden Drive|Ayr Court|-37.97781,145.15982
Arden Drive|Harold Road|-37.97638,145.16005
Arden Drive|Susi Court|-37.97915,145.15948
Arden Drive|Tamar Road|-37.97859,145.15959
Arden Drive|Vitis Avenue|-37.98013,145.15946
Ardena Court|East Boundary Road|-37.91654,145.05990
Ardgour Street|Bowmore Street|-37.90001,145.07683
Ardgower Road|Belvedere Court|-37.95695,145.17320
Ardgower Road|Cole Street|-37.95262,145.17607
Ardgower Road|Kelvinside Road|-37.95730,145.17226
Ardgower Road|Nithsdale Road|-37.95665,145.17397
Ardgower Road|Nockolds Crescent|-37.95656,145.17414
Ardgower Road|Princes Highway Service Road|-37.95155,145.17679
Ardmore Street|Circle Drive North|-38.09606,145.28099
Ardmore Street|Highview Avenue|-38.09598,145.28023
Ardmore Street|Leanne Court|-38.09590,145.27957
Ardoyne Street|Bluff Road|-37.97137,145.01702
Ardoyne Street|Iluka Street|-37.97248,145.02611
Ardoyne Street|Links Street|-37.97187,145.02148
Ardwick Street|Ethel Street|-37.92743,145.03790
Ardwick Street|Railway Crescent|-37.92707,145.03560
Arena Square|Moodemere Street|-37.97676,145.17097
Arena Square|Rutherglen Street|-37.97784,145.17077
Arena Square|Wallarano Drive|-37.97941,145.17044
Argus Street|Brett Court|-37.95971,145.07024
Argus Street|Chesterville Road|-37.95800,145.05707
Argus Street|Friendship Square|-37.95920,145.06688
Argus Street|Kingswood Road|-37.95830,145.05910
Argus Street|Leon Street|-37.95863,145.06152
Argus Street|Regent Parade|-37.95895,145.06402
Argus Street|Remont Court|-37.96012,145.07371
Argus Street|Rosewarne Avenue|-37.95875,145.06250
Argus Street|Tennyson Street|-37.95800,145.05707
Argus Street|Warrigal Road|-37.96032,145.07544
Argyle Avenue|Maury Road|-38.05589,145.11755
Argyle Avenue|Nepean Highway|-38.05589,145.11755
Argyle Avenue|Scotch Parade|-38.05297,145.12738
Argyle Avenue|Station Street|-38.05600,145.11810
Argyle Close|Poath Road|-37.90423,145.07497
Argyle Street|Keswick Street|-37.91058,145.06927
Argyle Street|Mackie Road|-37.91124,145.07559
Argyle Street|Melva Street|-37.91117,145.07460
Argyle Street|Poet Road|-37.91104,145.07355
Ariel Way|The Parkway|-38.05624,145.13978
Aries Street|Kingdom Drive|-38.09282,145.28877
Aries Street|Pharaoh Drive|-38.09121,145.28892
Arkaringa Crescent|Beach Road|-37.97044,145.01195
Arkaringa Crescent|Bent Parade|-37.96963,145.01457
Arkaringa Crescent|Bluff Road|-37.96956,145.01739
Arkaringa Crescent|Heather Grove|-37.96987,145.01983
Arkaringa Crescent|Links Street|-37.97014,145.02201
Arkley Close|Diamond Parade|-38.12075,145.19401
Arklow Court|Wicklow Drive|-38.12175,145.25505
Arkwright Court|Templewood Avenue|-37.95169,145.19373
Arkwright Drive|Bessemer Drive|-38.01548,145.19023
Arkwright Drive|Ordish Road|-38.01836,145.19305
Arlene Drive|Daina Court|-38.11046,145.19778
Arlene Drive|Gamble Road|-38.11368,145.19771
Arlene Drive|Heritage Drive|-38.10952,145.19815
Arlene Drive|Heysen Drive|-38.11123,145.19799
Arlene Drive|Nicole Court|-38.11034,145.19785
Arlene Drive|Streeton Court|-38.11148,145.19807
Arleon Court|Erskine Drive|-37.90860,145.25002
Arleon Crescent|Camms Road|-38.09880,145.28930
Arleon Crescent|Taddor Drive|-38.09689,145.28696
Arlington Court|Village Drive|-37.97980,145.11995
Arlunya Court|Langslow Road|-38.01768,145.10976
Armadale Avenue|Birrong Avenue|-37.98049,145.17534
Armadale Avenue|Bristol Court|-37.98335,145.17482
Armadale Avenue|Sussex Street|-37.98268,145.17495
Armadale Avenue|Wahroonga Avenue|-37.98428,145.17456
Armao Court|Conley Street|-37.98342,145.17895
Armata Crescent|Brunning Crescent|-38.11868,145.15868
Armata Crescent|Gum Street|-38.12132,145.15820
Armata Crescent|Monterey Boulevard|-38.12427,145.15975
Armer Court|Kearney Drive|-38.02154,145.11246
Armistan Crescent|Enterprize Avenue|-38.03394,145.13344
Armistan Crescent|Nimrod Rise|-38.03204,145.13211
Armiston Court|Cunningham Drive|-37.97983,145.27477
Armstrong Drive|Dandelion Drive|-37.92656,145.25781
Armstrong Drive|Dean Close|-37.92669,145.25366
Armstrong Drive|Doolan Court|-37.92717,145.25641
Armstrong Drive|Mitchell Place|-37.92705,145.25542
Armstrong Street|Hastings Avenue|-37.98087,145.04810
Armstrong Street|Moncur Avenue|-37.95823,145.14856
Armstrong Street|Scarborough Grove|-37.98087,145.04810
Armstrong Street|Springvale Road|-37.95853,145.15100
Armstrong Street|Stevens Street|-37.95838,145.14985
Armstrong Way|Hennessy Way|-37.94822,145.19921
Armstrong Way|Knight Place|-37.94953,145.20135
Armstrong Way|Lyall Court|-37.94911,145.20065
Armstrongs Road|Bognor Avenue|-38.09332,145.12943
Armstrongs Road|Largs Street|-38.09327,145.12894
Armstrongs Road|Nepean Highway|-38.09404,145.12559
Armstrongs Road|Netherall Street|-38.09348,145.13067
Armstrongs Road|Newton Street|-38.09361,145.13174
Armstrongs Road|Old Wells Road|-38.09539,145.14538
Armstrongs Road|Railway Parade|-38.09323,145.12842
Armstrongs Road|Torquay Avenue|-38.09344,145.13038
Army Track|Churchill Park Drive|-37.95579,145.25502
Arnhem Court|Wyandra Way|-37.91274,145.26034
Arnica Close|Bluegum Way|-38.04968,145.27734
Arnold Court|Besley Street|-37.98745,145.22559
Arnold Drive|Dobell Drive|-38.04341,145.12705
Arnold Road|South Road|-37.93155,145.02337
Arnold Road|Studley Road|-37.92791,145.02407
Arnold Road|Sunlight Crescent|-37.92855,145.02389
Arnold Street|Douglas Street|-37.97114,145.18170
Arnold Street|Edith Street|-37.97581,145.18399
Arnold Street|Gordon Street|-37.97494,145.18358
Arnold Street|Griffith Street|-37.97181,145.18149
Arnold Street|Hamlet Street|-37.95794,145.04031
Arnold Street|Jessie Street|-37.97748,145.18417
Arnold Street|Latrobe Street|-38.10255,145.29076
Arnold Street|Marklin Street|-38.10485,145.29025
Arnold Street|Mather Road|-37.97439,145.18314
Arnold Street|Norris Street|-37.97337,145.18294
Arnold Street|Reserve Road|-37.95773,145.03851
Arnold Street|Rockford Court|-37.97674,145.18423
Arnold Street|Yarraman Road|-37.97748,145.18417
Arnot Court|Glassford Avenue|-37.97823,145.15443
Arnot Street|Cluden Street|-37.91296,145.01289
Arnot Street|Parkview Road|-37.91232,145.01346
Arnott Court|Whites Lane|-37.90027,145.17972
Arnott Street|Courtenay Avenue|-38.07843,145.27989
Arnott Street|Dandenong Road|-37.91854,145.13420
Arnott Street|Elizabeth Street|-38.07689,145.28018
Arnott Street|North Road|-37.90461,145.04621
Arnott Street|Walsh Street|-37.90283,145.04656
Arnott Street|Wellington Road Service Road|-37.91585,145.13503
Arnott Street|Wisteria Court|-38.07765,145.28004
Arranmore Avenue|Bluff Road|-37.97048,145.01720
Arranmore Avenue|Links Street|-37.97101,145.02171
Arrino Crescent|Eleanore Crescent|-38.01475,145.28193
Arrunga Court|Cullen Court|-38.07447,145.14665
Arrunga Court|Kurrawa Crescent|-38.07498,145.14893
Artesian Place|Waterside Drive|-38.01213,145.12731
Arthur Avenue|Were Street|-37.92566,144.99990
Arthur Court|Noble Street|-37.97042,145.16055
Arthur Court|Rangeview Drive|-38.10034,145.19940
Arthur Phillip Drive|Keltie Rise|-37.99187,145.25995
Arthur Phillip Drive|Preston Avenue|-37.99187,145.26164
Arthur Street|Bamfield Street|-37.94717,145.00201
Arthur Street|Bridge Street|-37.94451,145.00252
Arthur Street|Centre Road|-37.91903,145.04307
Arthur Street|Georgiana Street|-37.94580,145.00228
Arthur Street|Largs Street|-38.09199,145.13014
Arthur Street|Netherall Street|-38.09210,145.13095
Arthur Street|Railway Parade|-38.09179,145.12841
Artists Crescent|Baronet Walk|-38.06062,145.29088
Artists Crescent|Ormond Road|-38.06033,145.29162
Artists Crescent|Strathaird Drive|-38.06029,145.28881
Aruma Court|Embankment Grove|-38.04557,145.12485
Arundel Close|Folkestone Crescent|-37.96630,145.14273
Arundel Court|Shaftsbury Drive|-37.92132,145.16796
Arundel Street|High Street|-38.10357,145.28225
Arundel Street|High Street Service Road|-38.10352,145.28262
Arundel Street|Station Street|-38.10381,145.28646
Arunta Crescent|Centre Road|-37.92718,145.10792
Arunta Crescent|Springs Road|-37.93068,145.10928
Arunta Crescent|Wandoo Avenue|-37.92960,145.10739
Arwon Court|Malua Circuit|-38.08689,145.19494
Arwon Street|Black Knight Street|-38.00301,145.10004
Arwon Street|Hall Mark Road|-38.00302,145.09857
Arwon Street|Reckless Lane|-38.00294,145.09947
Arwon Street|Treeby Boulevard|-38.00323,145.10182
Ascot Court|Moresby Street|-37.93644,145.09772
Ascot Court|Rawdon Hill Drive|-37.94941,145.20806
Ascot Drive|Browns Road|-37.93801,145.18938
Ascot Drive|Epsom Court|-37.94052,145.18764
Ascot Drive|Mowbray Court|-37.93843,145.18736
Ascot Drive|Rosehill Court|-37.93793,145.18755
Ascot Drive|Stradbroke Court|-37.93922,145.18722
Ascot Place|Bluebell Way|-37.99806,145.16367
Ascot Place|Cottongum Avenue|-37.99800,145.16276
Ascot Place|Harlequin Drive|-37.99814,145.16461
Ascot Place|Snowdrop Drive|-37.99828,145.16619
Ascot Place|Stanley Road|-37.99854,145.16827
Ascot Place|Tulip Way|-37.99818,145.16514
Ash Court|Gardenia Crescent|-37.96911,145.07750
Ash Court|Honeysuckle Avenue|-37.90881,145.17068
Ash Court|Honeysuckle Street|-38.12392,145.16408
Ash Court|Sylvander Street|-37.93870,145.11303
Ash Grove|Elm Grove|-37.95455,145.15555
Ash Grove|James Street|-37.97292,145.21055
Ash Grove|Oak Grove|-37.95454,145.15545
Ash Grove|Springvale Road|-37.95410,145.15199
Ash Grove|View Road|-37.95475,145.15797
Ash Grove|Woodlee Street|-37.97327,145.21353
Ash Street|Hawthorn Road|-37.99207,145.24096
Ash Street|Kidds Road|-37.98797,145.24540
Ash Street|Lorna Street|-38.10750,145.27778
Ash Street|McLaren Avenue|-38.10774,145.27971
Ash Street|Myrtle Grove|-37.99225,145.24395
Ash Street|Nigra Street|-37.99031,145.23999
Ash Street|Pittosporum Grove|-37.99031,145.23999
Ash Street|Sheoak Street|-37.98886,145.24523
Ash Street|Tristania Street|-37.99238,145.24214
Ashberg Drive|Dresden Drive|-38.01185,145.13917
Ashberg Drive|Jubilee Boulevard|-38.01185,145.13917
Ashberg Drive|Kimberley Grove|-38.01170,145.13737
Ashberg Drive|Lake King Circle|-38.01262,145.13717
Ashberg Drive|Paragon Way|-38.01164,145.13898
Ashbourne Place|Delaware Drive|-37.98818,145.13270
Ashbrook Close|Auburn Court|-37.93765,145.25335
Ashbrook Close|Golding Avenue|-37.93754,145.25242
Ashbrook Court|Scotsburn Avenue|-37.92275,145.10840
Ashbrook Way|Hazelmere Avenue|-38.10827,145.26446
Ashby Drive|Bellbrook Drive|-37.94946,145.21213
Ashby Drive|Howe Avenue|-37.94754,145.21289
Ashby Drive|Huxley Avenue|-37.94726,145.21313
Ashby Drive|Lipton Drive|-37.94669,145.21329
Ashdale Court|Lewis Street|-37.93723,145.14736
Ashdale Court|Verona Drive|-38.02598,145.25686
Ashdown Way|Donald Road|-37.90454,145.18526
Ashdown Way|Sheringham Drive|-37.90426,145.18260
Ashdown Way|Trafford Court|-37.90438,145.18370
Ashfield Court|Heritage Drive|-38.10853,145.19625
Ashland Court|Elmswood Boulevard|-37.99503,145.14958
Ashlar Road|Barilla Road|-37.94103,145.04366
Ashlar Road|Doonga Avenue|-37.93917,145.04402
Ashleigh Court|Wingrove Street|-37.95294,145.06641
Ashleigh Street|Cochrane Avenue|-37.99262,145.18050
Ashleigh Street|Glenthorne Drive|-37.99417,145.18022
Ashleigh Street|Jean Court|-37.99339,145.18036
Ashlene Grove|Kieran Court|-38.09056,145.18266
Ashlene Grove|Oberon Drive|-38.09091,145.18337
Ashley Close|Emily Drive|-38.00567,145.29077
Ashley Close|Whites Lane|-37.90007,145.17793
Ashley Park Drive|Wells Road|-38.03739,145.13634
Ashmore Avenue|Barkly Street|-38.00081,145.08731
Ashmore Avenue|Melrose Street|-38.00101,145.08603
Ashmore Avenue|Nepean Highway|-38.00127,145.08442
Ashrye Glade|Harold Keys Drive|-38.02962,145.29510
Ashton Court|Merrijig Avenue|-38.09517,145.28814
Ashton Rise|Terrapin Drive|-38.04693,145.28571
Ashview Court|Spruce Drive|-37.91699,145.26634
Ashwood Avenue|Highett Road|-37.94673,145.02500
Ashwood Court|Greenridge Avenue|-38.01152,145.29396
Ashworth Drive|Downs Road|-38.10334,145.14779
Ashworth Drive|Maxwell Court|-38.10332,145.14912
Ashworth Drive|McBride Crescent|-38.10367,145.15072
Asling Street|Cowper Street|-37.90292,145.00207
Asling Street|Elm Grove|-37.90105,145.00242
Asling Street|Oak Grove|-37.90193,145.00226
Asling Street|Richard Street|-37.96782,145.15610
Asling Street|Rooding Street|-37.90385,145.00188
Aspect Drive|Azure Crescent|-38.00529,145.15929
Aspect Drive|Chapel Road|-38.00538,145.16069
Aspect Drive|Elysian Place|-38.00539,145.16024
Aspect Drive|Keylana Drive|-38.00391,145.16021
Aspect Drive|Mulberry Grove|-38.00482,145.15932
Aspen Court|Ballarto Road|-38.11316,145.16030
Aspen Lane|Paperbark Street|-37.99525,145.24064
Aspendale Place|Silverwattle Drive|-38.06122,145.25038
Aspendale Place|Westbury Way|-38.06024,145.24787
Aspire Place|Farm Road|-38.00629,145.16171
Aspire Place|Postregna Court|-38.00626,145.16143
Aspire Place|Waterfront Way|-38.00642,145.16273
Assembly Drive|Princes Highway|-38.00294,145.24710
Astall Street|Madisson Crescent|-38.09054,145.19864
Astall Street|McCormicks Road|-38.09064,145.19937
Astall Street|Solferino Way|-38.09038,145.19761
Aster Avenue|Frankston-Dandenong Road|-38.10436,145.16847
Aster Avenue|Lathams Road|-38.09867,145.16617
Aster Avenue|Titan Drive|-38.10384,145.16662
Aster Crescent|Henry Street|-37.94646,145.04271
Aster Crescent|Railway Parade|-37.94666,145.04089
Asteria Crescent|Eros Crescent|-38.10829,145.23576
Astley Wynd|Carboni Crescent|-38.04912,145.24773
Astley Wynd|Hutchinson Drive|-38.04780,145.25023
Astley Wynd|Paterson Drive|-38.04764,145.24888
Astley Wynd|Ratcliffe Way|-38.04735,145.24668
Astran Court|Cunningham Drive|-37.97835,145.27199
Astro Court|Wedgewood Road|-38.01434,145.25690
Atbara Lane|Vasello Circuit|-38.12635,145.23078
Athena Court|Sunbird Avenue|-38.09361,145.29258
Athenium Court|Paras Drive|-38.11577,145.19003
Atherton Close|Nurten Parade|-38.02611,145.11802
Atherton Road|Connell Road|-37.89997,145.09878
Atherton Road|Dandenong Road|-37.90078,145.10473
Atherton Road|George Street|-37.90048,145.10254
Atherton Road|Henry Street|-37.90075,145.10445
Atherton Road|Holland Court|-37.89970,145.09681
Atherton Road|Huntingdale Road|-37.90066,145.10541
Atherton Road|John Street|-37.90035,145.10157
Atherton Road|Lincoln Avenue|-37.90001,145.09907
Atherton Road|Norfolk Avenue|-37.90018,145.10034
Atherton Road|Princes Highway|-37.90066,145.10541
Atherton Road|Westminster Street|-37.89957,145.09588
Atherton Road|William Street|-37.90062,145.10350
Atherton Road|York Avenue|-37.90035,145.10157
Atherton Way|Duff Street|-38.10116,145.24690
Atherton Way|Rathdowne Street|-38.10037,145.24707
Atherton Way|Wilmington Avenue|-38.09966,145.24722
Athlone Court|Primrose Hill Close|-37.97013,145.24530
Athol Road|Bell View Court|-37.97181,145.15483
Athol Road|Corrigan Road|-37.97330,145.16676
Athol Road|Florence Street|-37.97293,145.16382
Athol Road|Harmony Court|-37.97205,145.15667
Athol Road|Jeffery Avenue|-37.97296,145.16404
Athol Road|Loris Street|-37.97138,145.15132
Athol Road|Mackay Street|-37.97221,145.15796
Athol Road|Noble Street|-37.97250,145.16014
Athol Road|Olympic Avenue|-37.97161,145.15315
Athol Road|Parker Street|-37.97179,145.15467
Athol Road|Rowlands Avenue|-37.97275,145.16237
Athol Road|Springvale Road|-37.97102,145.14856
Athol Road|Sunrise Court|-37.97223,145.15816
Athol Road|Woodstock Place|-37.97198,145.15616
Atkins Court|Carrum Woods Drive|-38.09065,145.19071
Atkinson Court|Sutherland Avenue|-38.01709,145.11433
Atkinson Street|Brett Street|-37.90358,145.06934
Atkinson Street|Ethel Street|-37.92818,145.03775
Atkinson Street|Jasper Road|-37.92843,145.03991
Atkinson Street|Railway Crescent|-37.92798,145.03589
Atkinson Street|Reid Street|-37.90404,145.07304
Atlanta Glen|Broadstone Way|-38.11941,145.26315
Atlanta Glen|Cherryhills Drive|-38.11920,145.26139
Atlantic Drive|Bass Court|-38.01552,145.18488
Atlantic Drive|Naxos Way|-38.02201,145.18502
Atlantic Drive|Perry Road|-38.02281,145.18106
Atlantic Drive|Tasman Court|-38.01954,145.18488
Atlantic Street|Browns Road|-37.91778,145.12783
Atlantic Street|Panorama Street|-37.91804,145.12996
Atlantis Court|Reef Court|-38.01813,145.11944
Atlantis Court|Spinnaker Court|-38.01830,145.12002
Atlantis Court|Sundew Court|-38.01854,145.12091
Atlas Drive|Eros Crescent|-38.11037,145.23667
Atlas Drive|Gaia Street|-38.10970,145.23680
Atlas Drive|Hall Road|-38.10758,145.23754
Atlas Drive|Hermes Avenue|-38.11344,145.23605
Atlas Drive|Minerva Avenue|-38.11276,145.23618
Atlas Drive|Olympus Crescent|-38.11138,145.23647
Atlas Drive|Pandora Drive|-38.11411,145.23591
Atlas Drive|Zeus Avenue|-38.11206,145.23632
Attenborough Court|Kingston Drive|-37.97495,145.11791
Attenborough Road|Pine Crescent|-38.01215,145.09297
Attenborough Road|Station Street|-38.01321,145.09234
Attenborough Street|Bennet Street|-37.98537,145.19984
Attenborough Street|Cheltenham Road|-37.98969,145.20327
Attenborough Street|Damian Court|-37.98766,145.20259
Attenborough Street|Milnes Circuit|-37.98369,145.19576
Attenborough Street|OHagans Way|-37.98419,145.19788
Attenborough Street|Paul Court|-37.98705,145.20215
Attenborough Street|Short Street|-37.98821,145.20263
Attenborough Street|Wauchope Lane|-37.98674,145.20159
Attunga Crescent|Burrawong Avenue|-38.08418,145.12970
Attunga Crescent|Eel Race Road|-38.08357,145.13053
Attunga Crescent|Larool Crescent|-38.08485,145.12856
Attunga Crescent|Nabilla Avenue|-38.08427,145.12955
Attunga Crescent|Railway Parade|-38.08475,145.12747
Attunga Crescent|Wunalla Road|-38.08376,145.13055
Atunga Court|Snowdon Drive|-37.97229,145.08195
Aubin Court|Festival Crescent|-37.98913,145.18670
Auburn Drive|Eastbury Street|-38.00439,145.17632
Auburn Drive|Olivetree Drive|-38.00413,145.17405
Aubyn Court|Grovelands Drive|-37.93324,145.18232
Auckland Street|Delhi Street|-37.92556,145.04674
Auckland Street|London Street|-37.92470,145.04691
Auckland Street|Patterson Road|-37.92697,145.04647
Audax Mews|Greenwood Village Mews|-37.98948,145.13904
Audrey Street|Birmingham Street|-37.94410,145.16313
Audsley Street|Centre Road|-37.92896,145.12256
Audsley Street|McMillan Street|-37.93178,145.12190
Audsley Street|Meriton Place|-37.93245,145.12140
Augusta Close|Cherryhills Drive|-38.11155,145.26495
Augusta Court|Darnley Drive|-38.11985,145.18803
Augusta Court|Waradgery Drive|-37.91856,145.22427
Augusta Crescent|Phillip Street|-38.12861,145.13650
Augusta Crescent|Ropley Grange|-38.12848,145.13547
Augusta Crescent|Walbundry Avenue|-38.12861,145.13650
Auguste Avenue|Gardiner Road|-37.90473,145.12830
Aurea Court|Emo Court|-37.94575,145.10945
Aurea Court|Excelsior Drive|-38.11681,145.15828
Aurea Court|Tanya Court|-37.94658,145.11027
Aurea Court|Tully Road|-37.94658,145.11027
Aurora Court|Darren Road|-37.97686,145.15684
Aurora Drive|Daybreak Drive|-38.11804,145.23520
Aurora Drive|Lindwall Drive|-38.11827,145.23703
Aurora Drive|Peppermint Gum Road|-38.11838,145.23787
Aurora Drive|Resplendent Avenue|-38.11818,145.23601
Aurora Drive|Terrain Road|-38.11846,145.23860
Aurora Drive|Vanguard Avenue|-38.11793,145.23430
Austin Close|Silverton Drive|-37.94941,145.19438
Austin Road|Banks Avenue|-37.94453,145.01469
Austin Road|Brunel Road|-38.10611,145.14023
Austin Road|Carrington Avenue|-38.10706,145.14952
Austin Road|Chicquita Avenue|-38.10672,145.14621
Austin Road|Downs Road|-38.10687,145.14764
Austin Road|Elisdon Drive|-38.10717,145.15054
Austin Road|Erwin Drive|-38.10563,145.13569
Austin Road|Francis Street|-38.10603,145.13890
Austin Road|Galway Street|-38.10649,145.14393
Austin Road|Henry Crescent|-38.10747,145.15341
Austin Road|Highett Road|-37.94541,145.01451
Austin Road|Hunt Drive|-38.10603,145.13890
Austin Road|Keerok Avenue|-38.10695,145.14845
Austin Road|Linacre Road|-37.94367,145.01486
Austin Road|Mitchell Street|-38.10506,145.13095
Austin Road|Moomba Avenue|-38.10684,145.14733
Austin Road|Seacrest Avenue|-38.10660,145.14507
Austin Road|Taldra Crescent|-38.10731,145.15196
Austin Street|Dallas Avenue|-37.90469,145.07880
Austin Street|Godfrey Street|-37.91591,145.04034
Austin Street|Jasper Road|-37.91613,145.04212
Austin Street|North Road|-37.90860,145.07803
Austin Street|Seaview Avenue|-37.91613,145.04212
Austral Court|Brandon Park Drive|-37.91605,145.17046
Austral Place|National Drive|-38.01222,145.25739
Austral Place|Technology Circuit|-38.00960,145.25801
Australis Court|Kingston Drive|-37.97584,145.11733
Authentic Avenue|Dynasty Drive|-38.12626,145.23999
Authentic Avenue|Ergano Way|-38.12653,145.24083
Authentic Avenue|Matador Way|-38.12625,145.24412
Authentic Avenue|Pascal Way|-38.12586,145.24495
Authentic Avenue|Volunteer Avenue|-38.12663,145.24324
Autumn Terrace|Botanic Drive|-37.93794,145.13715
Autumn Terrace|Crimson Grove|-37.93900,145.13846
Autumn Terrace|Indigo Lane North|-37.93871,145.13816
Autumn Terrace|Summer Lane|-37.93813,145.13740
Avalon Court|Centre Dandenong Road|-37.96693,145.06824
Avalon Crescent|Fernside Close|-38.10672,145.30036
Avalon Crescent|Pipetrack Circuit|-38.10741,145.30015
Avalon Crescent|Scotsdale Drive|-38.10878,145.29989
Avalon Road|Deschamp Court|-37.92243,145.23015
Avalon Road|Deschamp Crescent|-37.92244,145.23023
Avalon Road|Luton Court|-37.92259,145.23143
Avalon Road|Palmer Close|-37.92220,145.22766
Avalon Road|Stamford Crescent|-37.92270,145.23361
Avalon Road|Stud Road|-37.92269,145.23400
Avalon Road|Stud Road Service Road|-37.92274,145.23381
Avalon Road|Turramurra Drive|-37.92269,145.23400
Avard Court|Baldwin Avenue|-37.97552,145.17652
Aveley Place|Cardiff Grove|-38.10544,145.29698
Avelin Street|South Road|-37.93011,145.01027
Avelin Street|Villeroy Street|-37.93128,145.01097
Avenal Place|Harrison Court|-38.09800,145.17787
Avenal Place|Robin Drive|-38.09800,145.17787
Avenel Place|Axedale Crescent|-37.96917,145.25671
Avenview Drive|Drysdale Avenue|-37.99713,145.27970
Avenview Drive|Marrawah Place|-37.99713,145.27970
Avenza Street|Darling Street|-37.98166,145.07612
Avenza Street|Glenelg Drive|-37.97966,145.07830
Avenza Street|Lower Dandenong Road|-37.98244,145.07597
Avenza Street|Murray Street|-37.97999,145.07750
Avenza Street|Savona Street|-37.98076,145.07627
Avenza Street|Silverbanks Grove|-37.98050,145.07639
Averne Street|Circle Drive North|-38.09426,145.27989
Averne Street|Fenfield Street|-38.09147,145.27899
Averne Street|Glenwood Court|-38.09243,145.27940
Averne Street|Rose Lane|-38.09076,145.27877
Avery Court|Carroll Court|-38.00051,145.29465
Avery Place|Carrington Crescent|-38.10320,145.19368
Aviva Court|Xavier Drive|-37.91746,145.18518
Avlona Street|Lamana Road|-38.00693,145.09776
Avlona Street|Percy Street|-38.00737,145.09547
Avoca Avenue|Buckley Street|-37.98077,145.17197
Avoca Avenue|Kuringgai Crescent|-37.98109,145.17108
Avoca Close|Glenelg Drive|-37.93799,145.11176
Avoca Close|Millswyn Avenue|-38.02559,145.26362
Avoca Court|Glenelg Drive|-37.97594,145.07728
Avoca Court|Glenelg Street|-37.94169,145.21151
Avoca Street|Bay Road|-37.95512,145.03226
Avoca Street|Eddie Street|-37.95328,145.03263
Avoca Street|Maxflo Court|-37.95287,145.03271
Avoca Street|Sterling Avenue|-37.95149,145.03302
Avocet Court|Greenwood Drive|-38.10598,145.18281
Avon Court|Avonhurst Drive|-37.90008,145.14913
Avon Court|Illawarra Crescent|-37.95523,145.20089
Avon Court|Lachlan Street|-37.97605,145.07825
Avon Street|Biscop Road|-37.94010,145.04509
Avon Street|Chapel Road|-37.94046,145.04808
Avon Street|Fiddes Street|-37.94033,145.04703
Avon Street|Heatherton Road|-37.96406,145.16570
Avon Street|Myrtle Street|-37.96551,145.16569
Avonbury Circuit|Bronte Street|-38.09865,145.24516
Avonbury Circuit|Carmichael Avenue|-38.09891,145.24704
Avonbury Circuit|Dixon Grove|-38.09834,145.24835
Avondale Avenue|Bath Street|-38.05100,145.11387
Avondale Avenue|Nepean Highway|-38.05062,145.11516
Avondale Avenue|Thames Promenade|-38.05062,145.11516
Avondale Street|Glendale Road|-37.93951,145.15094
Avondale Street|Hayward Grove|-37.93282,145.00214
Avondale Street|Holyrood Street|-37.93366,145.00198
Avondale Street|Lewis Street|-37.93937,145.14980
Avondale Street|Parsons Avenue|-37.93968,145.15230
Avondale Street|South Road|-37.92921,145.00283
Avonhurst Drive|Dorset Street|-37.89794,145.14718
Avonhurst Drive|Ferntree Gully Road|-37.90211,145.14916
Avonhurst Drive|Ferntree Gully Road Service Road|-37.90189,145.14922
Avonhurst Drive|Hampshire Road|-37.90146,145.14940
Avonhurst Drive|McKenna Road|-37.89882,145.14798
Avonhurst Drive|Norfolk Street|-37.89662,145.14533
Avonwood Road|Glenwood Road|-37.99116,145.29553
Avonwood Road|Grantchester Road|-37.99156,145.29865
Avril Street|Boyd Street|-37.96675,145.21769
Avril Street|Jeffrey Street|-37.96662,145.21657
Avril Street|Philip Street|-37.96647,145.21544
Awun Court|Osborne Avenue|-37.94626,145.14282
Axedale Crescent|Benalla Close|-37.96932,145.25760
Axedale Crescent|Ensay Court|-37.96890,145.25603
Axedale Crescent|Heywood Grove|-37.96943,145.25853
Axedale Crescent|Kennington Park Drive|-37.96819,145.25596
Axel Street|Ingrid Street|-37.97329,145.22035
Axel Street|Leonard Street|-37.97359,145.22291
Axel Street|Stud Road|-37.97359,145.22291
Axelton Street|Centre Dandenong Road|-37.96636,145.06367
Axelton Street|Devon Street|-37.96871,145.06330
Axford Crescent|Druitt Street|-37.92979,145.08230
Axford Crescent|Old Dandenong Road|-37.93309,145.08329
Aybrook Court|Grovelands Drive|-37.93236,145.18351
Aylesbury Court|Massie Drive|-38.04463,145.26129
Aylmer Road|Baynton Crescent|-38.05867,145.25481
Aylmer Road|Bingham Rise|-38.05924,145.25978
Aylmer Road|Bracken Place|-38.05911,145.24750
Aylmer Road|Carbine Way|-38.06081,145.24665
Aylmer Road|Demmie Mews|-38.06036,145.24679
Aylmer Road|Evans Road|-38.05969,145.26227
Aylmer Road|Franklin Parade|-38.05880,145.25584
Aylmer Road|Glasscocks Road|-38.06369,145.24678
Aylmer Road|Glenbrook Crescent|-38.05913,145.25872
Aylmer Road|Henning Avenue|-38.05840,145.25385
Aylmer Road|Kingsfield Crescent|-38.05919,145.25931
Aylmer Road|Peledora Place|-38.06160,145.24673
Aylmer Road|Pimelea Avenue|-38.05937,145.26094
Aylmer Road|Speranza Place|-38.05932,145.26047
Aylmer Road|Tetrabine Way|-38.06192,145.24688
Aylmer Road|Westbury Way|-38.06024,145.24681
Ayres Close|Gipps Crescent|-38.07211,145.26449
Azalea Court|Cootamundra Drive|-37.90638,145.17082
Azalea Crescent|Darwin Street|-37.95802,145.20259
Azalea Crescent|Waratah Drive|-37.95970,145.20476
Aztec Court|Ferntree Gully Road Service Road|-37.90640,145.18716
Aztec Place|Ebony Street|-38.09379,145.28926
Aztec Place|Kingdom Drive|-38.09285,145.28949
Babbage Drive|Bazalgette Crescent|-38.00307,145.19325
Babbage Drive|Logis Boulevard|-38.00588,145.19963
Babbage Drive|Oppenheim Way|-38.00457,145.19306
Babinda Court|Wyandra Way|-37.91235,145.26050
Bacchus Road|Ceres Way|-38.11474,145.23454
Bacchus Road|Heracles Lane|-38.11599,145.23422
Bacchus Road|Hestia Avenue|-38.11658,145.23410
Backhaus Street|The Avenue|-37.92998,145.00148
Backous Way|Knox Street|-37.97341,145.16913
Backous Way|Theodore Avenue|-37.97480,145.16885
Baddeley Circuit|Hertford Court|-38.07262,145.29607
Baddeley Circuit|Yorkshire Drive|-38.07326,145.29492
Baden Powell Drive|Power Road|-37.96483,145.24420
Badger Court|Maramba Drive|-38.00188,145.29862
Badger Place|Gladeswood Drive|-37.93317,145.19781
Baez Way|Cairns Road|-38.04045,145.26379
Baez Way|Rendell Place|-38.04132,145.26357
Baez Way|Strabane Way|-38.04132,145.26357
Baildor Court|Brookland Greens Boulevard|-38.12145,145.25737
Bailey Court|Springvale Road|-37.96104,145.15070
Bailey James Court|Heany Park Road|-37.93675,145.25154
Baileyana Drive|Dealbata Avenue|-37.96540,145.23879
Baileyana Drive|Essex Park Drive|-37.96671,145.23870
Bainbridge Avenue|Boonong Avenue|-38.12635,145.13195
Bainbridge Avenue|Overton Road|-38.12980,145.13048
Bainbridge Court|Greenwood Drive|-38.11459,145.18141
Baird Court|Vista Crescent|-37.92149,145.25299
Baird Street|Dendy Street|-37.92166,145.01274
Baird Street|Redfern Crescent|-37.92622,145.16495
Baird Street|South Road|-37.93008,145.01110
Baird Street|Studley Street|-37.93256,145.16371
Baker Avenue|Berry Avenue|-38.04274,145.11606
Baker Avenue|Elsie Grove|-38.04365,145.11659
Baker Street|Chapel Road|-37.93573,145.04902
Baker Street|Clay Street|-37.93544,145.04661
Baker Street|Fiddes Street|-37.93560,145.04797
Baker Street|Margaretta Avenue|-37.90617,145.07142
Baker Street|North Road|-37.90774,145.07111
Baker Street|Wilson Street|-37.91163,145.00004
Bakers Road|Beryl Avenue|-37.92093,145.08990
Bakers Road|Centre Road|-37.92484,145.08914
Bakers Road|Eagle Drive|-37.94709,145.19756
Bakers Road|Easton Court|-37.94796,145.19740
Bakers Road|Frognal Drive|-37.95094,145.19685
Bakers Road|Halton Road|-37.95516,145.19635
Bakers Road|Manning Drive|-37.94157,145.19851
Bakers Road|Neasham Drive|-37.94235,145.19845
Bakers Road|Norma Avenue|-37.92393,145.08931
Bakers Road|Tara Place|-37.94271,145.19839
Bakers Road|Templewood Avenue|-37.95239,145.19658
Bakewell Street|High Street|-38.11061,145.28335
Bakewell Street|Kankie Street|-38.11148,145.29019
Balaka Avenue|Connewarra Avenue|-38.02018,145.10486
Balaka Avenue|Cooinda Drive|-38.02105,145.10581
Balarang Court|Kurrawa Crescent|-38.07890,145.14674
Balcombe Court|Wilkes Street|-38.01724,145.29259
Balcombe Park Lane|Balcombe Road|-37.97722,145.03115
Balcombe Park Lane|Grandview Avenue|-37.97722,145.03115
Balcombe Place|Bayville Drive|-37.98519,145.12191
Balcombe Road|Bayview Road|-37.97822,145.03978
Balcombe Road|Beach Road|-37.97552,145.01605
Balcombe Road|Bickford Court|-37.97939,145.04955
Balcombe Road|Bluff Road|-37.97538,145.01617
Balcombe Road|Bonanza Road|-37.97966,145.05177
Balcombe Road|Bourke Street|-37.98014,145.05555
Balcombe Road|Canberra Grove|-37.97851,145.04225
Balcombe Road|Cavell Court|-37.97865,145.04338
Balcombe Road|Central Avenue|-37.97617,145.02179
Balcombe Road|Champion Street|-37.97625,145.02255
Balcombe Road|Charman Road|-37.97982,145.05304
Balcombe Road|Church Street|-37.97904,145.04662
Balcombe Road|Coles Court|-37.97914,145.04738
Balcombe Road|College Grove|-37.97585,145.01916
Balcombe Road|Como Parade West|-37.98120,145.06437
Balcombe Road|Coreen Avenue|-37.97842,145.04146
Balcombe Road|Cromer Road|-37.97899,145.04616
Balcombe Road|Cullinane Street|-37.97612,145.02141
Balcombe Road|Dalgetty Road|-37.97816,145.03928
Balcombe Road|Davies Street|-37.98092,145.06199
Balcombe Road|Ebden Avenue|-37.97567,145.01763
Balcombe Road|Elizabeth Street|-37.98083,145.06125
Balcombe Road|Grandview Avenue|-37.97721,145.03107
Balcombe Road|Hastings Avenue|-37.97926,145.04842
Balcombe Road|Haydens Road|-37.97709,145.02998
Balcombe Road|Haywood Street|-37.97877,145.04443
Balcombe Road|Hepburn Avenue|-37.97691,145.02836
Balcombe Road|Howell Avenue|-37.97950,145.05041
Balcombe Road|Hunter Avenue|-37.97638,145.02360
Balcombe Road|Iluka Street|-37.97660,145.02542
Balcombe Road|Keating Street|-37.97660,145.02548
Balcombe Road|Margate Street|-37.97938,145.04946
Balcombe Road|Marina Road|-37.98017,145.05580
Balcombe Road|Mary Street|-37.97702,145.02940
Balcombe Road|McNaught Street|-37.97839,145.03650
Balcombe Road|Michael Street|-37.97891,145.04556
Balcombe Road|Morey Road|-37.97808,145.03855
Balcombe Road|Mundy Street|-37.98031,145.05693
Balcombe Road|Nepean Highway|-37.98160,145.07051
Balcombe Road|Newlands Lane|-37.97678,145.02714
Balcombe Road|Oak Street|-37.97855,145.04260
Balcombe Road|Ozone Avenue|-37.97837,145.04101
Balcombe Road|Pellatt Street|-37.97869,145.04369
Balcombe Road|Plummer Road|-37.98052,145.05870
Balcombe Road|Prospect Grove|-37.97598,145.02024
Balcombe Road|Reserve Road|-37.97767,145.03458
Balcombe Road|Rogers Street|-37.98175,145.06887
Balcombe Road|Rosemary Road|-37.97829,145.04039
Balcombe Road|Ruxton Rise|-37.97699,145.02903
Balcombe Road|Spicer Street|-37.97925,145.04836
Balcombe Road|Station Street|-37.98148,145.06660
Balcombe Road|Summerhill Road|-37.97675,145.02688
Balcombe Road|Swanston Street|-37.98135,145.06559
Balcombe Road|Tandara Court|-37.97649,145.02449
Balcombe Road|Tramway Parade|-37.97883,145.04491
Balcombe Road|Wells Road|-37.97951,145.05054
Balcombe Road|Wilkins Avenue|-37.97966,145.05177
Baldios Lane|Lords Avenue|-37.92790,145.18724
Baldwin Avenue|Bloomfield Road|-37.97571,145.17829
Baldwin Avenue|Buckley Street|-37.97505,145.17283
Baldwin Avenue|Leonard Avenue|-37.97527,145.17458
Baldwin Avenue|Rex Court|-37.97536,145.17526
Baldwin Street|Highett Road|-37.94788,145.03462
Baldwin Street|Holyrood Street|-37.94614,145.03502
Bales Road|Dartmoor Drive|-38.09261,145.29980
Bales Road|Pepper Street|-38.09225,145.29712
Balfour Place|Birkley Court|-37.93767,145.18600
Balfour Place|Police Road|-37.93679,145.18616
Balfour Street|Dendy Street|-37.92160,145.01224
Balfour Street|Marriage Road|-37.91917,145.01266
Balfour Street|Summerhill Road|-37.91917,145.01266
Balgowlah Avenue|Burraneer Drive|-37.98558,145.17216
Balgowlah Avenue|Chesney Street|-37.98798,145.17197
Balgowlah Avenue|Cobain Street|-37.98897,145.17161
Balgowlah Avenue|Kingsclere Avenue|-37.98929,145.17028
Balinga Drive|Friuli Place|-38.10815,145.20088
Balinga Drive|Natisone Place|-38.10499,145.20166
Balkan Court|Carlton Road|-37.96121,145.22328
Balkan Court|Tyrol Street|-37.96020,145.22346
Balkan Court|Ural Court|-37.96045,145.22342
Ball Road|Cavendish Drive|-37.95275,145.08379
Ball Road|Genine Avenue|-37.95317,145.08371
Ball Road|Kingston Road|-37.95397,145.08356
Ball Road|St Andrews Drive|-37.95397,145.08356
Balladonia Gum Circuit|Elm Place|-38.06966,145.24451
Balladonia Gum Circuit|Melington Drive|-38.06935,145.24343
Balladonia Road|Dalby Close|-37.91247,145.26361
Balladonia Road|Lucy Close|-37.91311,145.26536
Balladonia Road|Max Close|-37.91171,145.26573
Balladonia Road|Murrindal Drive|-37.91096,145.26566
Balladonia Road|Surat Place|-37.91162,145.26321
Balladonia Road|Wyandra Way|-37.91089,145.26287
Ballanee Grove|Courtenay Avenue|-38.07850,145.28086
Ballanee Grove|Craigton Court|-38.07997,145.28051
Ballanee Grove|Hoysted Avenue|-38.08060,145.28033
Ballanee Grove|Tinara Court|-38.07923,145.28068
Ballara Avenue|Coolabah Avenue|-37.89995,145.15502
Ballara Avenue|Windella Crescent|-37.90097,145.15452
Ballarto Road|Botanic Drive|-38.12853,145.28625
Ballarto Road|Bouvardia Crescent|-38.11362,145.16241
Ballarto Road|Bundy Court|-38.11339,145.16124
Ballarto Road|Carrum Bella Drive|-38.11566,145.18307
Ballarto Road|Cyril Beechey Lane|-38.12613,145.26546
Ballarto Road|Dion Drive|-38.11610,145.18663
Ballarto Road|Dynasty Drive|-38.12303,145.24114
Ballarto Road|Flora Park Way|-38.11597,145.18410
Ballarto Road|Frankston-Dandenong Road|-38.11265,145.15756
Ballarto Road|Golden Way|-38.11752,145.19680
Ballarto Road|Greenwood Drive|-38.11545,145.18131
Ballarto Road|Houlder Avenue|-38.12893,145.28969
Ballarto Road|Laurie Cleary Lane|-38.12650,145.26844
Ballarto Road|Lyrebird Drive|-38.11417,145.16915
Ballarto Road|Maraline Road|-38.12117,145.22618
Ballarto Road|McClelland Drive|-38.11689,145.19152
Ballarto Road|McCormicks Road|-38.11711,145.19404
Ballarto Road|McGowan Drive|-38.11768,145.19820
Ballarto Road|Mitre Crescent|-38.11300,145.15915
Ballarto Road|Paras Drive|-38.11645,145.18990
Ballarto Road|Parkhurst Drive|-38.12964,145.29444
Ballarto Road|Potts Road|-38.11827,145.20310
Ballarto Road|Riverwood Drive|-38.12856,145.28662
Ballarto Road|Seaford Road|-38.11265,145.15756
Ballarto Road|Spring Road|-38.12881,145.28870
Ballarto Road|Tamarisk Drive|-38.11362,145.16241
Ballarto Road|Taylors Road|-38.11942,145.21228
Ballarto Road|Western Port Highway|-38.12185,145.23069
Ballina Place|Strong Drive|-38.03499,145.27605
Ballymarang Chase|Strathlea Drive|-38.10660,145.24391
Balmain Drive|Frankston-Dandenong Road Service Road|-38.10667,145.16638
Balmain Drive|Paddington Avenue|-38.10701,145.16683
Balmain Drive|Shearwater Drive|-38.10748,145.17140
Balmain Street|Maylands Crescent|-37.90357,145.17072
Balmoral Avenue|Beths Street|-37.91856,145.04657
Balmoral Avenue|Centre Road|-37.91948,145.04641
Balmoral Avenue|Forrest Court|-37.95855,145.02806
Balmoral Avenue|George Street|-37.95974,145.02878
Balmoral Avenue|Lindsay Street|-37.91453,145.04725
Balmoral Avenue|Quinn Street|-37.99788,145.22271
Balmoral Avenue|Regent Avenue|-37.94861,145.14404
Balmoral Avenue|Regent Court|-37.95963,145.02794
Balmoral Avenue|Royal Avenue|-37.94925,145.14896
Balmoral Avenue|Seaview Avenue|-37.91662,145.04691
Balmoral Avenue|Springvale Road|-37.94966,145.15270
Balmoral Avenue|St James Avenue|-37.91637,145.04695
Balmoral Avenue|Strathmore Street|-37.91577,145.04704
Balmoral Avenue|Wangara Road|-37.95748,145.02748
Balmoral Avenue|Wavell Street|-37.91502,145.04716
Balmoral Court|Carlisle Road|-38.00015,145.25480
Balmoral Court|Norfolk Street|-37.89991,145.14444
Balmoral Court|Wentworth Avenue|-37.91690,145.26165
Balmoral Drive|McSwain Street|-37.98586,145.08925
Balook Court|Kellett Street|-38.06746,145.27201
Balsam Court|Lawless Drive|-38.06939,145.27450
Baltic Way|Calais Circuit|-38.09033,145.26311
Baltusrol Circuit|Baryn Street|-37.96098,145.08340
Baltusrol Circuit|Soutar Place|-37.96049,145.08435
Bamber Close|Jack Holt Way|-38.00488,145.10308
Bamboo Court|Betula Street|-37.98877,145.23437
Bamboo Court|Horsfield Street|-38.07074,145.27134
Bambra Court|Henry Crescent|-38.10818,145.15328
Bambra Court|Park Road|-37.97130,145.16234
Bambra Road|Grey Street|-37.90042,145.02633
Bambra Road|North Road|-37.90209,145.02600
Bambra Road|Remuera Street|-37.90101,145.02621
Bambra Road|Rotorua Street|-37.89996,145.02642
Bambra Road|Russell Street|-37.90124,145.02617
Bamfield Street|Bath Street|-37.94761,145.00574
Bamfield Street|Beach Road|-37.94702,145.00075
Bamfield Street|Beaumont Street|-37.94760,145.00529
Bamfield Street|Carew Street|-37.94732,145.00327
Bamfield Street|Essex Street|-37.94723,145.00254
Bamfield Street|Francis Street|-37.94791,145.00819
Bamfield Street|Grange Road|-37.94756,145.00957
Bamfield Street|Moor Street|-37.94746,145.00450
Bamfield Street|Station Street|-37.94753,145.00479
Bamfield Street|Susan Street|-37.94777,145.00700
Bamwine Court|South Park Drive|-38.01717,145.19726
Banara Court|Withers Avenue|-37.93457,145.17553
Bandler Drive|Coaldrake Street|-38.09737,145.18145
Bandler Drive|Coles Parkway|-38.09714,145.18155
Bando Road|Brear Street|-37.94344,145.14190
Bando Road|Osborne Avenue|-37.94609,145.14151
Banff Close|Mansfield Avenue|-37.92271,145.17262
Banfield Place|Boland Drive|-38.07109,145.24811
Bangalow Way|Pacific Drive|-38.02137,145.12591
Bangholme Road|Hammond Road|-38.03792,145.20090
Bangholme Road|Letcon Drive|-38.03737,145.19555
Bangholme Road|Mark Anthony Drive|-38.03716,145.19397
Bangholme Road|Perry Road|-38.03503,145.18678
Banjo Boulevard|Brumbys Road|-38.09812,145.19717
Banjo Boulevard|Castlereagh Street|-38.09766,145.19343
Banjo Boulevard|Clancy Crescent|-38.09785,145.19527
Banjo Boulevard|McCormicks Road|-38.09821,145.19781
Banjo Boulevard|Mulga Place|-38.09800,145.19622
Banjo Circuit|Bodhran Place|-38.07085,145.25888
Banjo Circuit|Bushman Way|-38.06851,145.25827
Banjo Circuit|Damper Way|-38.06995,145.25759
Banjo Circuit|Evans Road|-38.06936,145.26021
Banjo Circuit|Matilda Way|-38.05934,145.13353
Banjo Circuit|Royal Road|-38.05868,145.13244
Banjo Circuit|Snowy Drive|-38.06919,145.25778
Banjo Circuit|Waltzing Drive|-38.06652,145.25958
Banjo Paterson Avenue|Baynton Street|-37.90302,145.11633
Banjo Paterson Avenue|Highland Avenue|-37.90319,145.11773
Bank Road|Nepean Highway|-38.03914,145.10888
Bank Road|Turakina Avenue|-38.03951,145.10785
Bank Street|Davey Avenue|-37.90318,145.09125
Bank Street|Haughton Road|-37.90306,145.09135
Bank Street|Queens Avenue|-37.90417,145.09096
Banks Avenue|David Street|-37.94236,145.01235
Banks Avenue|Linacre Road|-37.94337,145.01264
Banks Avenue|Ralph Street|-37.94397,145.01326
Banks Court|Torres Parade|-38.08583,145.21486
Banks Road|Sladen Street|-38.11207,145.27287
Banksia Avenue|Beach Road|-37.99067,145.04283
Banksia Avenue|Cromb Avenue|-37.98766,145.04201
Banksia Avenue|Tramway Parade|-37.98932,145.04192
Banksia Court|Callander Road|-37.96241,145.17798
Banksia Court|Jacaranda Road|-37.90638,145.16975
Banksia Street|Cootamundra Street|-37.98041,145.23664
Banksia Street|Edinburgh Street|-37.91623,145.11863
Banksia Street|Fulton Street|-37.91453,145.11896
Banksia Street|Liquidamber Street|-37.98101,145.23960
Banksia Street|North Road|-37.91363,145.11913
Banksia Street|Paloma Street|-37.91441,145.07602
Banksia Street|Scarlet Drive|-37.98041,145.23664
Banksia Street|Waratah Street|-37.91232,145.07643
Bankside Boulevard|Corporate Avenue|-37.92351,145.21867
Bankside Boulevard|Ember Crescent|-37.91870,145.21989
Bankside Boulevard|Florence Street|-37.91810,145.22134
Bankside Boulevard|Hazel Way|-37.91468,145.22654
Bankside Boulevard|Mansfield Grove|-37.91766,145.22169
Bankside Boulevard|Portland Crescent|-37.91541,145.22425
Bankside Boulevard|Ridgeway Street|-37.91509,145.22507
Bankside Boulevard|Spencer Road|-37.91719,145.22219
Bankton Avenue|Bathgate Crescent|-38.11613,145.29826
Bankton Avenue|Canmore Street|-38.11608,145.29798
Bankton Avenue|Eliburn Drive|-38.11620,145.29877
Bankton Avenue|Newington Drive|-38.11587,145.29641
Banool Street|Beverley Street|-37.96876,145.04283
Banool Street|Pyingerra Crescent|-37.96997,145.04259
Banool Street|Weatherall Road|-37.97097,145.04239
Banyalla Drive|Bolwarra Court|-38.09493,145.26722
Banyalla Drive|Burgan Court|-38.09567,145.26708
Banyalla Drive|Central Parkway|-38.09616,145.26697
Banyalla Drive|Gidgee Court|-38.09276,145.26763
Banyalla Drive|Parkside Mews|-38.09349,145.26749
Banyalla Place|Ellendale Street|-37.90190,145.27578
Banyan Close|Luscombe Avenue|-38.09429,145.17975
Banyan Drive|Hall Road|-38.10887,145.24869
Banyan Street|Ella Grove|-38.04195,145.12521
Banyan Street|Hughes Avenue|-38.04128,145.12493
Bapaume Avenue|Nepean Highway|-38.04163,145.11031
Bapaume Avenue|Somme Parade|-38.04210,145.10904
Barak Way|Bulbine Way|-37.91508,145.23011
Barak Way|Emmeline Row|-37.91421,145.23044
Barbara Avenue|Crawford Avenue|-37.96583,145.19684
Barbara Avenue|Edna Avenue|-37.96583,145.19684
Barbara Avenue|Marcella Avenue|-37.96502,145.19753
Barbara Avenue|Mollison Street|-37.96426,145.19810
Barbara Avenue|Oakwood Avenue|-37.96260,145.19952
Barbara Street|Chesterville Road|-37.93893,145.06081
Barbara Street|Marrbridge Road|-37.93832,145.05982
Barbara Street|Matilda Road|-37.93757,145.05838
Barbara Street|Rowans Road|-37.93674,145.05605
Barbara Street|Royena Road|-37.93717,145.05749
Barber Court|Cavanagh Street|-37.96576,145.06497
Barbican Court|Bexsarm Crescent|-37.91032,145.24863
Barclay Court|Shaftsbury Drive|-37.92228,145.16720
Barclay Drive|Beatrice Street|-37.96158,145.08299
Barclay Drive|Emville Court|-37.96250,145.08088
Barclay Drive|Hermitage Street|-37.96243,145.08026
Barclay Drive|Paljan Court|-37.96262,145.08183
Barcoo Court|Castlereagh Street|-38.09786,145.19339
Bardia Avenue|Elsie Avenue|-38.11326,145.12906
Bardia Avenue|Govan Street|-38.11432,145.13321
Bardia Avenue|Kananook Avenue|-38.11320,145.12860
Bardia Avenue|Mahoney Crescent|-38.11313,145.12803
Bardia Avenue|Moresby Avenue|-38.11630,145.13490
Bardia Avenue|Patrick Court|-38.11789,145.13566
Bardia Avenue|Rosslyn Avenue|-38.11354,145.13131
Bardia Avenue|Wells Road|-38.12049,145.13532
Bardoel Court|Cross Road|-38.04656,145.11920
Bardoel Court|Donald Grove|-38.04656,145.11920
Bardoel Court|Kingston Drive|-37.97525,145.11766
Bardolph Court|Centre Road|-37.91997,145.05001
Bareena Avenue|Carrara Road|-37.93808,145.22974
Bareena Avenue|Seebeck Road|-37.93989,145.22862
Bareena Avenue|Tetragona Quadrant|-37.93671,145.22932
Barellan Close|Mantung Crescent|-37.92019,145.24295
Barham Way|Chatham Close|-38.09803,145.29914
Barham Way|Cornwell Crescent|-38.09734,145.29929
Barham Way|Trafalgar Way|-38.09869,145.29900
Barholme Court|Golf Road|-37.91887,145.08794
Barilla Court|Hawdon Drive|-38.10346,145.27499
Barilla Road|Chapel Road|-37.94150,145.04789
Barilla Road|Dactyl Road|-37.94111,145.04244
Barilla Road|Grandview Grove|-37.94133,145.04644
Barilla Road|Linton Street|-37.94137,145.04169
Barilla Road|Nepean Highway|-37.94161,145.04102
Baringa Court|Murrindal Drive|-37.90631,145.26484
Baringa Park Drive|Caspian Place|-38.05776,145.29660
Baringa Park Drive|Narre Warren - Cranbourne Road|-38.05885,145.30017
Baringhup Street|Cavanagh Street|-37.96556,145.06501
Baringhup Street|Gold Street|-37.96527,145.06251
Baringhup Street|Plunkett Street|-37.96539,145.06348
Baringhup Street|Wilson Street|-37.96487,145.06099
Bark Avenue|Dandelion Drive|-37.91727,145.26958
Bark Avenue|Napoleon Road|-37.91742,145.27113
Barker Court|Raymond McMahon Boulevard|-37.97944,145.26475
Barker Street|Charman Road|-37.96366,145.05602
Barker Street|Hall Street|-37.96340,145.05384
Barker Street|Moola Court|-37.96329,145.05290
Barkers Street|Lido Court|-37.93911,145.08864
Barkers Street|Old Dandenong Road|-37.93741,145.08901
Barkers Street|Sherbrooke Avenue|-37.93913,145.08864
Barkly Street|Bowen Street|-38.09955,145.28787
Barkly Street|Camms Road|-38.09865,145.28804
Barkly Street|Chute Street|-38.00771,145.09243
Barkly Street|Edith Street|-38.00204,145.08762
Barkly Street|Hotham Street|-37.90262,145.07835
Barkly Street|Latrobe Street|-38.10215,145.28737
Barkly Street|Lewis Street|-38.00365,145.08802
Barkly Street|Loch Street|-38.10133,145.28752
Barkly Street|Marklin Street|-38.10295,145.28718
Barkly Street|Normanby Street|-38.10043,145.28769
Barkly Street|Ormond Street|-38.00338,145.08795
Barkly Street|Powlett Street|-38.00239,145.08770
Barkly Street|Warrigal Road|-37.90316,145.08628
Barkly Street|White Street|-37.99866,145.08680
Barlow Avenue|Mills Street|-37.95643,145.07500
Barlow Street|Bracknell Street|-37.99268,145.18322
Barlow Street|Chandler Road|-37.99255,145.18222
Barmah Place|Mitta Avenue|-38.01103,145.12599
Barncroft Crescent|Merrimack Crescent|-37.99987,145.17262
Barncroft Crescent|Minot Court|-38.00098,145.17276
Barnes Grove|Douglas Avenue|-38.04893,145.11240
Barnes Grove|Nepean Highway|-38.04843,145.11410
Barnet Street|Dorothea Street|-37.95082,145.03209
Barnet Street|George Street|-37.94870,145.03255
Barnett Avenue|Collins Way|-38.09564,145.18013
Barnett Avenue|Tucker Boulevard|-38.09559,145.17806
Barnett Grove|Callander Road|-37.96142,145.17818
Barnett Grove|Dunblane Road|-37.96172,145.18064
Barnett Street|Ludstone Street|-37.93490,145.01883
Barnett Street|South Road|-37.93123,145.01956
Barnsbury Close|Millswyn Avenue|-38.02542,145.26237
Barnsley Drive|Cunningham Drive|-37.97857,145.27440
Barnsley Drive|Finley Court|-37.97824,145.27750
Barnsley Drive|Milburn Court|-37.97799,145.27535
Barnsley Drive|Thomas Mitchell Drive|-37.98087,145.27735
Baroda Court|Beau Vorno Avenue|-37.99125,145.16143
Baronessa Avenue|Chisholm Crescent|-38.05882,145.28444
Baronessa Avenue|St Georges Road|-38.06000,145.28420
Barook Street|Nirringa Avenue|-38.02350,145.10666
Barr Street|South Road|-37.93270,145.03274
Barrani Street|Keswick Street|-37.91155,145.06906
Barrani Street|Mackie Road|-37.91233,145.07537
Barrani Street|Marlborough Street|-37.91143,145.06804
Barrani Street|Tambet Street|-37.91193,145.07202
Barratt Court|Yarraman Road|-37.97724,145.18199
Barrett Street|Charman Road|-37.97002,145.05482
Barrier Reef Circuit|Manuscript Drive|-37.99027,145.25700
Barrine Court|Edinburgh Drive|-38.10436,145.20089
Barrington Chase|Craven Court|-38.08365,145.21145
Barrington Chase|Derwent Lane|-38.08297,145.21117
Barrington Chase|MacKenzie Place|-38.08249,145.21067
Barrington Chase|Verdant Avenue|-38.08365,145.21145
Barrington Close|Liverpool Drive|-37.98618,145.15725
Barrington Place|Oaktree Drive|-38.02516,145.25230
Barrington Street|Curtin Street|-37.91219,145.06637
Barrington Street|Mackie Road|-37.91338,145.07516
Barringun Crescent|Warraweena Road|-37.94179,145.11328
Barron Court|Hurlstone Court|-37.93925,145.19902
Barron Court|Police Road|-37.93812,145.19923
Barry Street|Como Parade East|-37.98618,145.06879
Barry Street|Hodges Street|-38.11550,145.14755
Barry Street|Madden Street|-38.11699,145.14729
Barry Street|Molesworth Street|-38.11291,145.14806
Barry Street|Plym Street|-37.93172,145.03652
Barry Street|Seaford Road|-38.11155,145.14833
Barry Street|South Avenue|-37.93012,145.03576
Barry Street|South Road|-37.93316,145.03637
Barry Street|Stawell Street|-38.11572,145.14750
Barry Street|Warrigal Road|-37.98635,145.07057
Barry Street|Webb Street|-38.11646,145.14735
Bartlett Street|Highbury Avenue|-37.93661,145.03293
Bartlett Street|Keith Street|-37.93643,145.03069
Bartley Place|Spring Road|-37.96240,145.14622
Bartok Court|Pound Road|-38.03864,145.28892
Bartolo Court|Brentwood Drive|-38.08016,145.28673
Barton Drive|Commonwealth Terrace|-38.08178,145.20605
Barton Drive|Corowa Place|-38.08239,145.20563
Barton Drive|Deakin Place|-38.08151,145.20427
Barton Drive|Sandalwood Drive|-38.08124,145.20419
Barton Drive|Spence Terrace|-38.08118,145.20627
Barton Road|Centre Road|-37.92758,145.11118
Barton Road|Manoon Road|-37.92964,145.11077
Barton Street|Boyd Street|-37.96507,145.21655
Barton Street|McFees Road|-37.96426,145.21671
Barwon Court|Glenelg Drive|-37.94059,145.11031
Barwon Court|Goulburn Drive|-37.91644,145.24696
Barwon Street|Glenelg Drive|-37.97897,145.07797
Barwon Street|Logan Court|-37.97933,145.07703
Baryn Street|Beatrice Street|-37.96160,145.08315
Basil Close|Hyssop Drive|-38.00934,145.28245
Basil Close|Weeden Crescent|-38.00934,145.28245
Basil Crescent|Mary Avenue|-37.90381,145.19785
Basil Crescent|Petronella Avenue|-37.90526,145.19610
Basil Crescent|Priscilla Close|-37.90501,145.19707
Bass Court|Torres Parade|-38.08460,145.21454
Bass Court|Wentworth Street|-38.07561,145.26701
Bass Place|William Hovell Drive|-37.98480,145.26090
Bassett Street|Cheltenham Road|-37.99001,145.20265
Bassett Street|Everitt Street|-37.99201,145.20257
Bassett Street|Garry Lane|-37.99166,145.20265
Bassett Street|Hornsby Street|-37.99080,145.20286
Bassett Street|Keneally Street|-37.99269,145.20246
Bassett Street|McHugh Lane|-37.99239,145.20249
Bastow Place|Miles Street|-37.92323,145.15189
Bataba Street|Healey Street|-37.93667,145.03873
Bataba Street|Redholme Street|-37.93594,145.03822
Bataba Street|Tuck Street|-37.93594,145.03822
Bate Drive|Beyer Road|-38.01145,145.11878
Bate Drive|Brady Close|-38.00940,145.11921
Bate Drive|Canterbury Road|-38.01145,145.11878
Bate Drive|Governor Road|-38.00902,145.11931
Bateman Court|Marwick Street|-38.08776,145.19558
Bateman Grove|Central Road|-38.04159,145.25543
Bateman Grove|Oakland Drive|-38.04592,145.25591
Bateman Grove|The Glade|-38.04397,145.25541
Bateman Grove|The Retreat|-38.04215,145.25497
Bateman Grove|Toohey Close|-38.04507,145.25519
Bateman Street|Ludstone Street|-37.93448,145.01545
Bateman Street|South Road|-37.93082,145.01616
Bates Street|Bernborough Avenue|-38.09826,145.25763
Bates Street|Bronhill Court|-38.09852,145.25979
Bates Street|Celebration Court|-38.09841,145.25896
Bates Street|Cirai Crescent|-38.09876,145.26148
Bates Street|Genista Road|-38.09884,145.26241
Bates Street|Raffindale Crescent|-38.09862,145.26064
Bath Street|Maury Road|-38.05609,145.11632
Bath Street|Queens Square|-37.94674,145.00589
Bath Street|Swansea Road|-38.05520,145.11600
Bath Street|The Avenue|-38.05414,145.11544
Bath Street|The Beachway|-38.05173,145.11431
Bath Street|The Strand|-38.05269,145.11475
Bathgate Crescent|Berwick - Cranbourne Road|-38.11442,145.29307
Bathgate Crescent|McAllister Drive|-38.11490,145.29568
Bathgate Crescent|Newington Drive|-38.11506,145.29654
Batman Grove|Lea Road|-37.92215,145.16916
Batman Grove|Shaftsbury Drive|-37.92194,145.16786
Batten Place|Kerr Crescent|-38.02260,145.11427
Battersby Way|Churchill Park Drive|-37.95830,145.26380
Batty Street|Marshall Street|-37.92238,145.19388
Bawden Street|Clifton Grove|-38.09184,145.17683
Bawden Street|Frankston-Dandenong Road|-38.09225,145.17871
Baxter Avenue|Ella Grove|-38.04324,145.12146
Baxter Avenue|Embankment Grove|-38.04630,145.12312
Baxter Avenue|Jacksons Road|-38.04419,145.12199
Baxter Avenue|Swan Walk|-38.04726,145.12365
Baxter Avenue|Thames Promenade|-38.04796,145.12357
Bay Laurel Close|Lemon Thyme Way|-38.04745,145.26242
Bay Road|Beach Road|-37.95172,145.00344
Bay Road|Beaumaris Parade|-37.95538,145.03455
Bay Road|Bluff Road|-37.95378,145.02070
Bay Road|Brixton Road|-37.95507,145.03179
Bay Road|Chandos Street|-37.95619,145.04170
Bay Road|Clements Street|-37.95417,145.02413
Bay Road|Cloyne Street|-37.95550,145.03564
Bay Road|Codrington Street|-37.95323,145.01595
Bay Road|Collingwood Street|-37.95275,145.01190
Bay Road|Davie Avenue|-37.95678,145.04653
Bay Road|Dreadnought Street|-37.95341,145.01745
Bay Road|Fernhill Road|-37.95227,145.00801
Bay Road|Fernhill Road North|-37.95222,145.00763
Bay Road|George Street|-37.95483,145.02978
Bay Road|Gladstone Street|-37.95287,145.01295
Bay Road|Graham Road|-37.95623,145.04207
Bay Road|Hamlet Street|-37.95609,145.04084
Bay Road|Highland Avenue|-37.95467,145.02834
Bay Road|Jack Road|-37.95639,145.04345
Bay Road|Jackson Road|-37.95680,145.04671
Bay Road|Karen Street|-37.95750,145.05213
Bay Road|Lansell Avenue|-37.95405,145.02306
Bay Road|Marshall Avenue|-37.95454,145.02724
Bay Road|McLauchlin Avenue|-37.95341,145.01745
Bay Road|Mernda Avenue|-37.95652,145.04448
Bay Road|Middleton Street|-37.95579,145.03817
Bay Road|Miller Street|-37.95392,145.02190
Bay Road|Munro Avenue|-37.95665,145.04551
Bay Road|Nelson Street|-37.95249,145.00970
Bay Road|Nepean Highway|-37.95750,145.05213
Bay Road|Neptune Street|-37.95358,145.01893
Bay Road|Noyes Street|-37.95431,145.02516
Bay Road|Pellew Street|-37.95305,145.01446
Bay Road|Reserve Road|-37.95587,145.03889
Bay Road|Rose Street|-37.95355,145.01870
Bay Road|Sydenham Street|-37.95442,145.02618
Bay Road|Tibrockney Street|-37.95525,145.03340
Bay Road|Trentham Street|-37.95196,145.00578
Bay Road|Victory Street|-37.95262,145.01079
Bay Road|Waverly Street|-37.95325,145.01614
Bay Street|Beach Road|-38.00459,145.08111
Bay Street|Carpenter Street|-37.90550,145.00234
Bay Street|Clarkson Avenue|-37.90521,145.00017
Bay Street|George Street|-38.00281,145.08148
Bay Street|Hampton Street|-37.90646,145.00810
Bay Street|Hillcrest Avenue|-37.90594,145.00577
Bay Street|James Street|-38.00376,145.08131
Bay Street|Male Street|-37.90592,145.00560
Bay Street|Marion Street|-37.90558,145.00304
Bay Street|Nepean Highway|-37.90607,145.00818
Bay Street|Royal Parade|-38.00035,145.08191
Bay Street|Warleigh Grove|-37.90555,145.00278
Bay Street|Warriston Street|-37.90613,145.00715
Bay Street|Willansby Avenue|-37.90568,145.00381
Bayley Place|Foxtail Place|-38.11487,145.24375
Bayliss Court|Bayliss Street|-37.97167,145.07188
Bayliss Court|Shipston Road|-37.97195,145.07182
Bayliss Road|National Drive|-38.04745,145.23850
Bayliss Street|Eagland Road|-37.97184,145.07336
Bayliss Street|Warrigal Road|-37.97184,145.07336
Baylon Street|Mortimore Street|-37.92804,145.04687
Baylon Street|Paschal Street|-37.92976,145.04662
Baynton Street|Dame Mary Gilmore Place|-37.90219,145.11641
Baynton Street|Dorothea Mackellar Avenue|-37.90163,145.11645
Baynton Street|Kendall Court|-37.90376,145.11625
Bayside Avenue|Munro Avenue|-38.04154,145.11778
Bayside Avenue|Shoreline Avenue|-38.04326,145.11267
Bayside Avenue|Station Street|-38.04351,145.11193
Bayside Crescent|Karoola Street|-37.94411,145.00721
Bayside Crescent|Linacre Road|-37.94257,145.00639
Bayside Grove|Martin Street|-38.11200,145.13264
Bayside Grove|Seaford Road|-38.11069,145.13212
Baystone Drive|Dalray Court|-38.11466,145.27617
Baystone Drive|Delta Court|-38.11444,145.27431
Baystone Drive|Ketnor Street|-38.11456,145.27528
Baystone Drive|Otooles Road|-38.11432,145.27335
Baystone Drive|Rimfire Crescent|-38.11477,145.27706
Baystone Drive|Rivette Court|-38.11455,145.27524
Bayview Avenue|Beddoe Avenue|-37.90719,145.12872
Bayview Avenue|Carlson Avenue|-37.90685,145.12561
Bayview Avenue|Clayton Road|-37.90658,145.12320
Bayview Avenue|Gardiner Road|-37.90709,145.12782
Bayview Avenue|Glenbrook Avenue|-37.90670,145.12430
Bayview Avenue|Koonawarra Street|-37.90683,145.12539
Bayview Avenue|Marshall Avenue|-37.90707,145.12759
Bayview Avenue|Music Drive|-37.90667,145.12402
Bayview Avenue|Stockdale Avenue|-37.90695,145.12649
Bayview Crescent|Beach Road|-37.96842,145.01210
Bayview Crescent|Bent Parade|-37.96867,145.01431
Bayview Crescent|Bluff Road|-37.96862,145.01759
Bayview Crescent|Ferguson Street|-37.96903,145.02119
Bayview Crescent|Heather Grove|-37.96890,145.02003
Bayview Road|Hodder Street|-37.90663,145.02264
Bayview Road|Norman Street|-37.90691,145.02513
Bayview Road|Thomas Street|-37.90691,145.02513
Bayview Street|George Street|-37.90948,145.05882
Bayview Street|Molden Street|-37.90737,145.05917
Bayville Drive|Botany Court|-37.98541,145.12213
Bayville Drive|Hobsons Place|-37.98584,145.12266
Bayville Drive|Howard Road|-37.98710,145.12036
Bayville Drive|Plaza Crescent|-37.98431,145.12189
Bayville Drive|Swan Place|-37.98726,145.12302
Bayville Drive|Venus Court|-37.98598,145.12282
Bazalgette Crescent|Logis Boulevard|-38.00545,145.20054
Bazalgette Crescent|Marconi Drive|-38.00384,145.19868
Beach Avenue|Governor Road|-38.00793,145.10124
Beach Avenue|Wells Road|-38.01078,145.10072
Beach Court|Beau Vorno Avenue|-37.99115,145.15923
Beach Grove|Entrance Road|-38.09843,145.12669
Beach Grove|Naples Road|-37.98764,145.06179
Beach Road|Bent Parade|-37.96755,145.01227
Beach Road|Birdwood Street|-37.99645,145.07178
Beach Road|Bodley Street|-37.99142,145.04237
Beach Road|Bridge Street|-37.94436,145.00125
Beach Road|Burgess Street|-37.99350,145.03252
Beach Road|Central Avenue|-37.98233,145.02061
Beach Road|Centreway|-38.00808,145.08505
Beach Road|Chalmers Avenue|-37.94979,145.00220
Beach Road|Charman Road|-37.98588,145.05192
Beach Road|Cliff Grove|-37.98636,145.05099
Beach Road|Coral Avenue|-37.98897,145.02855
Beach Road|Coronet Grove|-37.98623,145.02586
Beach Road|Cromer Road|-37.98969,145.04418
Beach Road|Dalgetty Road|-37.99498,145.03599
Beach Road|Deauville Street|-37.98830,145.04761
Beach Road|Dixon Street|-37.99300,145.06710
Beach Road|Edward Street|-37.96081,145.01108
Beach Road|Eliza Street|-37.96435,145.01223
Beach Road|Epsom Road|-38.00636,145.08310
Beach Road|Foam Street|-37.99773,145.07326
Beach Road|Fourth Street|-37.98073,145.01833
Beach Road|Genoa Street|-37.99495,145.07005
Beach Road|Georgiana Street|-37.94565,145.00101
Beach Road|Glenmore Crescent|-37.97216,145.01332
Beach Road|Gordon Crescent|-37.97298,145.01399
Beach Road|Hampton Street|-37.94411,145.00131
Beach Road|Harold Street|-37.95975,145.01058
Beach Road|Haydens Road|-37.98797,145.02767
Beach Road|Herbert Street|-38.00069,145.07667
Beach Road|High Street|-38.00585,145.08252
Beach Road|Hutchison Avenue|-37.98900,145.04604
Beach Road|Jetty Road|-37.94596,145.00095
Beach Road|Keys Street|-37.99227,145.04189
Beach Road|Kitchener Street|-37.98849,145.05928
Beach Road|Linacre Road|-37.94182,145.00018
Beach Road|Love Street|-37.96554,145.01223
Beach Road|Main Street|-38.00871,145.08745
Beach Road|Marina Road|-37.98633,145.05455
Beach Road|Masefield Avenue|-37.95771,145.00877
Beach Road|McGregor Avenue|-37.98379,145.02302
Beach Road|McIndoe Parade|-38.00170,145.07784
Beach Road|Melrose Street|-37.95113,145.00284
Beach Road|Mentone Parade|-37.99214,145.06573
Beach Road|Middleton Street|-37.96673,145.01226
Beach Road|Mildura Avenue|-37.94761,145.00064
Beach Road|Monaco Street|-37.99734,145.07281
Beach Road|Mundy Street|-37.98682,145.05562
Beach Road|Naples Road|-37.98901,145.06044
Beach Road|Owen Street|-38.00763,145.08454
Beach Road|Parkers Road|-37.99973,145.07556
Beach Road|Plummer Road|-37.98761,145.05733
Beach Road|Potter Street|-37.96355,145.01212
Beach Road|Red Bluff Street|-37.96212,145.01158
Beach Road|Rennison Street|-37.99526,145.03664
Beach Road|Reserve Road|-37.99304,145.03145
Beach Road|Rosella Road|-38.00361,145.07999
Beach Road|Royal Avenue|-37.95875,145.00970
Beach Road|San Antonio Court|-37.99353,145.06795
Beach Road|Sea Parade|-37.98594,145.05297
Beach Road|Seaview Crescent|-37.97133,145.01264
Beach Road|Second Street|-37.97810,145.01708
Beach Road|Southey Street|-37.95634,145.00755
Beach Road|Sparks Street|-37.99419,145.03958
Beach Road|Surf Avenue|-37.98493,145.02442
Beach Road|Surf Street|-37.99890,145.07461
Beach Road|Sylvia Crescent|-37.97382,145.01467
Beach Road|Tennyson Street|-37.95377,145.00527
Beach Road|Tramway Parade|-37.99402,145.03374
Beach Road|Warrigal Road|-37.99423,145.06904
Beach Road|Wellington Avenue|-37.98580,145.02539
Beach Road|Wells Road|-37.98759,145.04909
Beachcomber Court|Myola Street|-38.07601,145.13492
Beachwood Close|Everest Drive|-37.95551,145.05804
Beacon Street|Imes Street|-37.99016,145.08303
Beacon Street|Marriott Street|-37.98851,145.08254
Beaconsfield Road|Edgbaston Way|-37.92914,145.19059
Beaconsfield Road|Exhibition Drive|-37.92883,145.19072
Beaconsfield Road|Stadium Circuit|-37.92722,145.18952
Bear Street|Chute Street|-38.00455,145.09306
Bear Street|Main Street|-38.00746,145.08709
Bear Street|Parsons Street|-38.00432,145.09429
Bear Street|Steedman Street|-38.00412,145.09548
Bear Street|Thomas Street|-38.00565,145.09081
Beardsworth Avenue|Blantyre Avenue|-38.05006,145.12336
Beardsworth Avenue|Catherine Avenue|-38.05092,145.12381
Beardsworth Avenue|Chelsea Road|-38.04922,145.12289
Beardsworth Avenue|Thames Promenade|-38.04829,145.12248
Beatham Way|Jolly Street|-38.12258,145.29335
Beatham Way|Lineham Drive|-38.12336,145.29311
Beatham Way|Parkhurst Drive|-38.12277,145.29497
Beatrice Street|Farm Road|-37.96363,145.08355
Beatrice Street|Goodman Drive|-37.98125,145.18655
Beatrice Street|Hermitage Street|-37.96123,145.08024
Beatrice Street|Popes Road|-37.98234,145.18633
Beau Vorno Avenue|Blodorn Court|-37.99124,145.15990
Beau Vorno Avenue|Carey Court|-37.99104,145.16242
Beau Vorno Avenue|Carribean Drive|-37.99127,145.16023
Beau Vorno Avenue|Cheltenham Road|-37.99222,145.15823
Beau Vorno Avenue|Corrigan Road|-37.99107,145.16331
Beau Vorno Avenue|Liverpool Drive|-37.99121,145.15879
Beau Vorno Avenue|Marion Court|-37.99133,145.16082
Beauford Street|Fenton Street|-37.90885,145.11055
Beauford Street|Franklyn Street|-37.90913,145.11324
Beauford Street|Huntingdale Road|-37.90789,145.10412
Beaufort Street|Newstead Street|-38.00793,145.17775
Beaufort Street|Somerfield Drive North|-38.00768,145.17780
Beaufort Street|Somerfield Drive South|-38.00793,145.17775
Beaufort Street|Westwood Boulevard|-38.00557,145.17819
Beaumaris Parade|Eddie Street|-37.95354,145.03490
Beaumaris Parade|Highett Road|-37.94808,145.03630
Beaumaris Parade|James Avenue|-37.95208,145.03519
Beaumaris Parade|Rupert Street|-37.94981,145.03591
Beaumaris Parade|Sterling Avenue|-37.95169,145.03539
Beautex Court|Kearney Drive|-38.01913,145.10977
Beauville Avenue|Gloucester Court|-37.90145,145.06780
Beauville Avenue|Murrumbeena Road|-37.90100,145.06441
Beaver Court|Whites Lane|-37.90016,145.17659
Beck Court|Heatherton Road|-37.96710,145.19105
Beckbury Court|Sullivan Avenue|-37.91732,145.27205
Becket Avenue|Centre Road|-37.92064,145.05509
Becket Avenue|Elizabeth Street|-37.92286,145.05469
Beckington Crescent|Narellan Drive|-38.02443,145.25893
Beckwith Grove|Brodie Street|-38.10736,145.12646
Becon Court|Princes Highway|-38.00567,145.26481
Beddington Street|Cutler Avenue|-38.00691,145.16835
Beddoe Avenue|Cecil Street|-37.91896,145.07198
Beddoe Avenue|Clinton Street|-37.91069,145.02040
Beddoe Avenue|Dandenong Road|-37.91406,145.12718
Beddoe Avenue|Griffiths Grove|-37.91050,145.01884
Beddoe Avenue|Hawthorn Road|-37.91034,145.01757
Beddoe Avenue|Mackie Road|-37.91923,145.07402
Beddoe Avenue|Sheffield Street|-37.91881,145.07069
Beddoe Avenue|Stratford Avenue|-37.91792,145.06430
Beddoe Avenue|Tambet Street|-37.91881,145.07069
Bedford Court|Chalcot Drive|-37.97223,145.24412
Bedwell Avenue|James Street|-37.97364,145.21042
Bedwell Avenue|Woodlee Street|-37.97399,145.21339
Bedwell Court|Cunningham Drive|-37.97831,145.27238
Bee Teng Court|Jacqueline Drive|-38.02046,145.11442
Beech Place|Bella Crescent|-38.01833,145.28079
Beech Street|Whitmuir Road|-37.91284,145.02917
Beech Street|Wright Street|-37.91370,145.03023
Beechwood Drive|Lyndhurst Boulevard|-38.06976,145.24730
Beena Court|Swift Drive|-37.90295,145.17237
Beenak Avenue|Hughes Street|-37.92008,145.01633
Beenak Avenue|Marriage Road|-37.91956,145.01595
Beethoven Drive|Glasscocks Road|-38.06834,145.28954
Beethoven Drive|Tangerine Drive|-38.06617,145.29005
Bega Court|Iluka Avenue|-38.02256,145.10673
Bega Court|Rupert Drive|-37.92995,145.17779
Bega Court|Tarongo Drive|-38.02256,145.10673
Begg Street|Centre Road|-37.92334,145.07649
Begg Street|Noora Avenue|-37.92250,145.07666
Begg Street|Tudor Street|-37.91854,145.07752
Begg Street|Wolai Avenue|-37.92101,145.07694
Beggs Place|Kilcatten Rise|-37.93847,145.24922
Begonia Court|Erica Close|-37.97931,145.25980
Beilby Street|Chapel Road|-37.94283,145.04791
Beilby Street|Grandview Grove|-37.94259,145.04618
Belah Place|Power Road|-37.97031,145.24276
Belalie Close|Bluegum Way|-38.04982,145.27818
Belalie Close|The Parkway|-38.04982,145.27818
Belandra Drive|Calderwood Avenue|-37.91136,145.18464
Belandra Drive|Raphael Drive|-37.91038,145.18485
Beldale Court|Wodalla Circuit|-38.08336,145.20026
Beleura Grove|Myriong Street|-37.91532,145.12408
Beleura Grove|North Road|-37.91427,145.12431
Belfort Lane|Denistoun Crescent|-38.11161,145.26047
Belfort Lane|Woodright Circuit|-38.11205,145.26140
Belfort Street|Birdwood Avenue|-37.98039,145.19846
Belfort Street|Lorraine Street|-37.97911,145.19870
Belgrave - Hallam Road|Belgrave-Hallam Road|-37.99974,145.27464
Belgrave - Hallam Road|Drysdale Avenue|-37.99068,145.29204
Belgrave - Hallam Road|Duiker Court|-37.98657,145.29953
Belgrave - Hallam Road|Glen Vista Drive|-37.98961,145.28276
Belgrave - Hallam Road|Glenwood Road|-37.98898,145.29586
Belgrave - Hallam Road|Grantchester Road|-37.98792,145.29733
Belgrave - Hallam Road|Hallam North Road|-37.99023,145.27627
Belgrave - Hallam Road|Jacques Road|-37.98906,145.29576
Belgrave - Hallam Road|Mackellar Close|-37.99295,145.27611
Belgrave - Hallam Road|Old Gunns Court|-37.99581,145.27539
Belgrave Close|Old Dandenong Road|-37.93257,145.08252
Belgrave Place|Parkdale Drive|-38.10291,145.18802
Belgrave-Hallam Road|Casuggan Court|-38.00087,145.27439
Belgrave-Hallam Road|Frawley Road|-38.00171,145.27437
Belgrave-Hallam Road|Hallam Road|-38.00624,145.27326
Belgrave-Hallam Road|Hallam South Road|-38.00647,145.27335
Belgrave-Hallam Road|Princes Highway|-38.00628,145.27339
Belgrave-Hallam Road|Young Road|-38.00361,145.27399
Belinda Court|Woodstock Place|-37.97119,145.15632
Belinda Court|Yarra Links Way|-37.93687,145.07285
Belinda Crescent|Donald Road|-37.90117,145.18773
Bell Grove|Lower Dandenong Road|-37.98740,145.11574
Bell Grove|Tarnard Drive|-37.98967,145.11531
Bella Court|Regina Street|-37.90887,145.16926
Bella Crescent|Conica Court|-38.01847,145.28167
Bella Crescent|Hinrichsen Drive|-38.01703,145.28106
Bella Crescent|Pauline Court|-38.01772,145.28091
Bellair Avenue|Waters Avenue|-37.90016,145.29815
Bellaire Court|Cromer Road|-37.98451,145.04508
Bellara Way|Craig Hill Drive|-37.91623,145.19897
Bellara Way|Grandview Road|-37.91545,145.19710
Bellara Way|Kenross Drive|-37.91603,145.19823
Bellarine Court|Nambour Road|-37.99262,145.16768
Bellarine Court|Norlane Street|-37.99123,145.16796
Bellarine Drive|Ebony Street|-38.09391,145.29008
Bellarine Drive|Emoh Close|-38.09610,145.28981
Bellarine Drive|Howqua Place|-38.09637,145.29206
Bellarine Drive|Merrijig Avenue|-38.09538,145.28989
Bellarine Drive|Mira Court|-38.09407,145.29012
Bellarine Drive|Narre Warren Road|-38.09649,145.29310
Bellarine Drive|Orion Avenue|-38.09333,145.29006
Bellarine Drive|Seacombe Place|-38.09631,145.29152
Bellarine Drive|Talara Court|-38.09621,145.29066
Bellavista Court|Drysdale Avenue|-37.99641,145.28053
Bellavista Court|Olympic Avenue|-37.97090,145.15333
Bellavista Crescent|Glenn Court|-37.95463,145.13654
Bellavista Crescent|Jeffrey Court|-37.95436,145.13431
Bellavista Crescent|Kathryn Court|-37.95447,145.13525
Bellavista Crescent|Westall Road|-37.95478,145.13778
Bellbird Court|Olympic Avenue|-37.97018,145.15348
Bellbird Place|Hallam North Road|-37.95606,145.28327
Bellbrae Crescent|Fairhaven Boulevard|-38.09167,145.25983
Bellbrae Crescent|Stephellen Way|-38.09308,145.26058
Bellbrae Crescent|Taldra Place|-38.09246,145.26133
Bellbrook Court|Spring Valley Drive|-37.94754,145.13756
Bellbrook Drive|Frost Court|-37.95184,145.21559
Bellbrook Drive|Howe Avenue|-37.94719,145.21076
Bellbrook Drive|McKeon Circuit|-37.95127,145.21707
Bellbrook Drive|Outlook Drive|-37.94985,145.21757
Bellbrook Drive|Riddell Street|-37.95072,145.21738
Bellbrook Drive|Woodview Court|-37.94804,145.21061
Belle Avenue|Church Street|-37.91872,144.99981
Belle Crescent|Kingston Street|-37.99381,145.09454
Belle Crescent|Warren Road|-37.99208,145.09287
Bellerine Court|Lansdowne Circuit|-37.92306,145.18820
Bellerine Court|Unley Place|-37.92297,145.18827
Bellevue Court|Wattle Grove|-37.92949,145.15902
Bellevue Crescent|Centenary Street|-38.11004,145.15538
Bellevue Crescent|Seaford Road|-38.11236,145.15491
Bellevue Road|Brad Street|-37.93124,145.06189
Bellevue Road|Brady Road|-37.93188,145.06600
Bellevue Road|Celia Street|-37.93076,145.05928
Bellevue Road|East Boundary Road|-37.93050,145.05727
Bellevue Road|Elswill Street|-37.93173,145.06485
Bellevue Road|Kenjulie Drive|-37.93160,145.06385
Bellfield Drive|Crusoe Drive|-37.91231,145.27423
Bellfield Drive|Laanecoorie Drive|-37.91481,145.27505
Bellfield Drive|Lakesfield Drive|-37.91103,145.27652
Bellfield Drive|Lalbert Court|-37.91182,145.27523
Bellflower Place|The Parkway|-38.05185,145.27779
Bellini Avenue|Lautrec Avenue|-37.90872,145.18148
Bellini Avenue|Reynolds Avenue|-37.90969,145.18457
Bellsquarry Avenue|Cloverbank Drive|-38.11830,145.29943
Bellsquarry Avenue|Eliburn Drive|-38.11831,145.29850
Bellvue Court|Highland Avenue|-38.02993,145.26195
Bellvue Court|Outlook Drive|-38.03062,145.26137
Bellvue Court|Silverton Drive|-37.94914,145.19618
Belmar Street|Circle Drive South|-38.09483,145.27636
Belmont Avenue|Mollison Street|-37.96646,145.20239
Belmont Avenue|Mulgoa Avenue|-37.96549,145.20316
Belmont Avenue|Oakwood Avenue|-37.96476,145.20374
Belmont Avenue|Pullyn Street|-37.92801,145.12245
Belmont Avenue|Thomas Street|-37.92777,145.12050
Belmont Court|Hawthorn Court|-38.10275,145.18976
Belmont Court|Neale Street|-37.95971,145.15703
Belmont Court|Parkdale Drive|-38.10325,145.18891
Belmont Court|View Road|-37.95971,145.15703
Belmore Court|Drummer Lane|-37.99705,145.29555
Belsize Way|Pleasant Way|-38.00693,145.16767
Belsize Way|Stanley Road|-38.00680,145.16662
Belt Terrace|Kinkead Crescent|-37.98023,145.26607
Beltana Court|Lum Road|-37.91947,145.17719
Beltane Avenue|Carween Avenue|-37.90361,145.02445
Beltane Avenue|North Road|-37.90207,145.02471
Beluga Street|Chopard Avenue|-38.01313,145.13862
Beluga Street|Jubilee Boulevard|-38.01216,145.13863
Belvedere Court|Somerville Road|-38.03009,145.25167
Belvedere Court|Sovereign Crest Boulevard|-37.90701,145.27766
Belvedere Road|Carrington Avenue|-38.10976,145.14908
Belvedere Road|Chicquita Avenue|-38.10938,145.14598
Belvedere Road|Galway Street|-38.10920,145.14339
Belvedere Road|Keerok Avenue|-38.10963,145.14801
Belvedere Road|Moomba Avenue|-38.10949,145.14690
Belvedere Road|Seacrest Avenue|-38.10933,145.14452
Belvedere Road|Wicklow Street|-38.10951,145.14596
Belvedere Road|Young Street|-38.10935,145.14467
Belvoir Court|Dalny Road|-37.90184,145.07214
Belvoir Court|Kildare View|-38.12079,145.25897
Belvoir Court|Sunningdale Crescent|-38.12078,145.25889
Bemboka Avenue|Glenelg Drive|-37.93779,145.11107
Bemboka Avenue|Goulburn Place|-37.93864,145.11090
Bemboka Avenue|Tarago Crescent|-37.94056,145.10833
Bemm Court|Waranga Street|-37.94153,145.21462
Bemm Street|Fletcher Street|-37.93858,145.05167
Bemm Street|Franklin Street|-37.93881,145.05348
Ben Close|Shetland Street|-37.96440,145.27186
Benambra Street|Bunney Road|-37.93320,145.09615
Benambra Street|Carroll Road|-37.93440,145.09342
Benambra Street|Swaran Court|-37.93395,145.09602
Benambra Street|Tait Court|-37.93456,145.09563
Benambra Way|Camdale Close|-38.03426,145.28039
Benambra Way|Kirkwood Crescent|-38.03593,145.28030
Benambra Way|Warana Drive|-38.03323,145.28068
Benbrook Place|Mallett Grove|-38.07563,145.24786
Benbrook Place|Marglen Place|-38.07563,145.24786
Bend Road|Chandler Road|-38.00286,145.18028
Bend Road|Corrigans Run|-38.00304,145.18176
Bend Road|Indian Drive|-38.00383,145.18793
Bend Road|Kingcote Drive|-38.00323,145.18352
Bend Road|Soho Court|-38.00307,145.18202
Bend Road|Suttie Court|-38.00320,145.18308
Bend Road|Tylers Run|-38.00314,145.18261
Bendigo Avenue|Brewer Road|-37.92211,145.03680
Bendigo Avenue|Centre Road|-37.91828,145.03743
Bendigo Avenue|Patterson Road|-37.92573,145.03615
Bendigo Court|Springhill Drive|-38.08538,145.28339
Bendigo Street|Goulburn Street|-37.96389,145.05814
Bendigo Street|The Avenue|-37.93255,145.00101
Bendigo Street|Wilson Street|-37.96353,145.06074
Bendix Drive|Carinish Road|-37.92923,145.12709
Benelong Crescent|Kinsale Street|-38.10826,145.15416
Benelong Crescent|Ti-Tree Crescent|-38.10933,145.15676
Benga Avenue|Campbell Street|-37.97854,145.20040
Benga Avenue|Hemmings Street|-37.98238,145.19949
Benga Avenue|Railway Parade|-37.98307,145.19929
Benga Avenue|Rylands Road|-37.97630,145.20095
Bengal Court|Tamworth Court|-38.08184,145.26647
Benina Street|East Boundary Road|-37.92367,145.05869
Benina Street|Hill Street|-37.92391,145.06050
Benina Street|Wards Grove|-37.92405,145.06161
Benjamin Court|Bilbungra Drive|-37.98779,145.16069
Benjamin Court|Hinrichsen Drive|-38.01406,145.28265
Benjamin Court|Tammany Drive|-37.94435,145.10089
Benkel Avenue|Centre Dandenong Road|-37.96871,145.08361
Benkel Avenue|Renowden Street|-37.96519,145.08524
Benmar Place|Bluemist Circuit|-38.07430,145.24307
Benmar Place|Reyoff Place|-38.07430,145.24307
Benmara Crest|Harold Keys Drive|-38.02776,145.29175
Bennet Street|Bramley Street|-37.98971,145.19899
Bennet Street|Cheltenham Road|-37.99085,145.19873
Bennet Street|Follett Drive|-37.98624,145.19967
Bennet Street|Jones Road|-37.98390,145.20030
Bennet Street|Railway Parade|-37.98390,145.20030
Bennet Street|Verey Court|-37.98756,145.19941
Bennet Street|Wauchope Lane|-37.98917,145.19910
Bennett Court|Cosier Drive|-37.98369,145.18247
Bennett Court|Old Wells Road|-38.10039,145.14190
Bensam Close|Landsborough Avenue|-37.90606,145.25847
Bent Parade|Glenmore Crescent|-37.97157,145.01507
Bent Parade|Seaview Crescent|-37.97060,145.01482
Bent Street|Bruce Street|-37.91468,145.03821
Bent Street|Centre Road|-37.91831,145.03767
Bent Street|Edgar Street|-37.90973,145.00658
Bent Street|Field Street|-37.91276,145.03850
Bent Street|Hampton Street|-37.90987,145.00767
Bent Street|Male Street|-37.90957,145.00489
Bent Street|McKinnon Road|-37.91113,145.03891
Bent Street|Morres Street|-37.91723,145.03782
Bent Street|Ward Street|-37.91565,145.03809
Bentley Avenue|Mollison Street|-37.96690,145.20378
Bentley Avenue|Mulgoa Avenue|-37.96617,145.20449
Bentley Court|Glengariff Drive|-37.92591,145.17274
Benton Avenue|Boonong Avenue|-38.12565,145.12596
Benton Avenue|Overton Road|-38.12853,145.12591
Benz Street|Hanna Street|-37.97747,145.19033
Benz Street|Harrison Drive|-37.97803,145.18972
Berala Court|Kirribilli Avenue|-37.98390,145.16571
Berend Street|Harry Street|-37.93874,145.03154
Berend Street|Seafoam Street|-37.93892,145.03276
Berends Drive|Hammond Road|-38.03047,145.20240
Berends Drive|Ordish Road|-38.02921,145.19219
Bergen Street|Cabinda Drive|-37.99677,145.17760
Bergen Street|Cameron Place|-37.99610,145.17996
Bergen Street|Kano Court|-37.99697,145.17845
Bergins Road|Buckingham Drive|-37.93144,145.23466
Bergins Road|Fowler Road|-37.93934,145.24234
Bergins Road|Heany Park Road|-37.94350,145.24750
Bergins Road|Liberty Avenue|-37.93631,145.23889
Bergins Road|Providence Place|-37.94350,145.24750
Bergins Road|Streeton Court|-37.93133,145.23460
Bergins Road|Stud Road|-37.92952,145.23263
Bergins Road|Village Court|-37.93296,145.23540
Bergins Road|Wallingford Place|-37.94313,145.24667
Bergins Road|Waverley Close|-37.93452,145.23689
Berkefeld Court|Centre Dandenong Road|-37.96670,145.06637
Berkeley Grove|Union Street|-37.90836,145.01552
Berkeley Street|Fenton Street|-37.90716,145.11086
Berkeley Street|Franklyn Street|-37.90745,145.11355
Berkeley Street|Huntingdale Road|-37.90644,145.10439
Berkley Court|Chalcot Drive|-37.97219,145.24875
Bermer Court|Seebeck Drive|-38.05267,145.28417
Bermuda Court|Magnolia Avenue|-37.92289,145.07981
Bernard Hamilton Way|Taylors Lane|-37.92319,145.24477
Bernard Hamilton Way|Turramurra Drive|-37.92306,145.24373
Bernard Place|Spencer Drive|-38.09147,145.19769
Bernard Street|Cavanagh Street|-37.95391,145.06715
Bernard Street|Chesterville Road|-37.95288,145.05803
Bernard Street|Darren Court|-37.95283,145.05908
Bernard Street|Dissik Street|-37.95445,145.07149
Bernard Street|Linden Avenue|-37.95341,145.06313
Bernard Street|McColl Street|-37.95364,145.06505
Bernard Street|Parnell Street|-37.95327,145.06238
Bernard Street|Regent Parade|-37.95358,145.06455
Bernard Street|Rosewarne Avenue|-37.95343,145.06357
Bernard Street|Tintern Grove|-37.95290,145.05954
Bernard Street|Warrigal Road|-37.95473,145.07659
Bernard Street|Willen Street|-37.95442,145.07123
Bernard Street|Wilson Street|-37.95312,145.06115
Bernard Street|Wingrove Street|-37.95303,145.06050
Bernay Court|Hume Road|-37.96650,145.14703
Bernborough Avenue|Breamlea Way|-38.10012,145.25759
Bernborough Avenue|Dior Court|-38.09711,145.25784
Bernborough Avenue|Merribah Way|-38.09572,145.25814
Bernborough Avenue|Montrose Way|-38.09898,145.25749
Bernborough Avenue|Nerrena Rise|-38.09646,145.25802
Bernborough Avenue|Raisell Road|-38.10012,145.25759
Bernie Smith Street|Doull Court|-37.93197,145.18938
Bernie Smith Street|Ellis Park Avenue|-37.93136,145.18838
Berridale Court|Parkes Way|-38.03885,145.25565
Berrigan Court|Sandalwood Drive|-37.93891,145.09351
Berrima Street|Clayton Road|-37.90096,145.12426
Berrima Street|Mountbatten Court|-37.90083,145.12321
Berrima Street|Patrick Street|-37.90070,145.12194
Berringa Street|Ivy Street|-37.98518,145.08504
Berringa Street|Meribah Court|-37.98530,145.08600
Berry Avenue|Hazel Avenue|-38.04345,145.11394
Berry Avenue|Munro Avenue|-38.04209,145.11800
Berry Avenue|Randall Avenue|-38.04051,145.12267
Berry Avenue|Station Street|-38.04403,145.11223
Berry Court|Rowan Drive|-37.98470,145.23718
Berry Court|Sunnyvale Crescent|-37.99578,145.16792
Berrydale Court|Hunsford Avenue|-37.90802,145.14919
Bertha Street|Bournemouth Avenue|-37.95761,145.13833
Bertha Street|Heritage Drive|-37.95512,145.13880
Bertha Street|Thames Avenue|-37.95235,145.13935
Bertram Street|Gipps Avenue|-38.00826,145.09376
Bertram Street|Governor Road|-38.00984,145.09423
Bertrand Avenue|Colston Place|-37.93251,145.18536
Bertrand Avenue|Einstein Avenue|-37.93452,145.18087
Bertrand Avenue|Grovelands Drive|-37.93466,145.18189
Bertrand Avenue|Hainthorpe Grove|-37.93444,145.18498
Bertrand Avenue|Hansworth Street|-37.93163,145.18614
Bertrand Avenue|Hubbard Avenue|-37.93439,145.17980
Bertrand Avenue|Huxley Avenue|-37.93427,145.17881
Bertrand Avenue|Otis Court|-37.93407,145.18532
Bertrand Avenue|Romilly Crescent|-37.93471,145.18460
Bertrand Avenue|Tremaine Court|-37.93485,145.18356
Bertrand Road|Embankment Grove|-38.04777,145.11874
Bertrand Road|Swan Walk|-38.04874,145.11926
Bertrand Road|Thames Promenade|-38.04928,145.11956
Berwen Street|Kelvin Grove|-38.04820,145.11247
Berwick - Cranbourne Road|Broad Oak Drive|-38.11509,145.29896
Berwick - Cranbourne Road|Cameron Street|-38.11389,145.29018
Berwick - Cranbourne Road|Complex Main Street|-38.11467,145.29619
Berwick - Cranbourne Road|Eliburn Drive|-38.11518,145.29894
Berwick - Cranbourne Road|Gwenton Avenue|-38.11442,145.29306
Berwick - Cranbourne Road|Narre Warren Road|-38.11389,145.29018
Berwick - Cranbourne Road|Sladen Street|-38.11403,145.28992
Beryl Avenue|Cameron Avenue|-37.92067,145.08771
Beryl Avenue|Joyce Avenue|-37.92081,145.08882
Beryl Avenue|Riley Street|-37.92118,145.09235
Beryl Court|Elder Street South|-37.94760,145.10116
Beryl Court|Overall Drive|-38.09092,145.20176
Besant Street|Leith Crescent|-37.94264,145.02924
Besant Street|Spring Road|-37.94308,145.03298
Besley Street|Clow Street|-37.98631,145.22720
Besley Street|Garde Court|-37.98726,145.22591
Besley Street|Macpherson Street|-37.98810,145.22457
Besley Street|Nova Drive|-37.98684,145.22663
Bess Court|Ross Street|-37.98242,145.22614
Bess Court|Val Court|-37.98254,145.22715
Bessemer Drive|Ordish Road|-38.01364,145.19550
Bessemer Street|Trevethic Road|-37.94269,145.15287
Bessemer Street|Watt Street|-37.94413,145.15259
Bessie Drive|Hessian Place|-38.10768,145.24621
Bessie Drive|Scotland Circuit|-38.10838,145.24606
Bessie Drive|Strathlea Drive|-38.10691,145.24636
Bessie Street|Victor Road|-37.92532,145.07918
Bessie Street|Warrigal Road|-37.92564,145.08211
Best Street|Cazaly Way|-38.11592,145.23942
Best Street|Lindwall Drive|-38.11569,145.23755
Best Street|North Road|-37.91025,145.09159
Best Street|Wilson Street|-37.90787,145.09202
Beswick Street|Fairbank Road|-37.94301,145.13812
Beswick Street|Ida Street|-37.94215,145.13829
Beswick Street|Saunders Street|-37.94129,145.13848
Beswicke Court|Langley Crescent|-38.00009,145.20493
Beth Court|Warana Drive|-38.03229,145.27553
Bethell Avenue|Como Parade East|-37.99233,145.07578
Bethell Avenue|Nepean Highway|-37.98915,145.08026
Bethell Street|Murray Road|-37.90669,145.03001
Bethell Street|North Road|-37.90284,145.03069
Bethelle Court|Sullivan Avenue|-37.91627,145.27254
Beths Street|Marion Street|-37.91886,145.04881
Beths Street|Windsor Avenue|-37.91871,145.04771
Bethune Drive|Central Road|-38.04235,145.26051
Bethune Drive|Meduno Drive|-38.04386,145.26057
Bethwyn Street|Clements Street|-37.91112,145.05900
Bethwyn Street|East Boundary Road|-37.91136,145.06082
Better Boy Court|Rangeview Drive|-38.09992,145.19954
Bettina Court|Janice Avenue|-37.96177,145.07736
Bettina Court|Nova Court|-37.96177,145.07736
Bettina Street|Blackburn Road|-37.91930,145.13951
Bettina Street|Dennis Street|-37.91792,145.13605
Betula Street|Blossom Drive|-37.99077,145.23153
Betula Street|Claret Street|-37.99404,145.23083
Betula Street|Heath Court|-37.98799,145.23451
Betula Street|Kidds Road|-37.98716,145.23466
Betula Street|Peppermint Street|-37.99152,145.23092
Betula Street|Rose Drive|-37.99236,145.23077
Betula Street|Stenocarpus Drive|-37.99320,145.23080
Betula Street|Weigela Court|-37.98954,145.23423
Bevan Avenue|Haughton Road|-37.93174,145.12938
Bevan Avenue|Oakes Avenue|-37.93517,145.12865
Bevan Avenue|Rosebank Avenue|-37.93899,145.12791
Bevan Street|Thomas Street|-37.90514,145.02545
Bevan Street|Thompson Street|-37.90541,145.02789
Beverley Place|Bloomfield Road|-37.98992,145.17555
Beverley Street|Timmis Avenue|-37.96865,145.04192
Bevis Street|Filbert Street|-37.91837,145.05319
Bevis Street|Malane Street|-37.91857,145.05483
Bevis Street|Studley Street|-37.93228,145.16142
Bevis Street|Tucker Road|-37.91813,145.05131
Bewdley Street|North Road|-37.90520,145.04967
Bewdley Street|Walnut Street|-37.90826,145.04915
Bexsarm Crescent|Erskine Drive|-37.90940,145.25128
Bexsarm Crescent|Taylors Lane|-37.91068,145.24729
Bexsarm Crescent|Valleyview Drive|-37.90894,145.25218
Beyer Road|Canterbury Road|-38.01117,145.11642
Bianca Court|Trisha Drive|-37.93228,145.24910
Bianca Drive|Helmich Court|-38.01926,145.11259
Bianca Drive|Lynda Court|-38.01978,145.11183
Bianca Drive|Wells Road|-38.01802,145.11365
Bianco Court|Lawless Drive|-38.07229,145.27211
Biarritz Avenue|Cherbourg Avenue|-37.97469,145.04645
Biarritz Avenue|Church Street|-37.97482,145.04744
Biarritz Avenue|Marlo Grove|-37.97447,145.04463
Bibby Court|Bignell Road|-37.94284,145.06738
Bibby Court|Cochranes Road|-37.94284,145.06738
Bickerton Court|Central Road|-38.04293,145.26498
Bickerton Court|Waradgery Drive|-37.92446,145.23288
Bignell Road|Brosnan Road|-37.93314,145.06949
Bignell Road|Centre Road|-37.92274,145.07157
Bignell Road|Cochranes Road|-37.94284,145.06738
Bignell Road|Corr Street|-37.94065,145.06792
Bignell Road|Ebden Street|-37.94059,145.06793
Bignell Road|Elaine Court|-37.92439,145.07124
Bignell Road|Florence Street|-37.92414,145.07129
Bignell Road|Gladesville Drive|-37.93232,145.06965
Bignell Road|Greendale Road|-37.92787,145.07055
Bignell Road|Kenlon Street|-37.93628,145.06885
Bignell Road|Lois Court|-37.92358,145.07140
Bignell Road|Matthews Road|-37.92895,145.07033
Bignell Road|Nellbern Road|-37.93960,145.06812
Bignell Road|Normanby Road|-37.92865,145.07039
Bignell Road|Normdale Road|-37.93089,145.06994
Bignell Road|Pasadena Crescent|-37.93068,145.06998
Bignell Road|Rae Street|-37.93537,145.06904
Bignell Road|Sherlowe Court|-37.92557,145.07101
Bignell Road|South Road|-37.93747,145.06858
Bignell Road|Tasman Road|-37.92753,145.07062
Bignell Road|Wingate Street|-37.93638,145.06883
Bignell Road|Winston Court|-37.93931,145.06818
Bilbungra Drive|Eildon Drive|-37.98839,145.16028
Bill Place|Ralph Crescent|-38.04015,145.28139
Billing Street|Goodwood Drive|-37.96077,145.15422
Billing Street|Hillcrest Grove|-37.95764,145.15475
Billing Street|Neale Street|-37.95938,145.15450
Billing Street|Ninalee Court|-37.96074,145.15423
Billing Street|Vardon Street|-37.95871,145.15464
Billson Street|Centre Road|-37.91549,145.01439
Billson Street|Marriage Road|-37.91931,145.01386
Billson Street|St Finbars Crescent|-37.91643,145.01423
Billy Buttons Drive|Centre Road|-38.02374,145.29217
Billy Buttons Drive|Cisticola Street|-38.02251,145.29293
Billy Buttons Drive|Cockatiel Street|-38.02217,145.29229
Billy Buttons Drive|Cricklewood Circuit|-38.02091,145.28967
Billy Buttons Drive|Goshawk Street|-38.02185,145.29166
Billy Buttons Drive|Juncus Street|-38.02152,145.29103
Billy Buttons Drive|Knotwood Street|-38.02118,145.29036
Billy Street|Satinwood Way|-38.05537,145.24545
Billy Street|Watergum Avenue|-38.05563,145.24779
Bilongen Road|Elmslie Drive|-38.11787,145.29031
Bilongen Road|Welcomen Street|-38.11697,145.29034
Bimbi Street|Jaguar Drive|-37.92661,145.13185
Binda Avenue|Carre Square|-37.94714,145.14260
Binda Avenue|Regent Avenue|-37.94742,145.14427
Binda Court|Gladesville Boulevard|-38.07312,145.14529
Bindi Close|Cheshunt Drive|-38.01284,145.27655
Bindi Close|Springfield Road|-37.96335,145.14284
Binding Avenue|Campbell Parade|-38.11055,145.27825
Binding Avenue|Carol Avenue|-38.10976,145.27843
Binding Avenue|Cranbourne Drive|-38.10866,145.27864
Bingham Rise|Lockwood Rise|-38.06204,145.25901
Binglebay Avenue|Coorong Circle|-38.01202,145.12859
Binglebay Avenue|Deepwater Drive|-38.01269,145.13077
Bingley Avenue|Grange Court|-37.90486,145.14870
Bingley Avenue|Kentucky Court|-37.90412,145.14771
Bingley Avenue|Samada Street|-37.90588,145.14868
Bingley Avenue|Saniky Street|-37.90345,145.14714
Binnie Street|Canberra Grove|-37.92485,145.01081
Binnie Street|Hampton Street|-37.92416,145.00502
Binnie Street|Mayrose Crescent|-37.92425,145.00576
Binya Court|Koonung Street|-37.95309,145.20033
Birch Avenue|Gladstone Road|-37.96389,145.20597
Birch Avenue|Holly Avenue|-37.96346,145.20431
Birch Street|Plummer Road|-37.98140,145.05853
Birchbank Close|Parkside Boulevard|-37.95710,145.27416
Birchfield Court|Deanswood Way|-37.99910,145.29733
Bird Street|Virginia Street|-37.94814,145.16148
Birdie View|Ironwood Avenue|-38.07259,145.27696
Birdie View|Ritz View|-38.07385,145.27719
Birdie View|Savoy Grove|-38.07265,145.27743
Birdrock Court|Sky Way|-38.08964,145.17548
Birdum Street|Roper Street|-37.94514,145.05505
Birdum Street|Wickham Road|-37.94667,145.05480
Birdwood Avenue|Potter Street|-37.98132,145.20624
Birdwood Avenue|Purdy Avenue|-37.98102,145.20383
Birdwood Avenue|Wilma Avenue|-37.98087,145.20261
Birdwood Street|Como Parade West|-37.99214,145.07486
Birdwood Street|Sixth Avenue|-38.02884,145.10594
Birdwood Street|Station Street|-38.02959,145.10373
Birdwood Street|Warrigal Road|-37.91053,145.08500
Birkdale Avenue|Colonial Place|-37.95779,145.08054
Birkdale Avenue|Edgewood Place|-37.95816,145.07964
Birkdale Avenue|Ganton Grove|-38.11845,145.25400
Birkdale Avenue|Gracehill Mews|-38.11769,145.25435
Birkdale Avenue|Pine Valley Place|-37.95822,145.07942
Birkdale Avenue|Sand Hill Close|-37.95799,145.07991
Birkdale Avenue|Somerset Close|-37.95889,145.07852
Birkdale Avenue|The Belfry|-38.11921,145.25512
Birmingham Road|Bollington Road|-38.12815,145.29156
Birmingham Road|Elmbridge Road|-38.12827,145.29245
Birmingham Road|Parkhurst Drive|-38.12853,145.29447
Birmingham Street|Carlyon Court|-37.94334,145.16610
Birmingham Street|Davidson Street|-37.94395,145.16189
Birmingham Street|Deany Street|-37.94366,145.15942
Birmingham Street|Flynn Street|-37.94380,145.16067
Birmingham Street|Garnsworthy Street|-37.94389,145.16532
Birmingham Street|Hodgkinson Court|-37.94389,145.16532
Birmingham Street|Kemp Street|-37.94334,145.16610
Birmingham Street|Princes Highway|-37.94280,145.16687
Birmingham Street|Wood Street|-37.94352,145.15825
Birrong Avenue|Bloomfield Road|-37.98051,145.17734
Birrong Avenue|Buckley Street|-37.98119,145.17221
Birrong Avenue|Greenglade Court|-37.98057,145.17630
Birrong Avenue|Miranda Court|-37.98046,145.17386
Biscay Court|Plaza Crescent|-37.98358,145.12314
Biscay Grove|Carbine Way|-38.06034,145.24348
Biscop Road|Doonga Avenue|-37.93932,145.04525
Biscop Road|Hillston Road|-37.94210,145.04469
Biscop Road|Horsmunden Road|-37.93932,145.04525
Bishop Street|North Road|-37.91031,145.09258
Bitalli Place|Malua Circuit|-38.08707,145.19669
Bittern Drive|Clangula Court|-37.97448,145.24500
Bittern Drive|Cormorant Close|-37.97590,145.24405
Bittern Drive|Heatherton Road Service Road|-37.97363,145.24553
Bittern Drive|Piedmont Close|-37.97648,145.24367
Bittern Drive|Plover Court|-37.97499,145.24466
Bittern Drive|Puffin Court|-37.97574,145.24416
Bittern Drive|Tern Court|-37.97431,145.24511
Blaby Street|Leman Crescent|-37.96862,145.18253
Black Court|Mather Road|-37.97419,145.18124
Black Gum Crescent|Everlasting Boulevard|-38.11666,145.24585
Black Knight Street|Hall Mark Road|-38.00182,145.09831
Black Knight Street|Reckless Lane|-38.00162,145.09911
Black Street|Donald Grove|-38.04781,145.11550
Black Street|Greta Street|-37.91232,145.11866
Black Street|Halifax Street|-37.91711,145.00061
Black Street|Kennaugh Street|-37.91257,145.12089
Black Street|Male Street|-37.91528,144.99763
Black Street|Swanpool Avenue|-38.04700,145.11511
Black Street|White Street|-37.91245,145.11979
Black Swan Lane|Mulga Lane|-38.01485,145.12848
Black Wattle Way|Carrum Woods Drive|-38.08966,145.18878
Black Wattle Way|Springhill Drive|-38.08612,145.28963
Blackburn Drive|Centre Dandenong Road|-37.96868,145.08268
Blackburn Drive|Hibiscus Avenue|-37.96868,145.08268
Blackburn Drive|Jodi Street|-37.96602,145.08320
Blackburn Drive|Kallista Court|-37.96676,145.08306
Blackburn Drive|Monbulk Court|-37.96749,145.08292
Blackburn Road|Connam Avenue|-37.91969,145.13943
Blackburn Road|Dennis Street|-37.91833,145.13970
Blackburn Road|Duerdin Street|-37.90985,145.14126
Blackburn Road|Ferntree Gully Road|-37.90133,145.14299
Blackburn Road|Finch Street|-37.90267,145.14274
Blackburn Road|Hampshire Road|-37.90066,145.14311
Blackburn Road|Martin Street|-37.90807,145.14174
Blackburn Road|Morton Street|-37.91741,145.13986
Blackburn Road|Normanby Road|-37.90668,145.14200
Blackburn Road|Princes Highway|-37.92182,145.13925
Blackburn Road|Rusden Place|-37.90588,145.14215
Blackburn Road|Samada Street|-37.90438,145.14230
Blackburn Road|Wellington Road|-37.91614,145.14005
Blackbutt Court|Tallowwood Street|-38.12441,145.14549
Blackmore Street|Blaxland Drive|-37.94076,145.20119
Blackmore Street|Police Road|-37.93838,145.20220
Blackshaw Street|Draper Street|-37.90927,145.04991
Blackshaw Street|Tucker Road|-37.90962,145.05274
Blackwood Avenue|Broome Avenue|-37.98006,145.08160
Blackwood Avenue|Cedar Street|-37.97719,145.08101
Blackwood Avenue|Lower Dandenong Road|-37.98317,145.08099
Blackwood Avenue|Maxine Court|-37.97645,145.08115
Blackwood Avenue|Sycamore Avenue|-37.98109,145.08140
Blackwood Drive|Bunya Court|-38.00810,145.29916
Blackwood Drive|Hallam Road|-38.02444,145.26958
Blackwood Drive|Jacaranda Road|-37.90726,145.16959
Blackwood Drive|Justin Circuit|-38.02675,145.27309
Blackwood Drive|Prospect Hill Road|-38.01012,145.30020
Blackwood Drive|Strada Crescent|-37.90696,145.16712
Blackwood Drive|Victoria Road|-38.00705,145.29666
Blackwood Drive|Wallowa Crescent|-38.00716,145.29775
Blackwood Park Road|Napoleon Road|-37.90529,145.28149
Bladen Street|Craig Hill Drive|-37.91341,145.19741
Bladen Street|Garnett Road|-37.91293,145.19837
Blagdon Street|Charman Road|-37.96918,145.05498
Blainroe Crescent|Durnoch Place|-38.12147,145.25296
Blainroe Crescent|Ferndown Drive|-38.12222,145.25280
Blainroe Crescent|Stonehaven Avenue|-38.12074,145.25312
Blair Street|Nicholson Street|-37.91535,145.03691
Blamey Street|Brosnan Road|-37.93298,145.06827
Blamey Street|Cyril Grove|-37.97725,145.19250
Blamey Street|Liege Avenue|-37.97516,145.18970
Blamey Street|Logan Court|-37.97516,145.18970
Blamey Street|Namron Street|-37.93437,145.06820
Blamey Street|Normanby Road|-37.92850,145.06921
Blamey Street|Normdale Road|-37.93074,145.06873
Blamey Street|South Road|-37.93715,145.06756
Blamey Street|Vasey Street|-37.93523,145.06797
Blanchard Avenue|Cherryfield Drive|-38.00300,145.16960
Blanchard Avenue|Frenchman Way|-38.00290,145.16871
Blanchard Avenue|Stanley Road|-38.00275,145.16738
Blanche Avenue|Isabella Street|-37.99298,145.07982
Blanche Avenue|Parkers Road|-37.99218,145.07911
Blanche Close|Jane-Maree Place|-38.09014,145.27418
Blanche Street|Ferguson Street|-37.91062,145.00870
Blanche Street|Little Union Street|-37.90762,145.00923
Bland Street|Halton Road|-37.95644,145.20590
Bland Street|Sabine Avenue|-37.95558,145.20599
Blanford Court|Tottenham Grove|-37.92376,145.19117
Blanton Drive|Catesby Close|-37.93642,145.21153
Blanton Drive|Lim Court|-37.93544,145.20977
Blanton Drive|Police Road|-37.93920,145.21143
Blantyre Avenue|Drinan Road|-38.05112,145.12024
Blantyre Avenue|Station Street|-38.05245,145.11650
Blaxland Avenue|Bligh Close|-38.07878,145.27149
Blaxland Avenue|Endeavour Drive|-38.08015,145.27236
Blaxland Avenue|Wakefield Court|-38.07815,145.27093
Blaxland Drive|Bourke Court|-37.93895,145.20003
Blaxland Drive|Dandelion Drive|-37.91531,145.26310
Blaxland Drive|Garfield Court|-37.93979,145.20456
Blaxland Drive|Kelletts Road|-37.91375,145.26340
Blaxland Drive|Madison Avenue|-37.94152,145.20387
Blaxland Drive|Police Road|-37.93822,145.20016
Blaxland Drive|Polk Court|-37.94176,145.20242
Blaxland Drive|Sienna Court|-37.91445,145.26327
Blaxland Drive|Taft Close|-37.94026,145.20492
Bleazby Street|Nicholson Street|-37.91721,145.03656
Blenheim Street|Dromana Avenue|-37.90952,145.06739
Blenheim Street|Keswick Street|-37.90978,145.06944
Blenheim Street|Marlborough Street|-37.90965,145.06842
Blenheim Street|Tambet Street|-37.91009,145.07238
Blenheim Street|Watt Street|-37.90981,145.06981
Blessing Close|James Cook Drive|-37.98666,145.25163
Bligh Court|Wilkinson Way|-37.98183,145.25361
Blinker Rise|Gleneagles Drive|-37.96870,145.27897
Blissington Street|Centre Road|-37.93268,145.15222
Blissington Street|Fairview Street|-37.93443,145.15190
Blissington Street|Hope Street|-37.93630,145.15154
Bloomfield Road|Clarence Avenue|-37.98579,145.17631
Bloomfield Road|David Street|-37.97992,145.17744
Bloomfield Road|Drury Court|-37.97903,145.17762
Bloomfield Road|Edith Street|-37.97558,145.17831
Bloomfield Road|Elmbank Drive|-37.98798,145.17594
Bloomfield Road|Graham Court|-37.98444,145.17654
Bloomfield Road|Jonathan Court|-37.97486,145.17845
Bloomfield Road|Kalimna Avenue|-37.97910,145.17760
Bloomfield Road|Kenneth Street|-37.97978,145.17747
Bloomfield Road|Kiandra Close|-37.97828,145.17775
Bloomfield Road|Kumali Court|-37.97753,145.17789
Bloomfield Road|Mather Road|-37.97405,145.17860
Bloomfield Road|Moodemere Street|-37.97753,145.17789
Bloomfield Road|Nance Street|-37.98068,145.17731
Bloomfield Road|Rich Street|-37.97358,145.17862
Bloomfield Road|Rutherglen Street|-37.97828,145.17775
Bloomfield Road|Stella Avenue|-37.97477,145.17846
Bloomfield Road|Sussex Street|-37.98289,145.17687
Bloomfield Road|Wahroonga Avenue|-37.98469,145.17649
Blossom Drive|Chestnut Road|-37.99128,145.23444
Blossom Way|Flora Lane|-38.10043,145.19005
Blue Jay Court|Tangerine Drive|-38.06680,145.29676
Blue Peppermint Court|Melington Drive|-38.06858,145.24412
Blue Range Crescent|Towerhill Boulevard|-38.05020,145.25959
Blue Wren Lane|Meredith Street|-37.96218,145.02463
Blue Wren Rise|Flora Park Way|-38.11764,145.18278
Bluebay Road|Deepwater Drive|-38.01206,145.13110
Bluebell Way|Windermere Street|-37.99986,145.16337
Blueberry Close|Hoysted Avenue|-38.07994,145.27788
Bluegum Avenue|Hertford Crescent|-37.90254,145.18424
Bluegum Avenue|Redleaf Way|-37.90104,145.18501
Bluegum Way|Cypress Close|-38.04933,145.27470
Bluegum Way|Ironbark Close|-38.04957,145.27646
Bluegum Way|Mahogany Close|-38.04945,145.27557
Bluegum Way|Ormond Road|-38.04916,145.27710
Bluegum Way|The Parkway|-38.04982,145.27818
Bluemist Circuit|Livida Circuit|-38.07554,145.24101
Bluemist Circuit|Locky Grove|-38.07482,145.24110
Bluemist Circuit|Mimica Avenue|-38.07563,145.24164
Bluemist Circuit|Olida Grove|-38.07573,145.24242
Bluemist Circuit|Reyoff Place|-38.07430,145.24307
Bluewater Drive|Lakeside Drive|-38.08054,145.21480
Bluewater Drive|Whitewater Court|-38.07979,145.21493
Bluff Road|Cheltenham Road|-37.96693,145.01794
Bluff Road|David Street|-37.94363,145.02271
Bluff Road|Duncan Street|-37.94817,145.02183
Bluff Road|Edward Street|-37.96180,145.01901
Bluff Road|Eliza Street|-37.96518,145.01831
Bluff Road|Fern Street|-37.96451,145.01844
Bluff Road|Fewster Road|-37.93906,145.02356
Bluff Road|Frances Street|-37.95291,145.02087
Bluff Road|Glenmore Crescent|-37.97154,145.01698
Bluff Road|Gordon Crescent|-37.97254,145.01677
Bluff Road|Grange Road|-37.94900,145.02166
Bluff Road|Highett Road|-37.94639,145.02219
Bluff Road|Holloway Road|-37.95662,145.02010
Bluff Road|Iona Street|-37.97316,145.01664
Bluff Road|June Street|-37.94562,145.02234
Bluff Road|Karrakatta Street|-37.97423,145.01642
Bluff Road|Kelly Avenue|-37.93310,145.02477
Bluff Road|Kenneth Street|-37.94729,145.02202
Bluff Road|Kinross Street|-37.93397,145.02453
Bluff Road|Lawson Parade|-37.95204,145.02105
Bluff Road|Linacre Road|-37.94447,145.02256
Bluff Road|Love Street|-37.96633,145.01807
Bluff Road|Ludstone Street|-37.93555,145.02423
Bluff Road|McKay Avenue|-37.96583,145.01818
Bluff Road|Medhurst Street|-37.95634,145.02016
Bluff Road|Middleton Street|-37.96749,145.01783
Bluff Road|Moira Avenue|-37.94966,145.02153
Bluff Road|Park Avenue|-37.95752,145.01991
Bluff Road|Potter Street|-37.96444,145.01846
Bluff Road|Raynes Park Road|-37.93764,145.02383
Bluff Road|Red Bluff Street|-37.96314,145.01873
Bluff Road|Regworth Court|-37.94874,145.02172
Bluff Road|Reno Road|-37.95847,145.01971
Bluff Road|Royal Avenue|-37.95910,145.01958
Bluff Road|Roydon Street|-37.93492,145.02435
Bluff Road|Sandringham Road|-37.95230,145.02099
Bluff Road|Seaview Crescent|-37.97058,145.01718
Bluff Road|South Road|-37.93187,145.02476
Bluff Road|Spring Street|-37.95944,145.01951
Bluff Road|Stanley Street|-37.97227,145.01683
Bluff Road|Summit Avenue|-37.93949,145.02348
Bluff Road|Sylvia Crescent|-37.97350,145.01657
Bluff Road|Teddington Road|-37.93661,145.02403
Bluff Road|Thomas Street|-37.94092,145.02321
Bluff Road|Thorburn Street|-37.94179,145.02305
Bluff Road|Tulip Street|-37.96213,145.01894
Bluff Road|Victoria Street|-37.95725,145.01997
Bluff Road|Vincent Street|-37.95009,145.02144
Bluff Road|Wickham Road|-37.94277,145.02286
Bluff Road|Widdop Crescent|-37.94054,145.02328
Blythe Court|Wheatland Crescent|-37.96775,145.12701
Blythe Street|Poath Road|-37.90216,145.07536
Blythe Street|Reid Street|-37.90254,145.07334
Boake Street|Leila Road|-37.90255,145.06101
Boake Street|Longstaff Street|-37.90407,145.06072
Boake Street|Park View Drive|-37.90485,145.06049
Boake Street|Patterson Street|-37.90332,145.06086
Bodley Street|Camdale Street|-37.94467,145.11379
Bodley Street|Clayton Road|-37.94495,145.11589
Bodley Street|Dalgetty Road|-37.99033,145.03693
Bodley Street|Dyer Court|-37.94444,145.11214
Bodley Street|Haldane Street|-37.99047,145.03803
Bodley Street|Mack Crescent|-37.94445,145.11221
Bodley Street|Mia Street|-37.94449,145.11248
Bodley Street|Murphy Street|-37.94482,145.11481
Bodley Street|Scott Street|-37.99059,145.03909
Bodley Street|Waters Court|-37.94478,145.11456
Bogart Close|Fernhill Drive|-37.97200,145.12430
Bogey Court|Southern Drive|-37.98534,145.13738
Bognor Avenue|Selsey Street|-38.09614,145.12943
Bogong Close|Glencairn Avenue|-38.01787,145.27645
Boileau Street|Kirkham Road West|-37.99609,145.18699
Boileau Street|Olive Grove|-37.99975,145.18630
Boiler House Road|Boilerhouse Road|-37.90828,145.13320
Boiler House Road|Engineering Road East|-37.90828,145.13320
Boilerhouse Road|Engineering Road East|-37.90828,145.13320
Boilerhouse Road|Research Way|-37.90768,145.13335
Boland Drive|Boland Drive Service Road|-38.07660,145.25705
Boland Drive|Evans Road|-38.07694,145.25874
Boland Drive|Everspring Drive|-38.07129,145.24977
Boland Drive|Kess Grove|-38.07532,145.25572
Boland Drive|Lyndhurst Boulevard|-38.07060,145.24681
Boland Drive|Merinda Park Boulevard|-38.07694,145.25874
Boland Drive|Noremac Grove|-38.07250,145.25372
Boland Drive|Yellowgum Avenue|-38.07663,145.25678
Boldrewood Place|Hal Porter Terrace|-38.06603,145.25924
Boldrewood Place|Prichard Avenue|-38.06434,145.25944
Boleyn Avenue|Lancaster Crescent|-38.10181,145.17519
Boleyn Avenue|Laurel Crescent|-38.10201,145.17515
Bolinda Street|Centre Road|-37.91919,145.04429
Bolinda Street|Renown Street|-37.92103,145.04396
Bolinda Street|Scotts Street|-37.92003,145.04414
Boloka Court|Kurrawa Crescent|-38.07713,145.14748
Bolt Court|Wedgewood Road|-38.01473,145.25780
Bolton Street|Haydens Road|-37.97844,145.02974
Bolton Street|Hilton Street|-37.97908,145.02839
Bolton Street|Keating Street|-37.97765,145.02528
Bombala Street|Carre Square|-37.94769,145.14200
Bombala Street|Talara Close|-37.94743,145.13975
Bona Vista Avenue|Nepean Highway|-38.02418,145.10007
Bonanza Road|Cliff Grove|-37.98590,145.05039
Bonanza Road|Wilkins Avenue|-37.97966,145.05177
Bonaparte Place|Elba Close|-37.90595,145.27398
Bonaparte Place|Karoo Road|-37.90711,145.27359
Bonar Court|Girvan Circuit|-37.96205,145.26434
Bonar Court|Moffat Close|-37.96186,145.26353
Bond Court|Lamont Crescent|-38.10071,145.27322
Bond Street|Boundary Road|-37.99272,145.10669
Bond Street|Fonceca Street|-37.99235,145.10392
Bond Street|Granville Grove|-37.93104,145.11311
Bond Street|Knight Street|-37.93126,145.11432
Bond Street|Springs Road|-37.93054,145.10931
Bond Street West|De Havilland Road|-37.99183,145.10020
Bond Street West|Fonceca Street|-37.99226,145.10377
Bond Street West|Hinkler Road|-37.99160,145.09850
Bondi Road|Fowler Street|-38.06142,145.12649
Bondi Road|Genoa Avenue|-38.06199,145.12480
Bondi Road|Nepean Highway|-38.06358,145.11959
Bondi Road|Royal Avenue|-38.06145,145.12704
Bondi Road|Scotch Parade|-38.05992,145.13165
Bondi Road|Station Street|-38.06357,145.12007
Bonham Crescent|Greta Street|-37.91022,145.11836
Bonham Crescent|White Street|-37.91127,145.12000
Bonita Court|McFees Road|-37.96501,145.22300
Bonny Street|Brad Street|-37.93183,145.06170
Bonny Street|Celia Street|-37.93159,145.05910
Bonny Street|East Boundary Road|-37.93133,145.05711
Bonwick Close|Lockwood Rise|-38.06215,145.26000
Boobialla Lane|Ground Cover Lane|-37.92172,145.10723
Boobyalla Street|Bottlebrush Drive|-37.99069,145.23611
Boobyalla Street|Jacaranda Street|-37.98826,145.23652
Boobyalla Street|Pittosporum Grove|-37.98986,145.23625
Boobyalla Street|Wirilda Court|-37.98904,145.23639
Booker Street|Bruton Avenue|-37.97322,145.06051
Booker Street|Edward Street|-37.97306,145.05927
Booker Street|Nepean Highway|-37.97354,145.06380
Bookham Way|Miralie Way|-38.09388,145.25613
Booloora Road|Brear Street|-37.94332,145.14092
Booloora Road|Osborne Avenue|-37.94595,145.14039
Boomerang Court|James Bathe Way|-38.06084,145.29765
Boonah Street|Luxford Court|-37.95634,145.15024
Boonah Street|Springvale Road|-37.95648,145.15139
Boonah Street|St Johns Avenue|-37.95612,145.14827
Boonah Street|The Crescent|-37.95623,145.14922
Boonong Avenue|Carder Avenue|-38.12610,145.12994
Boonong Avenue|Duncan Avenue|-38.12623,145.13096
Boonong Avenue|Fortescue Avenue|-38.12583,145.12773
Boonong Avenue|Kananook Avenue|-38.12567,145.12646
Boonong Avenue|Kirkwood Avenue|-38.12613,145.13013
Boonong Avenue|Wells Road|-38.12648,145.13301
Boonong Avenue|Wisewould Avenue|-38.12598,145.12894
Boonwurrung Street|Eliburn Drive|-38.12335,145.29903
Boonwurrung Street|Leak Avenue|-38.12344,145.29999
Booran Avenue|Springvale Road|-37.89919,145.16214
Booran Avenue|Winmalee Drive|-37.90010,145.15832
Booran Road|North Road|-37.90336,145.03488
Booran Road|Wheatley Road|-37.90336,145.03488
Booth Crescent|Carlton Road|-37.95937,145.20790
Booth Crescent|Donnelly Court|-37.96093,145.21039
Booth Crescent|Rachel Street|-37.96104,145.20922
Booth Crescent|Twohig Court|-37.96063,145.20800
Booth Street|Eva Street|-37.99529,145.08744
Booth Street|Melrose Street|-37.99496,145.08486
Booth Street|Nepean Highway|-37.99481,145.08365
Boothby Terrace|Paterson Drive|-38.06117,145.25390
Boothby Terrace|Penton Way|-38.05944,145.25471
Bootie Court|James Cook Drive|-37.98225,145.24668
Bordeaux Avenue|Swift Drive|-37.90220,145.17244
Bordeaux Avenue|View Mount Road|-37.90230,145.17405
Bordeaux Avenue|Warwick Court|-37.90219,145.17308
Boree Avenue|Elder Street|-37.92770,145.10436
Boree Avenue|Melaleuca Drive|-37.92795,145.10653
Borela Court|Elliminya Court|-37.93748,145.09952
Boronia Avenue|Kandra Street|-37.96099,145.20383
Boronia Avenue|Laemmle Street|-37.96164,145.20329
Boronia Avenue|Majestic Boulevard|-38.08766,145.29365
Boronia Avenue|Oakwood Avenue|-37.96364,145.20157
Boronia Avenue|Pinewood Avenue|-37.96228,145.20266
Boronia Avenue|Satin Street|-38.08931,145.29332
Boronia Avenue|Waratah Drive|-37.95977,145.20488
Boronia Court|Oakwood Drive|-37.99316,145.15815
Boronia Court|Pinewood Drive|-38.09684,145.18805
Boronia Street|Paloma Street|-37.91454,145.07704
Boronia Street|Waratah Street|-37.91243,145.07745
Borrowdale Court|Bradley Way|-38.10900,145.26043
Bossington Street|Golf Road|-37.91690,145.08831
Bossington Street|Selworthy Avenue|-37.91650,145.08507
Bossington Street|Sumersett Avenue|-37.91663,145.08615
Bossington Street|Taunton Avenue|-37.91677,145.08723
Bossington Street|Warrigal Road|-37.91628,145.08398
Bostock Court|Crusoe Drive|-37.91313,145.27574
Boston Avenue|Glenmore Court|-38.11369,145.15235
Boston Avenue|Haslam Street|-38.11290,145.15251
Boston Avenue|Pimpala Avenue|-38.11456,145.15219
Boston Avenue|Seaford Road|-38.11211,145.15284
Boswell Court|Francesco Drive|-37.94722,145.21806
Botanic Drive|Lilac Way|-37.93961,145.13619
Botanic Drive|Rosebank Avenue|-37.93999,145.13611
Botanic Drive|Sapling Street|-37.93912,145.13629
Botanica Way|Domain Drive|-37.99476,145.16999
Botanical Grove|Botanical Grove North|-37.97930,145.23767
Botanical Grove|Botanical Grove South|-37.97930,145.23767
Botanical Grove|Cootamundra Street|-37.97920,145.23687
Botanical Grove|Power Road|-37.97979,145.24094
Botanical Grove North|Botanical Grove South|-37.97930,145.23767
Botanical Grove North|Rimu Close|-37.97892,145.23867
Botany Court|Springs Road|-37.93379,145.10867
Botany Drive|Dexter Mews|-38.09886,145.18959
Botany Drive|Flora Lane|-38.10031,145.18931
Botany Drive|Grnja Way|-38.09969,145.18945
Botany Way|Leafy Circuit|-38.09463,145.29392
Botany Way|Marshy Avenue|-38.09487,145.29564
Botany Way|Pepper Street|-38.09499,145.29653
Botany Way|Villager Street|-38.09450,145.29803
Bottlebrush Court|Earlwood Drive|-37.90993,145.17347
Bottlebrush Drive|Cedar Street|-37.99075,145.23671
Bottlebrush Drive|Chestnut Road|-37.99057,145.23504
Bottlebrush Drive|Photinia Street|-37.99235,145.23747
Boulton Street|Parsons Avenue|-37.94499,145.15130
Boulton Street|Regal Drive|-37.94494,145.15131
Boulton Street|Springvale Road|-37.94522,145.15343
Boundary Lane|Boundary Road|-38.08524,145.17799
Boundary Road|Canterbury Road|-38.00958,145.10344
Boundary Road|Centre Dandenong Road|-37.97227,145.11187
Boundary Road|Chifley Drive|-37.97868,145.11060
Boundary Road|Citrus Street|-37.99089,145.10722
Boundary Road|Clayton Road|-37.95757,145.11339
Boundary Road|Clifton Grove|-38.08527,145.17824
Boundary Road|Colemans Road|-38.08488,145.17490
Boundary Road|College Walk|-37.90979,145.12901
Boundary Road|Dandenong - Frankston Road|-38.08591,145.18316
Boundary Road|Dingley Bypass|-37.95960,145.11292
Boundary Road|Frankston-Dandenong Road|-38.08591,145.18316
Boundary Road|Garden Boulevard|-37.97550,145.11133
Boundary Road|Heatherton Road|-37.95757,145.11339
Boundary Road|Industrial Drive|-38.00455,145.10441
Boundary Road|Japaddy Street|-37.98956,145.10747
Boundary Road|Junction Road|-37.96458,145.11114
Boundary Road|Kingston Road|-37.95757,145.11339
Boundary Road|Lake Drive|-37.98016,145.11035
Boundary Road|Lower Dandenong Road|-37.98641,145.10979
Boundary Road|Malcolm Road|-38.00086,145.10512
Boundary Road|Mills Road|-37.99340,145.10675
Boundary Road|Old Boundary Road|-37.96104,145.11177
Boundary Road|Old Dandenong Road|-37.96650,145.11107
Boundary Road|Plane Tree Avenue|-37.97375,145.11163
Boundary Road|Redwood Drive|-37.98372,145.10974
Boundary Road|Rossiter Road|-38.08349,145.16420
Boundary Road|Tarnard Drive|-37.98873,145.10789
Boundary Road|Walker Street|-37.99709,145.10585
Boundary Road|Wells Road|-38.01144,145.10331
Boundary Road|White Street|-38.00086,145.10512
Bourbon Road|Parkhurst Drive|-38.12773,145.29417
Bourbon Road|Scone Street|-38.12798,145.29619
Bourbon Road|Somers Street|-38.12801,145.29645
Bourke Road|Bushland Avenue|-37.94198,145.10881
Bourke Road|Camdale Street|-37.94267,145.11419
Bourke Road|Carroll Road|-37.93997,145.09231
Bourke Road|Cedar Court|-37.94006,145.09305
Bourke Road|Clayton Road|-37.94293,145.11629
Bourke Road|Cypress Court|-37.94014,145.09372
Bourke Road|Duff Street|-38.10115,145.27475
Bourke Road|Elder Street South|-37.94117,145.10244
Bourke Road|Enngonia Crescent|-37.94239,145.11214
Bourke Road|Glenelg Drive|-37.94209,145.10940
Bourke Road|Harris Court|-37.94222,145.11049
Bourke Road|Mack Crescent|-37.94256,145.11316
Bourke Road|Murphy Street|-37.94279,145.11522
Bourke Road|Old Dandenong Road|-37.93984,145.09105
Bourke Road|Osborne Avenue|-37.94293,145.11629
Bourke Road|Rosella Avenue|-37.94101,145.10063
Bourke Road|Ruffy Drive|-38.09907,145.27419
Bourke Road|Sandalwood Drive|-37.94033,145.09514
Bourke Road|Springs Road|-37.94182,145.10711
Bourke Road|Sundowner Avenue|-37.94189,145.10765
Bourke Road|Viney Street|-37.94114,145.10175
Bourke Road|Wannan Court|-37.94232,145.11124
Bourke Road|Warraweena Road|-37.94257,145.11323
Bourke Road|Wilam Court|-38.09826,145.27426
Bourke Street|Greens Court|-37.97808,145.05592
Bourke Street|Russell Court|-37.97811,145.05591
Bournemouth Avenue|Donald Street|-37.95820,145.14205
Bournemouth Avenue|Egan Street|-37.95786,145.13980
Bournemouth Avenue|Ellen Street|-37.95811,145.14111
Bournemouth Avenue|Large Street|-37.95799,145.14019
Bournemouth Avenue|McKirdy Street|-37.95773,145.13928
Bournemouth Avenue|Westall Road|-37.95750,145.13709
Bourneville Avenue|Dacey Street|-37.92704,145.02065
Bourneville Avenue|South Road|-37.93112,145.01998
Bourneville Avenue|Sunlight Crescent|-37.92787,145.02055
Boutique Lane|Goodenia Loop|-38.11326,145.24257
Boutique Lane|Modena Place|-38.11375,145.24341
Bouvardia Crescent|Tamarisk Drive|-38.11362,145.16241
Bouverie Place|Chardonnay Drive|-38.10465,145.19705
Bovec Court|Greendale Road|-37.92752,145.06776
Bowden Court|Threadbow Crescent|-37.90235,145.17848
Bowen Court|Derwent Street|-37.97959,145.08055
Bowen Parkway|Wells Road|-38.01998,145.12169
Bowen Street|Canterbury Street|-38.09927,145.28560
Bowen Street|High Street Service Road|-38.09900,145.28332
Bowen Street|Hotham Street|-38.09982,145.29017
Bowen Street|Kangaroo Road|-37.90054,145.08293
Bowerbird Place|Lyrebird Drive|-38.10601,145.18046
Bowman Close|Palm Way|-38.04372,145.29069
Bowman Lane|Keys Road|-38.02345,145.16988
Bowman Street|Chandler Road|-37.96487,145.18757
Bowman Street|Heatherton Road|-37.96692,145.18947
Bowman Street|Marshall Street|-37.96656,145.18956
Bowman Street|Parana Street|-38.01092,145.08777
Bowmore Road|Hay Court|-37.96093,145.17579
Bowmore Road|Holloway Court|-37.96024,145.17592
Bowmore Road|Jenkins Street|-37.95766,145.17642
Bowmore Road|Kelvinside Road|-37.96108,145.17552
Bowmore Road|Mitchell Court|-37.95952,145.17606
Bowmore Road|Princes Highway|-37.95264,145.17824
Bowmore Road|Princes Highway Service Road|-37.95273,145.17811
Bowmore Road|Through Road|-37.95615,145.17671
Bowmore Street|Kelvinside Street|-37.90012,145.07771
Bowmore Street|Poath Road|-37.89988,145.07577
Bown Court|Ward Street|-37.91787,145.01557
Box Close|Hibiscus Drive|-37.90812,145.17239
Box Court|Elizabeth Street|-37.92247,145.05163
Box Street|Camellia Court|-37.99507,145.23595
Box Street|Cercis Court|-37.99649,145.22922
Box Street|Claredale Road|-37.99635,145.22820
Box Street|Ficifolia Drive|-37.99618,145.23125
Box Street|Kanooka Grove|-37.99509,145.23584
Box Street|Magnolia Grove|-37.99495,145.23698
Box Street|Matipo Street|-37.99533,145.23483
Box Street|McCrae Street|-37.99596,145.22475
Box Street|Melia Street|-37.99592,145.23235
Box Street|Oleander Street|-37.99495,145.23698
Box Street|Paperbark Street|-37.99508,145.23804
Box Street|Plunkett Road|-37.99596,145.22475
Box Street|Power Road|-37.99508,145.23804
Box Street|The Pines|-37.99536,145.23474
Boyd Avenue|Clayton Road|-37.90771,145.12299
Boyd Avenue|Dobell Drive|-38.04253,145.12633
Boyd Avenue|Dobson Avenue|-37.90758,145.12189
Boyd Avenue|Patrick Street|-37.90744,145.12070
Boyd Court|Boyd Street|-37.96543,145.21726
Boyd Court|Cootamundra Drive|-37.91360,145.17060
Boyd Street|Cook Court|-37.96485,145.21471
Boyd Street|Curtin Crescent|-37.96443,145.21088
Boyd Street|Deakin Crescent|-37.96460,145.21268
Boyd Street|Heatherton Road|-37.97028,145.21699
Boyd Street|Nicole Avenue|-37.96947,145.21716
Boyd Street|Oldmeadow Street|-37.96837,145.21737
Boyd Street|Philip Street|-37.96497,145.21572
Boyd Street|Scullin Street|-37.96472,145.21368
Boyd Street|Tooronga Street|-37.96638,145.21776
Boyne Street|Eildon Parade|-37.91831,145.24786
Boyne Street|Goulburn Drive|-37.91659,145.24806
Boynton Street|Chesterville Road|-37.92604,145.06377
Boynton Street|Leo Street|-37.92585,145.06229
Boynton Street|Wards Grove|-37.92571,145.06126
Bracken Court|Whalley Drive|-37.91953,145.19039
Bracknell Street|Cheltenham Road|-37.99459,145.18306
Bracknell Street|Condon Court|-37.99347,145.18307
Bracknell Street|Haldane Street|-37.99210,145.18478
Bracy Avenue|Fordham Court|-37.96990,145.15716
Bracy Avenue|Levin Street|-37.96990,145.15716
Bradford Drive|Sherbourne Drive|-38.08830,145.18717
Bradford Street|Centre Road|-37.92354,145.07832
Bradford Street|Rudyard Street|-37.92671,145.07777
Bradley Court|Hunt Crescent|-37.94549,145.10257
Bradley Court|Lauren Drive|-38.03080,145.27108
Bradley Way|Fishburn Place|-38.10958,145.26032
Bradley Way|Scarborough Avenue|-38.10885,145.25951
Bradman Drive|Hall Road|-38.10810,145.24287
Bradman Drive|Ranfurlie Boulevard|-38.11215,145.24187
Bradman Drive|Trueman Street|-38.11049,145.24215
Bradshaw Street|Brownfield Street|-37.99530,145.09683
Bradshaw Street|Cedric Street|-37.99796,145.09636
Bradshaw Street|Elliot Street|-37.99707,145.09653
Bradshaw Street|McKay Street|-37.99617,145.09670
Bradshaw Street|White Street|-37.99978,145.09601
Brady Avenue|Fairbank Road|-37.94247,145.13378
Brady Avenue|Rosebank Avenue|-37.93977,145.13431
Brady Close|Gilmore Crescent|-38.04850,145.25449
Brady Road|Cardinia Close|-37.95593,145.22863
Brady Road|Central Avenue|-37.95381,145.21061
Brady Road|Centre Road|-37.92227,145.06782
Brady Road|Chesterville Drive|-37.92300,145.06753
Brady Road|Denver Street|-37.93407,145.06556
Brady Road|Dorset Road|-37.95504,145.22086
Brady Road|Exner Drive|-37.95371,145.20992
Brady Road|Florence Street|-37.92366,145.06758
Brady Road|Gladstone Road|-37.95347,145.20792
Brady Road|Highview Road|-37.92958,145.06645
Brady Road|Leonie Avenue|-37.92557,145.06722
Brady Road|Loch Road|-37.95441,145.21571
Brady Road|Normanby Road|-37.92818,145.06671
Brady Road|Normdale Road|-37.93043,145.06629
Brady Road|Outlook Drive|-37.95528,145.22283
Brady Road|Pedder Court|-37.95516,145.22182
Brady Road|Prospect Hill Crescent|-37.95520,145.22215
Brady Road|Shalimar Crescent|-37.95411,145.21298
Brady Road|South Road|-37.93680,145.06503
Brady Road|Stud Road|-37.95571,145.22637
Brady Road|Victor Avenue|-37.95398,145.21190
Brae Road|Wellington Road|-37.92976,145.29644
Braeburn Parade|Gearon Avenue|-37.93027,145.25283
Braeburn Parade|Silkwood Way|-37.92722,145.25178
Braeburn Parade|Wellington Road|-37.92722,145.25178
Braemar Court|Erskine Crescent|-37.90930,145.19416
Braemar Court|Peebles Street|-37.96678,145.26776
Braemar Street|Frankston-Dandenong Road|-38.12418,145.14031
Braemar Street|Hadley Street|-38.12308,145.13911
Braeside Drive|Malcolm Road|-38.00108,145.11178
Braeside Drive|Urban Street|-37.99868,145.11224
Braestar Street|Kingdom Drive|-38.09043,145.28200
Braestar Street|Mariposa Grove|-38.09237,145.28240
Brahmin Avenue|Caribou Court|-37.91396,145.17927
Brahmin Avenue|Chancellor Drive|-37.91407,145.18243
Brahmin Avenue|Cynisca Court|-37.91398,145.17916
Brahmin Avenue|Doris Court|-37.91393,145.18132
Brahmin Avenue|Enrica Place|-37.91379,145.18029
Brahmin Avenue|Lorraine Court|-37.91395,145.18147
Brahmin Avenue|Lum Road|-37.91391,145.17823
Brahmin Avenue|Mantova Drive|-37.91385,145.17992
Brailsford Road|Jasper Road|-37.93196,145.03923
Bramble Close|Yellowbox Crescent|-38.05803,145.24438
Bramley Crescent|Haversham Avenue|-37.91177,145.20031
Bramley Crescent|Milroy Court|-37.91468,145.20125
Bramley Street|Sinclair Road|-37.98944,145.19666
Bramley Street|Tharle Street|-37.98959,145.19792
Brampton Court|Madison Avenue|-38.00350,145.29896
Brampton Street|Farm Road|-37.96276,145.07629
Brampton Street|Kimpton Street|-37.96496,145.07589
Bramshaw Way|Broadstone Way|-38.11778,145.26339
Bramshaw Way|Cherryhills Drive|-38.11765,145.26241
Bramton Court|Valewood Drive|-37.92325,145.16820
Bramwell Close|Preston Avenue|-37.99243,145.26313
Branagan Drive|Jones Court|-38.02505,145.12154
Branagan Drive|Lance Close|-38.02520,145.12278
Branagan Drive|Merthyr Place|-38.02772,145.12645
Branagan Drive|Nurten Parade|-38.02459,145.12053
Branagan Drive|O'Donnell Close|-38.02902,145.12813
Branagan Drive|Rosie Court|-38.02919,145.12833
Branca Court|Hillsley Avenue|-37.99586,145.27898
Brand Street|Field Street|-37.94484,145.01755
Brand Street|Wales Street|-37.94463,145.01590
Brando Court|Loren Court|-37.97488,145.27784
Brando Court|Reema Boulevard|-37.97432,145.27722
Brandon Court|Folkestone Crescent|-37.96605,145.14371
Brandon Court|Sienna Crescent|-37.98372,145.26791
Brandon Park Drive|Campus Court|-37.90984,145.16417
Brandon Park Drive|Chancellor Drive|-37.91714,145.18065
Brandon Park Drive|Collegium Avenue|-37.90477,145.16357
Brandon Park Drive|Columbia Drive|-37.91969,145.18133
Brandon Park Drive|Drysdale Court|-37.91373,145.16812
Brandon Park Drive|Ferntree Gully Road|-37.90373,145.16379
Brandon Park Drive|Garfield Place|-37.91780,145.17550
Brandon Park Drive|Graduate Crescent|-37.90957,145.16414
Brandon Park Drive|Kalera Court|-37.91689,145.17859
Brandon Park Drive|Lancing Court|-37.91700,145.17967
Brandon Park Drive|Landsborough Avenue|-37.91825,145.17481
Brandon Park Drive|Lum Road|-37.91694,145.17753
Brandon Park Drive|Mackerras Court|-37.91737,145.17198
Brandon Park Drive|Magid Avenue|-37.90731,145.16313
Brandon Park Drive|Mantova Drive|-37.91691,145.17882
Brandon Park Drive|Matheson Court|-37.91733,145.18108
Brandon Park Drive|Minerva Court|-37.90817,145.16337
Brandon Park Drive|Ondine Drive|-37.91831,145.17391
Brandon Park Drive|Plato Crescent|-37.90907,145.16378
Brandon Park Drive|Tudawali Crescent|-37.91675,145.17126
Brandon Park Drive|Wellington Road|-37.92121,145.18103
Brandon Way|Monash Crescent|-37.94436,145.13403
Brandon Way|Osborne Avenue|-37.94515,145.13387
Branton Drive|Cairns Road|-38.03751,145.25034
Branton Drive|Mosig Court|-38.03862,145.25070
Bray Court|Longview Avenue|-37.91957,145.06534
Bream Bay|Snapper Point Drive|-38.07218,145.13751
Breamlea Court|Fillmore Road|-37.94130,145.20902
Breamlea Way|Raisell Road|-38.10012,145.25759
Breanne Place|Keylana Drive|-38.00335,145.14403
Brear Street|Fairbank Road|-37.94324,145.14015
Brear Street|Westall Road|-37.94324,145.14015
Brearley Court|Salerno Way|-37.93342,145.23719
Bree Place|Landsborough Avenue|-37.90560,145.25884
Breen Drive|Dendy Street|-37.92291,145.02375
Breens Road|Calais Circuit|-38.08844,145.26527
Breens Road|Monahans Road|-38.08895,145.26934
Breeze Street|Coast Banksia Drive|-38.06744,145.12484
Breeze Street|Karadoc Court|-38.06740,145.12496
Breeze Street|Milan Court|-38.06777,145.12388
Breeze Street|Patterson Street|-38.06816,145.12270
Breeze Street|Sandalong Court|-38.06678,145.12681
Breeze Street|Station Street|-38.06874,145.12101
Breeze Street|The Fairway|-38.06654,145.12760
Breeze Street|Warrawitur Court|-38.06709,145.12588
Bremer Circuit|Emily Promenade|-38.00160,145.18292
Bremer Circuit|Tylers Run|-38.00160,145.18292
Brendan Court|Young Road|-38.00314,145.27565
Brennan Street|Hopkins Street|-37.91073,145.02718
Brennan Street|Pascoe Avenue|-37.91204,145.02696
Brentford Court|Heyington Crescent|-37.95952,145.19892
Brentnall Court|Kerrison Drive|-38.03202,145.25424
Brentwood Close|Clayton Road|-37.93503,145.11775
Brentwood Close|Merlyn Avenue|-37.93553,145.11492
Brentwood Drive|Courtenay Avenue|-38.08006,145.28581
Brentwood Drive|Eliza Street|-38.08024,145.28857
Brentwood Drive|Josephine Avenue|-38.08054,145.29096
Brentwood Drive|Kirkwall Court|-37.90045,145.17071
Brentwood Drive|Lansell Drive|-38.08047,145.29009
Brentwood Drive|Loch Court|-37.90256,145.16941
Brentwood Drive|Maria Court|-38.08015,145.28767
Brentwood Drive|Maylands Crescent|-37.90325,145.16906
Brentwood Drive|Montie Court|-37.90160,145.16960
Brentwood Drive|Oxley Close|-37.90087,145.16974
Brentwood Drive|Regency Place|-37.90045,145.17044
Brentwood Drive|Swift Drive|-37.90032,145.17164
Brentwood Drive|Watsons Road|-37.90329,145.16780
Brentwood Drive|Whites Lane|-37.89969,145.17335
Brentwood Street|Dulcie Grove|-37.93343,145.04538
Brentwood Street|Porter Road|-37.93323,145.04371
Brett Drive|Cheltenham Road|-37.99273,145.15987
Brett Drive|Epacris Place|-37.99440,145.15982
Brett Drive|Hibiscus Way|-37.99525,145.15982
Brett Drive|Lainie Avenue|-37.99376,145.15994
Brett Drive|Lathams Road|-38.09813,145.16286
Brett Drive|Oakwood Drive|-37.99387,145.15992
Brett Place|Sienna Crescent|-37.98350,145.26989
Brett Street|Dalny Road|-37.90234,145.06956
Brett Street|Irving Avenue|-37.90585,145.06888
Brett Street|Kinlock Avenue|-37.90514,145.06903
Brett Street|Leura Street|-37.90279,145.06950
Brett Street|Margaretta Avenue|-37.90588,145.06888
Brett Street|North Road|-37.90742,145.06858
Brett Street|Strathearn Avenue|-37.90655,145.06875
Brett Street|Victory Street|-37.90348,145.06936
Brett Street|Wallace Avenue|-37.90435,145.06919
Brewer Court|Elmsford Court|-37.99732,145.16757
Brewer Road|Burgess Street|-37.92198,145.03591
Brewer Road|Campbell Street|-37.92157,145.03234
Brewer Road|Charlton Street|-37.92150,145.03173
Brewer Road|Clairmont Avenue|-37.92055,145.02420
Brewer Road|Daley Street|-37.92222,145.03786
Brewer Road|Eddys Grove|-37.92116,145.02888
Brewer Road|Gilbert Grove|-37.92143,145.03113
Brewer Road|Hillside Avenue|-37.92122,145.02938
Brewer Road|Jasper Road|-37.92259,145.04097
Brewer Road|Mavho Street|-37.92171,145.03355
Brewer Road|Miles Street|-37.92136,145.03056
Brewer Road|Mitchell Street|-37.92234,145.03891
Brewer Road|Nepean Highway|-37.92050,145.02248
Brewer Road|North Avenue|-37.92191,145.03522
Brewer Road|Park Crescent|-37.92163,145.03283
Brewer Road|Sunnyside Grove|-37.92102,145.02776
Brewer Road|Talbot Avenue|-37.92108,145.02819
Brewer Road|Thomas Street|-37.92021,145.02256
Brewer Road|Todd Street|-37.92094,145.02713
Breydon Place|Kirkwood Crescent|-38.03604,145.28380
Breynia Way|Monahans Road|-38.09431,145.26829
Brian Court|Sharrock Drive|-37.98389,145.12667
Brian Street|Colin Street|-37.92486,145.05271
Brian Street|David Street|-37.92471,145.05151
Brian Street|Tucker Road|-37.92453,145.05013
Brian Street|Wallace Street|-37.92501,145.05391
Briar Grove|Lea Road|-37.92717,145.16824
Briar Grove|Wanda Street|-37.92704,145.16718
Briar Hurst Avenue|Prospect Hill Crescent|-37.95682,145.22256
Briar Street|Connie Street|-37.92116,145.07582
Briar Street|Richard Street|-37.92103,145.07475
Briarcrest Drive|Greenock Crescent|-38.10540,145.29385
Briarcrest Drive|Hunt Club Boulevard|-38.10431,145.29401
Briarcrest Drive|Oak Post Place|-38.10503,145.29390
Briarcrest Drive|Scotsdale Drive|-38.10782,145.29533
Briarcrest Drive|Thistlewood Place|-38.10575,145.29381
Briarcrest Drive|Woodchase Court|-38.10645,145.29373
Briarfield Road|Kingswood Crescent|-37.96052,145.19749
Briarfield Road|Titcher Road|-37.95890,145.19799
Briarley Court|Geraldine Drive|-38.04590,145.28003
Bricker Street|Dissik Street|-37.95237,145.07150
Bricker Street|Herald Street|-37.95262,145.07348
Bride Avenue|Pound Road|-38.02702,145.25773
Bride Avenue|Somerville Road|-38.03078,145.25696
Bridge Road|Cambria Road|-37.98976,145.19178
Bridge Road|Cheltenham Road|-37.99239,145.19124
Bridge Road|Futura Road|-37.98673,145.19245
Bridge Road|Popes Road|-37.98307,145.19225
Bridge Street|Carew Street|-37.94465,145.00377
Bridge Street|Francis Street|-37.94525,145.00870
Bridge Street|Karoola Street|-37.94505,145.00713
Bridge Street|Kyarra Street|-37.94517,145.00810
Bridge Street|Susan Street|-37.94510,145.00751
Bridges Avenue|Edithvale Road|-38.03581,145.11718
Bridgewater Drive|Casco Place|-37.98656,145.11958
Bridgewater Drive|Howard Road|-37.98678,145.12042
Bridgewater Drive|Shoal Court|-37.98590,145.11957
Bridgewater Drive|Twofold Close|-37.98472,145.11995
Bridgewater Way|Erie Avenue|-37.91511,145.24517
Bridgewater Way|Fulham Road|-37.91892,145.24149
Bridgewater Way|Kiaka Lane|-37.91935,145.24148
Bridgewater Way|Lakeside Boulevard|-37.91522,145.24424
Bridgewater Way|Nioka Place|-37.92165,145.24135
Bridgewater Way|Saint John Place|-37.91623,145.24248
Bridgewater Way|Simon Avenue|-37.92112,145.24115
Bridgewater Way|Superior Avenue|-37.91602,145.24285
Bridgewater Way|Taylors Lane|-37.91526,145.24632
Bridgewater Way|Turramurra Drive|-37.92220,145.24390
Bridle Court|Showjump Crescent|-37.96596,145.27327
Bridport Street|Morningside Boulevard|-38.10057,145.24914
Bridport Street|Saint Clair Avenue|-38.10084,145.25110
Brigalo Court|Grayling Crescent|-37.99148,145.17059
Brigantine Court|Clipper Island|-38.07402,145.14077
Brigantine Court|Schooner Bay Drive|-38.07404,145.13959
Briggs Crescent|Cumberland Avenue|-37.96703,145.18042
Briggs Crescent|Heatherton Road|-37.96588,145.18064
Briggs Crescent|Leman Crescent|-37.96703,145.18042
Briggs Crescent|Mons Parade|-37.96833,145.17888
Bright Street|Hampton Street|-37.91555,145.00669
Bright Street|Shasta Avenue|-37.91699,145.01117
Brighton Street|Daly Road|-37.94767,145.01418
Brighton Street|Gadd Street|-37.90926,145.09693
Brighton Street|Holzer Street|-37.94766,145.01326
Brighton Street|Minnie Street|-37.94749,145.01181
Brighton Street|Nelson Street|-37.94737,145.01070
Brighton Street|Watsonia Street|-37.90916,145.09599
Brighton Street|Young Street|-37.90905,145.09505
Brindabella Circuit|Daintree Drive|-38.08669,145.20783
Brindabella Circuit|Ravensbourne Court|-38.08669,145.20783
Brindabella Way|Charlwood Close|-38.06195,145.25573
Brindabella Way|Penton Way|-38.06148,145.25490
Brindalee Place|Dartmoor Drive|-38.09717,145.29557
Brindalee Place|Narre Warren Road|-38.09682,145.29326
Brindisi Street|Mentone Parade|-37.98441,145.06482
Brindisi Street|Remo Street|-37.98410,145.06234
Brindley Street|Cubitt Way|-38.00852,145.19572
Brindley Street|Logis Boulevard|-38.00892,145.19799
Brindley Street|Oppenheim Way|-38.00800,145.19192
Brine Street|Dallas Avenue|-37.90453,145.07773
Brine Street|North Road|-37.90847,145.07695
Brisbane Terrace|McSwain Street|-37.99021,145.08865
Brisbane Terrace|Warren Road|-37.99077,145.09312
Briscoe Court|George Bass Avenue|-37.98937,145.26814
Bristol Avenue|Nepean Highway|-38.04432,145.11190
Bristol Avenue|Wallum Road|-38.04482,145.11056
Bristol Place|Severn Crescent|-37.91635,145.25832
Bristol Street|Cormick Street|-37.92205,145.07303
Bristol Street|Dover Street|-37.92166,145.06946
Bristow Close|Wentworth Avenue|-37.91578,145.26140
Britannia Close|Fleet Street|-38.06681,145.28872
Brixton Road|Wangara Road|-37.95792,145.03122
Brixton Street|Genoa Avenue|-38.06400,145.12573
Brixton Street|Monaco Avenue|-38.06477,145.12373
Brixton Street|Patterson Street|-38.06533,145.12212
Brixton Street|Station Street|-38.06589,145.12041
Brixton Street|Zephyr Place|-38.06443,145.12473
Broad Oak Drive|Race Drive|-38.11286,145.29936
Broad Oak Drive|Stephen Johnson Way|-38.11363,145.29933
Broadacres Court|Monaro Crescent|-38.01485,145.29964
Broadbent Court|Seventh Avenue|-38.04249,145.13259
Broadchapel Place|Fermont Court|-37.93637,145.10380
Broadchapel Place|Viney Street|-37.93624,145.10277
Broadlands Street|Heart Street|-37.99196,145.21117
Broadleaf Court|Elmswood Boulevard|-37.99901,145.14819
Broadleaf Court|Yale Avenue|-37.99901,145.14819
Broadleaf Way|Flametree Circuit|-38.08436,145.28786
Broadleaf Way|Forest Oak Court|-38.08585,145.28757
Broadleaf Way|Honey Myrtle Way|-38.08553,145.28764
Broadleaf Way|Waterbury Street|-38.08402,145.28791
Broadoak Street|Mackay Street|-37.97355,145.15732
Broadoak Street|Maxwell Street|-37.97401,145.15914
Broadoak Street|Palana Court|-37.97405,145.15937
Broadoak Street|Rowlands Avenue|-37.97439,145.16205
Broadstone Way|Cherryhills Drive|-38.11588,145.26277
Broadstone Way|Dunferline Crescent|-38.11799,145.26335
Broadstone Way|Firestone Green|-38.12112,145.26284
Broadstone Way|Kingsbarn Court|-38.11724,145.26351
Broadstone Way|Lytham Court|-38.12112,145.26284
Broadstone Way|Merion Vista|-38.12027,145.26301
Broadstone Way|Powerscout Retreat|-38.11600,145.26371
Broadstone Way|Rosscommon Mews|-38.11685,145.26359
Broadstone Way|Rosslare Place|-38.12081,145.26290
Broadstone Way|Saint Mellion Court|-38.11648,145.26366
Broadview Terrace|Mount Vlasic Drive|-37.91140,145.28735
Broadwalk Grove|Chiswick Court|-37.97109,145.25285
Broadwalk Grove|Granby Court|-37.97172,145.25288
Broadwalk Grove|Grove End Road|-37.96919,145.25392
Broadwalk Grove|Nash Court|-37.97019,145.25291
Broadwalk Grove|Redhill Court|-37.96950,145.25286
Broadwater Drive|Jardine Terrace|-38.01316,145.13300
Broadwater Drive|Shoalwater Drive|-38.01235,145.13596
Broadwater Drive|The Mews|-38.01363,145.13356
Broadwater Drive|Waterside Drive|-38.01390,145.13253
Broadway|Harold Street|-38.05701,145.12892
Broadway|Station Street|-38.06018,145.11952
Broadway|Trent Court|-38.05630,145.13105
Broderick Road|Cicada Court|-38.10388,145.17976
Broderick Road|Firetail Court|-38.10387,145.17947
Broderick Road|Frankston-Dandenong Road|-38.10272,145.17014
Broderick Road|Jacana Drive|-38.10375,145.17846
Broderick Road|Jumbuck Circuit|-38.10296,145.17198
Broderick Road|Kestrel Court|-38.10369,145.18092
Broderick Road|Laurel Crescent|-38.10357,145.17727
Brodie Street|Nepean Highway|-38.10736,145.12576
Brodribb Street|Gordon Street|-37.92774,145.03153
Brodribb Street|Wolsley Street|-37.92677,145.03173
Brogden Court|Dandelion Drive|-37.92706,145.26187
Brolga Avenue|Chelsea Park Drive|-38.04982,145.13771
Brolga Avenue|Muir Court|-38.04956,145.13851
Brolga Avenue|Olive Court|-38.04929,145.13930
Brolga Avenue|Seccull Drive|-38.04902,145.14009
Brolga Court|Sunbird Crescent|-38.11244,145.17426
Bromley Avenue|Linsell Boulevard|-38.09902,145.29772
Bromley Avenue|Trafalgar Way|-38.09854,145.29784
Bronson Circuit|Danby Court|-38.07552,145.29557
Bronson Circuit|Hawkshead Place|-38.07568,145.29685
Bronson Circuit|Ruthven Way|-38.07508,145.29560
Bronte Court|Thomas Street|-37.94057,145.02018
Bronte Street|Harper Crescent|-38.09943,145.24542
Bronte Street|Wilmington Avenue|-38.09943,145.24542
Bronwyn Court|Ireland Road|-37.95696,145.13343
Bronwyn Court|Sara Drive|-37.91593,145.19198
Bronzewing Drive|Pagett Road|-38.08870,145.17585
Brook Court|Green Valley Crescent|-38.02878,145.26381
Brooke Close|Charnfield Crescent|-37.97823,145.18143
Brookland Court|Maygrove Way|-37.93213,145.19657
Brookland Greens Boulevard|Bundoran Avenue|-38.11998,145.25494
Brookland Greens Boulevard|Cherryhills Drive|-38.12144,145.26088
Brookland Greens Boulevard|Cranbourne-Frankston Road|-38.11827,145.25077
Brookland Greens Boulevard|Eaglescliffe Crescent|-38.11852,145.25195
Brookland Greens Boulevard|Fernhill Avenue|-38.11863,145.25286
Brookland Greens Boulevard|Ganton Grove|-38.11902,145.25328
Brookland Greens Boulevard|Longhirst Avenue|-38.12188,145.25819
Brookland Greens Boulevard|Parkstone Vista|-38.11949,145.25396
Brookland Greens Boulevard|Saunton Drive|-38.12018,145.25543
Brookland Greens Boulevard|Spring Water Crescent|-38.11844,145.25197
Brookland Greens Boulevard|The Belfry|-38.11981,145.25452
Brooklyn Avenue|Dandenong Street|-37.99512,145.19717
Brooklyn Avenue|Dingley Avenue|-37.99586,145.19539
Brooklyn Avenue|Hazel Avenue|-37.99210,145.19765
Brooklyn Bay Close|Manhatten Terrace|-37.93936,145.24533
Brooklyn Bay Close|Whitecliffe Drive|-37.93949,145.24638
Brooks Drive|Hammond Road|-38.02202,145.20407
Brooks Street|Forrest Street|-37.91662,145.07766
Brooks Street|Hughes Street|-37.91639,145.07560
Brooks Street|Lyons Street|-37.91651,145.07663
Brooks Street|Mackie Road|-37.91631,145.07459
Brooks Street|Warrigal Road|-37.91723,145.08379
Brookside Drive|Emica Parade|-37.90094,145.26031
Brookville Court|Harrington Drive|-38.06558,145.28592
Brookwater Parade|Colendy Close|-38.07388,145.25692
Brookwater Parade|Energy Drive|-38.07192,145.25716
Brookwater Parade|Gregson Grove|-38.07425,145.25622
Brookwater Parade|Lissy Grove|-38.07628,145.24673
Brookwater Parade|Noremac Grove|-38.07273,145.25716
Brookwater Parade|Parkdale Drive|-38.07590,145.25268
Brookwater Parade|Patrick Close|-38.07621,145.24573
Brookwater Parade|Rymada Street|-38.07650,145.24857
Brookwater Parade|Shower Road|-38.06941,145.25514
Brookwater Parade|Splash Way|-38.07025,145.25589
Brookwater Parade|Storm Avenue|-38.07107,145.25652
Broome Avenue|Coolabah Street|-37.98046,145.08496
Broome Avenue|Craigmore Avenue|-37.98062,145.08626
Broome Avenue|Daniel Court|-37.98048,145.08510
Broome Avenue|Southern Road|-37.98082,145.08793
Broome Avenue|Tylden Court|-37.98037,145.08418
Broome Crescent|Hamilton Drive|-38.07895,145.29579
Brosa Avenue|Dega Avenue|-37.92990,145.05121
Brosa Avenue|Tucker Road|-37.93103,145.04896
Brosnan Road|Chesterville Road|-37.93221,145.06223
Brosnan Road|Jane Street|-37.93236,145.06341
Brosnan Road|Norville Street|-37.93283,145.06708
Brosnan Road|Orloff Street|-37.93251,145.06462
Brott Court|Henderson Road|-37.98174,145.16334
Brott Court|Loch Road|-37.95603,145.21725
Brough Street|Jasper Road|-37.91262,145.04271
Brough Street|Landles Street|-37.91286,145.04462
Brough Street|Malcolm Street|-37.91299,145.04569
Brough Street|Smith Road|-37.94101,145.17033
Brougham Close|Doveton Avenue|-37.99344,145.25106
Brougham Square|Jolimont Avenue|-37.93495,145.19498
Broughton Street|Nepean Highway|-38.10172,145.12588
Brown Street|Clonaig Street|-37.90141,145.01082
Brown Street|Milroy Street|-37.90166,145.01286
Brownfield Street|Centre Dandenong Road|-37.96622,145.06252
Brownfield Street|Chute Street|-37.99500,145.09457
Brownfield Street|Davey Street|-37.99424,145.08837
Brownfield Street|Devon Street|-37.96856,145.06216
Brownfield Street|Warren Road|-37.99472,145.09237
Browning Avenue|Haughton Road|-37.93491,145.13359
Browning Avenue|Oakes Avenue|-37.93575,145.13347
Browning Avenue|Rosebank Avenue|-37.93958,145.13274
Brownlee Crescent|Collier Court|-37.91458,145.17149
Brownlee Crescent|Cootamundra Drive|-37.91402,145.16969
Brownlee Crescent|Tudawali Crescent|-37.91422,145.17233
Browns Court|Browns Road|-37.91652,145.12808
Browns Road|Caleb Street|-37.92166,145.05619
Browns Road|Cantala Street|-37.91866,145.12766
Browns Road|Carinish Road|-37.92839,145.12597
Browns Road|Centre Road|-37.92080,145.05638
Browns Road|Dandenong Road|-37.91551,145.12835
Browns Road|Elizabeth Street|-37.92301,145.05592
Browns Road|Ellerslie Court|-37.94198,145.18864
Browns Road|Fortuna Street|-37.91952,145.12748
Browns Road|Francis Street|-37.92603,145.12649
Browns Road|Iona Street|-37.92134,145.12714
Browns Road|Justin Drive|-37.94883,145.18740
Browns Road|Lantana Street|-37.92039,145.12732
Browns Road|Monash Green Drive|-37.92267,145.12713
Browns Road|Moray Street|-37.92433,145.05565
Browns Road|Neville Street|-37.92386,145.05576
Browns Road|Overseas Drive|-37.95039,145.18510
Browns Road|Police Road|-37.93723,145.18953
Browns Road|Princes Highway|-37.95355,145.17950
Browns Road|Princes Highway Service Road|-37.95377,145.17930
Browns Road|Randwick Court|-37.94269,145.18851
Browns Road|Seascape Street|-37.91642,145.12810
Browns Road|Summit Road|-37.95009,145.18595
Browns Road|Wright Street|-37.92216,145.12701
Bruce Court|Myrtle Street|-37.96467,145.15856
Bruce Street|Claude Street|-38.12066,145.13788
Bruce Street|Cleeland Street|-37.97795,145.21586
Bruce Street|Coronet Grove|-37.98388,145.02690
Bruce Street|Donaldson Street|-37.91505,145.04121
Bruce Street|Godfrey Street|-37.91496,145.04043
Bruce Street|Haydens Road|-37.98409,145.02864
Bruce Street|Hodder Street|-37.90287,145.02329
Bruce Street|Hudson Street|-38.11136,145.27768
Bruce Street|Jasper Road|-37.91519,145.04227
Bruce Street|Lorna Street|-38.12125,145.13999
Bruce Street|Lurline Street|-38.11103,145.27491
Bruce Street|Olinda Avenue|-37.98391,145.02745
Bruce Street|Page Street|-37.98388,145.02690
Bruce Street|Stud Road|-37.97868,145.22197
Bruce Street|Taylor Street|-38.11075,145.27265
Bruce Street|Vickery Street|-37.91482,145.03934
Bruce Street|Weber Street|-37.90262,145.02116
Bruford Avenue|Calderwood Avenue|-37.91215,145.18566
Bruford Avenue|Dene Court|-37.91146,145.18714
Bruford Avenue|Jells Road|-37.91158,145.18819
Brumby Court|Fenfield Street|-38.09132,145.27768
Brumbys Road|Ella Paige Place|-38.09576,145.19342
Brunel Court|Oaktree Drive|-38.02214,145.25396
Brunel Road|East Road|-38.10468,145.14044
Brunel Road|Emanuel Drive|-38.10348,145.14091
Brunel Road|Hartnett Drive|-38.11001,145.14244
Brunel Road|Kendra Court|-38.10165,145.15357
Brunel Road|Maple Street|-38.10181,145.14193
Brunel Road|Pascal Road|-38.10117,145.14892
Brunel Road|Peterson Street|-38.10273,145.14133
Brunel Road|Seaford Place|-38.11081,145.14215
Brunel Road|Seaford Road|-38.11001,145.14244
Brunel Road|Stephenson Road|-38.10144,145.15153
Brunel Road|Sunderland Court|-38.11081,145.14215
Brunet Street|Gloria Avenue|-37.96801,145.21265
Brunet Street|Heatherton Road|-37.96971,145.21222
Brunet Street|Nicole Avenue|-37.96889,145.21238
Brunning Crescent|Hodgins Crescent|-38.12052,145.16027
Brunning Crescent|Lobator Street|-38.12020,145.16012
Brunning Crescent|Moreton Street|-38.11798,145.15804
Brunnings Road|Hillview Drive|-38.09467,145.19065
Brunnings Road|Mercury Court|-38.09465,145.19053
Brunnings Road|Sunrise Court|-38.09490,145.19254
Brunt Street|Codrington Street|-38.10708,145.28574
Brunton Crescent|Ellis Park Avenue|-37.93164,145.19182
Brunton Crescent|Newport Drive|-37.93358,145.19177
Brusco Close|Turramurra Drive|-37.92292,145.23477
Brushbox Court|Panorama Street|-37.92240,145.12913
Bruthen Street|Narooma Street|-37.93854,145.05465
Bruthen Street|Nowra Street|-37.93650,145.05502
Bruthen Street|South Road|-37.93564,145.05517
Bruton Avenue|Latrobe Street|-37.97422,145.06033
Bryants Road|Frederick Street|-37.99846,145.21361
Bryants Road|Glynda Street|-37.99666,145.21394
Bryants Road|Podmore Street|-37.99720,145.21384
Bryants Road|Webster Street|-37.99329,145.21414
Bryson Court|John Hunter Drive|-37.99326,145.26541
Buchan Street|Exell Drive|-37.94527,145.21205
Buchan Street|Fletcher Street|-37.93695,145.05199
Buchan Street|Franklin Street|-37.93717,145.05378
Buchan Street|Lipton Drive|-37.94584,145.21175
Buchan Street|Mark Court|-37.94491,145.21213
Buchan Street|Murray Road|-37.94412,145.21228
Buckeye Drive|Hinrichsen Drive|-38.01581,145.28265
Buckeye Drive|Springfield Drive|-38.01631,145.28777
Buckingham Avenue|Osborne Avenue|-37.91742,145.04895
Buckingham Avenue|Queens Avenue|-37.94857,145.15170
Buckingham Avenue|St James Avenue|-37.95421,145.15057
Buckingham Avenue|Tucker Road|-37.91770,145.05138
Buckingham Drive|Cromwell Drive|-37.93144,145.23565
Buckingham Drive|Salerno Way|-37.93181,145.23624
Buckland Court|Kennington Park Drive|-37.96715,145.24982
Buckland Street|Centre Road|-37.93011,145.13187
Buckland Street|Treforest Drive|-37.92302,145.13351
Buckland Street|Winterton Road|-37.92322,145.13512
Buckley Street|Collaroy Crescent|-37.98258,145.17303
Buckley Street|David Street|-37.97909,145.17192
Buckley Street|Douglas Street|-37.96607,145.17464
Buckley Street|Knox Street|-37.97390,145.17303
Buckley Street|Maureen Crescent|-37.97617,145.17259
Buckley Street|Narrabeen Court|-37.98189,145.17260
Buckley Street|Raymond Street|-37.97099,145.17361
Buckley Street|Rich Street|-37.97291,145.17323
Buckley Street|Rutherglen Street|-37.97804,145.17223
Buckley Street|Stella Avenue|-37.97413,145.17299
Buckley Street|Taronga Court|-37.98302,145.17326
Buckley Street|Wahroonga Avenue|-37.98406,145.17340
Buckley Street|Wall Street|-37.96996,145.17380
Buckley Street|Wallarano Drive|-37.97956,145.17176
Buckley Street|Woronora Court|-37.98342,145.17346
Buckley Way|Dobson Crescent|-38.04811,145.25223
Buckley Way|Forbes Avenue|-38.04880,145.25210
Budge Street|Karan Court|-37.96077,145.16561
Budge Street|Lawn Road|-37.96046,145.16309
Budge Street|Shirley Street|-37.96090,145.16664
Bugle Lane|Crepe Avenue|-38.11618,145.24992
Bugle Lane|Dusky Bells Drive|-38.11594,145.24818
Bugle Lane|Hayton Park Boulevard|-38.11582,145.24721
Bugle Lane|Rock Daisy Drive|-38.11606,145.24904
Bulbine Way|Emmeline Row|-37.91590,145.22788
Buldah Street|Utah Court|-37.94238,145.21355
Buldah Street|Waranga Street|-37.94145,145.21329
Buldah Street|Wingham Street|-37.94385,145.21685
Buldah Street|Yarra Court|-37.94345,145.21618
Bulga Wattle Circuit|Melington Drive|-38.06917,145.24356
Bulli Street|Elna Court|-37.94417,145.05396
Bulli Street|Genoa Street|-37.94239,145.05462
Bulli Street|Henley Court|-37.94514,145.05378
Bulli Street|Isabella Street|-37.94325,145.05417
Bulli Street|Kiama Street|-37.94030,145.05504
Bulli Street|Kinwal Court|-37.94417,145.05396
Bulli Street|Marrbridge Road|-37.94031,145.05941
Bulli Street|Rica Street|-37.93988,145.05617
Bulli Street|Roper Street|-37.94499,145.05381
Bulli Street|Wickham Road|-37.94651,145.05352
Buloke Lane|Spoonbill Place|-38.01564,145.12775
Bulong Street|Hemmings Street|-37.98292,145.20377
Bulong Street|Hopetoun Street|-37.98377,145.20362
Buna Avenue|Lyster Close|-38.12394,145.13195
Buna Avenue|Rosslyn Avenue|-38.12370,145.12935
Buna Avenue|Wells Road|-38.12414,145.13402
Bunarong Court|Illawarra Crescent|-37.95122,145.20165
Bunarong Court|Nara Court|-37.95072,145.20191
Bunbury Avenue|Guildford Crescent|-38.01011,145.28763
Bunbury Avenue|Tomasetti Crescent|-38.00823,145.28800
Bunbury Avenue|Troups Creek Promenade|-38.00915,145.28773
Bundamba Drive|Chepstow Court|-37.93987,145.19072
Bundamba Drive|Chester Court|-37.93980,145.19074
Bundamba Drive|Elwick Court|-37.93849,145.19099
Bundamba Drive|Police Road|-37.93747,145.19118
Bundamba Drive|Ripon Court|-37.93913,145.19087
Bundamba Drive|Wincanton Court|-37.94063,145.19062
Bundeena Avenue|Burraneer Drive|-37.98558,145.17344
Bundeena Avenue|Cobain Street|-37.98949,145.17266
Bundeena Avenue|Toongabbie Court|-37.98487,145.17361
Bundeena Avenue|Wahroonga Avenue|-37.98410,145.17380
Bundeena Avenue|Wannon Court|-37.99012,145.17253
Bundjil Court|Lamont Crescent|-38.09963,145.27092
Bundora Parade|Dallas Street|-37.98139,145.09328
Bundora Parade|Duigan Drive|-37.98060,145.09346
Bundora Parade|First Avenue|-37.97594,145.09421
Bundora Parade|Glengala Court|-37.98392,145.09280
Bundora Parade|Lower Dandenong Road|-37.98459,145.09268
Bundora Parade|Second Avenue|-37.97659,145.09423
Bundora Parade|Virginia Court|-37.98225,145.09311
Bundoran Avenue|Stonehaven Avenue|-38.12093,145.25434
Bundoran Avenue|Wicklow Drive|-38.12161,145.25394
Bunerong Court|James Bathe Way|-38.05976,145.29837
Bunerong Court|Stallion Court|-38.05976,145.29837
Bungaleen Court|Swift Way|-38.03444,145.20981
Bungalow Lane|Norwegian Way|-38.06568,145.29287
Bungaree Place|Torres Parade|-38.08481,145.21451
Bunjil Way|Emica Parade|-37.90158,145.26010
Bunjil Way|Waterford Park Avenue|-37.90266,145.26020
Bunker Court|Indie Circuit|-38.11704,145.25723
Bunker Court|Southern Drive|-37.98420,145.13848
Bunnerong Crescent|Maroubra Avenue|-37.98198,145.17053
Bunnerong Crescent|Wahroonga Avenue|-37.98369,145.17034
Bunnerong Crescent|Warrawee Avenue|-37.98135,145.16994
Bunney Road|Carroll Road|-37.93284,145.09382
Bunney Road|Crawford Road|-37.93368,145.10057
Bunney Road|Darren Court|-37.93414,145.10412
Bunney Road|Dowling Road|-37.93332,145.09705
Bunney Road|Eulinga Road|-37.93385,145.10182
Bunney Road|Springs Road|-37.93468,145.10849
Bunney Road|Viney Street|-37.93402,145.10316
Bunney Road|Wayne Court|-37.93429,145.10533
Bunurong Place|Hawdon Drive|-38.10300,145.27463
Bunya Place|Justin Circuit|-38.02593,145.27050
Buontempo Road|Colemans Road|-38.09455,145.16571
Burberry Court|Carrington Crescent|-38.10497,145.19558
Burberry Place|Dryandra Place|-38.08931,145.28928
Burberry Place|Robusta Avenue|-38.08882,145.28838
Burchall Crescent|Cowin Close|-37.92077,145.26756
Burchall Crescent|Dandelion Drive|-37.92096,145.26880
Burchall Crescent|Humphreys Way|-37.92012,145.26634
Burchall Crescent|Meaghan Court|-37.92081,145.26776
Burchall Crescent|Rayner Close|-37.92034,145.26662
Burchall Crescent|Spruce Drive|-37.91786,145.26630
Burchall Grove|Cleveland Court|-37.94089,145.20817
Burchall Grove|Coolidge Court|-37.94041,145.20984
Burchall Grove|Fillmore Road|-37.94105,145.20976
Burchill Avenue|Lanthorn Crescent|-38.11986,145.29983
Burdekin Boulevard|Governor Road|-38.01075,145.13242
Burdekin Boulevard|Waterside Drive|-38.01343,145.13155
Burden Street|Ericksen Street|-37.94259,145.14623
Burden Street|Glendale Road|-37.93606,145.14646
Burden Street|Harris Street|-37.94259,145.14623
Burden Street|Lewis Street|-37.93694,145.14621
Burden Street|Stephenson Street|-37.94081,145.14547
Burden Street|Whitworth Avenue|-37.93977,145.14567
Burdett Street|Moreton Street|-38.12018,145.15338
Burdett Street|Radiata Street|-38.11888,145.15198
Burgess Street|Centre Road|-37.91818,145.03662
Burgess Street|Reid Street|-37.99145,145.03312
Burke Court|Endeavour Drive|-38.07979,145.27033
Burleigh Drive|Kershaw Drive|-38.05582,145.28746
Burley Court|Tiverton Drive|-37.92439,145.17593
Burlington Chase|Executive Mews|-38.03793,145.28036
Burlington Chase|Nihila Court|-38.03846,145.28098
Burlington Chase|Ralph Crescent|-38.03747,145.28000
Burlington Street|George Street|-37.90324,145.10200
Burlington Street|Heath Avenue|-37.90305,145.10047
Burlington Street|Henry Street|-37.90348,145.10394
Burlington Street|Huntingdale Road|-37.90361,145.10494
Burlington Street|Oxford Street|-37.90186,145.09266
Burlington Street|Regent Street|-37.90213,145.09445
Burlington Street|Wells Road|-37.90255,145.09628
Burnet Street|Clunies Ross Crescent|-37.91653,145.16084
Burnet Street|Rivett Crescent|-37.91591,145.16153
Burnham Crescent|Edgecomb Street|-38.01032,145.16692
Burnham Crescent|Maxfield Road|-38.00903,145.16728
Burnham Crescent|Tyers Lane|-38.00832,145.16741
Burns Avenue|Oakes Avenue|-37.93590,145.13468
Burns Avenue|Rosebank Avenue|-37.93973,145.13395
Burraneer Drive|Fleckney Court|-37.98590,145.17135
Burraneer Drive|Kingsclere Avenue|-37.98641,145.16946
Burraneer Drive|Kogarah Court|-37.98623,145.17043
Burraneer Drive|Nattia Court|-37.98596,145.17118
Burrapike Avenue|View Road|-37.95824,145.15730
Burrawong Avenue|Railway Parade|-38.08307,145.12772
Burrows Avenue|Carroll Avenue|-37.97882,145.22319
Burrows Avenue|Ross Street|-37.97925,145.22674
Bursaria Crescent|Excelsior Drive|-38.11575,145.15731
Bursaria Crescent|Frankston-Dandenong Road|-38.11360,145.15655
Bursaria Lane|Red Poll Road|-38.11101,145.24377
Burt Crescent|Wickham Road|-37.94339,145.02808
Burt Crescent|Widdop Crescent|-37.94103,145.02787
Burton Avenue|Centre Road|-37.92799,145.11448
Burton Avenue|Cooke Street|-37.92555,145.11832
Burton Avenue|Yarram Crescent|-37.92653,145.11579
Burwah Avenue|Dendy Street|-37.92249,145.02001
Burwah Avenue|Marriage Road|-37.92008,145.02046
Bushland Avenue|Casey Court|-37.94270,145.10868
Bushlark Drive|Bushy Park Place|-38.10548,145.17370
Bushlark Drive|Jacana Drive|-38.10502,145.17168
Bushman Way|Evans Road|-38.06883,145.26033
Bushman Way|Waltzing Drive|-38.06864,145.25922
Bushwillow Close|Heany Park Road|-37.94177,145.24795
Business Park Drive|Commercial Drive|-38.04324,145.24777
Business Park Drive|Gardiner Road|-37.90232,145.12875
Business Park Drive|Northey Road|-38.04543,145.24732
Business Park Drive|Redwood Drive|-37.90317,145.13242
Buster Court|Filmer Crescent|-38.05099,145.29205
Buster Court|Nell Place|-38.05197,145.29166
Butcher Court|Seebeck Drive|-38.05292,145.28614
Butler Court|Cavanagh Street|-37.96523,145.06507
Butler Court|Chomley Street|-38.10104,145.26906
Butler Street|Olive Road|-37.99867,145.24674
Butler Street|Rhoden Grove|-37.99852,145.24547
Butterfield Place|Scotsdale Drive|-38.10828,145.29602
Butternut Drive|Gerbera Way|-38.05219,145.24506
Butternut Drive|Limonium Crescent|-38.05415,145.24722
Butternut Drive|Rainford Crescent|-38.05280,145.24493
Butternut Drive|Satinwood Way|-38.05414,145.24567
Butternut Drive|Watergum Avenue|-38.05415,145.24722
Butterwick Terrace|Dartmoor Drive|-38.09615,145.29586
Butterwick Terrace|Gatwick Court|-38.09603,145.29492
Butterwick Terrace|Tilbury Court|-38.09596,145.29424
Byng Avenue|Kingston Road|-37.95361,145.08053
Byrne Court|Robross Street|-37.96380,145.07031
Byron Court|Kershaw Drive|-38.05550,145.28654
Byron Street|Clarevale Street|-37.93583,145.12224
Byron Street|Clayton Road|-37.93527,145.11773
Byron Street|Hampton Street|-37.90871,145.00787
Byron Street|Male Street|-37.90840,145.00521
Byron Street|Warriston Street|-37.90855,145.00673
Cabal Court|Emden Crescent|-37.92559,145.16582
Cabarita Court|Wingala Avenue|-37.98740,145.16700
Cabinda Drive|Chandler Road|-37.99884,145.18101
Cabinda Drive|Cheltenham Road|-37.99481,145.17820
Cabinda Drive|Ellsa Close|-37.99834,145.17717
Cabinda Drive|Luanda Street|-37.99689,145.17752
Cadby Avenue|Murray Road|-37.90772,145.03904
Cadby Avenue|North Road|-37.90396,145.03969
Caddie Street|Candice Grove|-38.11475,145.25883
Caddie Street|Copley Street|-38.11412,145.25895
Caddie Street|Titch Street|-38.11624,145.25858
Cadle Street|George Street|-37.98842,145.20969
Cadle Street|Hutton Street|-37.98714,145.20994
Cadles Road|Hall Road|-38.10096,145.18449
Cadles Road|Luscombe Avenue|-38.09631,145.18629
Cadles Road|Protea Street|-38.09834,145.18493
Caesar Street|Eva Court|-37.93224,145.16808
Caesar Street|Jayco Court|-37.93299,145.16794
Caesar Street|Police Road|-37.93450,145.16766
Caesar Street|Rena Court|-37.93373,145.16780
Caesar Street|Suemar Street|-37.93143,145.16833
Cafardi Boulevard|Donnici Drive|-38.00022,145.15982
Cafardi Boulevard|Jakes Road|-38.00148,145.15967
Cafardi Boulevard|Keylana Drive|-38.00387,145.15983
Cafardi Boulevard|Peppertree Street|-38.00360,145.15988
Cahill Street|Hammond Road|-38.02713,145.20307
Cahill Street|Ordish Road|-38.02572,145.19269
Cahill Street|Redgum Drive|-38.02626,145.19727
Cailin Court|Matts Place|-38.09093,145.17609
Cailin Court|Trafford Road|-38.09093,145.17609
Cairn Curren Close|Lakeside Boulevard|-37.91298,145.23937
Cairn Curren Close|Tali Karng Close|-37.91201,145.23944
Cairnes Grove|Centre Road|-37.91748,145.03069
Cairns Road|Campbell Drive|-38.03946,145.25952
Cairns Road|Cash Close|-38.04015,145.26156
Cairns Road|Chester Drive|-38.03876,145.25843
Cairns Road|Conway Court|-38.04050,145.26420
Cairns Road|Denver Court|-38.04063,145.26514
Cairns Road|Hallam Road|-38.04076,145.26612
Cairns Road|Hawking Avenue|-38.04038,145.26326
Cairns Road|Horton Drive|-38.03977,145.26004
Cairns Road|Jason Place|-38.03789,145.25320
Cairns Road|Jeffrey Street|-38.03805,145.25441
Cairns Road|McDowall Road|-38.03804,145.25386
Cairns Road|Naja Crescent|-38.03773,145.25202
Cairns Road|Owens Court|-38.03929,145.25922
Cairns Road|Parkes Way|-38.03823,145.25576
Cairns Road|Reeves Court|-38.03848,145.25744
Cairns Road|Robjant Street|-38.03736,145.24915
Caithwill Court|Ebeli Close|-37.96790,145.28807
Caitlyn Court|Elizabeth Street|-38.07582,145.27385
Calais Circuit|Danita Way|-38.09106,145.26295
Calais Circuit|Kulkami Way|-38.08969,145.26323
Calais Circuit|Taplan Crescent|-38.08900,145.26530
Calderwood Avenue|Phoenix Drive|-37.91350,145.18677
Caldwell Close|Huxley Crescent|-37.98152,145.27561
Caleb Street|East Boundary Road|-37.92212,145.05880
Caledonia Crescent|Wattle Grove|-37.93038,145.15885
Caledonian Court|Darren Road|-37.98406,145.15542
Calembeena Avenue|Long Place|-37.90586,145.08023
Calembeena Avenue|Simmonds Street|-37.90579,145.07969
Calembeena Avenue|Warrigal Road|-37.90653,145.08564
Caley Street|Monterey Boulevard|-38.12441,145.15890
Calimbo Walk|Firecrest Way|-38.12955,145.23052
Calista Avenue|Fairland Avenue|-37.90215,145.12285
Calista Avenue|Strelden Avenue|-37.90507,145.12229
Callaghan Court|Willow Avenue|-37.96939,145.08119
Callaghan Street|Leman Crescent|-37.96916,145.18327
Callander Place|Middleham Close|-37.91665,145.28538
Callander Road|Dixon Street|-37.95587,145.17926
Callander Road|Jason Court|-37.95946,145.17856
Callander Road|Jenkins Street|-37.95793,145.17886
Callander Road|Myers Court|-37.96032,145.17839
Callander Road|Park Lane|-37.96157,145.17815
Callander Road|Princes Highway|-37.95452,145.18037
Callander Road|Princes Highway Service Road|-37.95461,145.18024
Callander Road|Suzanne Court|-37.95874,145.17870
Callander Road|Vincent Crescent|-37.96060,145.17834
Callander Road|Wyuna Drive|-37.95659,145.17912
Callander Street|Poath Road|-37.90073,145.07562
Callaway Avenue|Chancellor Drive|-38.09899,145.25374
Callaway Avenue|Elmsford Crescent|-38.09882,145.25258
Callibris Court|Oakwood Drive|-37.99412,145.15726
Callistemon Avenue|Epacris Place|-37.99439,145.15928
Callistemon Avenue|Hibiscus Way|-37.99525,145.15915
Callistemon Avenue|Oakwood Drive|-37.99434,145.15784
Callistemon Boulevard|Graham Road|-37.95180,145.04142
Callistemon Boulevard|Hakea Way|-37.95176,145.04099
Callistemon Boulevard|Lightwood Avenue|-37.95166,145.04011
Callistemon Boulevard|Middleton Street|-37.95324,145.03879
Caloola Court|Kellbourne Drive|-37.90845,145.26290
Calrossie Close|Heathmere Crescent|-37.96967,145.26377
Calvin Court|Marykirk Drive|-37.90964,145.19717
Calwell Court|Darnley Drive|-38.12249,145.18819
Cambria Road|Cheltenham Road|-37.99331,145.18841
Cambridge Close|Cornwell Crescent|-38.09708,145.29677
Cambridge Close|Sullivan Avenue|-37.91693,145.27515
Cambridge Drive|Coomoora Road|-37.98247,145.14927
Cambridge Drive|Northgate Drive|-37.98122,145.15060
Cambridge Drive|Solson Court|-37.98180,145.14922
Cambridge Road|Ellen Street|-37.91663,145.05263
Cambridge Road|Huntingdon Road|-37.91571,145.05280
Cambridge Street|Clonaig Street|-37.90491,145.01018
Cambridge Street|Haughton Road|-37.90375,145.09227
Cambridge Street|Nepean Highway|-37.90466,145.00807
Cambridge Street|Princess Street|-37.90457,145.09211
Cambro Road|Dandenong Road|-37.92294,145.14122
Cambro Road|Wellington Road Service Road|-37.91675,145.14244
Camden Road|Kangaroo Road|-37.90049,145.08251
Camelia Grove|Gardenia Crescent|-37.96888,145.07722
Camelia Grove|Hilda Street|-37.97036,145.07752
Camelia Grove|Jacaranda Avenue|-37.97120,145.07897
Camellia Avenue|Elonera Road|-37.96086,145.18957
Camellia Avenue|Sunline Avenue|-37.96291,145.19190
Camellia Court|Cootamundra Drive|-37.90774,145.17133
Camelot Drive|Chatsworth Court|-37.96481,145.13835
Camelot Drive|Janelaine Court|-37.96464,145.13654
Camelot Drive|Louise Court|-37.96475,145.13749
Cameron Avenue|Centre Road|-37.92458,145.08699
Cameron Avenue|Norma Avenue|-37.92366,145.08717
Cameron Avenue|Pitt Street|-37.92146,145.08760
Cameron Street|Courtney Street|-37.96921,145.05907
Cameron Street|Elman Road|-37.96900,145.05738
Cameron Street|Narre Warren Road|-38.11389,145.29018
Camino Crescent|Paramount Boulevard|-38.09091,145.24977
Camley Court|Karoo Road|-37.90588,145.26717
Camms Road|Canterbury Street|-38.09838,145.28577
Camms Road|Christine Street|-38.09673,145.27095
Camms Road|Cranbourne Place|-38.09782,145.28115
Camms Road|David Avenue|-38.09648,145.26900
Camms Road|High Street|-38.09809,145.28302
Camms Road|Highview Avenue|-38.09768,145.27990
Camms Road|Hotham Street|-38.09893,145.29033
Camms Road|Kings Court|-38.09662,145.26993
Camms Road|Lillian Street|-38.09647,145.26893
Camms Road|Narre Warren Road|-38.10052,145.29242
Camms Road|Roberts Road|-38.09656,145.27098
Camms Road|Rosalie Avenue|-38.09671,145.27219
Camms Road|South Gippsland Highway|-38.09809,145.28302
Camms Road|Stanley Street|-38.09701,145.27335
Camms Road|Taddor Drive|-38.09848,145.28671
Camms Road|Virginia Street|-38.09686,145.27339
Camms Road|Wilson Court|-38.09687,145.27215
Camp Street|The Avenue|-38.05432,145.11484
Camp Street|The Beachway|-38.05189,145.11372
Camp Street|The Strand|-38.05287,145.11415
Campbell Drive|Fordholm Road|-38.03486,145.26097
Campbell Drive|General Joshua Drive|-38.03683,145.26057
Campbell Drive|Hawking Avenue|-38.03846,145.26018
Campbell Drive|Ivan Crescent|-38.03757,145.26040
Campbell Drive|Tyalla Court|-38.03608,145.26072
Campbell Grove|Centre Dandenong Road|-37.98034,145.12750
Campbell Grove|Ely Court|-37.98069,145.12629
Campbell Grove|Kubis Crescent|-37.98021,145.12275
Campbell Grove|Pickworth Drive|-37.98045,145.12435
Campbell Grove|Sharrock Drive|-37.98058,145.12696
Campbell Grove|Timms Crescent|-37.98058,145.12540
Campbell Parade|Fairbairn Road|-38.10980,145.27164
Campbell Parade|Harry Street|-38.11034,145.27614
Campbell Parade|Hudson Street|-38.11054,145.27783
Campbell Parade|Jillian Street|-38.11006,145.27387
Campbell Parade|Lorna Street|-38.11046,145.27720
Campbell Parade|Taylor Street|-38.10994,145.27281
Campbell Street|Centre Road|-37.91776,145.03305
Campbell Street|Lexton Avenue|-37.97853,145.19949
Campbell Street|Southey Street|-37.95557,145.00948
Campbell Street|Tennyson Street|-37.95418,145.00836
Camperdown Street|Carrington Grove|-37.91804,145.01171
Camperdown Street|Hampton Street|-37.91744,145.00634
Camphor Court|Liquidamber Street|-37.98179,145.23845
Camville Road|Derby Place|-37.92540,145.19275
Camville Road|Elland Place|-37.92443,145.19141
Camville Road|Gertrude Street|-37.92588,145.19264
Camville Road|Rathdowne Way|-37.92364,145.19042
Camville Road|Sackville Court|-37.92513,145.19180
Camville Road|Tottenham Grove|-37.92400,145.19099
Canadian Maple Place|Saltbush Avenue|-38.06510,145.24564
Canberra Avenue|Dalgety Street|-37.99433,145.20805
Canberra Avenue|Kirkham Road|-37.99857,145.20722
Canberra Grove|Chapman Street|-37.92824,145.01029
Canberra Grove|Dendy Street|-37.92152,145.01154
Canberra Grove|Edro Avenue|-37.92580,145.01062
Canberra Grove|Garden Avenue|-37.92443,145.01089
Canberra Grove|Griffin Street|-37.92909,145.01013
Canberra Grove|Plantation Avenue|-37.92242,145.01134
Canberra Grove|Regent Street|-37.92394,145.01099
Canberra Grove|South Road|-37.92993,145.00985
Canberra Street|McLeod Road|-38.07209,145.13430
Candice Grove|Copley Street|-38.11480,145.25664
Candice Grove|Floyd Circuit|-38.11473,145.25774
Candice Grove|Naomi Court|-38.11484,145.25693
Candlebark Close|Justin Circuit|-38.02790,145.27259
Candlebark Crescent|Lehmann Crescent|-38.12189,145.14935
Candlebark Crescent|Mahogany Avenue|-38.12302,145.14827
Candlebark Crescent|Windoo Street|-38.12003,145.14876
Candlebark Quadrant|Timbertop Drive|-37.93342,145.22641
CandyTuft Close|Hoysted Avenue|-38.08035,145.27849
Cane Avenue|East Road|-38.10514,145.15375
Canmore Street|Clarence Place|-38.11681,145.29782
Canmore Street|Elmslie Drive|-38.11899,145.29738
Canmore Street|Hibernia Place|-38.11753,145.29768
Canmore Street|Pettigrew Street|-38.11825,145.29752
Canmore Street|Ryebank Way|-38.11784,145.29766
Cann Place|Goulburn Drive|-37.91559,145.25151
Cannery Place|Centre Dandenong Road|-37.98182,145.12969
Cannes Avenue|Genoa Avenue|-38.06296,145.12529
Cannes Avenue|Monaco Avenue|-38.06368,145.12314
Cannes Avenue|Patterson Street|-38.06441,145.12182
Cannes Avenue|Station Street|-38.06499,145.12028
Cannes Avenue|Toulon Court|-38.06339,145.12420
Cannes Grove|Church Street|-37.97565,145.04728
Cannes Grove|Marlo Grove|-37.97524,145.04448
Cannon Court|Frognal Drive|-37.95071,145.19385
Canopy Grove|Royaloak Crescent|-38.12420,145.29137
Cantala Court|Huxley Crescent|-37.98285,145.27540
Cantala Court|Whalley Drive|-37.91595,145.18981
Cantala Street|Panorama Street|-37.91891,145.12979
Canter Street|Carrara Road|-37.93745,145.22468
Canter Street|Debra Street|-37.93601,145.22494
Canter Street|Gymea Avenue|-37.93691,145.22479
Canter Street|Seebeck Road|-37.93803,145.22444
Canterbury Close|Mastos Place|-37.94015,145.24466
Canterbury Close|Whitecliffe Drive|-37.94075,145.24582
Canterbury Road|Graham Daff Boulevard|-38.01017,145.10829
Canterbury Road|Haymer Court|-38.00974,145.10480
Canterbury Road|Heland Place|-38.01000,145.10694
Canterbury Road|Helen Kob Drive|-38.01053,145.11122
Canterbury Road|Levi Drive|-38.01063,145.11205
Canterbury Road|Sugar Gum Court|-38.01084,145.11378
Canterbury Road|Wyman Place|-38.00994,145.10648
Canterbury Street|Dallas Avenue|-37.90493,145.08088
Canterbury Street|Kangaroo Road|-37.90038,145.08167
Canterbury Street|Latrobe Street|-38.10187,145.28510
Canterbury Street|Loch Street|-38.10107,145.28525
Canterbury Street|Normanby Street|-38.10017,145.28543
Cantrell Place|Langbourne Drive|-38.05642,145.28378
Canungra Close|Warana Drive|-38.03331,145.28091
Capella Close|Laurel Avenue|-37.99153,145.24990
Capella Crescent|Cochranes Road|-37.94382,145.07489
Capella Crescent|Trent Street|-37.94286,145.07508
Capella Place|Oberon Drive|-38.09048,145.18369
Caper Court|Wanda Street|-37.92493,145.16727
Capital Court|Mills Road|-37.99383,145.11030
Capital Drive|Greens Road|-38.01566,145.22353
Capital Drive|Kitchen Road|-38.01868,145.22522
Capital Place|Silkwood Rise|-38.09115,145.16183
Capital Promenade|Rymada Street|-38.07748,145.24855
Capitol Avenue|McKinnon Road|-37.90984,145.02845
Capitol Avenue|Murray Road|-37.90660,145.02915
Capra Court|Hallam North Road|-37.98563,145.27726
Capri Court|Greenwood Drive|-38.11389,145.18148
Capri Court|Samada Street|-37.90489,145.14674
Capricornia Way|Rowdon Place|-38.02194,145.12577
Capricornia Way|Royal Palms|-38.02166,145.12478
Captain Cook Close|Overall Drive|-38.08981,145.20078
Captain Street|Ebb Street|-38.01676,145.09792
Captain Street|Foam Street|-38.01730,145.09832
Captain Street|Gale Street|-38.01785,145.09872
Carabeen Way|Moreton Bay Boulevard|-38.05663,145.24489
Carabeen Way|Pyramid Place|-38.05618,145.24524
Carabeen Way|Satinwood Way|-38.05609,145.24539
Carabeen Way|Watergum Avenue|-38.05620,145.24787
Caramar Avenue|Eloura Avenue|-37.91218,145.02141
Caramar Avenue|Union Street|-37.90988,145.02178
Caramar Drive|Kirstin Close|-37.93667,145.08360
Caramar Drive|Mandorah Court|-37.93703,145.08333
Caramar Drive|Sherbrooke Avenue|-37.93761,145.08245
Caramar Drive|Traphina Court|-37.93715,145.08318
Caramar Drive|Washington Drive|-37.93623,145.08373
Caramut Road|Grandview Road|-37.90319,145.00485
Caramut Road|Montclair Avenue|-37.90304,145.00372
Carawa Way|Heritage Drive|-38.10961,145.19891
Carawa Way|Jurang Way|-38.10829,145.19917
Carbine Avenue|Cerise Court|-37.94396,145.10476
Carbine Avenue|Davanzo Avenue|-37.94474,145.10463
Carbine Avenue|Elder Street South|-37.94202,145.10228
Carbine Avenue|Glenys Court|-37.94316,145.10490
Carbine Avenue|Sundowner Avenue|-37.94307,145.10491
Carbine Way|Demmie Mews|-38.06050,145.24526
Carbine Way|Sunline Way|-38.06045,145.24442
Carbine Way|Western Port Highway|-38.05991,145.24303
Carbine Way|Yellowbox Crescent|-38.06041,145.24396
Carboni Court|Jacksons Road Service Road|-37.93090,145.19401
Carboni Crescent|Paterson Drive|-38.04978,145.24871
Carcoola Court|Jasper Road|-37.90718,145.04363
Cardamon Drive|Fitzgerald Road|-38.00588,145.27940
Cardamon Drive|Hyssop Drive|-38.00646,145.28325
Cardamon Drive|Weeden Crescent|-38.00608,145.28049
Cardeno Street|Furtive Way|-38.12753,145.23576
Cardeno Street|Jonah Avenue|-38.12607,145.23649
Carder Avenue|Overton Road|-38.12928,145.12857
Cardiff Circuit|Laurel Crescent|-38.10230,145.17506
Cardiff Grove|Hunt Club Boulevard|-38.10475,145.29728
Cardiff Street|Chester Street|-37.92046,145.06677
Cardiff Street|Warwick Street|-37.92046,145.06677
Cardiff Street|York Street|-37.91907,145.06651
Cardigan Street|Griffith Street|-37.97540,145.24070
Cardinal Court|Lumeah Court|-37.97179,145.12276
Cardinal Court|Springfield Drive|-38.01668,145.28781
Cardinal Court|Tootal Road|-37.97160,145.12234
Cardinia Close|Sylvan Court|-37.95499,145.22887
Cardinia Way|Latrobe Court|-37.91937,145.24909
Cardinia Way|Murray Crescent|-37.91909,145.24683
Cardinia Way|Ovens Place|-37.91922,145.24786
Cardinia Way|Silvan Court|-37.91964,145.24971
Cardore Court|Fintonia Road|-37.96466,145.18509
Carew Street|Georgiana Street|-37.94597,145.00352
Carey Street|Griffith Avenue|-37.90777,145.06419
Carey Street|Jessie Street|-38.08255,145.29325
Carey Street|Lansell Drive|-38.08217,145.28990
Carey Street|Margot Court|-38.08246,145.29239
Carey Street|North Road|-37.90691,145.06434
Carey Street|Rapallo Way|-38.08246,145.29239
Carey Street|Sharne Court|-38.08226,145.29074
Cargo Court|Portlink Drive|-38.05452,145.23607
Caribbean Drive|Elmdon Drive|-37.90295,145.22327
Caribbean Drive|Ferntree Gully Road|-37.90054,145.21961
Caribbean Drive|Ferntree Gully Road Service Road|-37.90084,145.21992
Caribbean Drive|International Court|-37.90243,145.22179
Caribbean Drive|Lakeview Drive|-37.90404,145.22425
Caribbean Drive|Nyadale Drive|-37.90054,145.21961
Caribbean Pine Court|Melington Drive|-38.06792,145.24481
Caribbean Pine Court|Ribbon Gum Drive|-38.06750,145.24407
Carina Terrace|Fairhaven Boulevard|-38.09089,145.26028
Carina Terrace|Glenaire Crescent|-38.09138,145.26102
Caringal Court|Sylvander Street|-37.93894,145.11495
Carinish Road|Centre Road|-37.92953,145.12729
Carinish Road|Clayton Road|-37.92385,145.11997
Carinish Road|Colin Road|-37.91795,145.11211
Carinish Road|Flora Road|-37.92025,145.11516
Carinish Road|Kanooka Grove|-37.92735,145.12459
Carinish Road|Lillian Street|-37.92121,145.11641
Carinish Road|Link Road|-37.92322,145.11905
Carinish Road|Madeleine Road|-37.92289,145.11863
Carinish Road|Mary Street|-37.92475,145.12116
Carinish Road|Milgate Street|-37.91549,145.10905
Carinish Road|Price Street|-37.91670,145.11049
Carinish Road|Thompson Street|-37.91882,145.11325
Carinya Avenue|Kubis Avenue|-38.02010,145.10259
Carinya Avenue|Larnook Crescent|-38.01903,145.10579
Carinya Court|Lancashire Drive|-38.07421,145.29154
Carinya Road|Noora Avenue|-37.92262,145.07775
Carl Court|Hammel Court|-38.00829,145.26799
Carla Court|McIntosh Court|-38.02007,145.11678
Carlingford Close|Pia Drive|-37.93616,145.25367
Carlisle Road|Henry Avenue|-37.99935,145.25492
Carlisle Road|Philip Road|-38.00275,145.25466
Carlow Street|Centre Road|-37.92234,145.06837
Carlow Street|Warwick Street|-37.92070,145.06869
Carlson Avenue|Florence Avenue|-37.90631,145.12571
Carlson Avenue|Hilltop Avenue|-37.90541,145.12598
Carlson Avenue|Music Drive|-37.90579,145.12581
Carlton Road|Devira Street|-37.96032,145.21559
Carlton Road|Dorothy Court|-37.95963,145.20996
Carlton Road|Downard Crescent|-37.95992,145.21187
Carlton Road|Fair Crescent|-37.96131,145.22379
Carlton Road|Fletcher Road|-37.96089,145.22064
Carlton Road|Gladstone Road|-37.95924,145.20684
Carlton Road|Glencoe Grove|-37.95981,145.21187
Carlton Road|Loch Road|-37.96113,145.22227
Carlton Road|Oberon Street|-37.96077,145.21969
Carlton Road|Paviour Court|-37.96083,145.22014
Carlton Road|Victoria Court|-37.95950,145.20893
Carlton Road|Wondalga Avenue|-37.96055,145.21782
Carlton Street|Nicholson Street|-37.91358,145.03741
Carlton Street|Wheatley Road|-37.91307,145.03316
Carly Close|Lake View Drive|-38.03825,145.28735
Carlyon Court|Kemp Street|-37.94334,145.16610
Carlyon Street|Murray Road|-37.90802,145.04135
Carlyon Street|North Road|-37.90427,145.04206
Carlyon Street|Oakleigh Crescent|-37.90738,145.04147
Carmel Court|Vivien Street|-37.92711,145.05947
Carmela Way|Gamble Road|-38.11292,145.19142
Carmela Way|Helm Court|-38.11146,145.19207
Carmela Way|Josephina Court|-38.11039,145.19215
Carmela Way|Sash Close|-38.11211,145.19189
Carmela Way|Tania Court|-38.11033,145.19217
Carmen Court|Lesley Drive|-38.04380,145.27947
Carmen Court|Watsons Road|-37.90100,145.16824
Carmen Crescent|Hallam North Road|-37.98250,145.27773
Carmen Crescent|Malanie Close|-37.98440,145.28105
Carmen Street|Maurice Street|-37.97162,145.19765
Carmichael Avenue|Wilmington Avenue|-38.09962,145.24688
Carmichael Road|Daly Street|-37.90135,145.11293
Carmichael Road|Dandenong Road|-37.90473,145.11228
Carmichael Road|Elysium Crescent|-37.90059,145.11307
Carmichael Road|Nonna Street|-37.90033,145.11312
Carmichael Road|Princes Highway|-37.90485,145.11218
Carmody Court|Springhill Drive|-38.08703,145.28679
Carnaby Way|Ealing Crescent|-37.96526,145.14606
Carnation Court|Erica Close|-37.97919,145.25884
Carnation Court|Wardale Road|-37.96918,145.15459
Carnoustie Court|Waradgery Drive|-37.91970,145.22219
Carnoustie Parade|Ganton Place|-37.95460,145.08184
Carnoustie Parade|St Andrews Drive|-37.95553,145.08240
Carnoustie Parade|Turnberry Court|-37.95455,145.08127
Carol Avenue|Scott Street|-38.10997,145.28016
Carole Court|Nurten Parade|-38.02598,145.11699
Carole Court|Roberts Road|-38.09494,145.27130
Caroline Crescent|Duff Street|-38.10221,145.25443
Caroline Crescent|Glenn Close|-38.10265,145.25435
Caroline Crescent|Willora Crescent|-38.10403,145.25575
Caroline Place|Willow Drive|-38.02354,145.26860
Caroline Street|Eckford Street|-37.99045,145.22557
Caroline Street|Power Street|-37.98964,145.22479
Caroline Street|Scotsburn Avenue|-37.92268,145.10841
Caroline Street|View Street|-37.92289,145.11006
Caroline Street|Wedge Street|-37.99122,145.22624
Carolyn Close|Heatherton Road|-37.97819,145.28397
Carolyn Close|Malanie Close|-37.98119,145.28293
Carolyn Street|Fewster Road|-37.93894,145.02250
Carolyn Street|Thomas Street|-37.94079,145.02210
Caron Close|Gibson Street|-37.99842,145.27184
Caron Close|Katrina Close|-37.99939,145.27174
Carpentaria Court|Pacific Drive|-38.02026,145.12463
Carpenter Street|Collins Street|-37.91027,145.00035
Carpenter Street|Dunblane Road|-37.96021,145.18092
Carpenter Street|Durrant Street|-37.90759,145.00178
Carpenter Street|Ellendale Road|-37.96050,145.18337
Carpenter Street|Outer Crescent|-37.90746,145.00166
Carpenter Street|William Street|-37.90951,145.00139
Carr Street|Cummins Road|-37.92763,145.02645
Carramar Court|Kirribilli Avenue|-37.98487,145.16600
Carrara Road|Winalla Avenue|-37.93794,145.22861
Carre Square|Langi Street|-37.94770,145.14208
Carre Square|Orana Way|-37.94654,145.14231
Carre Square|Osborne Avenue|-37.94620,145.14238
Carre Square|Rivulet Boulevard|-37.94709,145.14169
Carre Square|Villa Road|-37.94806,145.14201
Carrera Close|Grange Drive|-37.91621,145.29058
Carrier Avenue|Davey Street|-37.99636,145.08797
Carrier Avenue|Eva Street|-37.99628,145.08730
Carrier Avenue|Mac Crescent|-37.99620,145.08662
Carrier Avenue|Melrose Street|-37.99600,145.08499
Carrier Avenue|Nepean Highway|-37.99587,145.08362
Carrington Avenue|Carrington Court|-38.11054,145.14890
Carrington Avenue|Centenary Street|-38.10935,145.14915
Carrington Avenue|Fern Close|-38.11054,145.14890
Carrington Close|Enterprize Avenue|-38.03030,145.13124
Carrington Court|Fern Close|-38.11054,145.14890
Carrington Court|Montalto Rise|-37.91271,145.28908
Carrington Court|Pound Road|-38.04478,145.29398
Carrington Crescent|Hendon Court|-38.10486,145.19390
Carrington Crescent|Hyson Court|-38.10365,145.19352
Carrington Crescent|Orsett Court|-38.10498,145.19482
Carrington Crescent|Rowellyn Avenue|-38.10477,145.19279
Carrington Crescent|Royston Court|-38.10325,145.19518
Carrington Grove|Marriage Road|-37.91904,145.01152
Carrington Grove|Summerhill Road|-37.91770,145.01288
Carrington Street|Keiller Street|-37.93530,145.03378
Carrington Street|Leonard Street|-37.93762,145.03384
Carrington Street|Nepean Highway|-38.03542,145.10669
Carroll Avenue|David Street|-37.97784,145.22337
Carroll Court|Duncan Street|-38.00117,145.29583
Carroll Court|Penhurst Street|-38.00117,145.29583
Carroll Lane|Cheltenham Road|-37.99110,145.20789
Carroll Road|Centre Road|-37.92558,145.09511
Carroll Road|Cleeland Road|-37.93067,145.09416
Carroll Road|Michelle Court|-37.93358,145.09358
Carroll Road|Pecan Court|-37.93514,145.09328
Carroll Road|Sandalwood Drive|-37.93879,145.09257
Carrum Bella Drive|Dion Drive|-38.11415,145.18629
Carrum Bella Drive|Turnbull Court|-38.11500,145.18321
Carrum Promenade|McLeod Road|-38.07647,145.12254
Carrum Promenade|Nepean Highway|-38.07647,145.12254
Carrum Woods Drive|Chapman Street|-38.09176,145.19152
Carrum Woods Drive|Elstar Drive|-38.09224,145.19300
Carrum Woods Drive|Gemma Court|-38.09318,145.19383
Carrum Woods Drive|Griffith Place|-38.09066,145.19077
Carrum Woods Drive|Moodie Court|-38.08771,145.18934
Carrum Woods Drive|Orama Avenue|-38.08795,145.19135
Carrum Woods Drive|Perkins Drive|-38.09234,145.19389
Carrum Woods Drive|Rundle Drive|-38.09214,145.19243
Carrum Woods Drive|Sims Court|-38.09052,145.18966
Carrum Woods Drive|St Andrews Close|-38.09039,145.18866
Carrum Woods Drive|Victory Way|-38.08778,145.19006
Carson Avenue|Cheltenham Road|-37.99127,145.14885
Carson Court|Westminster Drive|-37.92823,145.24097
Carson Street|Fiji Court|-37.92844,145.16033
Carson Street|Keppel Court|-37.98555,145.20412
Carson Street|Suva Street|-37.92853,145.16099
Carson Street|Tahiti Court|-37.92856,145.16122
Carson Street|Vincent Street|-37.92884,145.16326
Carson Street|Wanda Street|-37.92924,145.16674
Carson Street|Wattle Grove|-37.92830,145.15925
Carter Street|Holmes Street|-37.97157,145.18809
Carter Street|Jellicoe Street|-37.97222,145.18729
Carter Way|South Gippsland Highway|-38.02347,145.24223
Cartwright Grove|Dartnell Street|-38.12498,145.29546
Cartwright Grove|Omeara Crescent|-38.12510,145.29659
Cartwright Grove|Parkhurst Drive|-38.12491,145.29451
Caruana Drive|Julius Avenue|-37.96926,145.13247
Caruana Drive|Spring Road|-37.96969,145.13479
Caruana Drive|Wheatland Crescent|-37.96866,145.13042
Carvey Court|Huxley Crescent|-37.98117,145.27528
Carween Avenue|Hodder Street|-37.90345,145.02319
Carween Avenue|Thomas Street|-37.90376,145.02571
Carwell Court|Murumba Drive|-37.92334,145.09239
Cascade Place|Lake View Boulevard|-37.99474,145.15169
Cascade Street|Dowling Road|-37.93661,145.09643
Cascade Street|Hood Street|-38.13053,145.13722
Cascade Street|Ripley Street|-37.93644,145.09504
Cascade Street|Walbundry Avenue|-38.12879,145.13794
Cascade Way|Emily Drive|-38.00043,145.28868
Cascam Court|Kellbourne Drive|-37.90658,145.26068
Casey Close|Corio Drive|-37.96170,145.13437
Casper Street|Huey Circuit|-38.11586,145.25387
Casper Street|Snead Boulevard|-38.11496,145.25297
Cassa Blue Circuit|Tinks Road|-38.00804,145.29180
Cassava Court|Delaware Drive|-37.98813,145.13178
Cassava Court|Lower Dandenong Road|-37.98921,145.13144
Cassava Court|McArdle Street|-37.98777,145.13184
Cassia Court|Oakwood Drive|-37.99328,145.15929
Cassia Court|Power Road|-37.96825,145.24315
Cassia Street|Chestnut Road|-37.98922,145.23529
Cassia Street|Samada Street|-37.90453,145.14357
Cassia Street|Saniky Street|-37.90367,145.14380
Cassin Court|McKeon Circuit|-37.95171,145.21856
Cassowary Close|O'Gradys Road|-38.10671,145.17791
Castaway Court|Palm Beach Drive|-38.07822,145.13650
Castawellan Street|Tea Tree Court|-38.06661,145.24875
Castella Place|Karoonda Way|-38.04967,145.27085
Castle Close|Hansworth Street|-37.93308,145.18789
Castle Street|Kirkham Road|-37.99904,145.21118
Castlebury Place|Fairways Boulevard|-38.07027,145.29248
Castlecrag Close|Monteith Crescent|-37.97376,145.26326
Castlecrag Close|Scotsburn Way|-37.97302,145.26338
Castlereagh Street|Hillview Drive|-38.09711,145.19352
Castlereagh Street|Lats Avenue|-38.09860,145.19323
Castles Road|Jasper Road|-37.93152,145.03931
Castles Road|Marriot Road|-37.93167,145.04052
Castles Road|Porter Road|-37.93207,145.04392
Castles Road|Rogers Road|-37.93194,145.04283
Castlewood Street|Gardeners Road|-37.91559,145.06285
Castlewood Street|Mackie Road|-37.91665,145.07452
Castlewood Street|Marlborough Street|-37.91586,145.06721
Castlewood Street|Tambet Street|-37.91635,145.07117
Casuarina Court|Oaktree Drive|-38.02463,145.25150
Catalpa Street|Magnolia Grove|-37.99342,145.23723
Catalpa Street|Matipo Street|-37.99315,145.23519
Cathedral Court|Cobbler Grange|-38.04976,145.26356
Cathedral Court|Sugarloaf Avenue|-38.04976,145.26356
Catherine Avenue|Drinan Road|-38.05198,145.12067
Catherine Avenue|Fowler Street|-38.05179,145.12125
Catherine Avenue|Scotch Parade|-38.05021,145.12590
Catherine Avenue|Station Street|-38.05322,145.11705
Catherine Edey Place|Edeys Run|-38.03970,145.27332
Catherine Road|East Boundary Road|-37.92733,145.05769
Catherine Road|Lespray Avenue|-37.92685,145.05243
Cato Parkway|Darcy Niland Crescent|-38.05671,145.25431
Cato Parkway|Elliott Parade|-38.05631,145.25836
Cato Parkway|Harford Close|-38.05614,145.25772
Cato Parkway|Paterson Drive|-38.05661,145.25156
Cato Parkway|Rowcroft Avenue|-38.05626,145.25634
Cato Parkway|Tennant Court|-38.05619,145.25711
Catron Street|Park Street|-38.10012,145.13196
Causon Court|Cosier Drive|-37.98374,145.18249
Cavalier Street|Paloma Street|-37.91490,145.08008
Cavalier Street|Waratah Street|-37.91274,145.08051
Cavanagh Street|Centre Dandenong Road|-37.96651,145.06483
Cavanagh Street|Dewrang Street|-37.95751,145.06650
Cavanagh Street|Evergreen Circuit|-37.96200,145.06567
Cavanagh Street|Friendship Square|-37.95868,145.06640
Cavanagh Street|Jennifer Street|-37.96339,145.06542
Cavanagh Street|Kelmar Street|-37.96070,145.06591
Cavanagh Street|Mayne Street|-37.95470,145.06701
Cavanagh Street|Parkin Avenue|-37.96147,145.06577
Cavanagh Street|Sunray Avenue|-37.96330,145.06543
Cavanagh Street|Warren Road|-37.95474,145.06700
Cavanagh Street|Weymar Street|-37.96232,145.06561
Cave Street|Haywood Street|-37.97627,145.04497
Cave Street|Michael Street|-37.97660,145.04601
Cavenagh Boulevard|Newcastle Drive|-37.92974,145.19180
Cavendish Court|Mossgiel Park Drive|-37.97323,145.25938
Cavendish Drive|Maureen Court|-37.95265,145.08292
Cavendish Drive|Yvonne Court|-37.95255,145.08206
Caversham Terrace|Cobbler Grange|-38.05057,145.26324
Caversham Terrace|Parslow Crescent|-38.05212,145.26184
Caversham Terrace|Selma Close|-38.05506,145.26184
Caversham Terrace|St Bernards Crescent|-38.05506,145.26184
Caversham Terrace|Towerhill Boulevard|-38.05114,145.26168
Cayley Court|Illukey Court|-38.00275,145.14595
Cayley Court|Stanford Avenue|-38.00275,145.14595
Cazaly Way|Everlasting Boulevard|-38.11519,145.23958
Cazaly Way|Hammond Road|-38.11660,145.23926
Cazaly Way|Lindwall Drive|-38.11638,145.23742
Cecil Street|Centre Road|-37.91514,145.01137
Cecil Street|Grant Street|-37.91368,145.01139
Cecil Street|Locke Street|-37.91425,145.01153
Cecil Street|Warwick Street|-37.92105,145.07151
Cecily Street|Gwent Street|-37.98060,145.15213
Cecily Street|Paterson Road|-37.97920,145.15248
Cedar Court|Sunnyvale Crescent|-37.99566,145.16698
Cedar Street|Derwent Street|-37.97739,145.07976
Cedar Street|Glenelg Drive|-37.97716,145.07725
Cedar Street|Lachlan Street|-37.97726,145.07804
Cedar Street|Ord Court|-37.97729,145.07821
Cedar Street|Ovens Court|-37.97744,145.07887
Cedar Street|Photinia Street|-37.99244,145.23639
Cedarbank Court|McAllister Drive|-38.11632,145.29539
Cedarview Close|Willow Avenue|-37.91624,145.27019
Cedric Street|Chute Street|-37.99768,145.09406
Cedric Street|Davey Street|-37.99693,145.08786
Cedric Street|Warren Road|-37.99741,145.09187
Celestial Court|Dandelion Drive|-37.91508,145.26100
Celia Street|Denver Street|-37.93326,145.05877
Celia Street|Kalimna Street|-37.92989,145.05949
Celia Street|Schulz Street|-37.93424,145.05858
Celtic Court|Indian Drive|-38.00865,145.18488
Celtic Drive|Langside Grove|-38.12111,145.29355
Celtic Drive|Tinnadice Road|-38.12041,145.29360
Celtis Place|Essex Park Drive|-37.96968,145.23835
Cemetery Road|Fairbairn Road|-38.11151,145.27131
Cemetery Road|Sladen Street|-38.11169,145.27129
Cemetine Terrace|Kingdom Drive|-38.09059,145.28316
Cemetine Terrace|Mariposa Grove|-38.09294,145.28328
Centalla Green|Tamboon Drive|-37.91438,145.25005
Centenary Court|Finchaven Avenue|-37.99085,145.18447
Centenary Court|Wooltana Road|-37.99085,145.18447
Centenary Street|Elisdon Drive|-38.10949,145.15011
Centenary Street|Frankston-Dandenong Road|-38.11063,145.15956
Centenary Street|Mountain View Crescent|-38.11033,145.15779
Centenary Street|Prince Crescent|-38.10959,145.15176
Centenary Street|Sussex Crescent|-38.10989,145.15416
Central Avenue|Fifth Street|-37.98167,145.02075
Central Avenue|First Avenue|-37.95719,145.20998
Central Avenue|First Street|-37.97730,145.02158
Central Avenue|Fourth Street|-37.98057,145.02095
Central Avenue|Healey Street|-37.93531,145.04041
Central Avenue|Redholme Street|-37.93518,145.03928
Central Avenue|Second Avenue|-37.95635,145.21014
Central Avenue|Station Street|-37.93489,145.03707
Central Avenue|Taylor Street|-37.93504,145.03819
Central Avenue|Third Street|-37.97947,145.02116
Central Avenue|Tuck Street|-37.93496,145.03761
Central Parkway|Colchester Avenue|-38.09367,145.24802
Central Parkway|Evans Road|-38.09467,145.25538
Central Parkway|Fusion Circuit|-38.09361,145.24754
Central Parkway|Missens Road|-38.09342,145.24606
Central Parkway|Western Port Highway|-38.09229,145.23678
Central Road|Donegal Way|-38.04252,145.26190
Central Road|Elanora Way|-38.04107,145.25442
Central Road|Hallam Road|-38.04301,145.26567
Central Road|Horton Drive|-38.04221,145.25939
Central Road|Niagara Court|-38.04200,145.25787
Central Road|Nirringa Drive|-38.04212,145.25884
Central Road|Oakland Drive|-38.04186,145.25685
Central Road|Short Road|-38.04226,145.25975
Central Road|Strabane Way|-38.04185,145.25668
Central Road|Sunnyoaks Lane|-38.04294,145.26504
Central Road|Sunshine Court|-38.04248,145.26160
Central Road|Willand Court|-38.04281,145.26399
Central Road|Yasmin Court|-38.04262,145.26264
Centre Court|Rowans Road|-37.94781,145.05119
Centre Dandenong Road|Chadree Court|-37.98492,145.13452
Centre Dandenong Road|Chifley Drive|-37.97178,145.10707
Centre Dandenong Road|Chivers Court|-37.98718,145.13821
Centre Dandenong Road|Christina Terrace|-37.97576,145.12259
Centre Dandenong Road|Coolac Street|-37.96682,145.06732
Centre Dandenong Road|Derring Lane|-37.96792,145.07644
Centre Dandenong Road|Dingley Court|-37.98686,145.13794
Centre Dandenong Road|Emery Drive|-37.98677,145.13755
Centre Dandenong Road|Fairway Drive|-37.98835,145.14062
Centre Dandenong Road|Fairway Views|-37.98833,145.14033
Centre Dandenong Road|Federation Way|-37.97125,145.10315
Centre Dandenong Road|Fernhill Drive|-37.97506,145.12180
Centre Dandenong Road|Fiona Court|-37.96756,145.07311
Centre Dandenong Road|Forest Park Road|-37.98167,145.12921
Centre Dandenong Road|Gardenia Crescent|-37.96815,145.07710
Centre Dandenong Road|Golf Links Crescent|-37.98733,145.13896
Centre Dandenong Road|Golfwood Close|-37.97978,145.12684
Centre Dandenong Road|Grange Road|-37.96924,145.08707
Centre Dandenong Road|Greenview Close|-37.98130,145.12885
Centre Dandenong Road|Greenwood Village Mews|-37.98773,145.13935
Centre Dandenong Road|Harley Street|-37.98658,145.13749
Centre Dandenong Road|Herald Street|-37.96724,145.07074
Centre Dandenong Road|Hibiscus Avenue|-37.96868,145.08268
Centre Dandenong Road|Howard Road|-37.97576,145.12259
Centre Dandenong Road|Jacaranda Avenue|-37.96823,145.07903
Centre Dandenong Road|Jannali Drive|-37.98539,145.13554
Centre Dandenong Road|Jarrahdale Street|-37.96711,145.06969
Centre Dandenong Road|Jells Road|-37.96825,145.07996
Centre Dandenong Road|Joseph Avenue|-37.97211,145.10961
Centre Dandenong Road|Kardinian Avenue|-37.96846,145.08091
Centre Dandenong Road|Kevin Court|-37.96740,145.07200
Centre Dandenong Road|Kingston Central Boulevard|-37.96977,145.09073
Centre Dandenong Road|Kubis Crescent|-37.97724,145.12416
Centre Dandenong Road|Lower Dandenong Road|-37.99045,145.14173
Centre Dandenong Road|Marcus Road|-37.98324,145.13203
Centre Dandenong Road|Marjorie Avenue|-37.98236,145.13058
Centre Dandenong Road|Mena Avenue|-37.96718,145.07023
Centre Dandenong Road|Merton Close|-37.96731,145.07126
Centre Dandenong Road|Moonda Grove|-37.96679,145.06710
Centre Dandenong Road|Nepean Highway|-37.96565,145.05772
Centre Dandenong Road|Norland Street|-37.96706,145.06927
Centre Dandenong Road|Old Tootal Road|-37.97382,145.12060
Centre Dandenong Road|Park Road|-37.96565,145.05772
Centre Dandenong Road|Pauline Avenue|-37.98301,145.13165
Centre Dandenong Road|Pickworth Drive|-37.97825,145.12523
Centre Dandenong Road|Renowden Street|-37.96882,145.08455
Centre Dandenong Road|Ross Street|-37.97144,145.10515
Centre Dandenong Road|Shannon Court|-37.97404,145.12068
Centre Dandenong Road|Shelford Grove|-37.98115,145.12837
Centre Dandenong Road|Shirlian Street|-37.96806,145.07762
Centre Dandenong Road|St Cuthberts Avenue|-37.98407,145.13313
Centre Dandenong Road|Taunton Drive|-37.96900,145.08524
Centre Dandenong Road|Tenham Grove|-37.96692,145.06816
Centre Dandenong Road|Tilley Street|-37.96753,145.07284
Centre Dandenong Road|Walker Grove|-37.96648,145.06464
Centre Dandenong Road|Warrigal Road|-37.96761,145.07412
Centre Dandenong Road|Wilson Street|-37.96601,145.06078
Centre Grove|Clubhouse Way|-37.93406,145.23478
Centre Grove|Golf Drive|-37.93461,145.23470
Centre Grove|Greenside Drive|-37.93441,145.23471
Centre Grove|Links Drive|-37.93476,145.23464
Centre Kirkham Road|Dingley Avenue|-37.99708,145.19520
Centre Road|Charlotte Street|-37.91620,145.02042
Centre Road|Chester Street|-37.92210,145.06645
Centre Road|Clapperton Street|-37.91680,145.02505
Centre Road|Clarinda Road|-37.92628,145.10068
Centre Road|Clayton Road|-37.92857,145.11906
Centre Road|Clinton Street|-37.91617,145.02014
Centre Road|Clive Street|-37.93239,145.14990
Centre Road|Collier Avenue|-37.92920,145.12452
Centre Road|Connie Street|-37.92322,145.07541
Centre Road|Cooke Street|-37.92839,145.11774
Centre Road|Crawford Road|-37.92643,145.10196
Centre Road|Cushing Avenue|-37.91928,145.04493
Centre Road|Davies Street|-37.91502,145.01029
Centre Road|Deblin Drive|-38.02824,145.29951
Centre Road|Derry Street|-37.92222,145.06744
Centre Road|Dover Street|-37.92246,145.06929
Centre Road|East Boundary Road|-37.92114,145.05901
Centre Road|Eddys Grove|-37.91735,145.02958
Centre Road|Elder Street|-37.92676,145.10453
Centre Road|Elora Road|-37.92449,145.08629
Centre Road|Eskay Road|-37.92528,145.09270
Centre Road|Eulinga Road|-37.92659,145.10321
Centre Road|Eva Street|-37.92777,145.11268
Centre Road|Farm Road|-37.92541,145.09373
Centre Road|First Street|-37.93059,145.13526
Centre Road|Francesco Street|-37.92073,145.05584
Centre Road|Frank Avenue|-37.92823,145.11641
Centre Road|Gardeners Road|-37.92148,145.06169
Centre Road|Gilbert Grove|-37.91762,145.03182
Centre Road|Godfrey Street|-37.91860,145.03994
Centre Road|Gray Street|-37.92038,145.05307
Centre Road|Hallam Road|-38.01986,145.27041
Centre Road|Hampton Street|-37.91463,145.00685
Centre Road|Harlington Street|-37.92748,145.11035
Centre Road|Haughton Road|-37.92945,145.12658
Centre Road|Hill Street|-37.92140,145.06103
Centre Road|Hornby Street|-37.91587,145.01845
Centre Road|Huntingdale Road|-37.92628,145.10068
Centre Road|Jacks Road|-37.92513,145.09148
Centre Road|Jaguar Drive|-37.93003,145.13121
Centre Road|James Street|-37.92877,145.12080
Centre Road|Jasper Road|-37.91884,145.04169
Centre Road|Jeanette Street|-37.92774,145.11249
Centre Road|Jeffrey Street|-37.91985,145.04913
Centre Road|Joyce Street|-37.93254,145.15108
Centre Road|Kaniva Court|-37.92243,145.06910
Centre Road|Kingston Park Court|-37.90213,145.23522
Centre Road|Kionga Street|-37.92989,145.13004
Centre Road|Knight Street|-37.92805,145.11496
Centre Road|Kombi Road|-37.93068,145.13598
Centre Road|Leckie Street|-37.91969,145.04794
Centre Road|Liam Street|-37.93003,145.13074
Centre Road|Lilac Crescent|-37.91565,145.01584
Centre Road|Lilac Street|-37.92087,145.05691
Centre Road|Lily Street|-37.91684,145.02532
Centre Road|Longford Court|-37.93208,145.14746
Centre Road|Loranne Street|-37.91804,145.03541
Centre Road|Luntar Road|-37.92415,145.08360
Centre Road|Mackie Road|-37.92295,145.07327
Centre Road|Magnolia Avenue|-37.92368,145.07966
Centre Road|Malane Street|-37.92058,145.05462
Centre Road|Marion Street|-37.91979,145.04864
Centre Road|Mavho Street|-37.91790,145.03423
Centre Road|Mayflower Court|-37.91496,145.00978
Centre Road|McGuinness Road|-37.92320,145.07529
Centre Road|McNaughton Road|-37.93060,145.13600
Centre Road|Melaleuca Drive|-37.92702,145.10668
Centre Road|Milton Street|-37.91708,145.02731
Centre Road|Mitchell Street|-37.91855,145.03953
Centre Road|Montgomery Street|-37.91639,145.02183
Centre Road|Moriah Street|-37.92974,145.12891
Centre Road|Myrtle Street|-37.91916,145.04400
Centre Road|Nepean Highway|-37.91589,145.01775
Centre Road|Nicholson Street|-37.91815,145.03635
Centre Road|Oak Street|-37.91782,145.03350
Centre Road|Ormond Road|-37.92762,145.11147
Centre Road|Parklands Crescent|-37.91644,145.02217
Centre Road|Patricia Street|-37.92343,145.07728
Centre Road|Peace Street|-37.93283,145.15339
Centre Road|Police Road|-37.93305,145.15648
Centre Road|Primrose Crescent|-37.91537,145.01333
Centre Road|Prince Charles Street|-37.92790,145.11376
Centre Road|Princes Highway|-37.93305,145.15648
Centre Road|Pullyn Street|-37.92892,145.12227
Centre Road|Rayhur Street|-37.92975,145.12847
Centre Road|Richard Street|-37.92308,145.07433
Centre Road|Riley Street|-37.92571,145.09612
Centre Road|Rimfire Drive|-38.02008,145.27227
Centre Road|Robert Street|-37.91869,145.04057
Centre Road|Rose Street|-37.91752,145.03098
Centre Road|Scotsburn Avenue|-37.92713,145.10754
Centre Road|Second Street|-37.93045,145.13413
Centre Road|Shrives Road|-38.02905,145.30088
Centre Road|Springs Road|-37.92743,145.10991
Centre Road|Springvale Road|-37.93310,145.15570
Centre Road|St Georges Avenue|-37.92131,145.06035
Centre Road|Stud Road|-37.90230,145.23513
Centre Road|Summerhill Road|-37.91534,145.01313
Centre Road|Sunnyside Grove|-37.91722,145.02846
Centre Road|Talofa Avenue|-37.91505,145.01056
Centre Road|The Highway|-37.91940,145.04581
Centre Road|Third Street|-37.93031,145.13300
Centre Road|Thomas Street|-37.91658,145.02324
Centre Road|Tucker Road|-37.92010,145.05095
Centre Road|Veronica Street|-37.92331,145.07621
Centre Road|Vickery Street|-37.91844,145.03873
Centre Road|Victor Road|-37.92366,145.07949
Centre Road|View Street|-37.92733,145.10919
Centre Road|Violet Crescent|-37.91551,145.01459
Centre Road|Ward Street|-37.91566,145.01596
Centre Road|Wards Grove|-37.92154,145.06217
Centre Road|Warrigal Road|-37.92400,145.08246
Centre Road|Westall Road|-37.93127,145.14163
Centre Road|Wheatley Road|-37.91768,145.03231
Centre Road|Whitmuir Road|-37.91722,145.02842
Centre Road|Willow Avenue|-37.93228,145.14898
Centre Road|Wilson Street|-37.91671,145.02429
Centre Road|Wright Street|-37.91735,145.02960
Centre Road|Yaralla Road|-37.92357,145.07867
Centreway|Main Street|-38.00724,145.08666
Centurion Court|Gertrude Street|-37.92822,145.19349
Century Drive|Industrial Drive|-38.00502,145.10786
Century Drive|Malcolm Road|-38.00065,145.10830
Ceramics Lane|Sterling Avenue|-37.95161,145.03472
Ceres Way|Pegasus Road|-38.11451,145.23356
Cerise Place|Haverbrack Drive|-37.93510,145.20439
Cervara Street|Levanto Street|-37.97883,145.07548
Cervara Street|Warrigal Road|-37.97842,145.07209
Cezanne Crescent|Lautrec Avenue|-37.90885,145.18128
Cezanne Crescent|Picasso Court|-37.90828,145.18073
Cezanne Crescent|Rembrandt Drive|-37.90675,145.18191
Chadbourn Place|Scarborough Drive|-38.05597,145.29013
Chadwell Grove|Nepean Highway|-38.05863,145.11847
Chain Court|Tangerine Drive|-38.06558,145.29716
Chalan Way|Dandy Drive|-38.12523,145.23868
Chalcot Drive|Cumberland Way|-37.96909,145.24482
Chalcot Drive|Edis Court|-37.97235,145.25102
Chalcot Drive|Elsworthy Court|-37.96837,145.24530
Chalcot Drive|Fulham Court|-37.97258,145.25202
Chalcot Drive|Grove End Road|-37.97288,145.25302
Chalcot Drive|Hanover Court|-37.97171,145.24383
Chalcot Drive|Haverstock Hill Close|-37.97230,145.24793
Chalcot Drive|Kennington Park Drive|-37.96746,145.24577
Chalcot Drive|Munster Court|-37.97221,145.25000
Chalcot Drive|Primrose Hill Close|-37.96979,145.24429
Chalcot Drive|The Green|-37.97253,145.24729
Chalcot Drive|Wadham Court|-37.96801,145.24557
Chaldron Place|Wyndarra Crescent|-37.97032,145.12514
Chalmers Avenue|Waltham Street|-37.94911,145.00329
Chalmers Grove|Glenfern Road|-37.90009,145.29509
Chalmers Grove|Waters Avenue|-37.89933,145.29563
Chalmers Street|Jasper Road|-37.90936,145.04324
Champion Court|Grange Drive|-37.91411,145.28817
Champion Street|Dendy Street|-37.92070,145.00452
Champion Street|Peacock Street|-37.92212,145.00424
Champion Street|South Road|-37.92910,145.00284
Champion Street|Were Street|-37.92609,145.00346
Chancellor Drive|Elmsford Crescent|-38.10169,145.25268
Chancellor Drive|Eminence Drive|-38.10169,145.25268
Chancellor Drive|Freda Court|-37.91526,145.18199
Chancellor Drive|Jodi Avenue|-37.91620,145.18085
Chancellor Drive|Locum Court|-37.91993,145.18025
Chancellor Drive|Radleigh Drive|-37.91301,145.18264
Chancellor Drive|Watford Avenue|-38.09973,145.25401
Chancery Lane|Clarence Place|-38.11669,145.29682
Chancery Lane|Hibernia Place|-38.11739,145.29665
Chandler Road|Cheltenham Road|-37.99443,145.18187
Chandler Road|Church Road|-38.00272,145.18031
Chandler Road|Cochrane Avenue|-37.99282,145.18217
Chandler Road|Cosier Drive|-37.98142,145.18440
Chandler Road|Dandenong Bypass|-37.99978,145.18082
Chandler Road|Douglas Street|-37.97424,145.18573
Chandler Road|Eden Court|-37.97278,145.18601
Chandler Road|Elmbank Drive|-37.98940,145.18284
Chandler Road|Elonera Road|-37.96153,145.18852
Chandler Road|Festival Crescent|-37.98858,145.18300
Chandler Road|French Street|-37.96804,145.18694
Chandler Road|Goodman Drive|-37.97806,145.18502
Chandler Road|Hanna Street|-37.97424,145.18573
Chandler Road|Heatherton Road|-37.96665,145.18721
Chandler Road|Isaac Road|-37.98452,145.18380
Chandler Road|Jeffers Street|-37.96280,145.18796
Chandler Road|Jellicoe Street|-37.97156,145.18626
Chandler Road|Joffre Street|-37.96957,145.18664
Chandler Road|Johnson Street|-37.98312,145.18407
Chandler Road|June Court|-37.98298,145.18409
Chandler Road|Kirkham Road West|-37.99542,145.18167
Chandler Road|Leman Crescent|-37.96957,145.18664
Chandler Road|Lynette Court|-37.97501,145.18559
Chandler Road|Mihan Street|-37.96288,145.18795
Chandler Road|Olive Grove|-37.99907,145.18096
Chandler Road|Orloff Street|-37.98452,145.18380
Chandler Road|Parkmore Road|-37.99053,145.18263
Chandler Road|Petunia Drive|-38.00156,145.18052
Chandler Road|Popes Road|-37.98205,145.18428
Chandler Road|Princes Highway|-37.96178,145.18814
Chandler Road|Railway Parade|-37.97361,145.18585
Chandler Road|Smith Street|-37.96383,145.18776
Chandler Road|Somerset Drive|-37.98731,145.18325
Chandler Road|Stackpoole Street|-37.98075,145.18453
Chandler Road|Thurbro Drive|-37.98731,145.18325
Chandler Road|Whitmorr Court|-37.96574,145.18739
Chandler Road|Wilela Court|-37.97078,145.18640
Chandler Road|Yarraman Road|-37.97759,145.18511
Chandler Street|Ellen Street|-37.99028,145.08467
Chandler Street|Evan Street|-37.98773,145.08518
Chandler Street|Imes Street|-37.99002,145.08472
Chandler Street|Macgregor Street|-37.98934,145.08486
Chandler Street|Marriott Street|-37.98880,145.08497
Chandler Street|Victoria Street|-37.99107,145.08452
Chandor Court|Erawan Avenue|-37.90867,145.14564
Chandos Street|Philip Street|-37.95850,145.04118
Chanelle Court|Martin Street|-37.97499,145.15956
Channel Circuit|Landscape Boulevard|-38.02826,145.27859
Channelle Close|Willow Drive|-38.02162,145.26416
Chantell Avenue|Georgette Crescent|-37.97477,145.27071
Chantell Avenue|Hanna Drive|-37.97532,145.27128
Chantell Avenue|Kassan Gardens|-37.97312,145.27093
Chantell Avenue|Matthew Retreat|-37.97378,145.27057
Chantell Avenue|Nabila Close|-37.97188,145.27210
Chantell Avenue|Natalie Rise|-37.97395,145.27048
Chantell Avenue|Reema Boulevard|-37.97183,145.27300
Chantell Avenue|Rita Court|-37.97224,145.27152
Chapel Road|Cheltenham Road|-37.99308,145.16292
Chapel Road|Chi Avenue|-38.00553,145.16067
Chapel Road|Corrigan Road|-37.99310,145.16308
Chapel Road|Dandenong Bypass|-37.99749,145.16226
Chapel Road|Deal Close|-37.93570,145.04903
Chapel Road|Fabian Court|-37.99588,145.16258
Chapel Road|Faoro Court|-37.99471,145.16281
Chapel Road|Gavin Street|-37.94396,145.04770
Chapel Road|Havenstone Drive|-38.00110,145.16154
Chapel Road|Herne Close|-37.93819,145.04854
Chapel Road|Homeleigh Road|-38.00925,145.15992
Chapel Road|Horsmunden Road|-37.93969,145.04824
Chapel Road|Hutton Road|-38.01285,145.15913
Chapel Road|Hythe Close|-37.93716,145.04874
Chapel Road|Isabella Street|-37.94227,145.04801
Chapel Road|Keys Road|-38.02204,145.15750
Chapel Road|Maxwell Court|-37.94383,145.04773
Chapel Road|Nette Court|-37.94469,145.04756
Chapel Road|Noel Court|-37.94481,145.04754
Chapel Road|Orlando Crescent|-38.01073,145.15959
Chapel Road|Otford Close|-37.93643,145.04888
Chapel Road|Rhonda Court|-37.94309,145.04786
Chapel Road|Romney Close|-37.93918,145.04834
Chapel Road|Rosebud Avenue|-37.94011,145.04815
Chapel Road|Smithfield Court|-37.99409,145.16294
Chapel Road|South Road|-37.93489,145.04918
Chapel Road|Sunnyvale Crescent|-37.99644,145.16247
Chapel Road|Tyers Lane|-38.00744,145.16029
Chapel Road|Villiers Road|-37.99840,145.16208
Chapel Road|Wickham Road|-37.94570,145.04737
Chapel Street|Commercial Drive|-38.04287,145.25101
Chapelton Road|Eliburn Drive|-38.12005,145.29890
Chapelton Road|Nugget Way|-38.11974,145.29600
Chapelton Road|Parkhurst Drive|-38.11968,145.29559
Chapman Avenue|Station Street|-38.10345,145.12722
Chapman Street|Follett Court|-38.09139,145.18859
Chapman Street|Mirams Lane|-37.92803,145.00882
Chapman Street|Wendy Court|-38.09164,145.19058
Chapot Lane|Vasello Circuit|-38.12566,145.23092
Chaprowe Court|Radcliff Avenue|-37.96002,145.05883
Chardonnay Drive|Edinburgh Drive|-38.10538,145.19689
Chardonnay Drive|Halsbury Place|-38.10392,145.19723
Chardonnay Drive|Narelle Court|-38.10346,145.19956
Charisma Circuit|Firecrest Way|-38.12979,145.22976
Charles Avenue|Edinburgh Road|-37.93713,145.16881
Charles Avenue|Frawley Road|-37.99887,145.25657
Charles Avenue|Henry Avenue|-37.99946,145.25648
Charles Avenue|Philip Road|-38.00289,145.25575
Charles Avenue|Phillip Avenue|-37.93773,145.17328
Charles Green Avenue|Collett Rise|-37.98606,145.25417
Charles Green Avenue|Gathrey Court|-37.98294,145.25028
Charles Green Avenue|Jeffs Court|-37.98283,145.24937
Charles Green Avenue|Little Boy Rise|-37.98322,145.25235
Charles Green Avenue|Pickersgill Court|-37.98306,145.25119
Charles Green Avenue|Thompson Court|-37.98673,145.25349
Charles Green Avenue|Wilkinson Way|-37.98334,145.25331
Charles Green Avenue|William Perry Close|-37.98504,145.25452
Charles Street|Daphne Street|-37.91770,145.05847
Charles Street|East Boundary Road|-37.91766,145.05967
Charles Street|Edward Street|-37.97216,145.05863
Charles Street|Elizabeth Street|-37.90455,145.01701
Charles Street|Francesco Street|-37.91744,145.05618
Charles Street|Hawthorn Road|-37.90470,145.01855
Charles Street|Hodder Street|-37.90530,145.02287
Charles Street|James Street|-37.97429,145.21029
Charles Street|Landcox Street|-37.90433,145.01492
Charles Street|Lilac Street|-37.91758,145.05741
Charles Street|Malane Street|-37.91730,145.05505
Charles Street|Nepean Highway|-37.97260,145.06303
Charles Street|Park Street|-38.10194,145.13158
Charles Street|Thomas Street|-37.93909,145.00869
Charles Street|Willis Street|-37.93725,145.00907
Charles Street|Woodlee Street|-37.97471,145.21326
Charleville Court|Tyntynder Drive|-38.11018,145.18649
Charlotte Place|Don Drive|-38.10537,145.26011
Charlotte Place|Joyce Street|-38.10537,145.26011
Charlotte Road|Coreen Avenue|-37.98162,145.04085
Charlotte Road|Dalgetty Road|-37.98134,145.03869
Charlotte Road|Hotham Street|-37.98134,145.03869
Charlotte Road|Oak Street|-37.98175,145.04195
Charlotte Road|Rosemary Road|-37.98149,145.03978
Charlotte Street|Cleary Court|-37.93648,145.11989
Charlotte Street|Darren Road|-37.97748,145.15673
Charlotte Street|Keal Road|-37.97683,145.15162
Charlotte Street|Meriton Place|-37.93387,145.12041
Charlotte Street|Murdock Street|-37.93387,145.12041
Charlotte Street|Nepean Highway|-37.91735,145.01970
Charlotte Street|Scotsmore Road|-37.97725,145.15482
Charlotte Street|Waddington Crescent|-37.97661,145.14854
Charlton Avenue|Jack Road|-37.96274,145.04223
Charlton Avenue|Park Road|-37.96341,145.03940
Charlton Court|George Bass Avenue|-37.98941,145.26906
Charlton Street|Nullawil Street|-37.93480,145.16312
Charlwood Close|Paterson Drive|-38.06232,145.25542
Charlwood Close|Settlers Lane|-38.06198,145.25570
Charman Road|Chesterville Road|-37.96343,145.05606
Charman Road|Coape Street|-37.97074,145.05468
Charman Road|Collins Street|-37.97874,145.05323
Charman Road|Conti Court|-37.97458,145.05398
Charman Road|Flinders Street|-37.97547,145.05382
Charman Road|Gillman Street|-37.97197,145.05445
Charman Road|Glebe Avenue|-37.96963,145.05489
Charman Road|Gordon Street|-37.97423,145.05404
Charman Road|Higham Street|-37.97099,145.05464
Charman Road|Keith Street|-37.97336,145.05420
Charman Road|Latrobe Street|-37.97349,145.05418
Charman Road|Nepean Highway|-37.96386,145.05598
Charman Road|Park Road|-37.96540,145.05569
Charman Road|Patty Street|-37.97674,145.05359
Charman Road|Railway Road|-37.96617,145.05554
Charman Road|Rossmith Avenue|-37.97846,145.05328
Charman Road|Station Road|-37.96696,145.05540
Charman Road|Sydney Street|-37.97161,145.05452
Charman Road|Towers Street|-37.97531,145.05385
Charman Road|Wakool Avenue|-37.98236,145.05256
Charman Road|Weatherall Road|-37.97246,145.05436
Charming Street|Highbury Avenue|-37.93491,145.03329
Charming Street|King Street|-37.93346,145.03048
Charming Street|South Road|-37.93257,145.03034
Charnfield Crescent|Jessie Street|-37.97856,145.18397
Charnfield Crescent|Kilby Court|-37.97846,145.18311
Charnfield Crescent|Kilworth Court|-37.97843,145.18279
Charnfield Crescent|Lisa Court|-37.97837,145.18226
Charnfield Crescent|Yarraman Road|-37.97720,145.18158
Charnwood Court|Fountain Drive|-38.01598,145.29829
Charnwood Lane|Wilson Street|-37.95453,145.06089
Charnwood Lane|Woodland Drive|-37.95445,145.05973
Chateau Avenue|Fountain Drive|-38.01563,145.29678
Chateau Avenue|Monaro Crescent|-38.01385,145.29830
Chateau Avenue|Wallaroo Avenue|-38.01321,145.29860
Chateau Grove|Deauville Street|-37.98549,145.04762
Chateau Grove|Wells Road|-37.98598,145.04932
Chatswood Drive|Community Parade|-38.06354,145.28746
Chatswood Drive|Earlwood Street|-38.06432,145.28745
Chatswood Drive|Glasscocks Road|-38.06826,145.28776
Chatswood Drive|Shay Close|-38.06628,145.28761
Chatsworth Close|Woodland Drive|-37.95374,145.05978
Chatsworth Court|Quail Way|-37.93087,145.25631
Chauncy Way|Hutchinson Drive|-38.05144,145.25373
Chauvel Street|Warrigal Road|-37.91142,145.08493
Cheam Street|Fair Crescent|-37.96287,145.22426
Cheam Street|Loch Road|-37.96260,145.22204
Cheam Street|Stud Road|-37.96304,145.22476
Cheam Street|Surace Court|-37.96260,145.22204
Cheddington Road|Hornsby Lane|-38.12740,145.29702
Cheddington Road|Janice Terrace|-38.12738,145.29689
Cheddington Road|Josie Lane|-38.12716,145.29517
Cheddington Road|Somers Street|-38.12734,145.29658
Cheddington Road|Wayne Terrace|-38.12727,145.29604
Cheeseman Avenue|Hawthorn Road|-37.90745,145.01806
Cheeseman Avenue|Mackie Grove|-37.90770,145.02010
Chelsea Avenue|Jolimont Avenue|-37.93563,145.19671
Chelsea Park Drive|Gerald Court|-38.04660,145.13420
Chelsea Park Drive|Gruchy Avenue|-38.04864,145.13628
Chelsea Park Drive|Immerset Drive|-38.05113,145.13831
Chelsea Park Drive|Jennison Court|-38.04809,145.13554
Chelsea Park Drive|Kennedy Avenue|-38.04925,145.13709
Chelsea Park Drive|Skye Court|-38.05102,145.13835
Chelsea Park Drive|Teresa Court|-38.04749,145.13473
Chelsea Park Drive|Thames Promenade|-38.04612,145.13394
Chelsea Park Drive|Wilton Close|-38.04941,145.13730
Chelsea Road|Drinan Road|-38.05027,145.11979
Chelsea Road|Station Street|-38.05158,145.11609
Chelsea Street|Parnell Street|-37.95547,145.06197
Chelsea Street|Rosewarne Avenue|-37.95563,145.06320
Cheltenham Road|Cheltenham Road Service Road|-37.99310,145.18883
Cheltenham Road|College Crescent|-37.99308,145.16534
Cheltenham Road|Corrigan Road|-37.99310,145.16308
Cheltenham Road|Dandenong Street|-37.99068,145.20010
Cheltenham Road|Dingley Avenue|-37.99142,145.19629
Cheltenham Road|Ferguson Street|-37.96738,145.02157
Cheltenham Road|Festival Crescent|-37.99354,145.18711
Cheltenham Road|Finisterre Drive|-37.99392,145.17116
Cheltenham Road|Fiveways Boulevarde|-37.99147,145.15053
Cheltenham Road|Foster Street|-37.99020,145.21284
Cheltenham Road|Garden Court|-37.99296,145.16432
Cheltenham Road|George Street|-37.98977,145.20485
Cheltenham Road|Gilbert Court|-37.99234,145.15909
Cheltenham Road|Grayling Crescent|-37.99347,145.16849
Cheltenham Road|Greaves Street|-37.99122,145.20786
Cheltenham Road|Haldane Street|-37.99412,145.18488
Cheltenham Road|Hammond Road|-37.99150,145.21015
Cheltenham Road|Keneally Street|-37.99075,145.20665
Cheltenham Road|Kingsclere Avenue|-37.99445,145.17553
Cheltenham Road|Lake View Boulevard|-37.99166,145.15062
Cheltenham Road|Leslie Street|-37.99096,145.19901
Cheltenham Road|Lower Dandenong Road|-37.99074,145.14460
Cheltenham Road|Munro Street|-37.96725,145.02044
Cheltenham Road|Perry Road|-37.99461,145.17534
Cheltenham Road|Reserve Road|-37.96910,145.03623
Cheltenham Road|Rosevae Crescent|-37.99148,145.14906
Cheltenham Road|Sinclair Road|-37.99129,145.19629
Cheltenham Road|Springvale Road|-37.99074,145.14460
Cheltenham Road|St Andrews Court|-37.96734,145.02123
Cheltenham Road|Stanhope Street|-37.96712,145.01930
Cheltenham Road|Stanley Road|-37.99387,145.16937
Cheltenham Road|Station Street|-37.99125,145.20904
Cheltenham Road|Tharle Street|-37.99101,145.19772
Cheltenham Road|Whitton Court|-37.96748,145.02233
Cherbourg Avenue|Monaco Crescent|-37.97367,145.04667
Cherbourg Avenue|Weatherall Road|-37.97155,145.04708
Cherrington Court|Nepean Highway|-37.99389,145.08328
Cherry Court|Sunnyvale Crescent|-37.99559,145.16536
Cherry Grove|Oak Avenue|-37.99529,145.24234
Cherry Grove|Paperbark Street|-37.99529,145.24234
Cherry Lane|Hallam North Road|-37.95731,145.28301
Cherryfield Drive|Church Road|-38.00141,145.16991
Cherryfield Drive|Verde Lane|-38.00365,145.16920
Cherryhills Drive|Concord Place|-38.11189,145.26524
Cherryhills Drive|Cranbourne-Frankston Road|-38.11086,145.26494
Cherryhills Drive|Elk Turn|-38.11389,145.26512
Cherryhills Drive|Firestone Green|-38.12090,145.26106
Cherryhills Drive|Galway Place|-38.12276,145.26070
Cherryhills Drive|Huntingdale Close|-38.11281,145.26534
Cherryhills Drive|Merion Vista|-38.12005,145.26122
Cherryhills Drive|Monahans Road|-38.11087,145.26506
Cherryhills Drive|Rosscommon Mews|-38.11673,145.26258
Cherryhills Drive|Sladen Street|-38.11087,145.26506
Cherryhills Drive|Sottile Drive|-38.11410,145.26508
Cherryplum Court|Elizabeth Street|-38.07683,145.27969
Cherrywood Way|Golden Grove Drive|-38.06864,145.29572
Cherrywood Way|Magnolia Drive|-38.06808,145.29353
Cheryl Court|Springfield Crescent|-38.04079,145.27051
Cheshunt Court|Elizabeth Street|-38.07615,145.27646
Cheshunt Drive|Enoch Rise|-38.01369,145.27617
Cheshunt Drive|Fernshaw Gardens|-38.01510,145.27584
Cheshunt Drive|Hinrichsen Drive|-38.01262,145.27740
Cheshunt Drive|Keppel Drive|-38.01603,145.27562
Cheshunt Drive|Rubicon Court|-38.01443,145.27600
Chesney Street|Denbigh Court|-37.98787,145.17104
Chesney Street|Kingsclere Avenue|-37.98774,145.16983
Chester Court|Grove End Road|-37.97241,145.25330
Chester Street|Warwick Street|-37.92046,145.06677
Chesterfield Drive|Kingston Avenue|-38.06199,145.28407
Chesterfield Drive|The Common|-38.06131,145.28461
Chesterville Drive|Chesterville Road|-37.92362,145.06432
Chesterville Drive|Northam Road|-37.92241,145.06202
Chesterville Drive|Wards Grove|-37.92241,145.06202
Chesterville Road|Cochranes Road|-37.94189,145.06018
Chesterville Road|Dawn Street|-37.95399,145.05782
Chesterville Road|Dennis Street|-37.95535,145.05757
Chesterville Road|Denver Street|-37.93367,145.06195
Chesterville Road|Everest Drive|-37.95535,145.05757
Chesterville Road|Genoa Street|-37.94314,145.05992
Chesterville Road|Hector Court|-37.94121,145.06032
Chesterville Road|Highview Road|-37.92919,145.06331
Chesterville Road|Independence Street|-37.94443,145.05966
Chesterville Road|Jamieson Street|-37.96062,145.05659
Chesterville Road|Jellicoe Street|-37.96137,145.05645
Chesterville Road|Keamy Avenue|-37.95607,145.05743
Chesterville Road|Keys Road|-37.94762,145.05903
Chesterville Road|Leonie Avenue|-37.92516,145.06396
Chesterville Road|Levanswell Road|-37.94404,145.05974
Chesterville Road|Nepean Highway|-37.96313,145.05612
Chesterville Road|O'Connell Street|-37.94385,145.05978
Chesterville Road|Pine Street|-37.96242,145.05625
Chesterville Road|Radcliff Avenue|-37.95978,145.05674
Chesterville Road|Rings Road|-37.94583,145.05938
Chesterville Road|Schulz Street|-37.93456,145.06177
Chesterville Road|South Road|-37.93634,145.06139
Chesterville Road|Tennyson Street|-37.95800,145.05707
Chesterville Road|Turner Road|-37.95223,145.05815
Chesterville Road|Vasey Street|-37.93445,145.06179
Chesterville Road|Wickham Road|-37.94724,145.05910
Chesterville Road|Wingate Street|-37.93544,145.06158
Chestnut Court|Honeysuckle Avenue|-37.90985,145.17089
Chestnut Road|Claret Street|-37.99431,145.23310
Chestnut Road|Hakea Street|-37.99490,145.23298
Chestnut Road|Jacaranda Street|-37.98813,145.23551
Chestnut Road|Kidds Road|-37.98729,145.23582
Chestnut Road|Kinsfolk Circuit|-37.99310,145.23333
Chestnut Road|Peppermint Street|-37.99185,145.23357
Chestnut Road|Photinia Street|-37.99211,145.23352
Chestnut Road|Stenocarpus Drive|-37.99349,145.23326
Cheviot Road|Elmbank Drive|-37.98879,145.17991
Cheviot Road|Tracey Close|-37.98960,145.17959
Chevron Avenue|Cranbourne-Frankston Road|-38.12899,145.23919
Chevron Court|Eel Race Road|-38.08193,145.12536
Chevron Court|Sunrae Court|-38.08325,145.12557
Chi Avenue|Desmond Street|-38.00695,145.16565
Chi Avenue|Season Grove|-38.00597,145.16377
Chi Avenue|Tyers Lane|-38.00808,145.16542
Chi Avenue|Waterfront Way|-38.00585,145.16284
Chichester Close|Warrego Circuit|-38.08803,145.20622
Chicory Chase|Troups Creek Promenade|-38.00789,145.28595
Chicquita Avenue|Wicklow Street|-38.10938,145.14598
Chicquita Circuit|Levanto Street|-37.97877,145.07550
Chifley Court|Timms Crescent|-37.98112,145.12499
Chifley Crescent|Curtin Crescent|-37.96735,145.20638
Chifley Crescent|Gladstone Road|-37.96724,145.20534
Chifley Crescent|Menzies Avenue|-37.96629,145.20939
Chifley Crescent|Watson Street|-37.96745,145.20734
Childers Street|High Street|-38.11183,145.28311
Childers Street|Kankie Street|-38.11266,145.28996
Childers Street|Station Street|-37.98254,145.06640
Childers Street|Warrigal Road|-37.98313,145.07118
Childs Rise|Ravenhill Crescent|-37.98936,145.25603
Chile Street|Frankston-Dandenong Road|-38.11708,145.15137
Chile Street|Norfolk Crescent|-38.11771,145.15206
Chipp Court|Kubis Crescent|-37.97867,145.12319
Chipping Hill Court|Marykirk Drive|-37.91138,145.19369
Chisholm Court|Corio Drive|-37.96191,145.13511
Chisholm Court|James Cook Drive|-38.10653,145.26950
Chisholm Crescent|Fenton Place|-38.05787,145.28295
Chisholm Crescent|Kershaw Drive|-38.05744,145.28572
Chisholm Crescent|President Road|-38.05890,145.28514
Chislehurst Court|Raleigh Drive|-38.05640,145.29226
Chislehurst Road|Ludstone Street|-37.93510,145.02038
Chislehurst Road|Raynes Park Road|-37.93717,145.01999
Chislehurst Road|Teddington Road|-37.93614,145.02019
Chiswick Court|Oaktree Drive|-38.02219,145.25363
Chivalry Lane|Hinnenberg Circuit|-38.11657,145.25758
Chivalry Lane|Langer Circuit|-38.11680,145.25836
Chivell Close|Cunningham Drive|-37.97823,145.27126
Chomley Street|Conway Court|-38.09961,145.26891
Chomley Street|Duff Street|-38.10175,145.26995
Chomley Street|Fagan Court|-38.10058,145.26850
Chomley Street|Lamont Crescent|-38.10000,145.27094
Chomley Street|Miles Court|-38.10130,145.26943
Chomley Street|Mullin Court|-38.09980,145.26967
Chomley Street|Wood Court|-38.10076,145.26867
Chopard Avenue|Dresden Drive|-38.01370,145.13927
Chopard Avenue|Lake King Circle|-38.01274,145.13809
Chris Court|Hickman Avenue|-38.02184,145.11863
Chris Court|Lake View Boulevard|-37.99703,145.15212
Chris Court|Reumah Place|-38.02126,145.11926
Christensen Street|Keys Road|-37.94858,145.06684
Christian Court|Farview Drive|-37.93542,145.24729
Christina Terrace|Donna Close|-37.97482,145.12384
Christina Terrace|Howard Road|-37.97576,145.12259
Christina Terrace|Rex Place|-37.97422,145.12441
Christina Terrace|Ruby Place|-37.97547,145.12319
Christine Court|Edward Street|-37.96809,145.16268
Christine Court|Ryan Street|-38.10433,145.15243
Christine Place|Terrence Drive|-38.07032,145.26712
Christine Street|Evelyne Avenue|-38.09793,145.27071
Christopher Court|Edwin Court|-37.93569,145.10391
Christopher Court|Kilberry Crescent|-37.99860,145.26603
Christopher Court|Viney Street|-37.93553,145.10291
Christopher Street|Thames Avenue|-37.95258,145.14122
Church Road|Clarendon Drive|-38.00246,145.17833
Church Road|Cottongum Avenue|-38.00048,145.16229
Church Road|Eastbury Street|-38.00223,145.17664
Church Road|Eel Race Road|-38.08365,145.13189
Church Road|Frenchman Way|-38.00130,145.16900
Church Road|Harlequin Drive|-38.00072,145.16416
Church Road|Kotiko Road|-38.00136,145.16954
Church Road|Linden Drive|-38.00168,145.17207
Church Road|Matilda Drive|-38.00078,145.16464
Church Road|Monrie Street|-38.00163,145.17165
Church Road|Palmyra Street|-38.00173,145.17250
Church Road|Petunia Drive|-38.00230,145.17714
Church Road|Red Brush Drive|-38.00104,145.16676
Church Road|Stanley Road|-38.00115,145.16769
Church Road|Tulip Way|-38.00083,145.16504
Church Road|Walkers Road|-38.07764,145.12671
Church Street|Collington Avenue|-37.91972,145.00095
Church Street|Dendy Street|-37.92039,145.00159
Church Street|Gordon Street|-37.97346,145.04772
Church Street|Kerr Street|-37.97692,145.04703
Church Street|Lindsay Street|-37.97251,145.04790
Church Street|Monaco Crescent|-37.97383,145.04764
Church Street|Oakley Street|-37.97603,145.04721
Church Street|Rene Street|-37.97512,145.04739
Church Street|Wall Street|-37.97801,145.04682
Church Street|Weatherall Road|-37.97166,145.04807
Church Street|Welton Street|-37.97431,145.04755
Churchill Avenue|Park Road|-37.96500,145.05243
Churchill Avenue|Tulip Grove|-37.96319,145.04848
Churchill Close|Murrumbeena Road|-37.90445,145.06265
Churchill Close|Winston Way|-37.90410,145.06163
Churchill Court|Collis Street|-37.92880,145.01373
Churchill Court|Justin Drive|-37.94903,145.18914
Churchill Court|Somerset Drive|-37.94720,145.22082
Churchill Park Drive|Hallam North Road|-37.96208,145.28178
Churchill Park Drive|Mannahaven Close|-37.95934,145.27260
Churchill Park Drive|Parkside Boulevard|-37.95914,145.27148
Chute Street|Crown Avenue|-38.00720,145.09253
Chute Street|David Street|-38.00057,145.09384
Chute Street|Elliot Street|-37.99679,145.09423
Chute Street|Gipps Avenue|-38.00852,145.09228
Chute Street|Governor Road|-38.00983,145.09202
Chute Street|Kershaw Street|-37.99860,145.09405
Chute Street|McKay Street|-37.99589,145.09440
Chute Street|Park Street|-38.00983,145.09202
Chute Street|White Street|-37.99954,145.09408
Chute Street|Woods Avenue|-38.00323,145.09332
Cicada Court|Gladeswood Drive|-37.93243,145.20311
Cilento Crescent|Harris Street|-38.05322,145.25689
Cilento Crescent|Hutchinson Drive|-38.05427,145.25711
Cilroy Crescent|Radar Lane|-38.12270,145.23557
Cilroy Crescent|Scorchin Drive|-38.12267,145.23452
Cinder Court|Emden Crescent|-37.92505,145.16561
Cindy Close|Fenton Court|-37.99777,145.17206
Cindy Court|Hilda Street|-37.97282,145.07679
Cirai Crescent|Raisell Road|-38.10050,145.26117
Circle Drive North|Circle Drive South|-38.09410,145.27621
Circle Drive North|Cranbourne Place|-38.09685,145.28153
Circle Drive North|Dumas Street|-38.09402,145.27782
Circle Drive North|Haven Court|-38.09410,145.27621
Circle Drive South|Haven Court|-38.09410,145.27621
Circle Drive South|Highview Avenue|-38.09682,145.28007
Circle Drive South|Sharpe Street|-38.09661,145.27835
Cirrus Close|Horizon Boulevard|-38.04562,145.27222
Cirrus Street|Coast Banksia Drive|-38.06691,145.12454
Citrus Street|Downard Street|-37.99135,145.11102
Citrus Street|Hall Street|-37.99108,145.10870
City Vista Circuit|Windward Lane|-38.10994,145.24567
Clair Court|Leo Place|-38.01371,145.10499
Clair Court|Winners Circle|-38.01395,145.10588
Claire Street|McKinnon Road|-37.91129,145.04020
Claire Street|Prince Edward Avenue|-37.91129,145.04020
Clairmont Avenue|Darcy Court|-38.09042,145.27337
Clairmont Avenue|Delmont Court|-38.09286,145.27539
Clairmont Avenue|Dumas Street|-38.09317,145.27798
Clairmont Avenue|Fenfield Street|-38.09100,145.27344
Clairmont Avenue|Halstead Court|-38.09309,145.27735
Clairmont Avenue|Jane-Maree Place|-38.09006,145.27345
Clairmont Avenue|Lesdon Avenue|-38.08748,145.27425
Clairmont Avenue|South Gippsland Highway|-38.09285,145.28108
Clairmont Avenue|Todd Street|-37.92173,145.02693
Clais Street|Pleasant Way|-38.00627,145.16789
Clais Street|Stanley Road|-38.00614,145.16675
Clapham Avenue|Red Hill Road|-37.96117,145.14883
Clapham Avenue|Springvale Road|-37.96137,145.15047
Clapperton Street|Pleasance Street|-37.91822,145.02478
Clapperton Street|Victor Road|-37.91876,145.02467
Clapton Court|Sinatra Way|-38.11614,145.29353
Clara Court|Fenton Court|-37.99720,145.17339
Clara Court|Warren Road|-37.95513,145.07048
Clare Court|Langhorne Crescent|-37.90447,145.26908
Clare Street|McSwain Street|-37.98925,145.08876
Clare Street|Warren Road|-37.98981,145.09330
Claredale Road|Green Street|-37.99830,145.22782
Claredale Road|Hilton Street|-37.99830,145.22782
Claredale Road|Lonsdale Street|-38.00054,145.22738
Claredale Road|Patrona Street|-37.99922,145.22764
Claredale Road|Princes Highway|-38.00067,145.22752
Claredale Road|Windale Street|-37.99734,145.22802
Claremont Crescent|Festival Crescent|-37.98872,145.18412
Claremont Crescent|Thurbro Drive|-37.98743,145.18425
Claremont Way|Grange Drive|-37.91525,145.28271
Clarence Avenue|Currawong Street|-37.98612,145.17907
Clarence Avenue|Devonshire Drive|-37.98590,145.17722
Clarence Avenue|Dorset Court|-37.98590,145.17722
Clarence Avenue|Kinnoul Avenue|-37.98622,145.17982
Clarence Avenue|Vanessa Avenue|-37.98602,145.17806
Clarence Court|Merivale Close|-38.08369,145.21016
Clarence Court|Tarrawarra Terrace|-38.08369,145.21016
Clarence Street|East Boundary Road|-37.92821,145.05752
Clarence Street|Vivien Street|-37.92808,145.05926
Clarendon Avenue|Eric Court|-37.91217,145.09977
Clarendon Avenue|North Road|-37.91144,145.10147
Clarendon Avenue|Windsor Avenue|-37.91205,145.09879
Clarendon Drive|Glenfern Street|-38.00314,145.17821
Clarendon Drive|Hartwell Street|-38.01038,145.17637
Clarendon Drive|Newstead Street|-38.01038,145.17729
Clarendon Drive|Somerfield Drive North|-38.00780,145.17865
Clarendon Drive|Somerfield Drive South|-38.00801,145.17862
Clarendon Drive|Stafford Street|-38.00993,145.17299
Clarendon Drive|Westwood Boulevard|-38.00563,145.17905
Clarendon Street|Fairbairn Road|-38.10438,145.27273
Clarendon Street|Gordon Street|-38.10615,145.28752
Clarendon Street|Harry Street|-38.10493,145.27718
Clarendon Street|Hawdon Drive|-38.10463,145.27516
Clarendon Street|High Street|-38.10553,145.28201
Clarendon Street|High Street Service Road|-38.10553,145.28201
Clarendon Street|Jillian Street|-38.10460,145.27493
Clarendon Street|Lyons Street|-38.10567,145.28364
Clarendon Street|McLaren Avenue|-38.10525,145.28020
Clarendon Street|Mundaring Drive|-38.10537,145.28125
Clarendon Street|Russell Street|-38.10628,145.28866
Clarendon Street|Smethurst Street|-38.10598,145.28615
Clarendon Street|Tabby Street|-38.10659,145.29114
Clarendon Street|Taylor Street|-38.10448,145.27385
Clarendon Street|Tucker Street|-38.10496,145.27784
Claret Street|Ficifolia Drive|-37.99412,145.23137
Clarevale Street|Cleary Court|-37.93675,145.12207
Clarevale Street|Mallawa Street|-37.93445,145.12250
Clarevale Street|McMillan Street|-37.93191,145.12297
Clarevale Street|Murdock Street|-37.93415,145.12255
Clarinda Road|Cleeland Road|-37.92959,145.10007
Clarinda Road|Cunningham Place|-37.94242,145.09746
Clarinda Road|Dingley Bypass|-37.94425,145.09710
Clarinda Road|Dowling Road|-37.93970,145.09812
Clarinda Road|Elliminya Court|-37.93735,145.09858
Clarinda Road|Huntingdale Road|-37.92628,145.10068
Clarinda Road|Lyndale Court|-37.93431,145.09917
Clarinda Road|Moresby Street|-37.93655,145.09874
Clarinda Road|Old Dandenong Road|-37.94702,145.09654
Clarinda Road|Plant Grove|-37.94702,145.09654
Clarinda Road|Tammany Drive|-37.94290,145.09750
Clarinda Road|Tatiara Avenue|-37.93593,145.09885
Clarinda Road|The Parade|-37.92979,145.10004
Clark Street|Holloway Road|-37.95680,145.02168
Clark Street|Park Avenue|-37.95771,145.02150
Clarke Road|Heatherton Road|-37.96064,145.13788
Clarke Road|Juther Court|-37.96402,145.13896
Clarke Road|Kirra Court|-37.96569,145.13952
Clarke Road|Londrew Avenue|-37.96194,145.13824
Clarke Road|Paterson Road|-37.97853,145.14703
Clarke Road|Rowan Road|-37.97845,145.14656
Clarke Road|Springvale Road|-37.97853,145.14703
Clarke Road|Vella Court|-37.96622,145.13970
Clarkson Avenue|Rooding Street|-37.90367,145.00048
Claronga Street|Victor Road|-37.92611,145.07902
Claronga Street|Warrigal Road|-37.92644,145.08196
Clarood Crescent|Kiwi Court|-38.03695,145.13179
Classon Court|Silver Street|-37.96413,145.06205
Claude Avenue|Coral Drive|-38.03694,145.27030
Claude Avenue|Hallam Road|-38.03727,145.26702
Claude Avenue|Linda Court|-38.03735,145.26979
Claude Street|Elliott Street|-38.12160,145.13748
Claude Street|Greenview Court|-37.93692,145.07596
Claude Street|Hadley Street|-38.12342,145.13667
Claude Street|Hannah Street|-38.12512,145.13594
Claude Street|Manning Road|-38.12265,145.13701
Claude Street|Niki Court|-37.93692,145.07596
Claude Street|Nina Court|-37.93716,145.07697
Claude Street|Quinn Street|-38.12174,145.13741
Claude Street|Sanicki Court|-37.93748,145.07862
Claude Street|Scott Court|-38.12431,145.13630
Claude Street|Wright Street|-38.11975,145.13828
Claudel Street|Franklyn Street|-37.91009,145.11306
Claudel Street|Lerina Street|-37.91040,145.11553
Claudia Street|Cyril Grove|-37.97172,145.19358
Claudia Street|Liege Avenue|-37.97143,145.19114
Clauscen Drive|Comfort Close|-37.92888,145.24607
Clauscen Drive|Elaine Place|-37.93166,145.25093
Clauscen Drive|Liberty Avenue|-37.92882,145.24609
Clauscen Drive|Magdalena Place|-37.93050,145.24636
Clauscen Drive|Orchard Way South|-37.93172,145.25122
Clauscen Drive|Wellington Road|-37.92670,145.24658
Clauscen Drive|Yvette Drive|-37.92740,145.24638
Clay Court|Oakwood Avenue|-37.96389,145.20205
Clay Court|Timberglade Drive|-37.95132,145.18795
Clay Street|Horsmunden Road|-37.93939,145.04583
Clay Street|Margaret Street|-37.93630,145.04643
Clay Street|South Road|-37.93459,145.04677
Clayden Rise|Palmerston Road|-37.91236,145.28187
Claymore Street|Greycliffe Avenue|-38.08905,145.20383
Claymore Street|Seaberry Promenade|-38.08932,145.20585
Clayton Court|Martin Street|-37.97477,145.15872
Clayton Road|Clayton Road Service Road|-37.90166,145.12413
Clayton Road|Cleary Court|-37.93620,145.11759
Clayton Road|Colonel Street|-37.92062,145.12055
Clayton Road|Dandenong Road|-37.91142,145.12229
Clayton Road|Dixon Street|-37.91902,145.12090
Clayton Road|Dunstan Street|-37.92549,145.11966
Clayton Road|Fairbank Road|-37.94039,145.11679
Clayton Road|Fairland Avenue|-37.90229,145.12401
Clayton Road|Fraser Road|-37.94616,145.11566
Clayton Road|Haughton Road|-37.92500,145.11975
Clayton Road|Heatherton Road|-37.95757,145.11339
Clayton Road|Hourigan Avenue|-37.91680,145.12133
Clayton Road|Jordan Street|-37.93114,145.11841
Clayton Road|Kallay Street|-37.93711,145.11741
Clayton Road|Kimbarra Street|-37.93198,145.11822
Clayton Road|Kings Court|-37.90024,145.12437
Clayton Road|Kingston Road|-37.95757,145.11339
Clayton Road|Kitson Road|-37.93988,145.11689
Clayton Road|Lanark Street|-37.93395,145.11789
Clayton Road|Leslie Road|-37.94872,145.11515
Clayton Road|Linda Street|-37.93027,145.11862
Clayton Road|Meppel Drive|-37.93123,145.11839
Clayton Road|Merlyn Avenue|-37.93586,145.11764
Clayton Road|Murdock Street|-37.93356,145.11794
Clayton Road|Murray Street|-37.91814,145.12107
Clayton Road|Myriong Street|-37.91504,145.12167
Clayton Road|Narrumburn Road|-37.94145,145.11658
Clayton Road|Newport Road|-37.93286,145.11803
Clayton Road|North Road|-37.91365,145.12190
Clayton Road|Olive Street|-37.92944,145.11883
Clayton Road|Osborne Avenue|-37.94293,145.11629
Clayton Road|Parsons Street|-37.93039,145.11859
Clayton Road|Princes Highway|-37.91142,145.12229
Clayton Road|Rossdale Street|-37.90953,145.12264
Clayton Road|Ryans Road|-37.95026,145.11485
Clayton Road|Shandeau Avenue|-37.91908,145.12088
Clayton Road|Stewart Road|-37.90620,145.12327
Clayton Road|Strelden Avenue|-37.90521,145.12346
Clayton Road|Sydney Street|-37.92944,145.11883
Clayton Road|Sylvander Street|-37.93919,145.11702
Clayton Road|Tully Road|-37.94724,145.11545
Clayton Road|Valepark Crescent|-38.10912,145.26849
Clayton Road|Victory Road|-37.95272,145.11437
Clayton Road|Warsaw Court|-37.94577,145.11573
Clayton Road|Whitburn Street|-37.91577,145.12152
Clayton Road|Whiteside Road|-37.93802,145.11724
Clayton Road|Woodside Avenue|-37.90900,145.12274
Cleal Court|Joffre Street|-37.96998,145.18781
Cleary Street|Dangerfield Drive|-37.96586,145.15255
Cleary Street|Glenwood Drive|-37.96484,145.15275
Clee Street|Harold Street|-37.90883,145.02734
Clee Street|Hastings Street|-37.90802,145.02749
Clee Street|McKinnon Road|-37.90968,145.02718
Clee Street|Murray Road|-37.90649,145.02815
Cleek Avenue|North Road|-37.90987,145.08827
Cleek Avenue|Picadilly Street|-37.91401,145.08745
Cleeland Street|Clow Street|-37.98469,145.21454
Cleeland Street|Edward Avenue|-37.97582,145.21626
Cleeland Street|Heatherton Road|-37.97032,145.21730
Cleeland Street|Hopkins Street|-37.97503,145.21641
Cleeland Street|King Street|-37.98285,145.21494
Cleeland Street|McFarlane Crescent|-37.98226,145.21505
Cleeland Street|Olive Street|-37.97992,145.21549
Cleeland Street|Oswald Street|-37.97365,145.21668
Cleeland Street|Sheales Street|-37.97333,145.21673
Clegg Street|Scioto Street|-38.11099,145.25901
Clegg Street|Stringer Avenue|-38.11240,145.25882
Clematis Court|Gladesville Boulevard|-38.07709,145.14467
Clement Court|England Walk|-38.05826,145.29251
Clement Street|Clow Street|-37.98577,145.22222
Clement Street|King Street|-37.98379,145.22258
Clementine Close|Major Crescent|-37.92273,145.27381
Clements Street|Garden Road|-37.91023,145.05916
Clements Street|George Street|-37.90939,145.05929
Clements Street|Marchant Street|-37.95057,145.02486
Clements Street|Thomasina Street|-37.91204,145.05879
Clendon Court|Heyington Boulevard|-38.10967,145.18165
Clendon Court|Tintern Grove|-37.95222,145.05967
Clendon Court|Tintern Mews|-37.95222,145.05967
Clendon Road|Haverbrack Drive|-37.93661,145.20019
Clendon Road|Wildwood Place|-37.93616,145.19995
Clendon Road|Windermere Crescent|-37.93551,145.19973
Cleopatra Drive|Hector Drive|-38.09111,145.28801
Cleopatra Drive|Majestic Boulevard|-38.08958,145.28830
Cleveland Court|Sheridan Avenue|-37.93262,145.25544
Clifford Street|Fenton Street|-37.91001,145.10999
Clifford Street|Huntingdale Road|-37.90933,145.10384
Clifton Court|Valewood Drive|-37.92363,145.16739
Clifton Grove|Knox Street|-38.09380,145.17535
Clifton Grove|Pagett Road|-38.08898,145.17746
Clifton Grove|Stephanie Court|-38.09066,145.17712
Clifton Grove|Sunflower Circuit|-38.09245,145.17636
Clifton Grove|Trafford Road|-38.09106,145.17703
Clifton Park Drive|Kerr Place|-38.09276,145.17484
Clifton Park Drive|Michelle Court|-38.09332,145.17405
Clifton Park Drive|Trafford Road|-38.09063,145.17370
Clifton Park Drive|Webster Court|-38.09234,145.17238
Clifton Street|Victor Road|-37.93174,145.07796
Clifton Street|Warrigal Road|-37.93206,145.08085
Clifton Way|Evonne Court|-37.97107,145.25880
Clifton Way|Grove End Road|-37.97046,145.25400
Clifton Way|Heywood Grove|-37.97059,145.25817
Clifton Way|Mildura Crescent|-37.97055,145.25553
Clifton Way|Mossgiel Park Drive|-37.97293,145.25979
Clifton Way|Rosedale Court|-37.97193,145.25911
Cline Court|Hawking Avenue|-38.03926,145.26297
Clinton Drive|Newburgh Street|-38.00647,145.17054
Clinton Drive|Westwood Boulevard|-38.00517,145.17080
Clinton Street|Clive Street|-37.91425,145.02047
Clinton Street|Eloura Avenue|-37.91212,145.02088
Clinton Street|Gillard Street|-37.91326,145.02066
Clinton Street|Rogers Avenue|-37.91160,145.02054
Clive Street|Fairview Street|-37.93414,145.14958
Clive Street|George Street|-38.03514,145.25053
Clive Street|Hawthorn Road|-37.91387,145.01697
Clive Street|Hope Street|-37.93600,145.14923
Clive Street|Hornby Street|-37.91410,145.01907
Clive Street|Jasper Court|-38.03375,145.24910
Clive Street|Kellie Court|-38.03295,145.24930
Clive Street|Parklands Crescent|-37.91451,145.02171
Clive Street|Sapphire Drive|-38.03514,145.25053
Clive Street|Somerville Road|-38.02986,145.24984
Clive Street|Tadstan Drive|-38.03201,145.24945
Clive Street|Thomas Street|-37.91469,145.02355
Clive Street|Topaz Way|-38.03422,145.24898
Cliveden Close|James Bathe Way|-38.06144,145.29667
Cliveden Close|Rupertswood Rise|-38.06144,145.29667
Clonaig Street|Meyer Court|-37.90280,145.01056
Clonaig Street|Milroy Street|-37.90532,145.01027
Clonaig Street|Moore Street|-37.90234,145.01065
Clonaig Street|North Road|-37.90042,145.01099
Clonaig Street|Oxford Street|-37.90396,145.01034
Clonaig Street|Stone Street|-37.90301,145.01052
Clondara Drive|George Knox Drive|-37.93299,145.22003
Clondara Drive|Holstein Court|-37.93196,145.21940
Clondara Drive|Timbertop Drive|-37.93242,145.22215
Clonmore Street|Dalgetty Road|-37.98036,145.03887
Clonmore Street|Hume Street|-37.97986,145.03689
Clonmore Street|McNaught Street|-37.97937,145.03584
Clonmore Street|Reserve Road|-37.97867,145.03430
Clonmult Avenue|Cloyne Street|-37.95302,145.03613
Clonmult Avenue|Middleton Street|-37.95333,145.03877
Cloris Avenue|Cromer Road|-37.98301,145.04539
Cloris Avenue|Haldane Street|-37.98232,145.03962
Cloris Avenue|Hugo Street|-37.98215,145.03747
Cloris Avenue|Pellatt Street|-37.98272,145.04296
Cloris Avenue|Reserve Road|-37.98179,145.03371
Cloris Avenue|Scott Street|-37.98245,145.04072
Close Avenue|Princes Highway|-37.98253,145.21136
Close Avenue|Weller Street|-37.98235,145.20783
Clovelly Lane|Clovelly Parade|-38.08959,145.12906
Clovelly Parade|Nabilla Avenue|-38.08957,145.12917
Clovelly Parade|Railway Parade|-38.08977,145.12821
Clovelly Parade|Wunalla Road|-38.08968,145.13027
Cloverbank Drive|Howden Street|-38.11676,145.29966
Cloverdale Court|Haverbrack Drive|-37.93610,145.20183
Cloverdale Lane|Hallam North Road|-37.95741,145.28298
Cloverset Avenue|Mustang Avenue|-38.01092,145.29852
Cloverset Avenue|Trentwood Road|-38.01092,145.29961
Cloverset Avenue|Wallaroo Avenue|-38.01307,145.29732
Cloverset Avenue|White Ash Court|-38.01095,145.29790
Clovis Street|Franklyn Street|-37.90929,145.11321
Clovis Street|Lerina Street|-37.90957,145.11566
Clow Street|Foster Street|-37.98562,145.22076
Clow Street|Foster Street East|-37.98580,145.22250
Clow Street|Kidds Road|-37.98667,145.23022
Clow Street|Lonsdale Street|-37.98484,145.21394
Clow Street|Power Street|-37.98660,145.22964
Clow Street|Princes Highway|-37.98476,145.21390
Clow Street|Robinson Street|-37.98454,145.21148
Clow Street|Ross Street|-37.98613,145.22546
Clow Street|Sleeth Avenue|-37.98537,145.21875
Clow Street|Stuart Street|-37.98526,145.21773
Clow Street|Stud Road|-37.98562,145.22076
Clow Street|Thomas Street|-37.98465,145.21233
Cloyne Street|Desmond Avenue|-37.95384,145.03597
Cloyne Street|James Avenue|-37.95221,145.03629
Cloyne Street|Mary Avenue|-37.95465,145.03581
Club Court|Southern Drive|-37.98483,145.13787
Clubhouse Way|Greenside Drive|-37.93412,145.23221
Clubhouse Way|Links Drive|-37.93448,145.23218
Clubhouse Way|Sunshine Way|-37.93388,145.23328
Clubhouse Way|Waverley Close|-37.93420,145.23599
Cluden Street|Hampton Street|-37.91236,145.00730
Cluden Street|Hazeldean Avenue|-37.91287,145.01213
Clunies Ross Crescent|Noble Street|-37.91695,145.16159
Clunies Ross Crescent|Springvale Road|-37.91596,145.15926
Clunies Ross Crescent|Springvale Road Service Road|-37.91597,145.15938
Clyde Street|Hazel Avenue|-37.94480,145.03105
Clyde Street|Highett Road|-37.94738,145.03045
Clyde Street|Locinda Street|-37.94648,145.03065
Clyde Street|Peterson Street|-37.94564,145.03085
Clyde Street|Wickham Road|-37.94377,145.03127
Clydebank Avenue|Inverness Street|-37.96358,145.26733
Clydebank Avenue|Orkney Close|-37.96350,145.26813
Clydebank Avenue|Struan Avenue|-37.96356,145.26953
Clydebank Court|Pinehill Drive|-37.92590,145.26010
Clydebank Road|Edithvale Road|-38.03807,145.11048
Clydebank Road|Field Avenue|-38.03717,145.10995
Clydebank Road|Keith Avenue|-38.03630,145.10944
Clydebank Road|Langrigg Avenue|-38.03456,145.10841
Clydebank Road|Lochiel Avenue|-38.03372,145.10796
Clyne Place|Vista Crescent|-37.92078,145.25327
Clyve Avenue|Flinders Street|-37.97600,145.05826
Clyve Avenue|Latrobe Street|-37.97402,145.05861
Coach House Lane|Lady Emily Way|-38.11519,145.19743
Coaldrake Street|Tucker Boulevard|-38.09667,145.18035
Coane Street|North Road|-37.91297,145.11614
Coape Street|Mackenzie Street|-37.97048,145.05256
Coast Banksia Drive|Zephyr Place|-38.06511,145.12510
Coates Street|Harding Street|-37.92899,145.03331
Coates Street|Patterson Road|-37.92549,145.03401
Cobain Street|Dandenong Road|-37.91656,145.13107
Cobain Street|Wellington Road Service Road|-37.91542,145.13157
Cobain Way|Diddley Close|-38.11730,145.29199
Cobain Way|Elmslie Drive|-38.11809,145.29184
Cobar Street|Crosbie Road|-37.90713,145.06623
Cobar Street|Griffith Avenue|-37.90799,145.06602
Cobar Street|North Road|-37.90713,145.06623
Cobbler Grange|Livingstone Rise|-38.05092,145.26317
Cobbler Grange|Mercer Place|-38.05153,145.26307
Cobbler Grange|Sugarloaf Avenue|-38.04976,145.26356
Cobham Street|David Court|-37.97234,145.06542
Cobham Street|Lorraine Street|-37.97248,145.06655
Cobham Street|Nepean Highway|-37.97207,145.06319
Cobham Street|Ward Street|-37.97262,145.06772
Cobungra Court|Glencairn Avenue|-38.01799,145.27752
Cochrane Avenue|Glenthorne Drive|-37.99351,145.17785
Cochrane Avenue|Hedgeley Road|-37.99351,145.17785
Cochrane Avenue|Henty Court|-37.99296,145.17928
Cochrane Avenue|Kingsclere Avenue|-37.99357,145.17566
Cochrane Avenue|Locharn Crescent|-37.99370,145.17658
Cochrane Avenue|Merrick Street|-37.99270,145.18120
Cochrane Avenue|Plummer Road|-37.98544,145.05774
Cochrane Avenue|Russet Court|-37.99298,145.17923
Cochrane Street|Fairbairn Road|-38.10605,145.27238
Cochrane Street|Jillian Street|-38.10631,145.27459
Cochrane Street|Lorna Street|-38.10672,145.27793
Cochrane Street|Lurline Street|-38.10646,145.27580
Cochrane Street|McLaren Avenue|-38.10695,145.27987
Cochranes Road|Edgecombe Court|-37.94338,145.07155
Cochranes Road|Joyner Street|-37.94298,145.06847
Cochranes Road|Lennox Street|-37.94263,145.06578
Cochranes Road|Roberna Street|-37.94295,145.06825
Cochranes Road|Tabbita Street|-37.94224,145.06282
Cochranes Road|Warrigal Road|-37.94447,145.07846
Cockatoo Drive|Corella Court|-38.11228,145.17889
Cockatoo Drive|Spindrift Court|-38.11267,145.18002
Cockatoo Drive|Sunbird Crescent|-38.11219,145.17858
Cockatoo Drive|Warbler Court|-38.11187,145.17778
Coco Parade|McClelland Drive|-38.11861,145.19119
Coco Parade|McDonald Street|-38.12016,145.19144
Coco Parade|Pip Street|-38.11943,145.19177
Coco Parade|Vivi Court|-38.11840,145.19180
Coconut Grove|Pacific Drive|-38.02283,145.12759
Cocos Court|Palm Beach Drive|-38.07955,145.13444
Codrington Street|Grange Road|-37.94847,145.01688
Codrington Street|Sladen Street|-38.11317,145.28452
Codrington Street|Vincent Street|-37.94955,145.01668
Cody Avenue|Fordholm Road|-38.03400,145.25412
Cody Avenue|Kerrison Drive|-38.03229,145.25351
Cody Avenue|Pitman Court|-38.03309,145.25410
Cojo Place|Frankston-Dandenong Road|-38.02694,145.21302
Cojo Place|Quality Drive|-38.02694,145.21302
Colac Court|Kurrawa Crescent|-38.07631,145.14852
Colby Place|Warana Drive|-38.03478,145.28261
Colchester Avenue|Lucknow Street|-38.09438,145.24787
Colchester Avenue|Matisse Street|-38.09506,145.24772
Colchester Avenue|Riverside Drive|-38.09541,145.24765
Colchester Court|Liverpool Drive|-37.98681,145.15580
Cole Street|Ellt Crescent|-37.95216,145.17236
Cole Street|Nockolds Crescent|-37.95232,145.17360
Coledale Close|Monteith Crescent|-37.97398,145.26630
Coleman Court|Ferndale Crescent|-37.95817,145.21110
Coleman Court|Latrobe Street|-37.97394,145.05799
Coleman Road|Nepean Highway|-38.01258,145.09046
Colemans Road|Discovery Road|-38.04020,145.21838
Colemans Road|Frankston-Dandenong Road|-38.03923,145.21058
Colemans Road|Interchange Way|-38.09040,145.16655
Colemans Road|Lathams Road|-38.09837,145.16469
Colemans Road|Produce Drive|-38.04023,145.21866
Colemans Road|Rossiter Road|-38.08349,145.16420
Colemans Road|Taylors Road|-38.04130,145.22749
Colemans Road|Vision Street|-38.03973,145.21470
Colemans Road|Yazaki Way|-38.09622,145.16533
Colendy Close|Gregson Grove|-38.07518,145.25878
Colenso Street|Dennett Street|-38.07300,145.12322
Colenso Street|Little Colenso Street|-38.07303,145.12304
Colenso Street|Valetta Street|-38.07286,145.12418
Coliban Close|Colorado Crescent|-37.91349,145.25532
Colin Court|Jannali Drive|-37.98712,145.13538
Colin Road|North Road|-37.91292,145.11324
Colin Street|Neville Street|-37.92350,145.05299
Coling Avenue|Leila Road|-37.90265,145.06184
Coling Avenue|Oakleigh Road|-37.90029,145.06227
Collard Place|Orama Avenue|-38.08976,145.19101
Collaroy Crescent|Kirrawee Court|-37.98229,145.17386
Collaroy Crescent|Narrabeen Court|-37.98141,145.17394
College Crescent|Corrigan Road|-37.99020,145.16348
College Crescent|Haileybury Court|-37.99151,145.16510
College Crescent|Nambour Road|-37.99238,145.16535
College Crescent|Parkland Court|-37.99055,145.16488
College Drive|Pound Road|-38.04996,145.29828
College Drive|Seebeck Drive|-38.04996,145.29828
College Grove|Iona Street|-37.97352,145.01962
College Grove|Karrakatta Street|-37.97459,145.01937
College Walk|Innovation Walk|-37.90987,145.12974
Collegium Avenue|Strada Crescent|-37.90517,145.16746
Collier Avenue|Haughton Road|-37.92817,145.12473
Collina Mews|Venezia Way|-38.10926,145.20191
Collingwood Street|Sandringham Road|-37.95127,145.01219
Collingwood Street|Vincent Street|-37.94902,145.01265
Collins Court|Hughes Avenue|-38.04114,145.12530
Collins Lane|Hornsby Street|-37.99161,145.20661
Collins Lane|Ogrady Lane|-37.99225,145.20610
Collins Street|Elizabeth Street|-37.97973,145.06145
Collins Street|Logan Avenue|-37.90681,145.05187
Collins Street|Nepean Highway|-37.98068,145.06961
Collins Street|North Road|-37.90551,145.05213
Collins Street|Shearman Crescent|-37.97930,145.05788
Collins Street|St Andrews Street|-37.90850,144.99835
Collins Street|Swanston Street|-37.98021,145.06580
Collins Street|Walnut Street|-37.90856,145.05157
Collins Way|Tucker Boulevard|-38.09616,145.17963
Collis Street|Holmhurst Court|-37.92955,145.01360
Collis Street|Roosevelt Court|-37.92806,145.01387
Collis Street|South Road|-37.93034,145.01345
Collis Street|Were Street|-37.92731,145.01400
Collocott Street|Eric Avenue|-38.00086,145.08921
Collocott Street|Francis Street|-38.00053,145.09130
Collocott Street|Krone Street|-38.00095,145.08869
Collocott Street|Warren Road|-38.00053,145.09130
Colonel Street|Flora Road|-37.91986,145.11538
Colonel Street|Madeleine Road|-37.92033,145.11929
Colonial Court|Halcyon Way|-38.03563,145.29338
Colonsay Road|View Road|-37.95469,145.15798
Colorado Crescent|Taupo Crescent|-37.91362,145.25402
Colorado Crescent|Wannon Court|-37.91417,145.25645
Colrado Court|Keppel Drive|-38.01586,145.27436
Columbia Court|Discovery Road|-38.05765,145.21499
Columbia Drive|Jodi Avenue|-37.91545,145.18435
Columbia Drive|Phoenix Drive|-37.91307,145.18528
Columbia Drive|Saturn Court|-37.91976,145.18278
Columbia Drive|Tyrone Court|-37.91981,145.18237
Columbia Drive|Vanessa Crescent|-37.91732,145.18414
Columbia Drive|Xavier Drive|-37.91678,145.18423
Columbia Street|Fleming Court|-37.93416,145.08357
Columbia Street|Old Dandenong Road|-37.93364,145.08411
Columbia Street|Washington Drive|-37.93615,145.08318
Columbia Street|Yarra Court|-37.93521,145.08336
Colvin Court|Coolabah Avenue|-37.90024,145.15619
Colwyn Drive|Hampshire Drive|-38.05369,145.28631
Colwyn Drive|Kershaw Drive|-38.05514,145.28736
Colwyn Drive|Malabar Court|-38.05437,145.28689
Comas Road|Glamis Street|-37.97388,145.04046
Comas Road|Weatherall Road|-37.97081,145.04108
Comber Street|Corrigan Road|-37.96329,145.16880
Comber Street|Kerrison Avenue|-37.96282,145.16504
Comber Street|Lawn Road|-37.96253,145.16272
Comber Street|Lesley Grove|-37.96310,145.16737
Comber Street|Shirley Street|-37.96297,145.16628
Comer Street|Dendy Street|-37.92179,145.01391
Comer Street|Garden Avenue|-37.92532,145.01323
Comer Street|South Road|-37.93022,145.01233
Commercial Drive|Healey Road|-38.02793,145.22705
Commercial Drive|South Gippsland Highway|-38.04266,145.25210
Commercial Road|Como Parade West|-37.98483,145.06698
Commercial Road|Gardiner Road|-37.90367,145.12850
Commercial Road|Industrial Avenue|-37.90384,145.13008
Commercial Road|Wickham Road|-37.94685,145.05609
Community Parade|Hallmark Drive|-38.06316,145.28655
Community Parade|Harrington Drive|-38.06339,145.28839
Community Parade|Jude Place|-38.06493,145.29260
Community Parade|Lennon Court|-38.06551,145.29528
Community Parade|Liverpool Court|-38.06456,145.29161
Community Parade|McCartney Drive|-38.06551,145.29528
Community Parade|Norwegian Way|-38.06504,145.29293
Community Parade|Ringo Place|-38.06452,145.29153
Como Court|Upwey Avenue|-37.95945,145.14611
Como Parade East|Eighth Street|-37.99166,145.07501
Como Parade East|Elm Grove|-37.99537,145.07927
Como Parade East|Fifth Street|-37.98944,145.07244
Como Parade East|Fourth Street|-37.98869,145.07158
Como Parade East|Laburnum Street|-37.99604,145.08005
Como Parade East|Mitchell Street|-37.98369,145.06670
Como Parade East|Parkers Road|-37.99355,145.07718
Como Parade East|Peter Avenue|-37.99695,145.08103
Como Parade East|Rogers Street|-37.98545,145.06808
Como Parade East|Seventh Street|-37.99092,145.07415
Como Parade East|Sixth Street|-37.99018,145.07329
Como Parade East|Station Street|-37.98310,145.06632
Como Parade East|Stewart Avenue|-37.99295,145.07649
Como Parade East|Third Street|-37.98793,145.07071
Como Parade East|Warrigal Road|-37.98762,145.07033
Como Parade East|White Street|-37.99801,145.08199
Como Parade West|Cremona Street|-37.98561,145.06760
Como Parade West|Dalmor Street|-37.99733,145.08080
Como Parade West|Dickens Street|-37.98988,145.07224
Como Parade West|George Street|-38.00213,145.08368
Como Parade West|Herbert Street|-37.99477,145.07791
Como Parade West|Lucerne Street|-37.98780,145.06984
Como Parade West|Main Street|-38.00213,145.08368
Como Parade West|McIndoe Parade|-37.99581,145.07911
Como Parade West|Mentone Parade|-37.98241,145.06500
Como Parade West|Rennison Street|-37.99675,145.08018
Como Parade West|Royal Parade|-38.00011,145.08269
Compark Circuit|Gilda Court|-37.91566,145.15552
Compark Circuit|Wellington Road|-37.91794,145.15420
Compass Court|Frankston-Dandenong Road|-38.11825,145.14906
Compass Rise|Landscape Boulevard|-38.02788,145.27586
Complex Main Street|Main Street|-38.11452,145.29656
Comport Street|Dalgetty Road|-37.99219,145.03657
Comport Street|Tramway Parade|-37.99259,145.03941
Comte Close|Jacinta Drive|-38.10193,145.25762
Concord Crescent|Frankston-Dandenong Road|-38.10115,145.17092
Concord Crescent|Titan Drive|-38.10240,145.16693
Conder Way|McCubbin Drive|-37.97578,145.07157
Conder Way|Streeton Drive|-37.97602,145.07104
Cone Street|Doveton Avenue|-37.99468,145.25083
Conferta Court|Maculata Drive|-38.09798,145.26658
Conferta Crescent|Liquidamber Street|-37.98137,145.23909
Conferta Crescent|Plum Street|-37.98267,145.23927
Conifer Court|Ferndale Crescent|-37.95849,145.20911
Conifer Court|Oaktree Rise|-37.92346,145.27600
Conifer Crescent|Silver Birch Avenue|-37.97794,145.11306
Conifer Street|Highett Road|-37.94593,145.01857
Conifer Street|Linacre Road|-37.94402,145.01892
Coniston Court|Mackay Street|-37.97282,145.15153
Coniston Drive|Erskine Crescent|-37.90995,145.19178
Coniston Drive|Marykirk Drive|-37.91215,145.19207
Coniston Drive|Shiralee Court|-37.91071,145.19162
Coniston Drive|Thurza Court|-37.91157,145.19168
Conley Street|Isaac Road|-37.98390,145.17875
Conley Street|Nance Street|-37.98091,145.17921
Connam Avenue|Murdo Road|-37.91984,145.14068
Connam Avenue|Sarton Road|-37.92026,145.14408
Connell Close|Pauline Avenue|-37.98438,145.13137
Connell Lane|Hornsby Street|-37.99066,145.20332
Connell Road|Edward Street|-37.90520,145.09759
Connell Road|Heath Avenue|-37.90176,145.09840
Connell Road|King Street|-37.90397,145.09788
Connell Road|Merbow Street|-37.90093,145.09859
Connell Road|Wells Road|-37.90421,145.09783
Connell Street|Thomas Street|-38.00492,145.09021
Connewarra Avenue|Kubis Avenue|-38.02077,145.10310
Connewarra Avenue|Larnook Crescent|-38.01963,145.10646
Connie Court|Sottile Drive|-38.11420,145.26651
Connie Street|Kennedy Street|-37.91937,145.07618
Connor Mews|Trafalgar Way|-38.09880,145.29979
Connor Street|Dendy Street|-37.92148,145.01125
Connor Street|Marriage Road|-37.91906,145.01167
Connors Street|Matthieson Street|-37.95498,145.05186
Connors Street|Tennyson Street|-37.95414,145.05375
Conquest Way|Siddons Way|-38.01066,145.25299
Conquest Way|Wedgewood Road|-38.01097,145.25531
Conrad Place|Mantova Drive|-37.91616,145.17890
Conran Avenue|Durang Court|-37.98488,145.27557
Conran Avenue|Hensley Court|-37.98417,145.27518
Conran Avenue|James Cook Drive|-37.98616,145.27564
Conran Avenue|Montague Court|-37.98560,145.27571
Conran Avenue|Thomas Mitchell Drive|-37.98229,145.27279
Conservation Way|Rainwater Drive|-38.06792,145.25229
Conservation Way|Sustain Circuit|-38.06788,145.25409
Constance Close|Palmerston Road|-37.90989,145.27867
Conway Court|Enterprize Avenue|-38.03430,145.13190
Conway Street|Dawn Avenue|-37.99538,145.20180
Conway Street|Kirkham Road|-37.99805,145.20290
Conway Street|Noon Street|-37.99611,145.20262
Cooba Court|Mangana Drive|-37.92652,145.17071
Cooinda Crescent|Viney Street|-37.93558,145.10290
Cooinda Drive|Kubis Avenue|-38.02134,145.10500
Cooinda Drive|Larnook Crescent|-38.02051,145.10743
Cook Court|Endeavour Drive|-38.07705,145.27140
Cook Court|Richard Street|-37.96727,145.15772
Cooke Avenue|Wickham Road|-37.94298,145.02461
Cooke Avenue|Widdop Crescent|-37.94102,145.02518
Cooke Street|Dunstan Street|-37.92533,145.11836
Cooke Street|Holloway Road|-37.95721,145.02520
Cooke Street|Spring Street|-37.96006,145.02471
Coolabah Avenue|Woodlea Drive|-37.90122,145.15759
Coolabah Street|Lower Dandenong Road|-37.98358,145.08436
Coolabah Street|Sycamore Avenue|-37.98149,145.08476
Coolac Street|Silver Street|-37.96483,145.06769
Coolavin Road|Elonera Road|-37.95725,145.19160
Coolavin Road|Halton Road|-37.95531,145.19717
Coolavin Road|Lawanna Street|-37.95751,145.19361
Coolavin Road|Lindell Street|-37.95756,145.19396
Coolavin Road|Mosig Court|-37.95637,145.19696
Coolavin Road|Nemet Court|-37.95771,145.19485
Coolavin Road|Pindari Street|-37.95698,145.19684
Coolavin Road|Powis Court|-37.95782,145.19577
Cooley Lane|Lansdowne Circuit|-37.92316,145.18762
Coolgardie Street|Longleaf Street|-38.12617,145.15335
Coolgardie Street|Silvertop Street|-38.12555,145.14831
Coolgardie Street|Stone Street|-38.12587,145.15095
Coolibah Place|Kirribilli Avenue|-37.98535,145.16662
Coolibar Avenue|Glyndon Court|-38.08684,145.13609
Coolibar Avenue|Larool Crescent|-38.08786,145.12841
Coolibar Avenue|Lexton Court|-38.08743,145.13552
Coolibar Avenue|Mersey Crescent|-38.08826,145.13162
Coolibar Avenue|Milroy Crescent|-38.08548,145.13759
Coolibar Avenue|Railway Parade|-38.08795,145.12795
Cooma Court|David Street|-37.97837,145.22792
Cooma Street|Fletcher Street|-37.93938,145.05160
Cooma Street|Franklin Street|-37.93962,145.05334
Coombe Avenue|Fewster Road|-37.93787,145.01361
Coombe Avenue|Raynes Park Road|-37.93648,145.01425
Coombs Avenue|Jason Street|-37.91960,145.10596
Coombs Avenue|Legon Road|-37.91973,145.10708
Coombs Avenue|Monash Place|-37.92009,145.10991
Coombs Avenue|Nova Street|-37.91954,145.10549
Coombs Avenue|Peter Street|-37.91946,145.10484
Coombs Avenue|Talbot Avenue|-37.91942,145.10454
Coomoora Road|Darren Road|-37.98323,145.15555
Coomoora Road|Drummond Circuit|-37.98270,145.15110
Coomoora Road|Northgate Drive|-37.98256,145.15035
Coomoora Road|Serpentine Road|-37.98277,145.15167
Coonara Avenue|Luxton Terrace|-38.09991,145.12951
Coonara Avenue|Portland Parade|-38.10004,145.13054
Coonara Avenue|Railway Parade|-38.09978,145.12845
Coonil Street|Scotsburn Avenue|-37.92628,145.10770
Cooper Court|George Chudleigh Drive|-38.00173,145.28427
Cooper Court|Sladen Street|-38.11369,145.28774
Cooper Road|Goulburn Drive|-37.91475,145.25153
Cooper Road|Taupo Crescent|-37.91494,145.25464
Cooper Street|Heatherton Road|-37.96309,145.15783
Cooper Street|Myrtle Street|-37.96460,145.15753
Coora Road|Haughton Road|-37.91414,145.10563
Coora Road|Natalia Avenue|-37.91595,145.10535
Coora Road|Valley Street|-37.91750,145.10503
Coorong Circle|Mitta Avenue|-38.01084,145.12741
Coorong Circle|Waterside Drive|-38.01182,145.12651
Cootamundra Drive|Cotoneaster Court|-37.91130,145.17242
Cootamundra Drive|Darnley Grove|-37.90557,145.17096
Cootamundra Drive|Earlwood Drive|-37.90988,145.17198
Cootamundra Drive|Elkins Court|-37.91300,145.17187
Cootamundra Drive|Ferntree Gully Road|-37.90464,145.17114
Cootamundra Drive|Fuchsia Court|-37.90912,145.17182
Cootamundra Drive|Hibiscus Drive|-37.90839,145.17168
Cootamundra Drive|Mackellar Avenue|-37.91348,145.17085
Cootamundra Drive|Strada Crescent|-37.91167,145.17258
Cootamundra Drive|Truscott Court|-37.91395,145.16983
Cootamundra Drive|Tudawali Crescent|-37.91316,145.17154
Cootamundra Street|Crimson Drive|-37.98285,145.23633
Cootamundra Street|Dotterel Close|-37.97879,145.23695
Cootamundra Street|Floriana Avenue|-37.97801,145.23710
Cootamundra Street|Golden Court|-37.98118,145.23647
Cootamundra Street|Kingfisher Drive|-37.97662,145.23818
Cootamundra Street|Pisa Court|-37.97728,145.23734
Cootamundra Street|Pyrus Court|-37.98365,145.23639
Cootamundra Street|Redstart Street|-37.97954,145.23680
Cootamundra Street|Robin Close|-37.97695,145.23754
Cootamundra Street|Rowan Drive|-37.98477,145.23659
Cootamundra Street|Scarlet Drive|-37.98201,145.23636
Cootamundra Street|Spring Street|-37.98312,145.23633
Cope Court|Feathertop Rise|-37.91479,145.19505
Copernicus Circuit|Cube Court|-38.09749,145.25412
Copernicus Circuit|Galileo Way|-38.09740,145.25355
Copernicus Circuit|Princeton Place|-38.09649,145.25464
Copernicus Circuit|Scotch Lane|-38.09582,145.25468
Copernicus Circuit|Stanford Street|-38.09727,145.25262
Copley Street|Hinneberg Street|-38.11411,145.25754
Copley Street|Putter Road|-38.11417,145.25925
Copley Street|Ryder Street|-38.11436,145.25989
Copley Street|Topp Street|-38.11407,145.25844
Coppin Close|The Grange|-38.02635,145.26843
Coppin Court|Woodlea Drive|-37.90104,145.15772
Coral Avenue|Florida Avenue|-37.98727,145.02955
Coral Avenue|Nautilus Street|-37.98808,145.02941
Coral Court|Hilda Street|-37.97231,145.07686
Coral Court|Naxos Way|-38.02363,145.18465
Coral Court|Springs Road|-37.92895,145.10961
Coral Drive|Fordholm Road|-38.03566,145.26717
Coral Drive|Geraldine Drive|-38.04600,145.27906
Coral Drive|Hallam Road|-38.03566,145.26717
Coral Drive|Jessica Drive|-38.04901,145.28048
Coral Drive|Manatoka Crescent|-38.04787,145.28023
Coral Drive|Michelle Drive|-38.04400,145.27415
Coral Drive|Westminster Court|-38.03821,145.27251
Coral Island Court|Palm Beach Drive|-38.08190,145.14083
Coral Mews|Jake Michael Grove|-38.09756,145.20333
Coram Close|Glen Vista Drive|-37.99116,145.28676
Coram Court|Sunnyvale Crescent|-37.99655,145.16344
Corang Way|Kulkami Way|-38.08961,145.26233
Corang Way|Taplan Crescent|-38.08889,145.26246
Corbie Street|Plym Street|-37.93225,145.03536
Corbie Street|South Road|-37.93305,145.03558
Cordova Court|Fillmore Road|-37.94563,145.20844
Corhanwarrabul Close|Lakeview Avenue|-37.91720,145.22910
Corhanwarrabul Close|Olivia Court|-37.91626,145.23060
Corinne Close|Dangerfield Drive|-37.96571,145.15064
Corio Drive|Heatherton Road|-37.96011,145.13343
Corio Drive|Lalor Court|-37.96185,145.13266
Corio Drive|Montclair Close|-37.96231,145.13281
Coriyule Court|Hoysted Avenue|-38.08085,145.28220
Corker Close|Emily Drive|-38.00387,145.29095
Cormick Street|Warwick Street|-37.92126,145.07324
Cormorant Place|Village Drive|-37.98068,145.11985
Cornelius Street|Heatherton Road|-37.97135,145.22609
Cornelius Street|Leed Street|-37.97228,145.22592
Cornelius Street|Leonard Street|-37.97395,145.22561
Cornelius Street|Louis Avenue|-37.97307,145.22577
Cornell Place|Thelma Rise|-38.04090,145.28218
Cornish Road|Wellington Road|-37.92570,145.28243
Cornwall Avenue|Devonshire Drive|-37.98659,145.17709
Cornwall Avenue|Kinnoul Avenue|-37.98690,145.17961
Cornwall Street|Edinborough Street|-38.00255,145.26840
Cornwall Street|Frawley Road|-38.00039,145.26383
Cornwall Street|Lynne Court|-38.00201,145.26368
Cornwall Street|Princes Domain Drive|-38.00231,145.26595
Cornwall Street|Wales Court|-38.00214,145.26456
Cornwall Street|Windsor Street|-38.00227,145.26561
Cornwell Crescent|Kells Close|-38.09745,145.30005
Cornwell Crescent|Otley Way|-38.09728,145.29882
Cornwell Crescent|Trafalgar Way|-38.09831,145.29632
Corolla Avenue|Lahona Avenue|-37.92766,145.05292
Corolla Avenue|Surrey Street|-37.92824,145.05278
Coronation Street|Nepean Highway|-37.90094,145.00693
Coronet Court|Stevensons Road|-38.11286,145.26850
Coronet Grove|Page Street|-37.98388,145.02690
Corporate Avenue|South Corporate Avenue|-37.92608,145.22026
Corporate Avenue|St Andrews Court|-37.92396,145.21934
Corporate Avenue|Wellington Road|-37.92637,145.22020
Corporate Drive|Sunmore Close|-37.94728,145.08155
Corporate Drive|Warrigal Road|-37.94983,145.07757
Corran Court|Shetland Street|-37.96665,145.27153
Correa Avenue|Jack Road|-37.96292,145.04220
Correa Place|Essex Park Drive|-37.97164,145.24135
Correa Street|Nepean Highway|-38.04337,145.11134
Correa Street|Wallum Road|-38.04386,145.11003
Corrigan Road|Craig Street|-37.97115,145.16717
Corrigan Road|Craven Street|-37.96088,145.16927
Corrigan Road|Crescent Street|-37.95929,145.16962
Corrigan Road|Cyrene Street|-37.97286,145.16684
Corrigan Road|Darren Road|-37.98521,145.16446
Corrigan Road|Flowervale Road|-37.97222,145.16696
Corrigan Road|Green Street|-37.97017,145.16736
Corrigan Road|Harold Road|-37.97708,145.16605
Corrigan Road|Heatherton Road|-37.96442,145.16856
Corrigan Road|Henderson Road|-37.98195,145.16511
Corrigan Road|Henry Street|-37.96667,145.16808
Corrigan Road|Horatio Street|-37.97678,145.16611
Corrigan Road|Joy Parade|-37.96548,145.16833
Corrigan Road|Keith Court|-37.98878,145.16376
Corrigan Road|Kelvinside Road|-37.95479,145.17037
Corrigan Road|Kingsclere Avenue|-37.98010,145.16547
Corrigan Road|Kleine Street|-37.97029,145.16733
Corrigan Road|Lightwood Road|-37.96168,145.16911
Corrigan Road|Memorial Drive|-37.95822,145.16980
Corrigan Road|Moodemere Street|-37.97618,145.16622
Corrigan Road|Moya Crescent|-37.96218,145.16901
Corrigan Road|Narellan Drive|-37.98853,145.16381
Corrigan Road|Noble Street|-37.96795,145.16781
Corrigan Road|Patching Avenue|-37.97498,145.16645
Corrigan Road|Princes Highway|-37.94753,145.17274
Corrigan Road|Putt Grove|-37.98729,145.16405
Corrigan Road|Racecourse Road|-37.94994,145.17131
Corrigan Road|Sherie Court|-37.99097,145.16333
Corrigan Road|Simon Avenue|-37.97563,145.16633
Corrigan Road|Taranto Drive|-37.96888,145.16762
Corrigan Road|Theodore Avenue|-37.97536,145.16638
Corrigan Road|Trevor Court|-37.98332,145.16484
Corrigan Road|Turramurra Drive|-37.98572,145.16436
Corrigan Road|Wallarano Drive|-37.97885,145.16571
Corrigan Road|Walnut Crescent|-37.97927,145.16563
Corrigan Road|Walsh Street|-37.96536,145.16836
Corrigan Road|Woollahra Avenue|-37.98220,145.16506
Corrigans Run|Emily Promenade|-38.00149,145.18207
Corrigans Run|Mallory Crescent|-38.00149,145.18207
Corsican Street|Frankston-Dandenong Road|-38.11559,145.15357
Corsican Street|Radiata Street|-38.11730,145.15460
Corvi Court|King George Parade|-37.97589,145.19814
Coryule Avenue|Naples Road|-37.98771,145.06285
Cosier Drive|Isaac Road|-37.98441,145.18267
Cosier Drive|Johnson Street|-37.98140,145.18338
Cosier Drive|Nance Street|-37.98291,145.18214
Cossar Place|Oceanic Drive|-38.05770,145.14167
Cossar Place|Starboard Lane|-38.05729,145.14144
Costello Court|John Fawkner Drive|-37.97876,145.26959
Cotham Square|Oaktree Drive|-38.02627,145.26509
Cotswold Crescent|Martin Street|-37.97429,145.15660
Cottage Court|Deanswood Road|-38.03095,145.26405
Cotter Court|Mississippi Close|-37.91533,145.23761
Cotton Field Way|Fleet Street|-38.06703,145.29080
Cotton Field Way|Glasscocks Road|-38.06853,145.29042
Cottongum Avenue|Windermere Street|-37.99974,145.16244
Cottrell Place|Lockwood Rise|-38.06186,145.25802
Coulson Avenue|McLennan Street|-38.00125,145.24305
Counithan Place|Windsor Drive|-37.91833,145.28798
County Close|The Deviation|-37.90902,145.18738
Courtenay Avenue|Diosma Court|-38.07756,145.27544
Courtenay Avenue|Elda Court|-38.08308,145.28712
Courtenay Avenue|Ferncroft Court|-38.07834,145.27910
Courtenay Avenue|Frances Crescent|-38.08079,145.28567
Courtenay Avenue|Franks Way|-38.07896,145.28460
Courtenay Avenue|Hazelwood Avenue|-38.07869,145.28253
Courtenay Avenue|Hoysted Avenue|-38.07805,145.27695
Courtenay Avenue|Jasmine Court|-38.07816,145.27756
Courtenay Avenue|South Gippsland Highway|-38.07774,145.27374
Courtenay Avenue|Thompsons Road|-38.08358,145.28720
Courtney Street|Holmby Road|-37.96838,145.05941
Courtney Street|Nepean Highway|-37.96820,145.05951
Courtney Street|Page Street|-37.96984,145.05920
Courtney Street|Tuck Street|-37.97056,145.05938
Cove Court|Shetland Street|-37.96679,145.27139
Cove Lane|Seabrook Way|-38.08462,145.13321
Covent Garden Grove|Kellbourne Drive|-37.90832,145.26852
Coventry Drive|Hopman Court|-38.07918,145.20641
Coventry Drive|Kelly Terrace|-38.08012,145.20718
Coventry Drive|Kingsford Smith Court|-38.07930,145.20692
Coventry Drive|Sandhurst Boulevard|-38.08058,145.20717
Cowper Street|Masefield Avenue|-37.95722,145.00971
Cowper Street|Southey Street|-37.95585,145.00849
Cowper Street|Tennyson Street|-37.95398,145.00689
Cowra Street|Hillcrest Avenue|-37.90492,145.00598
Cowra Street|Warriston Street|-37.90513,145.00730
Cox Court|Ravenhill Crescent|-37.98900,145.25470
Cox Street|Herald Street|-37.96360,145.07146
Cox Street|Macao Court|-37.96392,145.07376
Cox Street|Rio Vista Court|-37.96374,145.07254
Cox Street|Warrigal Road|-37.96409,145.07478
Crabapple Close|Silverwattle Drive|-38.05939,145.24950
Crabill Walk|President Road|-38.05779,145.28860
Craig Court|Jells Road|-37.96692,145.08019
Craig Hill Drive|Grandview Road|-37.91379,145.19349
Craig Hill Drive|Pontford Court|-37.91277,145.19488
Craig Hill Drive|Wellwood Square|-37.91254,145.19580
Craigie Avenue|Gracie Avenue|-38.04548,145.11136
Craigie Avenue|Nepean Highway|-38.04509,145.11236
Craigie Court|Hedley Place|-38.03342,145.27089
Craigmore Avenue|Delville Avenue|-37.97979,145.08641
Crampton Chase|Pemberton Lane|-38.08474,145.21137
Crampton Chase|Sandhurst Boulevard|-38.08694,145.21188
Crampton Chase|Verdant Avenue|-38.08456,145.21065
Crampton Court|Pickworth Crescent|-37.93636,145.24154
Crampton Square|La Perouse Boulevard|-38.06498,145.13756
Cranberry Place|Robusta Avenue|-38.08870,145.28751
Cranbourne Drive|Harry Street|-38.10840,145.27651
Cranbourne Drive|Jillian Street|-38.10813,145.27424
Cranbourne Drive|McLaren Avenue|-38.10881,145.27952
Cranbourne Drive|Mundaring Drive|-38.10893,145.28055
Cranbourne Drive|Scott Street|-38.10892,145.28037
Cranbourne Drive|Taylor Street|-38.10800,145.27318
Cranbourne Place|South Gippsland Highway|-38.09656,145.28262
Cranbourne Road|Glasscocks Road|-38.07187,145.29770
Cranbourne Road|Narre Warren - Cranbourne Road|-38.07173,145.29772
Cranbourne Road|Narre Warren Road|-38.07187,145.29770
Cranbourne-Frankston Road|Evans Road|-38.10957,145.25245
Cranbourne-Frankston Road|Everlasting Boulevard|-38.11835,145.25059
Cranbourne-Frankston Road|Ferndown Drive|-38.12200,145.25001
Cranbourne-Frankston Road|Hall Road|-38.10957,145.25245
Cranbourne-Frankston Road|Jonah Avenue|-38.12790,145.24124
Cranbourne-Frankston Road|Monahans Road|-38.11069,145.26497
Cranbourne-Frankston Road|Ranfurlie Boulevard|-38.11351,145.25162
Cranbourne-Frankston Road|Scarborough Avenue|-38.11002,145.25928
Cranbourne-Frankston Road|Silver Banksia Boulevard|-38.11032,145.26027
Cranbourne-Frankston Road|Sladen Street|-38.11069,145.26497
Cranbourne-Frankston Road|Snead Boulevard|-38.11475,145.25135
Cranbourne-Frankston Road|Willow Glen Boulevard|-38.11006,145.25830
Cranham Street|Lawn Road|-37.96183,145.16285
Cranham Street|Peter Street|-37.96183,145.16285
Cranham Street|Shirley Street|-37.96230,145.16637
Cranley Street|Wattle Street|-37.94953,145.15720
Cranwell Court|Woolwich Drive|-37.92247,145.16323
Cranwell Mews|Jake Michael Grove|-38.09753,145.20335
Craven Court|Pemberton Lane|-38.08424,145.21214
Craven Court|Verdant Avenue|-38.08365,145.21145
Craven Court|Wedgewood Road|-38.01506,145.25874
Crawford Avenue|Edna Avenue|-37.96583,145.19684
Crawford Avenue|Gardiner Avenue|-37.96719,145.19943
Crawford Avenue|Stevenson Avenue|-37.96706,145.19835
Crawford Road|The Parade|-37.92994,145.10129
Crawford Street|Governor Road|-38.00805,145.11046
Crawford Street|Industrial Drive|-38.00541,145.11098
Crawford Street|Weatherall Road|-37.97170,145.04837
Creek Court|Eumemmerring Drive|-37.99505,145.24957
Creighton Street|Maramba Drive|-37.99803,145.29922
Creighton Street|Peveril Court|-37.99817,145.30029
Cremin Court|Pickworth Crescent|-37.93619,145.24353
Cremona Street|Venice Street|-37.98646,145.06627
Cremorne Court|Earlwood Street|-37.98003,145.12078
Crepe Avenue|Everlasting Boulevard|-38.11816,145.24952
Crepe Avenue|Monique Rose Drive|-38.11407,145.25035
Crepe Avenue|Ranfurlie Boulevard|-38.11333,145.25051
Crepe Avenue|Scarlet Ash Drive|-38.11477,145.25020
Crescent Street|Flinders Street|-37.95898,145.16698
Cressonierre Court|Kilberry Crescent|-38.00015,145.26777
Cressy Way|Elmsford Crescent|-38.10066,145.25203
Cressy Way|Eminence Drive|-38.10077,145.25284
Crest Avenue|Parkview Crescent|-37.93873,145.02694
Crest Avenue|Summit Avenue|-37.93982,145.02670
Cresta Court|Glengariff Drive|-37.92565,145.17095
Creswick Grove|Ellindale Avenue|-37.91058,145.04525
Creswick Grove|McKinnon Road|-37.91193,145.04500
Creswick Street|South Road|-37.93058,145.01549
Creswick Street|Were Street|-37.92756,145.01601
Cricklewood Circuit|Loosestrife Street|-38.02128,145.28787
Cricklewood Circuit|Myna Court|-38.02122,145.28866
Crimea Close|Murrindal Drive|-37.90769,145.27553
Crimson Crescent|Solferino Way|-38.08970,145.19697
Crimson Drive|Rowan Drive|-37.98557,145.23563
Crimson Grove|Evergreen Boulevard|-37.93964,145.13713
Crimson Grove|Indigo Lane North|-37.93971,145.13768
Crimson Grove|Plantation Lane|-37.93975,145.13807
Crisp Street|Deakin Street North|-37.94106,145.00490
Crisp Street|Deakin Street South|-37.94098,145.00423
Crisp Street|Hampton Street|-37.94071,145.00192
Crisp Street|Kerferd Street|-37.94166,145.00981
Crisp Street|Sargood Street|-37.94182,145.01114
Cristata Avenue|Essex Park Drive|-37.96634,145.24123
Cristata Avenue|Olearia Close|-37.96771,145.24094
Cristata Avenue|Pilosa Place|-37.96711,145.24108
Cristata Avenue|Regnans Avenue|-37.96832,145.24030
Crocus Court|Tulip Grove|-37.95892,145.04844
Crocus Crescent|Diosma Drive|-37.90013,145.16483
Croft Street|Huntingdale Road|-37.90806,145.10408
Croft Street|Moller Street|-37.90783,145.10189
Croft Street|Warner Street|-37.90792,145.10296
Cromb Avenue|Oak Street|-37.98752,145.04084
Cromb Avenue|Tramway Parade|-37.98780,145.04318
Cromer Crescent|Opal Court|-37.92263,145.17072
Cromer Crescent|Topaz Court|-37.92279,145.17055
Cromer Road|Douglas Street|-37.98158,145.04567
Cromer Road|Hutchison Avenue|-37.98779,145.04446
Cromer Road|Lileura Avenue|-37.98705,145.04460
Cromer Road|Mariemont Avenue|-37.98320,145.04535
Cromer Road|Powys Drive|-37.98547,145.04487
Cromer Road|Ray Street|-37.98952,145.04413
Crompton Way|Logis Boulevard|-38.00584,145.20582
Crompton Way|Marconi Drive|-38.00335,145.20627
Cromwell Court|Darren Road|-37.98510,145.16357
Cromwell Drive|Forsyth Place|-37.93066,145.23697
Cromwell Drive|Halsbury Drive|-37.93066,145.23608
Cromwell Drive|Pennell Court|-37.93214,145.23974
Cromwell Drive|Pimelia Court|-37.93278,145.23961
Cromwell Drive|Spalding Court|-37.93102,145.23900
Cromwell Drive|Stepney Court|-37.93084,145.23799
Cromwell Lane|Scotsdale Drive|-38.10388,145.29646
Cronia Court|Haversham Avenue|-37.91419,145.20268
Cronin Court|Jells Road|-37.96757,145.08008
Cronulla Court|Maroubra Avenue|-37.98259,145.16941
Crosbie Road|Kinlock Avenue|-37.90481,145.06529
Crosbie Road|Leila Road|-37.90302,145.06445
Crosbie Road|North Road|-37.90713,145.06623
Crosbie Road|Strathearn Avenue|-37.90623,145.06592
Crosbie Road|Wallace Avenue|-37.90375,145.06482
Cross Road|Donald Grove|-38.04656,145.11920
Cross Road|Ella Grove|-38.04440,145.11803
Cross Road|Elsie Grove|-38.04335,145.11747
Cross Road|Embankment Grove|-38.04746,145.11970
Cross Road|Stayner Street|-38.04562,145.11870
Cross Road|Swanpool Avenue|-38.04576,145.11876
Cross Road|Tarella Road|-38.04474,145.11821
Crossdale Rise|Dorgan Court|-37.96935,145.26847
Crossdale Rise|Newmill Close|-37.97110,145.27036
Crossdale Rise|Quirk Court|-37.96967,145.26964
Crossdale Rise|Reed Court|-37.96997,145.27061
Crossdale Rise|Scotsburn Way|-37.97124,145.26647
Crossdale Rise|Whitestone Court|-37.97134,145.26775
Crossley Court|Oaktree Rise|-37.92240,145.28088
Crouch Court|Simpson Drive|-37.96865,145.22010
Crowe Avenue|Emu Bush Drive|-38.11524,145.24832
Crowe Avenue|Monique Rose Drive|-38.11382,145.24860
Crowe Avenue|Ranfurlie Boulevard|-38.11309,145.24875
Crowe Avenue|Scarlet Ash Drive|-38.11453,145.24846
Crowfoot Court|Wandoo Avenue|-37.92948,145.10523
Crown Avenue|Lamana Road|-38.00605,145.09753
Crown Avenue|Parsons Street|-38.00700,145.09376
Crown Avenue|Percy Street|-38.00671,145.09527
Crown Avenue|Steedman Street|-38.00675,145.09495
Crown Road|Fowler Street|-38.06043,145.12595
Croxley Place|Harrington Drive|-38.06537,145.28832
Crozier Court|Whitmuir Road|-37.91191,145.02933
Crusoe Drive|Laanecoorie Drive|-37.91372,145.27820
Crusoe Drive|Lakesfield Drive|-37.91507,145.28043
Crusoe Drive|Weroona Court|-37.91280,145.27509
Crusoe Drive|Wyangala Court|-37.91335,145.27666
Crystal Court|Tourmaline Crescent|-37.91969,145.19707
Crystal Gardens|Willora Crescent|-38.10478,145.25825
Cubitt Way|Logis Boulevard|-38.01066,145.19713
Culcairn Court|Palm Way|-38.04445,145.29135
Cullimore Court|Dawn Avenue|-37.99601,145.20121
Cullinane Street|Iona Street|-37.97379,145.02188
Cullinane Street|Stanley Street|-37.97290,145.02218
Culliver Avenue|McLennan Street|-38.00107,145.24161
Culshaw Avenue|Fairbank Road|-37.94306,145.13849
Culshaw Avenue|Osborne Avenue|-37.94566,145.13795
Cumberland Avenue|Dunblane Road|-37.96579,145.17985
Cumberland Avenue|Heatherton Road|-37.96579,145.17985
Cumberland Avenue|Leman Crescent|-37.96703,145.18042
Cumberland Chase|Kiandra Mews|-38.03729,145.27836
Cumberland Chase|Ralph Crescent|-38.03759,145.27949
Cumberland Chase|Sandhurst Mews|-38.03741,145.27729
Cumberland Drive|Hartnett Drive|-38.11349,145.14152
Cumberland Way|Power Road|-37.96877,145.24305
Cummins Road|Denton Street|-37.93004,145.02605
Cummins Road|Janet Street|-37.93099,145.02588
Cummins Road|Nepean Highway|-37.92536,145.02673
Cummins Road|South Road|-37.93185,145.02574
Cummins Road|Tatong Road|-37.92856,145.02630
Cummins Road|Vincent Street|-37.92667,145.02659
Cumquat Court|Waverley Park Drive|-38.07087,145.27420
Cumulus Court|Dusk Court|-38.04671,145.27495
Cumulus Court|Highmount Drive|-38.04602,145.27508
Cunningham Close|Nurten Parade|-38.02511,145.11642
Cunningham Crescent|Flinders Chase|-38.08769,145.21541
Cunningham Crescent|Leichhardt Court|-38.08837,145.21516
Cunningham Crescent|Sandhurst Boulevard|-38.08741,145.21543
Cunningham Drive|Freeman Court|-37.97915,145.27479
Cunningham Drive|Glamis Court|-37.97847,145.27422
Cunningham Drive|John Fawkner Drive|-37.97791,145.27024
Cunningham Drive|Legana Court|-37.97819,145.27111
Cunningham Drive|Moya Close|-37.97823,145.27271
Cunningham Drive|Nioka Court|-37.97816,145.27328
Cunningham Parade|Homeleigh Road|-38.00961,145.16287
Cunningham Parade|Milliners Avenue|-38.00848,145.16308
Cunningham Parade|Tyers Lane|-38.00781,145.16320
Cunningham Place|Jeff Court|-37.94229,145.09634
Cupit Street|McGeown Circuit|-38.11331,145.25511
Cupit Street|Snead Boulevard|-38.11263,145.25636
Cupit Street|Sparrow Street|-38.11264,145.25540
Curdies Street|Lesden Street|-37.93442,145.05394
Curdies Street|Wamba Road|-37.93293,145.05423
Curie Avenue|Huxley Avenue|-37.93507,145.17865
Curie Avenue|Malford Way|-37.93585,145.18502
Curie Avenue|Romilly Crescent|-37.93589,145.18536
Curie Court|Stephenson Road|-38.10023,145.15172
Curlew Court|Sunbird Crescent|-38.11317,145.17482
Curlew Point Drive|Gladesville Boulevard|-38.07898,145.13941
Curley Street|Florence Street|-37.91752,145.01683
Curley Street|Marriage Road|-37.91961,145.01643
Curley Street|Robinson Street|-37.91835,145.01667
Curnow Court|Linda Drive|-38.10149,145.25985
Currajong Street|Highland Avenue|-37.90593,145.11726
Currajong Street|Illawarra Crescent|-37.95208,145.20232
Currajong Street|Leumear Street|-37.90609,145.11862
Curran Street|Dublin Street|-37.90188,145.10991
Curran Street|State Street|-37.90027,145.10735
Currawong Drive|Hall Road|-38.10092,145.18268
Currawong Drive|Oriole Court|-38.10186,145.18225
Currawong Drive|Peregrine Place|-38.10269,145.18194
Currawong Drive|Spoonbill Court|-38.10431,145.18200
Currawong Street|Isaac Road|-37.98397,145.17923
Currawong Street|Mayfair Court|-37.98499,145.17903
Currawong Street|Vanessa Avenue|-37.98467,145.17909
Currie Avenue|John Fawkner Drive|-37.98479,145.26604
Currie Avenue|Sydney Parkinson Avenue|-37.98429,145.26340
Curtayne Court|Julius Crescent|-37.94829,145.19502
Curtin Crescent|Latham Crescent|-37.96516,145.20962
Curtin Crescent|McFees Road|-37.96357,145.21106
Curtin Crescent|Menzies Avenue|-37.96565,145.20879
Curtin Street|Deakin Street|-37.91406,145.06496
Curtin Street|Latham Street|-37.91328,145.06513
Curtis Court|Delmont Court|-38.09198,145.27555
Curzon Street|Dendy Street|-37.92171,145.01320
Curzon Street|Marriage Road|-37.91928,145.01363
Cusack Way|Hanrahan Wynd|-38.06289,145.26032
Cusack Way|Lockwood Rise|-38.06222,145.26044
Cush Place|Karoonda Way|-38.04878,145.26864
Cushing Avenue|Seaview Avenue|-37.91644,145.04544
Cutler Avenue|Newburgh Street|-38.00629,145.16875
Cutler Avenue|Tyers Lane|-38.00838,145.16792
Cutler Avenue|Weston Street|-38.00765,145.16805
Cutler Avenue|Westwood Boulevard|-38.00496,145.16897
Cyber Loop|Micro Circuit|-38.02379,145.23612
Cyber Loop|South Link|-38.02221,145.23759
Cypress Court|Kelvinside Road|-37.96026,145.17465
Cypress Court|Rialto Avenue|-38.07806,145.28360
Cypress Grove|Dunearn Road|-37.96758,145.20249
Cyprus Street|Doveton Avenue|-37.99553,145.25067
Cyril Grove|Jellicoe Street|-37.97612,145.19272
Cyril Grove|Joffre Street|-37.97384,145.19316
Cyril Grove|Lee Street|-37.97539,145.19287
Cyril Grove|Railway Parade|-37.97821,145.19227
D'Arcy Avenue|Meredith Street|-37.96113,145.02487
Dacey Street|Glencairn Avenue|-37.92686,145.01946
Dactyl Road|Doonga Avenue|-37.93908,145.04280
Daff Avenue|Dane Road|-37.94053,145.03581
Daff Avenue|Eldon Court|-37.94112,145.03567
Daff Avenue|Evans Avenue|-37.94288,145.03562
Daff Avenue|Flowerdale Road|-37.94387,145.03524
Daff Avenue|Gary Avenue|-37.94245,145.03571
Daff Avenue|Wickham Road|-37.94424,145.03516
Daffodil Court|Erica Close|-37.97910,145.25791
Daffodil Drive|Snowdrop Drive|-37.99900,145.16608
Daffodil Drive|Stanley Road|-37.99925,145.16814
Daffodil Street|Elizabeth Street|-37.92318,145.05723
Daffodil Street|Moray Street|-37.92450,145.05692
Dahlia Crescent|Stanley Road|-38.00041,145.16787
Dahmen Street|McLeod Road|-38.07242,145.13344
Daintree Drive|Ravensbourne Court|-38.08669,145.20783
Daintree Drive|Sandhurst Boulevard|-38.08546,145.20710
Dairy Place|Gum Vista Walk|-38.09385,145.19975
Dairy Place|Market Court|-38.09385,145.19975
Dairyfarm Terrace|Edeys Run|-38.03965,145.27289
Daisy Court|Sneddon Drive|-38.04750,145.29316
Daisy Street|Dalny Road|-37.90142,145.07435
Daisy Street|Doris Street|-37.89996,145.07440
Daisy Way|Harrison Court|-38.09863,145.17784
Daisy Way|Lavender Lane|-38.09888,145.17909
Dalbeattie Drive|Lynian Court|-37.93464,145.10022
Dalbeattie Drive|Tatiara Avenue|-37.93606,145.09981
Dalbeattie Drive|Viney Street|-37.93487,145.10303
Dale Court|Gladstone Road|-37.95849,145.20698
Daley Street|Patterson Road|-37.92585,145.03718
Dalgan Street|Delia Street|-37.92005,145.08439
Dalgan Street|Devoy Street|-37.91735,145.08493
Dalgetty Road|Emily Street|-37.98593,145.03779
Dalgetty Road|Gibbs Street|-37.98681,145.03764
Dalgetty Road|Griffiths Street|-37.98486,145.03805
Dalgetty Road|Hardinge Street|-37.98777,145.03745
Dalgetty Road|Herbert Street|-37.98485,145.03799
Dalgetty Road|Hotham Street|-37.98134,145.03869
Dalgetty Road|Hume Street|-37.97903,145.03912
Dalgetty Road|John Street|-37.98681,145.03764
Dalgetty Road|Reid Street|-37.99185,145.03663
Dalgetty Road|Victor Street|-37.98404,145.03817
Dalgetty Road|White Street|-37.98991,145.03702
Dalgety Street|Francis Street|-37.99404,145.20555
Dalgety Street|Hammond Road|-37.99452,145.20962
Dalgety Street|Morwell Avenue|-37.99392,145.20450
Dalgety Street|Southbourne Avenue|-37.99416,145.20662
Dali Court|Reynolds Avenue|-37.90912,145.18468
Dallas Avenue|Darling Street|-37.90478,145.07953
Dallas Avenue|Halliday Court|-37.90444,145.07662
Dallas Avenue|Hotham Street|-37.90460,145.07792
Dallas Avenue|Kinrade Street|-37.90444,145.07662
Dallas Avenue|Latrobe Street|-37.90543,145.08474
Dallas Avenue|Long Place|-37.90489,145.08041
Dallas Avenue|Normanby Street|-37.90525,145.08332
Dallas Avenue|Simmonds Street|-37.90482,145.07988
Dallas Avenue|Warrigal Road|-37.90556,145.08582
Dallas Court|Wedgewood Road|-38.01532,145.25969
Dallas Street|Houston Street|-37.98116,145.09135
Dallimore Court|Railway Parade|-37.97987,145.19469
Dallimore Court|Winston Court|-37.97926,145.19486
Dalmatia Court|Gearon Avenue|-37.93259,145.25250
Dalmont Street|Highett Road|-37.94686,145.02608
Dalmont Street|Marchant Street|-37.95062,145.02531
Dalmor Avenue|North Road|-37.90361,145.03786
Dalmor Street|Randell Street|-37.99770,145.08007
Dalmor Street|Rennison Street|-37.99772,145.07990
Dalny Road|Gloucester Court|-37.90255,145.06759
Dalny Road|Kirkham Road|-37.90194,145.07163
Dalny Road|Marma Road|-37.90246,145.06893
Dalny Road|Maude Street|-37.90170,145.07291
Dalny Road|Murrumbeena Road|-37.90214,145.06417
Dalny Road|Poath Road|-37.90122,145.07553
Dalny Road|Reid Street|-37.90159,145.07349
Dalny Road|Swan Road|-37.90218,145.07035
Dalny Road|Victory Street|-37.90230,145.06556
Dalpura Court|Tamala Avenue|-37.90678,145.14760
Dalray Street|Galilee Drive|-38.08197,145.19404
Dalray Street|Merriwee Chase|-38.08222,145.19590
Dalry Close|Struan Avenue|-37.96485,145.27017
Dalston Road|Kangaroo Road|-37.90030,145.08124
Dalton Court|Mangana Drive|-37.92660,145.17184
Dalvana Court|Verona Drive|-38.02422,145.25621
Dalwood Court|Dowling Road|-37.93477,145.09678
Daly Court|Fairway Drive|-37.90149,145.26783
Daly Court|Glenelg Drive|-37.97741,145.07717
Daly Road|Highett Road|-37.94541,145.01455
Daly Road|John Street|-37.94681,145.01433
Daly Street|Dublin Street|-37.90101,145.11008
Daly Street|Elysium Crescent|-37.90113,145.11107
Daly Street|Sage Street|-37.90121,145.11177
Damelio Court|Pia Drive|-37.93453,145.25268
Damosh Avenue|Frankston Gardens Drive|-38.09917,145.15911
Damosh Avenue|Tova Drive|-38.09964,145.16354
Dampier Close|McCormicks Road|-38.08863,145.19985
Dampier Court|Daniel Solander Drive|-37.97976,145.25410
Dana Court|Frankston-Dandenong Road|-38.00607,145.21723
Dana Court|Glomar Court|-38.00604,145.21669
Dana Court|Mangana Drive|-37.92660,145.17039
Dana Court|Wyndham Place|-37.93795,145.24235
Danae Place|Pengana Way|-38.09027,145.25819
Danbec Court|Rathgar Road|-37.90845,145.28359
Dandelion Drive|Delatite Court|-37.91493,145.25896
Dandelion Drive|Dunscombe Close|-37.92582,145.25590
Dandelion Drive|Eildon Parade|-37.91991,145.25548
Dandelion Drive|Finsbury Close|-37.92673,145.26380
Dandelion Drive|Gill Court|-37.92061,145.26890
Dandelion Drive|Horatio Close|-37.92668,145.25874
Dandelion Drive|Jamieson Avenue|-37.91718,145.25648
Dandelion Drive|Jedan Court|-37.92709,145.26285
Dandelion Drive|Kemp Court|-37.92148,145.26873
Dandelion Drive|Kitson Court|-37.92464,145.26678
Dandelion Drive|Lancom Rise|-37.92402,145.26731
Dandelion Drive|Maybury Court|-37.92325,145.26802
Dandelion Drive|Melaleuca Court|-37.91594,145.26912
Dandelion Drive|Milfull Close|-37.91978,145.26906
Dandelion Drive|Mitta Close|-37.91495,145.25994
Dandelion Drive|Pennycross Court|-37.92693,145.26084
Dandelion Drive|Pitfield Crescent|-37.92395,145.25379
Dandelion Drive|Prior Court|-37.91809,145.26939
Dandelion Drive|Robbie Close|-37.92229,145.26857
Dandelion Drive|Severn Crescent|-37.91888,145.25583
Dandelion Drive|Spruce Drive|-37.91558,145.26704
Dandelion Drive|Vista Crescent|-37.92437,145.25370
Dandelion Drive|Vue Court|-37.92524,145.26620
Dandelion Drive|Walters Court|-37.92571,145.25480
Dandelion Drive|Wentworth Avenue|-37.91515,145.26138
Dandelion Drive|Wetherby Court|-37.92631,145.26471
Dandelion Drive|Willow Avenue|-37.91647,145.26956
Dandenong - Frankston Road|Frankston-Dandenong Road|-38.09787,145.17380
Dandenong - Frankston Road|Wedge Road|-38.08594,145.18337
Dandenong Bypass|Frankston-Dandenong Road|-38.00401,145.21732
Dandenong Bypass|Hammond Road|-38.00312,145.20791
Dandenong Bypass|Perry Road|-37.99901,145.17440
Dandenong Bypass|South Gippsland Highway|-38.00600,145.22786
Dandenong Bypass|Springvale Road|-37.98242,145.14610
Dandenong Bypass|Westall Road Extension|-37.98242,145.14610
Dandenong Road|Dover Street|-37.91041,145.12127
Dandenong Road|Dublin Street|-37.90313,145.10967
Dandenong Road|Evelyn Street|-37.91754,145.13175
Dandenong Road|Fenton Street|-37.90469,145.11136
Dandenong Road|Franklyn Street|-37.90620,145.11377
Dandenong Road|Glenbrook Avenue|-37.91158,145.12311
Dandenong Road|Gordon Avenue|-37.90617,145.11455
Dandenong Road|Greta Street|-37.90915,145.11872
Dandenong Road|Highland Avenue|-37.90769,145.11694
Dandenong Road|Huntingdale Road|-37.90124,145.10541
Dandenong Road|Irwin Street|-37.91786,145.13313
Dandenong Road|Kennaugh Street|-37.91091,145.12123
Dandenong Road|Koonawarra Street|-37.91217,145.12406
Dandenong Road|Kumara Place|-37.91461,145.12646
Dandenong Road|Leumear Street|-37.90846,145.11819
Dandenong Road|Macrina Street|-37.90543,145.11339
Dandenong Road|Marshall Avenue|-37.91345,145.12611
Dandenong Road|Norfolk Avenue|-37.89827,145.10103
Dandenong Road|North Road|-37.91461,145.12646
Dandenong Road|Oberon Avenue|-37.90694,145.11577
Dandenong Road|Panorama Street|-37.91658,145.13024
Dandenong Road|Parker Street|-37.91725,145.13216
Dandenong Road|Patrick Street|-37.90977,145.12026
Dandenong Road|Princes Highway|-37.90107,145.10610
Dandenong Road|Renver Road|-37.92359,145.14227
Dandenong Road|Sage Street|-37.90393,145.11093
Dandenong Road|Sarton Road|-37.92427,145.14332
Dandenong Road|Shafton Street|-37.90304,145.10869
Dandenong Road|Stockdale Avenue|-37.91290,145.12523
Dandenong Road|Surrey Crescent|-37.90683,145.11478
Dandenong Road|Wellington Road|-37.91461,145.12823
Dandenong Road|White Street|-37.91026,145.12021
Dandenong Road|York Avenue|-37.89898,145.10215
Dandenong Road East|Frankston-Dandenong Road|-38.12920,145.13311
Dandenong Street|Hazel Avenue|-37.99230,145.19991
Dandrea Court|Pitfield Crescent|-37.92401,145.25491
Dandy Drive|Encore Boulevard|-38.12484,145.23622
Dane Court|Hillside Avenue|-37.96565,145.21883
Dane Road|Flowerdale Road|-37.94035,145.03438
Dane Road|Guernsey Avenue|-37.94046,145.03525
Dane Road|Keith Street|-37.93992,145.03032
Dane Road|Nepean Highway|-37.94100,145.04001
Dane Road|Seafoam Street|-37.94014,145.03246
Dane Road|Sybil Street|-37.94058,145.03620
Dane Road|Widdop Crescent|-37.93992,145.03032
Dangerfield Drive|Olympic Avenue|-37.96608,145.15427
Dangerfield Drive|Springvale Road|-37.96560,145.14980
Dani Court|Pia Drive|-37.93587,145.25474
Daniel Close|Erinka Crescent|-38.07330,145.14882
Daniel Drive|Frankston Gardens Drive|-38.10601,145.16342
Daniel Solander Drive|Dozey Place|-37.98100,145.25159
Daniel Solander Drive|Gore Rise|-37.97866,145.25463
Daniel Solander Drive|Harvey Place|-37.98070,145.24896
Daniel Solander Drive|Johnson Place|-37.98090,145.25071
Daniel Solander Drive|Jones Court|-37.98124,145.24677
Daniel Solander Drive|Joseph Banks Crescent|-37.97932,145.25424
Daniel Solander Drive|Magra Place|-37.97803,145.25622
Daniel Solander Drive|Moody Place|-37.98081,145.24984
Daniel Solander Drive|Schanck Place|-37.98073,145.25303
Daniel Solander Drive|Simmonds Place|-37.98058,145.24810
Daniel Solander Drive|Wilkinson Way|-37.98065,145.25318
Danielle Close|Mary Avenue|-37.90338,145.19610
Danson Street|Peterson Street|-37.94516,145.02664
Danson Street|Wickham Road|-37.94327,145.02700
Dansu Court|Wedgewood Road|-38.00754,145.25606
Danube Close|Sanoma Drive|-38.12247,145.19591
Danube Court|Goulburn Drive|-37.91386,145.25165
Danube Place|Thames Court|-37.92145,145.16672
Daphne Close|Hannagan Street|-38.01587,145.10894
Daphne Street|Laurel Street|-37.91915,145.05819
Daphne Way|Hamilton Drive|-38.07880,145.29453
Daphne Way|Julia Court|-38.07808,145.29467
Daphne Way|Oates Court|-38.07739,145.29479
Daphne Way|Rosebank Drive|-38.07676,145.29513
Darby Way|Logis Boulevard|-38.00546,145.20199
Darby Way|Marconi Drive|-38.00299,145.20250
Darcy Court|Saniky Street|-37.90306,145.14784
Darcy Niland Crescent|Eldershaw Drive|-38.05602,145.25310
Darcy Niland Crescent|Hasluck Crescent|-38.05602,145.25415
Darcy Niland Crescent|Paterson Drive|-38.05586,145.25172
Dargo Close|Eureka Crescent|-38.03072,145.29173
Darley Court|Excelsior Drive|-38.11614,145.15766
Darling Court|Severn Crescent|-37.91922,145.25837
Darling Court|Willow Drive|-38.02285,145.26769
Darling Street|Kangaroo Road|-37.90005,145.08047
Darling Street|Murray Street|-37.98167,145.07854
Darlington Street|Havenstone Drive|-38.00290,145.16323
Darlington Street|Juneberry Drive|-38.00273,145.16196
Darnley Court|Malmsbury Crescent|-37.91985,145.26052
Darnley Drive|Hutchins Way|-38.11904,145.18833
Darnley Drive|Marinda Drive|-38.12059,145.18794
Darnley Drive|McClelland Drive|-38.11928,145.19106
Darnley Grove|Hibiscus Drive|-37.90581,145.17303
Darnley Grove|Lum Road|-37.90650,145.17958
Darnley Grove|Meadowbrook Drive|-37.90591,145.17403
Darnley Grove|Nevada Close|-37.90629,145.17763
Darren Road|Ennismore Drive|-37.98400,145.15542
Darren Road|Fulham Court|-37.98463,145.16263
Darren Road|Harold Road|-37.97603,145.15700
Darren Road|Henderson Road|-37.98089,145.15600
Darren Road|Hovea Court|-37.97890,145.15641
Darren Road|Kilburn Court|-37.98497,145.16333
Darren Road|Lambeth Court|-37.98464,145.15830
Darren Road|Leanne Crescent|-37.98461,145.15861
Darren Road|Liverpool Drive|-37.98470,145.15774
Darren Road|Moorgate Court|-37.98151,145.15589
Darren Road|Nicholas Street|-37.98454,145.16184
Darren Road|Paterson Road|-37.97964,145.15625
Darren Road|Piccadilly Crescent|-37.98482,145.15671
Darren Road|Shaftesbury Court|-37.98289,145.15562
Darren Road|Shaw Street|-37.97673,145.15687
Darren Road|Tamar Road|-37.97825,145.15656
Darren Road|Waterloo Court|-37.98220,145.15575
Darriwell Court|Ferntree Gully Road|-37.90487,145.17499
Dart Street|Worthing Road|-37.94615,145.03898
Darter Court|Hall Road|-38.10060,145.18015
Dartmoor Drive|Kirwan Drive|-38.09602,145.29908
Dartmoor Drive|Otley Way|-38.09655,145.29890
Dartmoor Drive|Trafalgar Way|-38.09814,145.29546
Dartnell Street|Lineham Drive|-38.12366,145.29568
Dartnell Street|Symons Street|-38.12433,145.29555
Darvall Court|Wingrove Street|-37.95241,145.06234
Darvel Court|Girvan Circuit|-37.96269,145.26428
Darvell Close|Haversham Avenue|-37.91188,145.20132
Darwin Street|Kandra Street|-37.95974,145.20124
Darwin Street|Laemmle Street|-37.96042,145.20072
Darwin Street|Waratah Drive|-37.95854,145.20218
Daryl Court|Simon Court|-38.04521,145.27467
Davanzo Avenue|Elder Street South|-37.94440,145.10180
Davanzo Avenue|Imre Court|-37.94498,145.10697
Davanzo Avenue|Jacobs Drive|-37.94512,145.10827
Davenport Crescent|Harvard Street|-38.09582,145.25209
Davey Avenue|Hawthorn Road|-37.90653,145.01822
Davey Avenue|Hodder Street|-37.90703,145.02257
Davey Avenue|Warrigal Road|-37.90265,145.08638
Davey Court|Garnsworthy Street|-37.94249,145.16375
Davey Street|Elliot Street|-37.99603,145.08803
Davey Street|Keith Street|-37.99242,145.08871
Davey Street|Kershaw Street|-37.99782,145.08769
Davey Street|McKay Street|-37.99514,145.08820
Davey Street|Morris Street|-37.99334,145.08853
Davey Street|Mount View Avenue|-37.99433,145.08835
Davey Street|Vialls Avenue|-37.99349,145.08851
Davey Street|Victoria Street|-37.99242,145.08871
Davey Street|White Street|-37.99874,145.08751
David Avenue|Roberts Road|-38.09391,145.26947
David Close|Diamond Parade|-38.12123,145.19801
David Collins Drive|Edward Freeth Drive|-37.99116,145.27156
David Collins Drive|George Bass Avenue|-37.99030,145.26462
David Collins Drive|James Cook Drive|-37.98753,145.26427
David Collins Drive|Lambert Court|-37.99116,145.26525
David Collins Drive|Lemont Street|-37.99231,145.26766
David Collins Drive|Lockley Close|-37.98970,145.27263
David Collins Drive|Lonhill Court|-37.99203,145.27071
David Collins Drive|Paran Close|-37.98880,145.27301
David Collins Drive|Preston Avenue|-37.99188,145.26624
David Collins Drive|Robert Molyneux Avenue|-37.98982,145.26437
David Collins Drive|Roberts Court|-37.99226,145.26729
David Collins Drive|Rossiter Avenue|-37.98829,145.26421
David Collins Drive|Truslove Court|-37.98792,145.27349
David Lee Road|Westpool Drive|-38.01221,145.26680
David Street|Eton Court|-37.97859,145.22984
David Street|Fordholm Road|-38.03429,145.25639
David Street|Francis Street|-38.00087,145.09169
David Street|Gateway Boulevard|-37.97572,145.20546
David Street|Gwenda Street|-37.97599,145.20780
David Street|Hillcroft Avenue|-37.94291,145.01683
David Street|James Crescent|-37.94302,145.01772
David Street|Jeffrey Street|-38.03651,145.25421
David Street|Little Field Street|-37.94303,145.01782
David Street|Lorraine Court|-38.03577,145.25554
David Street|Matthew Court|-38.03505,145.25617
David Street|Neville Street|-37.92335,145.05179
David Street|Nicol Street|-37.94281,145.01598
David Street|Oaks Court|-37.97848,145.22888
David Street|Osborne Street|-37.97581,145.20624
David Street|Parkview Close|-37.97852,145.22918
David Street|Princes Highway|-37.97544,145.20397
David Street|Ross Street|-37.97826,145.22693
David Street|Sargood Street|-37.94221,145.01108
David Street|Stud Road|-37.97769,145.22215
David Street|Valerie Court|-38.03602,145.25513
David Street|Wales Street|-37.94284,145.01626
David Street|Woodlee Street|-37.97660,145.21308
Davie Avenue|Luxmoore Street|-37.95965,145.04596
Davie Lane|Hanby Street|-37.92519,145.00078
Davies Street|Grant Street|-37.91358,145.01054
Davis Way|Sandown Road|-37.95092,145.15983
Dawn Avenue|Kirkham Road|-37.99769,145.19984
Dawn Avenue|Moomba Parade|-37.99413,145.20181
Dawn Avenue|Sunset Grove|-37.99496,145.20187
Dawn Drive|Fountain Drive|-38.01397,145.29096
Dawn Drive|Highrise Court|-38.01587,145.29304
Dawn Drive|Prairie Court|-38.01646,145.29387
Dawn Drive|Raven Crescent|-38.01689,145.29448
Dawn Drive|Sundown Court|-38.01511,145.29204
Dawn Street|Hibberd Street|-37.95387,145.05675
Dawn Street|Port Street|-37.95363,145.05469
Dawn Street|Stanton Street|-37.95375,145.05572
Dawn Street|Tennyson Street|-37.95349,145.05318
Dawson Court|Joseph Banks Crescent|-37.97556,145.25036
Dawson Court|Sutherland Avenue|-38.01651,145.11651
Dawson Court|View Street|-37.92211,145.11031
Day Place|Domino Way|-38.04977,145.26843
Day Street|Herbert Street|-37.97989,145.21246
Day Street|High Street|-37.98054,145.21151
Day Street|Princes Highway Service Road|-37.98119,145.21059
Daybreak Drive|Sanctum Parade|-38.11939,145.23495
Daylily Drive|Dewberry Drive|-38.00305,145.16453
Daylily Drive|Red Brush Drive|-38.00328,145.16633
Daylily Drive|Sunflower Court|-38.00297,145.16378
Daylily Drive|Wattleseed Way|-38.00317,145.16543
De Havilland Road|Hinkler Road|-37.98740,145.10063
De Havilland Road|Japaddy Street|-37.98871,145.10072
De Havilland Road|Lower Dandenong Road|-37.98553,145.10042
De Villiers Drive|Gerard Street|-37.97311,145.20846
De Villiers Drive|James Street|-37.97125,145.21087
De Villiers Drive|Rogers Street|-37.97114,145.20987
Deakin Crescent|Latham Crescent|-37.96580,145.21022
Deakin Crescent|McLean Crescent|-37.96534,145.21210
Deakin Street|East Boundary Road|-37.91348,145.06066
Deakin Street|Fisher Court|-37.91392,145.06391
Deakin Street|Forster Court|-37.91378,145.06284
Deakin Street|Gardeners Road|-37.91384,145.06326
Deakin Street|Hopetoun Court|-37.91364,145.06179
Deakin Street|Mackie Road|-37.91508,145.07483
Deakin Street North|Thomas Street|-37.93864,145.00501
Deakin Street South|Linacre Road|-37.94232,145.00426
Dealbata Avenue|Elata Place|-37.96549,145.23939
Dealbata Avenue|Essex Park Drive|-37.96632,145.24055
Dealbata Avenue|Salicina Court|-37.96584,145.24040
Dealing Drive|Dowling Road|-37.93820,145.09612
Dealing Drive|Pecan Court|-37.93528,145.09427
Deals Road|Fraser Road|-37.94670,145.12040
Deals Road|Heatherton Road|-37.95818,145.11810
Deals Road|Osborne Avenue|-37.94352,145.12103
Deals Road|Ryans Road|-37.95082,145.11955
Deals Road|Simpson Road|-37.95454,145.11881
Dean Close|Ruffles Close|-38.04813,145.29187
Dean Court|Marnie Drive|-38.10299,145.25689
Dean Court|Tattler Street|-38.10354,145.19007
Deans Court|Williams Road|-38.01044,145.22173
Deanswood Close|Nambour Road|-37.99248,145.16672
Deanswood Road|Green Valley Crescent|-38.02905,145.26447
Deanswood Road|Highland Avenue|-38.03021,145.26421
Deanswood Road|Somerville Road|-38.03170,145.26390
Deanswood Way|Heyfield Court|-37.99871,145.29438
Deanswood Way|Maramba Drive|-37.99938,145.29834
Deanswood Way|Penhurst Street|-37.99897,145.29643
Dearing Avenue|Harry Street|-38.10575,145.27702
Dearing Avenue|Jillian Street|-38.10548,145.27475
Dearing Avenue|McLaren Avenue|-38.10611,145.28004
Deauville Street|Harfleur Avenue|-37.98708,145.04742
Deauville Street|Lileura Avenue|-37.98749,145.04734
Deauville Street|Powys Drive|-37.98583,145.04720
Deauville Street|St Aubin Street|-37.98493,145.04780
Deauville Street|Valmont Avenue|-37.98410,145.04796
Debbie Close|Jacinta Court|-37.98388,145.24273
Debbie Close|Rosella Avenue|-37.94188,145.10046
Debbie Court|Kubis Crescent|-37.97950,145.12286
Deborah Avenue|East Boundary Road|-37.92264,145.05891
Deborah Avenue|Hill Street|-37.92287,145.06071
Deborah Court|Rangeview Drive|-38.09730,145.20103
Deborah Court|Simon Avenue|-37.97539,145.16429
Debra Street|Gymea Avenue|-37.93656,145.22194
Decor Drive|Princes Highway|-38.00561,145.26353
Dedina Walk|Desa Terrace|-38.00104,145.19863
Dedina Walk|Kaimas Way|-38.00090,145.19773
Dedina Walk|Kaya Mews|-38.00095,145.19787
Dedina Walk|Keshava Grove|-38.00090,145.19773
Dedina Walk|Obec Mews|-38.00105,145.19869
Dedina Walk|Rodina Terrace|-38.00112,145.19942
Dedina Walk|Selo Mews|-38.00112,145.19942
Dee Court|Gleneagles Drive|-37.96627,145.26433
Dee Place|Lonsdale Avenue|-37.91846,145.25715
Dee Wy Road|Gordon Close|-38.03399,145.28918
Dee Wy Road|Shrives Road|-38.03120,145.28973
Deegan Way|Maggie Street|-38.12540,145.29952
Deegan Way|Mossey Crescent|-38.12550,145.30036
Deepwater Drive|Waterside Drive|-38.01338,145.13058
Dega Avenue|Melball Street|-37.93016,145.05339
Dega Avenue|Mervin Street|-37.93031,145.05460
Dega Avenue|Moor Street|-37.93003,145.05227
Dega Avenue|Tucker Road|-37.92979,145.04916
Degas Court|Manchester Drive|-38.10732,145.19743
Degas Court|Radleigh Drive|-37.91286,145.18136
Degg Court|Sutherland Avenue|-38.01634,145.11496
Deidre Street|Dobson Court|-37.96912,145.22246
Deidre Street|Jarvis Crescent|-37.96901,145.22145
Deidre Street|Miller Court|-37.96912,145.22246
Deidre Street|Stud Road|-37.96925,145.22343
Delacombe Court|Hannah Street|-37.95641,145.07177
Delacombe Court|Herald Street|-37.95653,145.07275
Delacombe Court|Oswald Street|-37.95627,145.07131
Delacombe Drive|Hallam Road|-38.02938,145.26865
Delacombe Drive|Lauren Drive|-38.03064,145.26950
Delacombe Drive|Rohan Court|-38.02994,145.26964
Delacombe Drive|Rosalie Court|-38.03064,145.26950
Delacombe Drive|Warana Drive|-38.03144,145.26934
Delacy Court|Menzies Close|-38.06674,145.28186
Delamere Close|Gladeswood Drive|-37.93239,145.20348
Delatite Court|Hinrichsen Drive|-38.01158,145.27726
Delatite Way|Eve Close|-38.10634,145.19856
Delatite Way|Glover Court|-38.10623,145.19764
Delatite Way|Manchester Drive|-38.10722,145.19654
Delaware Drive|Grandiflora Court|-37.98841,145.13527
Delaware Drive|Jannali Drive|-37.98841,145.13527
Delaware Drive|Locksley Close|-37.98817,145.13281
Delaware Drive|Nursery Court|-37.98826,145.13479
Delegate Circuit|Silverwattle Drive|-38.06575,145.25261
Delfin Court|Halsbury Drive|-37.92934,145.23631
Delfin Court|Margaret Place|-37.92906,145.23457
Delhi Street|Durban Street|-37.92582,145.04881
Delhi Street|Montreal Street|-37.92569,145.04778
Delia Street|Delos Street|-37.92033,145.08651
Delia Street|Dermot Street|-37.92019,145.08545
Delia Street|Warrigal Road|-37.91990,145.08324
Dell View Close|Hallam North Road|-37.97052,145.28032
Delma Street|Wamba Road|-37.93271,145.05241
Delmare Court|Raleigh Drive|-38.05642,145.29208
Delmont Court|Thomas Mitchell Drive|-37.98426,145.26733
Delos Street|Devoy Street|-37.91760,145.08705
Delta Court|Tirhatuan Drive|-37.92694,145.23713
Delville Avenue|Gainsborough Road|-37.98013,145.08923
Demint Walk|President Road|-38.05791,145.28955
Denahy Court|Sutherland Avenue|-38.01740,145.11422
Denbigh Road|Hallifax Street|-38.09645,145.13238
Denbigh Road|Park Street|-38.09654,145.13288
Dendy Court|Police Road|-37.93412,145.16468
Dendy Court|Regent Parade|-37.95803,145.06419
Dendy Street|Duncombe Avenue|-37.92045,145.00220
Dendy Street|Glencairn Avenue|-37.92251,145.02024
Dendy Street|Hampton Street|-37.92083,145.00570
Dendy Street|Hanby Street|-37.92040,145.00173
Dendy Street|Henty Street|-37.92124,145.00922
Dendy Street|Hughes Street|-37.92201,145.01578
Dendy Street|Lysander Street|-37.92191,145.01496
Dendy Street|Margaret Street|-37.92136,145.01023
Dendy Street|Melosa Avenue|-37.92263,145.02128
Dendy Street|Nepean Highway|-37.92290,145.02448
Dendy Street|Percival Street|-37.92284,145.02317
Dendy Street|Plunket Street|-37.92182,145.01411
Dendy Street|Vernon Street|-37.92271,145.02197
Dendy Street|Walstab Street|-37.92105,145.00759
Denham Crescent|Lansell Drive|-38.08120,145.28998
Denise Close|Mahonga Drive|-37.91682,145.23354
Denise Close|Stevens Place|-37.91682,145.23354
Denise Street|Myrtle Street|-37.96468,145.15867
Denise Street|Sharon Road|-37.96557,145.15844
Denison Close|Hindmarsh Street|-37.91598,145.24869
Denistoun Crescent|Jockey Lane|-38.11177,145.26044
Denistoun Crescent|Scioto Street|-38.11120,145.26052
Denistoun Crescent|Woodright Circuit|-38.11255,145.26035
Denman Avenue|Dudley Grove|-38.03673,145.10632
Denman Avenue|Nepean Highway|-38.03638,145.10726
Denmark Road|Lagrange Mews|-38.00305,145.17010
Denmark Road|Monrie Street|-38.00237,145.17152
Denmark Road|Patricia Loop|-38.00399,145.16961
Denmark Road|Westwood Boulevard|-38.00500,145.16930
Dennis Close|Hutchinson Drive|-38.05472,145.25773
Dennis Court|Faoro Court|-37.99459,145.16194
Dennis Street|Everest Drive|-37.95535,145.05757
Dennis Street|Hibberd Street|-37.95523,145.05649
Dennis Street|Lonsdale Street|-38.00016,145.22511
Dennis Street|Patrona Street|-37.99896,145.22535
Dennis Street|Stanton Street|-37.95511,145.05546
Dennis Street|Tennyson Street|-37.95506,145.05457
Denton Drive|Granton Avenue|-37.98480,145.27186
Denton Drive|Pridham Court|-37.98680,145.27040
Denton Drive|Thomas Mitchell Drive|-37.98371,145.27117
Denton Street|Dumaresq Street|-37.93027,145.02786
Denver Crescent|Fifth Avenue|-37.92130,145.22904
Denver Crescent|Fourth Avenue|-37.92031,145.22935
Denver Crescent|Hillview Avenue|-37.91986,145.22944
Denver Crescent|Lakeview Avenue|-37.91753,145.23095
Denver Crescent|Nevin Court|-37.93431,145.17390
Denver Crescent|Second Avenue|-37.91835,145.22995
Denver Crescent|Singleton Drive|-37.93416,145.17180
Denver Crescent|Third Avenue|-37.91930,145.22954
Denver Crescent|Tina Court|-37.93202,145.17432
Denver Street|East Boundary Road|-37.93300,145.05678
Denver Street|Jane Street|-37.93378,145.06320
Denver Street|Orloff Street|-37.93392,145.06440
Depeche Way|Dynasty Drive|-38.12556,145.24038
Derby Court|Dorchester Crescent|-38.11337,145.18451
Derby Court|Tusmore Grove|-38.07250,145.29032
Derby Parade|Scotch Parade|-38.05566,145.12953
Derby Place|Westham Court|-37.92536,145.19366
Derbyshire Lane|Hornsby Street|-37.99128,145.20112
Derbyshire Lane|Steven Street|-37.99128,145.20112
Dermot Street|Devoy Street|-37.91747,145.08599
Derrick Close|Nurten Parade|-38.02543,145.11933
Derry Close|Raymond McMahon Boulevard|-37.97900,145.26168
Derry Street|Warwick Street|-37.92059,145.06776
Derwent Lane|Tarrawarra Terrace|-38.08378,145.21058
Derwent Street|Glenelg Drive|-37.98079,145.07920
Derwent Street|Tamar Court|-37.98046,145.08006
Desa Terrace|Willum Way|-37.99834,145.19916
Deschamp Crescent|Elizabeth Court|-37.91898,145.23091
Deschamp Crescent|Hillview Avenue|-37.92002,145.23070
Deschamp Crescent|Lakeview Avenue|-37.91762,145.23254
Deschamp Crescent|Lidgate Avenue|-37.92090,145.23053
Desert Rose Court|Pepperbush Circuit|-38.08781,145.28185
Desla Court|Isaac Road|-37.98378,145.17765
Desmond Avenue|Middleton Street|-37.95413,145.03860
Desmond Street|Season Grove|-38.00669,145.16362
Devaney Avenue|Ethel Turner Place|-38.06375,145.26118
Devaney Avenue|Hal Porter Terrace|-38.06358,145.25845
Devas Court|Dorchester Crescent|-38.11337,145.18277
Devira Court|Westminster Drive|-37.93006,145.24257
Devira Street|Downard Crescent|-37.96180,145.21530
Devira Street|McFees Road|-37.96404,145.21491
Devira Street|Pitman Street|-37.96108,145.21545
Devira Street|Sandala Court|-37.96328,145.21505
Devira Street|Sylvia Street|-37.96255,145.21518
Devlin Place|Greenview Court|-38.07480,145.28783
Devon Court|James Street|-37.97533,145.21010
Devon Court|Scotch Parade|-38.05842,145.13102
Devon Drive|Loris Street|-37.96841,145.15188
Devon Drive|Montana Street|-37.96853,145.15282
Devon Drive|Olympic Avenue|-37.96864,145.15376
Devon Street|Egerton Avenue|-37.96961,145.07047
Devon Street|Ivy Street|-37.96971,145.07153
Devon Street|Mena Avenue|-37.96949,145.06954
Devon Street|Nepean Highway|-37.96834,145.06022
Devon Street|Norland Street|-37.96942,145.06898
Devon Street|Tenham Grove|-37.96928,145.06781
Devon Street|Tilley Street|-37.96981,145.07241
Devon Street|Warrigal Road|-37.96998,145.07372
Devondale Street|Hibiscus Avenue|-37.97071,145.08106
Devondale Street|Nancy Street|-37.97139,145.08117
Devonshire Drive|Dorset Court|-37.98590,145.17722
Devonshire Drive|Kinnoul Avenue|-37.98746,145.17987
Devoy Street|Golf Road|-37.91774,145.08815
Devoy Street|Warrigal Road|-37.91721,145.08379
Dew Court|Funnel Court|-38.06701,145.25034
Dew Court|Rainwater Drive|-38.06701,145.25034
Dewberry Drive|Westwood Boulevard|-38.00446,145.16427
Dewpoint Crescent|Horizon Boulevard|-38.04544,145.27070
Dewpoint Crescent|Pinnacle Way|-38.04697,145.26911
Dewpoint Crescent|The Spur|-38.04630,145.27050
Dewrang Street|Joami Street|-37.95783,145.06900
Dewrang Street|Pembroke Crescent|-37.95764,145.06746
Dewsbury Court|Raleigh Drive|-38.05607,145.29443
Dexter Mews|Lats Avenue|-38.09917,145.19224
Dexter Mews|Nada Way|-38.09899,145.19063
Di Blasi Court|Diamond Parade|-38.12110,145.19924
Diamond Close|Kimberley Drive|-37.90357,145.28238
Diamond Parade|Lily Way|-38.12113,145.19713
Diamond Parade|Pip Street|-38.12066,145.19339
Diamond Parade|Sanoma Drive|-38.12118,145.19761
Diamond Parade|Skye Heights Court|-38.11961,145.20001
Dianella Court|Guildford Crescent|-38.01047,145.28987
Dianella Street|Jackson Green Boulevard|-37.93144,145.12565
Dianella Street|Lomandra Drive|-37.93009,145.12593
Dianella Way|Palmerston Road|-37.91306,145.28279
Dianna Court|Lesley Drive|-38.04408,145.28043
Dianna Court|Sara Drive|-37.91454,145.19157
Dianne Court|Eunice Drive|-37.96537,145.07768
Dianne Court|Loris Street|-37.97036,145.15159
Diba Rise|Josephine Avenue|-38.00481,145.29337
Dickens Court|Marshall Street|-37.96546,145.19115
Dickens Street|Dover Place|-37.99106,145.07125
Dickens Street|Gordon Street|-37.92780,145.03244
Dickens Street|McArthur Street|-37.92609,145.03264
Dickens Street|Nobel Drive|-38.09675,145.25182
Dickens Street|Quarters Boulevard|-38.09802,145.25150
Dickens Street|Wolsley Street|-37.92687,145.03266
Dickie Court|View Road|-37.96179,145.15664
Diddley Close|Gwenton Avenue|-38.11716,145.29130
Diesel Street|Hanna Street|-37.97682,145.18940
Diesel Street|Harrison Drive|-37.97783,145.18922
Digby Court|Elisabeth Avenue|-37.96729,145.15041
Digby Court|Russdann Court|-37.96821,145.15023
Diggins Court|Heatherton Road|-37.96413,145.16618
Dilley Close|Marsham Street|-37.95627,145.20046
Dimar Court|Rhoda Street|-37.98578,145.13000
Dimitrios Close|McGowan Drive|-38.11534,145.19865
Dina Retreat|Frankston-Dandenong Road|-38.08973,145.18029
Dina Retreat|Gonis Crescent|-38.08914,145.17936
Dingley Avenue|Dunn Crescent|-37.99613,145.19532
Dingley Avenue|Handley Crescent|-37.99253,145.19608
Dingley Avenue|Hazel Avenue|-37.99238,145.19612
Dingley Bypass|Kingston Road|-37.95622,145.10382
Dingley Bypass|South Road|-37.93861,145.07979
Dingley Bypass|Tootal Road|-37.96245,145.12893
Dingley Bypass|Warrigal Road|-37.93861,145.07979
Dingley Bypass|Westall Road Extension|-37.96540,145.13483
Dion Court|Emily Drive|-38.00647,145.29048
Dion Drive|Gamble Road|-38.11228,145.18616
Dion Drive|Libella Court|-38.11540,145.18676
Dion Drive|Raquel Close|-38.11451,145.18661
Dion Drive|Rosemary Court|-38.11304,145.18602
Diosma Drive|Tamarisk Avenue|-37.90093,145.16468
Diplomat Crescent|Edgar Avenue|-38.12479,145.24175
Diplomat Crescent|Prisco Lane|-38.12337,145.24207
Diplomat Crescent|Vivant Lane|-38.12342,145.24281
Dirigo Drive|Europa Court|-37.91525,145.17624
Dirigo Drive|Lum Road|-37.91624,145.17779
Dirigo Drive|Ondine Drive|-37.91598,145.17689
Dirkala Court|Portland Street|-37.93707,145.20120
Discovery Road|Edison Road|-38.04278,145.21819
Discovery Road|Evolution Drive|-38.04602,145.21783
Discovery Road|Jayco Drive|-38.04902,145.21689
Discovery Road|Produce Drive|-38.04023,145.21866
Diwai Close|Timberglade Drive|-37.95035,145.18988
Dixon Grove|Quarters Boulevard|-38.09762,145.24850
Dixon Street|Fregon Road|-37.91930,145.12323
Dixon Street|Warrigal Road|-37.99154,145.06959
Dobell Court|Loch Road|-37.95616,145.21817
Dobell Court|Monash Drive|-37.91075,145.16042
Dobell Drive|Jacksons Road|-38.04343,145.12568
Dobson Avenue|Stewart Road|-37.90607,145.12217
Dobson Court|Miller Court|-37.96912,145.22246
Dobson Crescent|Gilmore Crescent|-38.04722,145.25142
Dodds Street|Lawn Road|-37.96115,145.16296
Dodds Street|Pascoe Avenue|-37.96084,145.16044
Dolphin Street|Ebb Street|-38.01530,145.10001
Dolphin Street|Foam Street|-38.01609,145.10075
Dolphin Street|Gale Street|-38.01696,145.10133
Dolphin Street|Helm Street|-38.01775,145.10176
Dolphin Street|Inlet Street|-38.01871,145.10163
Dolphin Street|Kubis Avenue|-38.01871,145.10163
Domain Drive|Sargasso Avenue|-37.99485,145.17081
Domain Drive|Stanley Road|-37.99462,145.16920
Domain Drive|Tundra Way|-37.99485,145.17081
Domain Mews|Governor Arthur Drive|-38.05500,145.14109
Dome Court|Myrtle Street|-37.96448,145.15652
Domino Way|Ingel Place|-38.04939,145.26525
Domino Way|Tiffany Place|-38.04950,145.26627
Don Drive|Joyce Street|-38.10537,145.26011
Don Drive|McGuigan Drive|-38.10526,145.25921
Don Eva Court|Turramurra Drive|-37.92566,145.24088
Donal Street|Poath Road|-37.90619,145.07458
Donal Street|Reid Street|-37.90595,145.07266
Donal Street|Velra Avenue|-37.90607,145.07361
Donald Road|Ferntree Gully Road|-37.90625,145.18494
Donald Road|Hertford Crescent|-37.90364,145.18542
Donald Road|Irene Court|-37.90542,145.18509
Donald Road|Jells Road|-37.90146,145.19008
Donald Road|Redleaf Way|-37.90146,145.18591
Donald Road|Tracey Court|-37.90131,145.18885
Donald Street|Emerald Drive|-37.95778,145.14214
Donald Street|Ethel Court|-37.95890,145.14192
Donald Street|Francis Street|-37.92434,145.12251
Donald Street|Hanleth Avenue|-37.96030,145.14163
Donald Street|Heather Grove|-37.95626,145.14243
Donald Street|Highett Road|-37.94836,145.03869
Donald Street|Hilton Avenue|-37.95962,145.14178
Donald Street|James Avenue|-37.95238,145.03781
Donald Street|Kallista Road|-37.95702,145.14229
Donald Street|Kanooka Grove|-37.92406,145.12560
Donaldson Street|Field Street|-37.91315,145.04154
Dondolo Lane|Lanosso Avenue|-38.12355,145.24369
Donegal Way|Strabane Way|-38.04115,145.26202
Donegal Way|Tulsk Close|-38.04174,145.26192
Donelly Road|Moore Road|-37.99623,145.25419
Donelly Road|Win Place|-37.99673,145.25559
Donhaven Court|Village Drive|-37.97902,145.11945
Donna Street|Jacana Drive|-38.10445,145.17190
Donna Way|Jacinta Court|-37.98326,145.24101
Donna Way|Leigh Court|-37.98326,145.24101
Donna Way|Power Road|-37.98318,145.24026
Donnelly Court|Fenfield Street|-38.09109,145.27572
Donnici Drive|Gianluca Avenue|-38.00178,145.15873
Donnici Drive|Grevillea Street|-38.00023,145.15993
Donnici Drive|Isabelle Avenue|-38.00257,145.15888
Donnici Drive|Kawarra Drive|-38.00108,145.15873
Donnici Drive|Peppertree Street|-38.00035,145.16075
Donnici Drive|Silver Oak Street|-38.00029,145.16085
Donnici Drive|Westbrook Drive|-38.00332,145.15903
Dooga Street|Jaguar Drive|-37.92290,145.13250
Dooga Street|Kionga Street|-37.92275,145.13141
Dookie Court|Emily Drive|-38.00475,145.29100
Doonbrae Avenue|Elmhurst Street|-37.96135,145.19524
Doonbrae Avenue|Garland Court|-37.96206,145.19463
Doonbrae Avenue|Oakwood Avenue|-37.96077,145.19567
Doonbrae Avenue|Wimpole Street|-37.96277,145.19400
Doonga Avenue|Horsmunden Road|-37.93932,145.04525
Dorchester Crescent|Drake Court|-38.11327,145.18264
Dorchester Crescent|Gamble Road|-38.11216,145.18519
Dorchester Crescent|Greenwood Drive|-38.11290,145.18196
Doris Court|Nicole Avenue|-37.96178,145.14105
Doris Street|Kirkham Road|-37.90055,145.07189
Doris Street|Maude Street|-37.90031,145.07313
Doris Street|Poath Road|-37.89968,145.07581
Dornie Mews|Shetland Street|-37.96409,145.27160
Dorothea Mackellar Avenue|Harpur Court|-37.90149,145.11541
Dorothea Street|Haynes Street|-37.95067,145.03091
Dorothea Street|Rose Street|-37.95096,145.03326
Dorothy Court|Ireland Road|-37.95733,145.13606
Dorothy Street|Kidds Road|-37.98807,145.24625
Dorothy Street|Marie Street|-37.98566,145.24440
Dorrington Court|Rowan Road|-37.98141,145.13979
Dorrit Street|Emily Court|-37.96663,145.15139
Dorrit Street|Pamela Court|-37.96651,145.15042
Dorrit Street|Springvale Road|-37.96641,145.14963
Dorset Court|Sussex Avenue|-38.07317,145.28921
Dorset Road|Outlook Drive|-37.95130,145.22184
Dorset Road|Sherwood Crescent|-37.95152,145.22154
Dorset Street|Hampshire Road|-37.90102,145.14610
Dortad Court|Robinson Crescent|-38.03237,145.26316
Dotterel Court|Kestrel Close|-38.02995,145.12912
Dougand Court|Forest Park Road|-37.98412,145.12872
Dougherty Court|Grantham Terrace|-37.92855,145.19893
Dougherty Court|Renee Close|-37.92942,145.19851
Douglas Avenue|Franklin Avenue|-38.04968,145.11275
Douglas Court|Jacinta Drive|-38.10220,145.25755
Douglas Rise|Shetland Street|-37.96351,145.27102
Douglas Street|Frank Street|-37.96556,145.17392
Douglas Street|Hanna Street|-37.97424,145.18573
Douglas Street|Hastings Avenue|-37.98186,145.04792
Douglas Street|Leonard Avenue|-37.96725,145.17617
Douglas Street|Lume Court|-37.97336,145.18456
Douglas Street|Muderra Way|-37.96725,145.17617
Douglas Street|Shepreth Avenue|-37.97043,145.18077
Douglas Street|Stuart Street|-37.96809,145.17729
Douglas Street|Thomas Street|-37.96866,145.17842
Dover Court|St Georges Road|-38.05986,145.28312
Dover Court|Sunrise Drive|-37.92672,145.17487
Dover Street|Rossdale Street|-37.90941,145.12159
Dover Street|Warwick Street|-37.92082,145.06962
Doveton Avenue|Eumemmerring Drive|-37.99519,145.25074
Doveton Avenue|Ferguson Court|-38.00033,145.24977
Doveton Avenue|Gumbuya Close|-38.00010,145.24981
Doveton Avenue|Laurel Avenue|-37.99141,145.24878
Doveton Avenue|Mystic Court|-37.99852,145.25011
Doveton Avenue|Princes Highway|-38.00318,145.24918
Doveton Avenue|Riana Loop|-37.99770,145.25026
Doveton Avenue|Riverview Crescent|-37.99443,145.25087
Doveton Avenue|Roma Court|-37.99770,145.25026
Doveton Avenue|Torana Court|-37.99035,145.24924
Doveton Avenue|Waygara Street|-37.99900,145.24997
Dovette Court|Mantova Drive|-37.91534,145.17961
Dowell Court|Prospect Hill Crescent|-37.95602,145.22199
Dowling Avenue|Edinburgh Road|-37.93729,145.16878
Dowling Road|McCormick Court|-37.93739,145.09628
Dowling Road|Monterey Court|-37.93836,145.09608
Dowling Road|Moresby Street|-37.93631,145.09649
Dowling Road|Telopea Court|-37.93921,145.09642
Dowling Road|Wicks Court|-37.93555,145.09664
Downard Crescent|Pitman Street|-37.96062,145.21174
Downard Street|Mills Road|-37.99386,145.11053
Downard Street|Tarnard Drive|-37.98919,145.11144
Downland Place|Greenwoods Close|-37.97446,145.13042
Downs Road|Emanuel Drive|-38.10310,145.14773
Downs Road|Louise Court|-38.10615,145.14773
Downs Road|Lucas Crescent|-38.10387,145.14802
Downs Road|Maple Street|-38.10242,145.14777
Downs Road|McBride Crescent|-38.10435,145.14803
Doyle Place|Raymond McMahon Boulevard|-37.97945,145.26499
Draper Street|Hudson Street|-37.91005,145.04969
Draper Street|Lord Street|-37.91085,145.04959
Draper Street|North Road|-37.90531,145.05053
Dreadnought Street|McLauchlin Avenue|-37.95341,145.01745
Dreadnought Street|Sandringham Road|-37.95192,145.01774
Dresden Drive|Jubilee Boulevard|-38.01185,145.13917
Dresden Drive|Lake King Circle|-38.01303,145.13757
Dresden Drive|Paragon Way|-38.01204,145.13963
Dressage Drive|Flanagan Crescent|-38.12720,145.23206
Dressage Drive|Luster Circuit|-38.12344,145.23267
Dressage Drive|Merano Circuit|-38.12488,145.23273
Dressage Drive|Vasello Circuit|-38.12560,145.23276
Drinan Road|Thames Promenade|-38.04937,145.11930
Dromana Avenue|North Road|-37.90727,145.06736
Dromana Avenue|Wonga Court|-37.90820,145.06720
Drovers Lane|Hornsby Street|-37.99112,145.20560
Drovers Retreat|Seebeck Drive|-38.05275,145.28503
Druitt Street|Glennie Avenue|-37.92915,145.08231
Druitt Street|Old Dandenong Road|-37.93196,145.08160
Drummer Lane|Dunraven Court|-37.99669,145.29660
Drummer Lane|Geoffrey Court|-37.99672,145.29763
Drummer Lane|Greythorne Court|-37.99675,145.29852
Drummer Lane|Maramba Drive|-37.99680,145.29949
Drummond Circuit|Mallee Place|-37.98226,145.15118
Drummond Circuit|Spearwood Lane|-37.98173,145.15166
Drummond Crescent|Fifth Avenue|-37.92104,145.22702
Drummond Crescent|Fourth Avenue|-37.92004,145.22715
Drummond Crescent|Second Avenue|-37.91808,145.22758
Drummond Crescent|Third Avenue|-37.91903,145.22734
Drummond Crescent|Waradgery Drive|-37.91886,145.22737
Drushi Court|Mia Street|-37.94604,145.11210
Drushi Court|Rashu Court|-37.94604,145.11210
Dryad Court|Fielding Drive|-38.05123,145.14294
Dryandra Crescent|Oakwood Drive|-37.99312,145.15781
Dryandra Crescent|Red Gum Close|-37.99301,145.15763
Dryandra Crescent|Tea Tree Place|-37.99298,145.15703
Dryandra Crescent|Waratah Mews|-37.99300,145.15665
Dryandra Place|Majestic Boulevard|-38.08969,145.28920
Drysdale Avenue|Farmhouse Court|-37.99676,145.28352
Drysdale Avenue|Heathdale Road|-37.99468,145.29133
Drysdale Avenue|Highgrange Way|-37.99329,145.29162
Drysdale Avenue|Marrawah Place|-37.99713,145.27970
Drysdale Avenue|Settlers Hill Place|-37.99616,145.28873
Drysdale Avenue|St Helens Crescent|-37.99691,145.28495
Drysdale Avenue|Wheatsheaf Court|-37.99536,145.29049
Drysdale Court|Kirkwood Crescent|-38.03707,145.28211
Dublin Street|McKenzie Court|-37.90174,145.10994
Dublin Street|State Street|-37.90059,145.11016
Dublin Street|Warriner Court|-37.90245,145.10980
Duckmanton Court|Filbert Street|-37.91926,145.05300
Dudley Avenue|Guernsey Avenue|-37.93931,145.03550
Dudley Avenue|Spring Road|-37.93912,145.03390
Dudley Avenue|Sybil Street|-37.93941,145.03606
Dudley Court|Lords Avenue|-37.92751,145.18678
Dudley Court|St James Park Drive|-37.92751,145.18678
Duerdin Street|Martin Street|-37.90999,145.14263
Duerdin Street|Nantilla Road|-37.91094,145.15047
Duerdin Street|University Place|-37.91048,145.14662
Duff Street|Dunbar Avenue|-38.10098,145.27656
Duff Street|Evans Road|-38.10214,145.25385
Duff Street|Hawdon Drive|-38.10141,145.27396
Duff Street|High Street|-38.10175,145.28244
Duff Street|High Street Service Road|-38.10173,145.28228
Duff Street|Jacinta Drive|-38.10256,145.25756
Duff Street|Lamont Crescent|-38.10145,145.27310
Duff Street|Mayday Drive|-38.10112,145.24658
Duff Street|Ruffy Drive|-38.10108,145.27713
Duff Street|Saint Clair Avenue|-38.10168,145.25094
Duff Street|Spring Street|-37.95957,145.02060
Duff Street|Tulip Street|-37.96231,145.02045
Duff Street|Willora Crescent|-38.10265,145.25975
Duff Street|Wilmington Avenue|-38.10132,145.24814
Duggan Street|Keefer Street|-37.98783,145.09669
Duggan Street|Scarlet Street|-37.98799,145.09776
Duigan Drive|Lower Dandenong Road|-37.98496,145.09613
Duke Court|Rangeview Drive|-38.10147,145.19965
Duke Street|Lincoln Parade|-38.02699,145.10346
Duke Street|Ross Street|-38.02839,145.10428
Dulcie Court|Wren Drive|-37.94457,145.18914
Dulcie Grove|Luckins Road|-37.93173,145.04563
Dulcie Grove|Rosina Street|-37.93258,145.04547
Dulcie Grove|South Road|-37.93422,145.04525
Dulnain Close|Willow Drive|-38.02231,145.26095
Dulwich Lane|Penshurst Way|-38.07288,145.29341
Dulwich Lane|St Cloud Court|-38.07288,145.29341
Dulwich Lane|Sussex Avenue|-38.07365,145.29326
Dulwich Lane|Von Nida Drive|-38.07210,145.29355
Dumaresq Street|Janet Street|-37.93122,145.02770
Dumaresq Street|South Road|-37.93207,145.02747
Dumaresq Street|Tatong Road|-37.92975,145.02795
Dumblane Street|Poath Road|-37.90158,145.07547
Dumfries Road|Grayling Crescent|-37.99191,145.16978
Dumfries Road|Narellan Drive|-37.99008,145.16896
Dumfries Road|Norlane Street|-37.99102,145.16903
Dumosa Court|Wallowa Crescent|-38.00871,145.29780
Dunbar Avenue|Hawdon Drive|-38.10370,145.27514
Dunbar Avenue|Kulin Close|-38.10179,145.27644
Dunbar Avenue|Wang Court|-38.10260,145.27647
Dunbar Close|Sunnybrook Drive|-37.90071,145.18192
Dunblane Road|Heatherton Road|-37.96579,145.17985
Dunblane Road|Princes Highway|-37.95645,145.18255
Dunblane Road|Princes Highway Service Road|-37.95652,145.18241
Duncan Avenue|Overton Road|-38.12954,145.12953
Duncan Court|Kelvinside Road|-37.96400,145.17829
Duncan Street|Dunsterville Street|-37.94756,145.01647
Duncan Street|Madison Avenue|-38.00212,145.29760
Duncan Street|Maramba Drive|-38.00175,145.29814
Duncan Street|Penhurst Street|-38.00117,145.29583
Duncan Street|Salisbury Street|-37.94776,145.01842
Duncraig Court|Maramba Drive|-38.00190,145.29964
Duncraig Court|Peveril Court|-37.99985,145.29994
Dundee Court|Shetland Street|-37.96427,145.26303
Dundee Court|Silvertop Crescent|-38.12762,145.14897
Dunearn Road|Heatherton Road|-37.96853,145.20232
Dunearn Road|Koonalda Grove|-37.96769,145.20247
Dunearn Road|Mollison Street|-37.96664,145.20271
Dunearn Road|Warbla Street|-37.96707,145.20260
Dunk Crescent|La Perouse Boulevard|-38.06713,145.13458
Dunkley Avenue|Graham Road|-37.95330,145.04221
Dunloe Court|Marquis Road|-37.93094,145.04785
Dunlop Avenue|North Road|-37.90440,145.04308
Dunlop Avenue|Oakleigh Crescent|-37.90697,145.04265
Dunlop Road|Geddes Street|-37.90997,145.15233
Dunlop Road|Lexia Place|-37.91002,145.15282
Dunlop Road|McDonalds Lane|-37.91034,145.15552
Dunlop Road|Monash Drive|-37.91094,145.15996
Dunlop Road|Nantilla Road|-37.90980,145.15082
Dunlop Road|Nexus Court|-37.91074,145.15880
Dunlop Road|Pickering Road|-37.91014,145.15388
Dunlop Road|Springvale Road|-37.91094,145.15996
Dunmore Court|Merrijig Avenue|-38.09527,145.28901
Dunn Crescent|Egan Road|-37.99597,145.19408
Dunn Crescent|Handley Crescent|-37.99322,145.19333
Dunoon Court|Dunoon Street|-37.93284,145.16183
Dunoon Court|Thomas Street|-37.91162,145.02407
Dunoon Road|Harrington Drive|-38.06380,145.28122
Dunoon Road|Kingston Avenue|-38.06286,145.28149
Dunoon Street|Police Road|-37.93374,145.16165
Dunoon Street|Studley Street|-37.93234,145.16193
Dunrobin Court|Tyntynder Drive|-38.11086,145.18638
Dunrossil Close|Haverbrack Drive|-37.93599,145.20256
Dunscombe Place|Endeavour Drive|-38.03979,145.13176
Dunstan Street|Ormond Road|-37.92454,145.11205
Dunstan Street|Yarram Crescent|-37.92498,145.11567
Dunster Court|George Bass Avenue|-37.98958,145.27004
Dunsterville Street|Highett Road|-37.94570,145.01680
Dunsterville Street|John Street|-37.94709,145.01656
Dunvegan Crescent|Gladstone Road|-37.96962,145.20489
Dunvegan Crescent|Heatherton Road|-37.96859,145.20275
Dunvegan Crescent|Lockington Crescent|-37.96945,145.20342
Durack Avenue|Lindsay Crescent|-38.04982,145.25099
Durack Avenue|MacLeod Way|-38.04907,145.25039
Durack Avenue|Paterson Drive|-38.04837,145.24875
Durban Court|St Georges Crescent|-37.96023,145.08057
Durban Street|London Street|-37.92495,145.04898
Durban Street|Patterson Road|-37.92722,145.04854
Durham Court|Somerset Drive|-37.95103,145.22288
Durham Place|Monash Crescent|-37.94353,145.13591
Durness Court|Peebles Street|-37.96700,145.26896
Durnstan Court|Lum Road|-37.91793,145.17748
Durrant Place|Freeman Court|-37.97907,145.27555
Durrant Street|Edgar Street|-37.91176,145.00618
Durrant Street|Halifax Street|-37.91268,145.00700
Durrant Street|Hampton Street|-37.91249,145.00728
Durrant Street|Hector Street|-37.91160,145.00601
Durrant Street|Marion Street|-37.90795,145.00217
Durrant Street|Maskell Street|-37.90856,145.00280
Durrant Street|Outer Crescent|-37.90746,145.00166
Durrant Street|Pearson Street|-37.90938,145.00367
Durrant Street|Willansby Avenue|-37.90891,145.00318
Durrant Street|York Street|-37.90933,145.00362
Dusky Bells Drive|Everlasting Boulevard|-38.11773,145.24749
Duval Court|Marykirk Drive|-37.90924,145.19805
Dyer Court|Fry Court|-37.94464,145.11128
Dyer Court|Mack Crescent|-37.94444,145.11210
Dynasty Drive|Jonah Avenue|-38.12686,145.23974
Dynasty Drive|Volunteer Avenue|-38.12531,145.24051
Dyson Road|Thelma Street|-38.07835,145.13131
Dyson Road|Walkers Road|-38.07646,145.12981
Eagland Road|Norma Avenue|-37.97159,145.07550
Eagland Road|Warrigal Road|-37.97184,145.07336
Eagle Court|Glenway Drive|-37.98227,145.12236
Eagle Drive|Feathertop Drive|-37.94557,145.19304
Eagle Drive|Illoura Close|-37.94574,145.19378
Eagle Drive|Jacksons Road|-37.94534,145.19177
Eagle Drive|Julius Crescent|-37.94665,145.19563
Eagle Drive|McQuade Court|-37.94569,145.19353
Eagle Drive|Oakdene Court|-37.94699,145.19663
Eagle Drive|Roulston Court|-37.94547,145.19262
Eagle Drive|Tadema Court|-37.94594,145.19448
Eagle Drive|Warradale Court|-37.94619,145.19491
Eaglecrest Drive|Olive Road|-38.04618,145.25733
Eaglecrest Drive|Silver Creek Drive|-38.04689,145.25781
Eaglescliffe Crescent|Formby Place|-38.11927,145.25179
Eaglescliffe Crescent|Stonehaven Avenue|-38.12051,145.25156
Eaglescliffe Crescent|Westport Grove|-38.12004,145.25163
Ealing Crescent|Eton Place|-37.96527,145.14348
Ealing Crescent|Finchley Court|-37.96547,145.14814
Ealing Crescent|Folkestone Crescent|-37.96550,145.14395
Ealing Crescent|Hume Road|-37.96544,145.14463
Ealing Crescent|Springvale Road|-37.96511,145.14961
Ealing Crescent|Walden Court|-37.96539,145.14475
Ealing Crescent|wembley Court|-37.96504,145.14864
Eamont Close|Enterprize Avenue|-38.03094,145.13069
Earl Place|Princes Highway Service Road|-38.00778,145.27697
Earls Court|Grove End Road|-37.97117,145.25394
Earls Court|Stradbroke Crescent|-37.92333,145.16452
Earlsfield Road|Fewster Road|-37.93816,145.01591
Earlsfield Road|Raynes Park Road|-37.93673,145.01617
Earlsfield Road|South Road|-37.93095,145.01729
Earlsfield Road|Teddington Road|-37.93570,145.01637
Earlston Circuit|South Gippsland Highway|-38.12652,145.28999
Earlstown Road|Kangaroo Road|-37.90080,145.08502
Earlwood Court|Trafford Road|-38.09079,145.17506
Earlwood Drive|Fernvale Crescent|-37.91060,145.17779
Earlwood Drive|Harley Place|-37.91049,145.17679
Earlwood Drive|Lum Road|-37.91072,145.17881
Earlwood Drive|Meadowbrook Drive|-37.90988,145.17327
Earlwood Street|Hallmark Drive|-38.06380,145.28606
Earlwood Street|Howard Road|-37.98014,145.12171
Earlwood Street|Village Drive|-37.98002,145.12001
Earnshaw Drive|Mowbray Court|-38.10646,145.19293
Earnshaw Drive|Newbury Court|-38.10876,145.19145
Earnshaw Drive|Petley Court|-38.10861,145.19151
Earnshaw Drive|Sandfield Drive|-38.10781,145.19220
East Boundary Road|Elizabeth Street|-37.92336,145.05853
East Boundary Road|England Street|-37.92552,145.05805
East Boundary Road|Garden Road|-37.91047,145.06097
East Boundary Road|George Street|-37.90958,145.06113
East Boundary Road|Heather Street|-37.92026,145.05918
East Boundary Road|Juliana Street|-37.91546,145.06012
East Boundary Road|Kalimna Street|-37.92960,145.05746
East Boundary Road|Lahona Avenue|-37.92823,145.05751
East Boundary Road|Laurel Street|-37.91931,145.05936
East Boundary Road|Leary Avenue|-37.91729,145.05974
East Boundary Road|Lesden Street|-37.93470,145.05625
East Boundary Road|Margaretta Street|-37.92613,145.05817
East Boundary Road|Market Boulevard|-37.91088,145.06113
East Boundary Road|Mawby Road|-37.92962,145.05724
East Boundary Road|McKinnon Road|-37.91388,145.06040
East Boundary Road|Molden Street|-37.90764,145.06146
East Boundary Road|Moray Street|-37.92467,145.05823
East Boundary Road|Murrumbeena Road|-37.90662,145.06167
East Boundary Road|North Road|-37.90662,145.06167
East Boundary Road|Omeo Court|-37.92194,145.05906
East Boundary Road|Parkmore Road|-37.91434,145.06051
East Boundary Road|Purtell Street|-37.92642,145.05786
East Boundary Road|Quinns Road|-37.91885,145.05968
East Boundary Road|Rowans Road|-37.93569,145.05629
East Boundary Road|Schulz Street|-37.93398,145.05659
East Boundary Road|Shrewsbury Street|-37.91310,145.06053
East Boundary Road|South Road|-37.93569,145.05629
East Boundary Road|Thomasina Street|-37.91228,145.06067
East Boundary Road|Wamba Road|-37.93322,145.05654
East Boundary Road|Wingate Street|-37.93489,145.05643
East Concourse|Edith Street|-37.98626,145.03522
East Court|Sunnyvale Crescent|-37.99664,145.16485
East Road|Thane Court|-38.10535,145.14697
East Road|Ti-Tree Crescent|-38.10699,145.15734
East View Crescent|Wards Grove|-37.92490,145.06144
Eastbury Court|Oakgrove Drive|-38.05604,145.29869
Eastbury Street|Fernleaf Avenue|-38.00367,145.17629
Eastbury Street|Westwood Boulevard|-38.00545,145.17638
Eastbury Street|Woodland Avenue|-38.00293,145.17646
Easter Way|Tinnadice Road|-38.12052,145.29450
Easterleigh Court|Heatherton Road|-37.96941,145.20960
Eastgate Street|North Road|-37.90986,145.08817
Eastgate Street|Queens Avenue|-37.90390,145.08930
Eastlink Drive|Wedgewood Road|-38.01250,145.25499
Easton Avenue|McCulloch Avenue|-38.12181,145.13355
Eaton Place|Ferntree Gully Road|-37.90793,145.19686
Eaton Place|Ferntree Gully Road Service Road|-37.90793,145.19686
Eaton Place|Pemberton Drive|-38.01255,145.28935
Ebb Street|Laura Street|-38.01732,145.09709
Ebden Avenue|First Street|-37.97689,145.01803
Ebden Avenue|Second Street|-37.97769,145.01842
Ebden Avenue|Third Street|-37.97923,145.01917
Ebden Street|Kingswood Crescent|-37.95959,145.19214
Ebden Street|Lennox Street|-37.94037,145.06628
Ebden Street|Oakwood Avenue|-37.96032,145.19199
Ebden Street|Sullivan Street|-37.94003,145.06388
Ebden Street|Titcher Road|-37.95821,145.19241
Ebden Street|Walter Street|-37.94021,145.06503
Ebeli Close|Jarrang Retreat|-37.97084,145.28910
Ebeli Close|Waterford Close|-37.96673,145.28453
Ebeli Close|Wiringa Close|-37.97046,145.28920
Eblana Avenue|Naples Road|-37.98838,145.06553
Eblana Avenue|Venice Street|-37.98630,145.06602
Ebony Street|Hydra Street|-38.09354,145.28690
Ebony Street|Phoenix Avenue|-38.09339,145.28565
Eckford Street|Orgill Street|-37.99178,145.22332
Eddie Street|Tibrockney Street|-37.95341,145.03376
Eddington Place|Mildura Crescent|-37.97130,145.25539
Eden Avenue|Emerald Rise|-38.12153,145.19488
Eden Avenue|Gunther Avenue|-37.95807,145.16096
Eden Avenue|Paradise Way|-38.12259,145.19403
Eden Avenue|Rosa Avenue|-37.95876,145.16084
Eden Avenue|Sanoma Drive|-38.12328,145.19390
Eden Avenue|Woodward Street|-37.95946,145.16070
Eden Close|Romilly Crescent|-37.93524,145.18525
Eden Street|Edward Street|-37.97138,145.05806
Eden Street|Nepean Highway|-37.97138,145.06203
Edenbridge Court|Greenwood Drive|-38.11188,145.18296
Edeys Run|Hallam Road|-38.03798,145.26687
Edeys Run|Isaac Edey Place|-38.03934,145.27097
Edeys Run|Mayruck Rise|-38.03905,145.27044
Edeys Run|Mollisons Hill|-38.03851,145.26960
Edeys Run|Pioneer Place|-38.03954,145.27206
Edgar Avenue|Encore Boulevard|-38.12410,145.23636
Edgar Avenue|Kiwi Crescent|-38.12434,145.23824
Edgar Avenue|Lanosso Avenue|-38.12500,145.24337
Edgar Avenue|Limandus Crescent|-38.12456,145.23992
Edgar Avenue|Matador Way|-38.12506,145.24390
Edgar Avenue|Metallic Way|-38.12508,145.24418
Edgar Avenue|Pascal Way|-38.12518,145.24486
Edgbaston Way|Stadium Circuit|-37.92731,145.18891
Edgecomb Street|Ellsworth Drive|-38.01054,145.16791
Edgecomb Street|Lowell Drive|-38.01065,145.16882
Edgecomb Street|Orrington Drive|-38.01075,145.16972
Edgerton Court|Willow Drive|-38.02156,145.26297
Edgewood Close|Jacana Court|-38.02707,145.28983
Edgewood Road|Princes Highway|-37.97344,145.20148
Edgewood Road|Ray Street|-37.97424,145.20032
Edinborough Street|Regal Avenue|-38.00453,145.26909
Edinborough Street|Windsor Street|-38.00144,145.26577
Edinburgh Drive|Hall Road|-38.10324,145.20168
Edinburgh Drive|McCormicks Road|-38.10531,145.19629
Edinburgh Drive|Natisone Place|-38.10481,145.20068
Edinburgh Road|Eve Court|-37.93634,145.16897
Edinburgh Road|Lee Avenue|-37.93554,145.16912
Edinburgh Road|Marie Avenue|-37.93565,145.16910
Edinburgh Road|Marlene Court|-37.93811,145.16862
Edinburgh Road|McWilliam Street|-37.93879,145.16848
Edinburgh Road|Neville Court|-37.93797,145.16864
Edinburgh Road|Police Road|-37.93470,145.16929
Edinburgh Street|Fewster Road|-37.93809,145.01533
Edinburgh Street|Mackie Road|-37.91760,145.07434
Edinburgh Street|Marlborough Street|-37.91667,145.06705
Edinburgh Street|Milgate Street|-37.91507,145.10913
Edinburgh Street|Myrtle Road|-37.94164,145.01456
Edinburgh Street|Price Street|-37.91530,145.11103
Edinburgh Street|Retreat Road|-37.94074,145.01473
Edinburgh Street|Tambet Street|-37.91717,145.07101
Edinburgh Street|Thomas Street|-37.93989,145.01490
Edison Road|Evolution Drive|-38.04320,145.22152
Edison Road|Taylors Road|-38.04358,145.22662
Edith Court|Florence Street|-37.92379,145.06854
Edith Rise|James Wyman Place|-38.04081,145.27664
Edith Street|Emily Street|-37.98564,145.03534
Edith Street|Herbert Street|-37.98468,145.03553
Edith Street|Hilary Court|-37.97580,145.18007
Edith Street|John Street|-37.98651,145.03524
Edith Street|Krone Street|-38.00162,145.08890
Edith Street|Market Street|-37.98206,145.21645
Edith Street|McDonald Street|-38.00310,145.09122
Edith Street|Ormond Street|-38.00228,145.09056
Edith Street|Valerie Street|-37.97570,145.17916
Edith Street|Walter Street|-37.97584,145.18103
Edithvale Road|Egret Drive|-38.02875,145.13018
Edithvale Road|French Avenue|-38.03736,145.11258
Edithvale Road|Ivan Avenue|-38.03620,145.11602
Edithvale Road|Joffre Avenue|-38.03775,145.11142
Edithvale Road|Kinross Avenue|-38.03549,145.11815
Edithvale Road|Montrose Avenue|-38.03635,145.11559
Edithvale Road|Munro Avenue|-38.03659,145.11487
Edithvale Road|Nepean Highway|-38.03867,145.10860
Edithvale Road|Springvale Road|-38.02812,145.13104
Edithvale Road|Station Street|-38.03856,145.10902
Edithvale Road|Vincent Street|-38.03814,145.11025
Edithvale Road|Wells Road|-38.02812,145.13104
Edmond Court|Pia Drive|-37.93388,145.24994
Edmond Street|Hawke Street|-37.98457,145.08430
Edmond Street|Lower Dandenong Road|-37.98359,145.08448
Edmond Street|Rosalie Street|-37.94491,145.15476
Edmond Street|Saint Georges Court|-37.98551,145.08309
Edmond Street|Taylor Street|-37.98528,145.08090
Edmond Street|Virginia Street|-37.94729,145.15429
Edna Avenue|Stevenson Avenue|-37.96638,145.19858
Edney Court|Gatcum Court|-37.96046,145.18463
Edro Avenue|Mayrose Crescent|-37.92520,145.00597
Edsall Close|Halsbury Drive|-37.92942,145.23721
Edsall Close|Verona Drive|-38.02352,145.25607
Edsall Street|Matthieson Street|-37.95666,145.05306
Edsall Street|Tennyson Street|-37.95573,145.05515
Edward Avenue|James Street|-37.97521,145.21012
Edward Avenue|Woodlee Street|-37.97554,145.21322
Edward Freeth Drive|George Bass Avenue|-37.98998,145.26552
Edward Freeth Drive|Morgan Court|-37.99058,145.26791
Edward Freeth Drive|Seamons Court|-37.99085,145.27011
Edward Freeth Drive|Sporing Court|-37.99071,145.26903
Edward Street|George Street|-37.90566,145.10153
Edward Street|Green Street|-37.96991,145.16222
Edward Street|Hamilton Street|-37.90562,145.10116
Edward Street|Harold Street|-37.96151,145.01713
Edward Street|Henry Street|-37.90589,145.10347
Edward Street|Hoffman Street|-37.96904,145.05643
Edward Street|Huntingdale Road|-37.90602,145.10448
Edward Street|John Street|-37.90554,145.10056
Edward Street|Lansdown Street|-37.90322,145.01411
Edward Street|Noble Street|-37.96734,145.16283
Edward Street|Parkside Avenue|-37.90549,145.10005
Edward Street|Senga Street|-37.96879,145.16249
Edward Street|Stanley Avenue|-37.96904,145.05643
Edward Street|Tuck Street|-37.97052,145.05746
Edward Street|Westminster Street|-37.90486,145.09488
Edward Street|William Street|-37.90578,145.10250
Edwin Parade|Henry Street|-37.94848,145.04373
Eel Race Road|Emma Street|-38.08208,145.13341
Eel Race Road|Kalimna Street|-38.08184,145.12598
Eel Race Road|Seabrook Way|-38.08377,145.13315
Eel Race Road|Station Street|-38.08206,145.12464
Eel Race Road|Valetta Street|-38.08171,145.12691
Eel Race Road|Whatley Street|-38.08328,145.13321
Eel Race Road|Wunalla Road|-38.08372,145.13078
Effie Court|Vella Court|-37.96615,145.13882
Efron Street|McFees Road|-37.96323,145.20818
Efron Street|Sylvia Street|-37.96175,145.20847
Egan Road|Handley Crescent|-37.99281,145.19448
Egan Street|Erica Street|-37.95871,145.13937
Egan Street|Hodder Street|-37.90746,145.02250
Egan Street|Thomas Street|-37.90775,145.02498
Egan Street|Wrixon Avenue|-37.90760,145.02368
Egerton Avenue|Follett Road|-37.97092,145.07028
Eggleton Rise|Wentworth Avenue|-37.91925,145.26264
Egret Drive|Piper Drive|-38.02929,145.13066
Eighth Avenue|Fifth Avenue|-38.04007,145.13428
Eighth Avenue|Fourth Avenue|-38.04044,145.13319
Eighth Avenue|Sixth Avenue|-38.03971,145.13536
Eighth Avenue|Wells Road|-38.03907,145.13723
Eighth Boulevard|Ruby Place|-37.95216,145.15893
Eighth Boulevard|Sandown Road|-37.95119,145.16018
Eighth Street|Nepean Highway|-37.98827,145.07971
Eila Close|Irene Court|-37.96520,145.07262
Eila Close|Tanti Street|-37.96606,145.07245
Eildon Drive|Filer Court|-37.98819,145.15860
Eildon Drive|Loxwood Avenue|-37.98807,145.15756
Eildon Parade|Metcalf Crescent|-37.91973,145.25400
Eildon Parade|Murray Crescent|-37.91821,145.24700
Eildon Parade|Taylors Lane|-37.91806,145.24581
Eildon Parade|Tyers Crescent|-37.91860,145.25017
Eildon Road|Kennington Park Drive|-37.96859,145.25975
Eildon Road|Torquay Court|-37.96776,145.25694
Eileen Road|Westall Road|-37.95106,145.13828
Eise Court|Marriage Road|-37.91948,145.01532
El Dorado Court|Whitehaven Crescent|-37.94190,145.19338
El Greco Court|Rembrandt Drive|-37.90783,145.18329
Elaine Court|Keets Court|-37.96038,145.15690
Elaine Court|Sladen Street Service Road|-38.11083,145.26707
Elaine Court|View Road|-37.96038,145.15690
Elandra Court|Sturdee Street|-38.10750,145.15522
Elandra Way|Evans Road|-38.10527,145.25325
Elandra Way|Navarre Drive|-38.10564,145.25621
Elandra Way|Yaltara Close|-38.10546,145.25484
Elanora Court|Yalambee Avenue|-38.02461,145.10488
Elanora Way|Greenlea Grove|-38.03964,145.25542
Elanora Way|Parkes Way|-38.03964,145.25542
Elanora Way|The Close|-38.03967,145.25482
Elanora Way|The Eyrie|-38.04029,145.25463
Elata Street|North Road|-37.91077,145.09552
Elata Street|Voumard Street|-37.91385,145.09488
Elcan Avenue|Greenbriar Way|-38.10631,145.26487
Elcan Avenue|Heatherwood Court|-38.10559,145.26499
Elcan Avenue|Monahans Road|-38.10388,145.26640
Elder Close|Weeden Crescent|-38.00828,145.28025
Elder Street|Inverness Street|-37.93098,145.10380
Elder Street|The Parade|-37.93026,145.10389
Elder Street|Wandoo Avenue|-37.92935,145.10405
Elder Street South|Hendon Court|-37.94360,145.10196
Elder Street South|Hunt Crescent|-37.94537,145.10161
Elder Street South|Old Dandenong Road|-37.94850,145.09805
Elder Street South|Poulter Crescent|-37.94519,145.10164
Elder Street South|Tammany Drive|-37.94447,145.10179
Elder Street South|Tina Court|-37.94281,145.10212
Eldershaw Drive|Hasluck Crescent|-38.05347,145.25415
Eldo Street|Popes Road|-37.98257,145.18816
Eldo Street|Woomera Avenue|-37.98440,145.18674
Eleanore Crescent|Hinrichsen Drive|-38.01473,145.28277
Eleanore Crescent|Raphael Street|-38.01247,145.28242
Eleebana Avenue|Long Place|-37.90780,145.07986
Eleebana Avenue|Simmonds Street|-37.90773,145.07930
Eleebana Avenue|Warrigal Road|-37.90847,145.08521
Elgin Mews|Fernhill Avenue|-38.11833,145.25298
Eli Court|Turramurra Drive|-37.92502,145.23536
Eliana Court|Trisha Drive|-37.93289,145.24858
Elias Mews|Georgette Crescent|-37.97523,145.26754
Eliburn Drive|Howden Street|-38.11663,145.29876
Eliburn Drive|Nellburn Terrace|-38.12185,145.29934
Eliburn Drive|Quattro Avenue|-38.12256,145.29919
Eliburn Drive|Ryebank Way|-38.11793,145.29852
Elida Crescent|Jarvis Close|-38.05360,145.29624
Elida Crescent|Oakgrove Drive|-38.05426,145.29894
Elida Crescent|Palais Close|-38.05288,145.29608
Elida Place|Ninevah Crescent|-37.91610,145.17389
Elimatta Road|Leila Road|-37.90204,145.05704
Elimatta Road|Libna Street|-37.90386,145.05667
Elimatta Road|North Road|-37.90593,145.05626
Elimatta Road|North Road Service Road|-37.90586,145.05627
Elimatta Road|Portland Street|-37.90464,145.05651
Elisabeth Avenue|Loris Street|-37.96751,145.15214
Elisabeth Avenue|Springvale Road|-37.96716,145.14934
Elisdon Drive|Eliza Court|-38.11023,145.14999
Elisdon Drive|Peter Court|-38.10794,145.15042
Elisdon Drive|Seaford Road|-38.11173,145.14974
Elisdon Drive|Susan Court|-38.10872,145.15029
Elise Court|Keylana Drive|-38.00368,145.14719
Elissa Court|Eunice Drive|-37.96387,145.07793
Elite Way|Lakewood Boulevard|-38.09564,145.15813
Eliza Street|Fosters Court|-38.07852,145.29079
Eliza Street|Godwin Crescent|-38.07835,145.28906
Eliza Street|Josephine Avenue|-38.07881,145.29137
Eliza Street|Maltravers Crescent|-38.07827,145.29016
Eliza Street|O'Connor Street|-37.96487,145.01609
Eliza Street|Porto Court|-38.07885,145.28883
Eliza Street|Rowen Court|-38.07955,145.28870
Eliza Street|Sarah Street|-37.96505,145.01742
Eliza Street|Smeed Street|-37.96475,145.01520
Elizabeth Street|Eric Street|-37.90298,145.01730
Elizabeth Street|Flinders Street|-37.97629,145.06065
Elizabeth Street|Gray Street|-37.92259,145.05262
Elizabeth Street|Hazelwood Avenue|-38.07691,145.28247
Elizabeth Street|Henslow Court|-37.90695,145.01657
Elizabeth Street|Hurlstone Street|-37.90538,145.01686
Elizabeth Street|Lansdown Street|-37.90361,145.01719
Elizabeth Street|Mulberry Court|-38.07708,145.28182
Elizabeth Street|Noel Street|-37.90739,145.01649
Elizabeth Street|North Road|-37.90121,145.01762
Elizabeth Street|Northern Avenue|-37.90213,145.01745
Elizabeth Street|Salmon Street|-37.97882,145.06161
Elizabeth Street|South Gippsland Highway|-38.07594,145.27260
Elizabeth Street|Taylor Street|-37.90382,145.01714
Elizabeth Street|Tucker Road|-37.92236,145.05054
Elizabeth Street|Union Street|-37.90845,145.01629
Elizabeth Street|Walnut Court|-38.07643,145.27877
Elizabeth Street|Webster Place|-38.07576,145.27337
Elka Road|Harold Road|-37.97546,145.15237
Elka Road|Regina Street|-37.97621,145.15223
Ella Grove|Famechon Road|-38.03936,145.12536
Ella Grove|Hughes Avenue|-38.04086,145.12615
Ella Grove|Inga Court|-38.04149,145.12626
Ella Grove|Randall Avenue|-38.04236,145.12374
Ella Place|Malmsbury Crescent|-37.92091,145.26142
Ellaswood Court|Millswyn Avenue|-38.02507,145.26109
Ellen Street|Heather Grove|-37.95617,145.14154
Ellen Street|Heritage Drive|-37.95549,145.14161
Ellen Street|Malane Street|-37.91692,145.05506
Ellen Street|St Ives Road|-37.91676,145.05366
Ellen Street|St James Avenue|-37.95319,145.14209
Ellen Street|Thames Avenue|-37.95269,145.14214
Ellen Street|Tucker Road|-37.91650,145.05157
Ellen Street|Villa Road|-37.94819,145.14303
Ellen Street|Wild Street|-37.99051,145.08658
Ellendale Road|Gatcum Court|-37.95988,145.18350
Ellendale Road|Gell Court|-37.96436,145.18264
Ellendale Road|Heatherton Road|-37.96608,145.18231
Ellendale Road|Lodge Street|-37.96261,145.18297
Ellendale Road|Princes Highway|-37.95836,145.18470
Ellendale Road|Princes Highway Service Road|-37.95842,145.18456
Ellendale Street|Hotham Street|-37.90280,145.07831
Ellendale Street|Jubilee Drive|-37.90147,145.27496
Ellendale Street|Poath Road|-37.90244,145.07531
Ellendale Street|Sanctuary Crescent|-37.90313,145.27694
Ellery Court|Endeavour Drive|-38.07960,145.26870
Ellery Court|Rivett Crescent|-37.91341,145.16089
Ellesmere Street|Old Dandenong Road|-37.93413,145.08485
Ellesmere Street|Washington Drive|-37.93614,145.08416
Elletson Court|Ray Street|-37.97480,145.20092
Ellindale Avenue|Jasper Road|-37.91029,145.04309
Ellindale Avenue|Swindon Grove|-37.91045,145.04422
Ellindale Avenue|Wembley Grove|-37.91070,145.04624
Ellindale Close|Kendari Court|-38.03547,145.27746
Ellindale Close|Strong Drive|-38.03516,145.27582
Elliot Street|Warren Road|-37.99652,145.09204
Elliott Crescent|Jannali Drive|-37.98654,145.13519
Elliott Crescent|St Cuthberts Avenue|-37.98623,145.13267
Elliott Parade|Hal Porter Terrace|-38.06212,145.25674
Elliott Parade|Hutchinson Drive|-38.05581,145.25920
Elliott Parade|Kingsfield Crescent|-38.05818,145.25795
Elliott Parade|Lockwood Rise|-38.06153,145.25712
Elliott Parade|Paterson Drive|-38.06276,145.25626
Elliott Parade|Rankin Close|-38.05681,145.25819
Elliott Parade|Sedgwick Court|-38.05749,145.25812
Elliott Parade|Settlers Lane|-38.06239,145.25654
Elliott Parade|South Gippsland Highway|-38.05495,145.26047
Elliott Road|Frankston-Dandenong Road|-38.02376,145.21342
Elliott Road|Hammond Road|-38.02260,145.20395
Elliott Road|Monterey Road|-38.02379,145.21365
Elliott Street|Hadley Street|-38.12259,145.13984
Elliott Street|Ward Street|-37.97227,145.06779
Elliott Street|Warrigal Road|-37.97292,145.07315
Ellis Park Avenue|Excelsior Circuit|-37.93163,145.19106
Ellis Park Avenue|Hoddle Street|-37.93161,145.19140
Ellis Park Avenue|Jacksons Road|-37.93187,145.19368
Ellis Park Avenue|Newcastle Drive|-37.93165,145.19223
Ellis Park Avenue|Newport Drive|-37.93173,145.19255
Ellis Park Avenue|Nowlan Street|-37.93179,145.19297
Ellis Park Avenue|O'Shannasy Street|-37.93160,145.19054
Ellis Street|Glynda Street|-37.99639,145.21163
Ellis Street|Webster Street|-37.99374,145.21207
Ellsworth Drive|Maxfield Road|-38.00913,145.16818
Ellt Crescent|Guild Avenue|-37.95227,145.17234
Ellt Crescent|Nockolds Crescent|-37.95488,145.17314
Ellt Crescent|Racecourse Road|-37.95014,145.17271
Ellt Crescent|Reark Avenue|-37.95149,145.17248
Ellt Crescent|Ronald Avenue|-37.95386,145.17200
Ellt Crescent|Selby Avenue|-37.95307,145.17217
Elm Court|Pine Street|-38.12493,145.14339
Elm Grove|Eveline Avenue|-37.99472,145.08019
Elm Grove|Hawthorn Grove|-37.90848,145.03685
Elm Grove|Lightwood Road|-37.95185,145.15599
Elm Grove|McKinnon Road|-37.91083,145.03641
Elm Grove|Nepean Highway|-37.99318,145.08238
Elm Grove|Pine Street|-37.99445,145.08057
Elm tree Drive|Garden Boulevard|-37.98138,145.11396
Elma Road|Herald Street|-37.95173,145.07370
Elma Road|Keys Road|-37.94933,145.07310
Elman Road|Hoffman Street|-37.96914,145.05735
Elman Road|Holmby Road|-37.96815,145.05753
Elman Road|Station Road|-37.96724,145.05770
Elmbank Drive|Hawkins Court|-37.98821,145.17786
Elmbank Drive|Kinnoul Avenue|-37.98870,145.17981
Elmbank Drive|Nerida Court|-37.98809,145.17691
Elmbank Drive|Ondine Court|-37.98926,145.18176
Elmbank Drive|Teal Court|-37.98832,145.17881
Elmbank Drive|Winslow Court|-37.98916,145.18085
Elmhurst Street|Heyington Crescent|-37.96243,145.19728
Elmore Court|Mildura Crescent|-37.97404,145.25758
Elms Court|Loch Road|-37.95859,145.22208
Elms Road|Harwood Road|-38.05633,145.18936
Elmsford Court|Stanley Road|-37.99741,145.16850
Elmsford Court|Werrett Court|-37.99722,145.16673
Elmsford Crescent|Eminence Drive|-38.10169,145.25268
Elmsford Crescent|Quarters Boulevard|-38.09811,145.25281
Elmsford Crescent|Watford Avenue|-38.09950,145.25226
Elmslie Drive|Gwenton Avenue|-38.11798,145.29107
Elmslie Drive|Hendrix Street|-38.11801,145.29130
Elmslie Drive|Lanthorn Crescent|-38.11910,145.29960
Elmslie Drive|McAllister Drive|-38.11855,145.29494
Elmslie Drive|Mercury Road|-38.11792,145.29052
Elmslie Drive|Narre Warren Road|-38.11778,145.28940
Elmslie Drive|Redding Street|-38.11812,145.29206
Elmstead Drive|Ferntree Gully Road|-37.90849,145.20301
Elmstead Drive|Ferntree Gully Road Service Road|-37.90849,145.20301
Elmstead Drive|Haversham Avenue|-37.91199,145.20178
Elmstead Drive|Oakbank Court|-37.91043,145.20263
Elmstead Drive|Pineview Close|-37.91114,145.20223
Elmstead Drive|Summerhill Avenue|-37.90950,145.20297
Elmswood Boulevard|Goldstone Court|-37.99766,145.14845
Elmswood Boulevard|Len George Drive|-37.99838,145.14830
Elmswood Boulevard|Mapleton Court|-37.99568,145.14944
Elmswood Boulevard|Silvercrest Court|-37.99437,145.14971
Elmswood Boulevard|Watergrass Court|-37.99696,145.14859
Elmswood Boulevard|Waterlily Way|-37.99591,145.14940
Elmswood Boulevard|Yale Avenue|-37.99901,145.14819
Elmwood Place|Hazelmere Avenue|-38.10789,145.26454
Elna Court|Kinwal Court|-37.94417,145.05396
Elonera Road|Halton Road|-37.95471,145.19213
Elonera Road|Jennifer Street|-37.95546,145.19195
Elonera Road|Meredith Street|-37.95631,145.19183
Elonera Road|Oakwood Avenue|-37.95985,145.19107
Elonera Road|Princes Highway|-37.96153,145.18852
Elonera Road|Princes Highway Service Road|-37.96144,145.18867
Elonera Road|Titcher Road|-37.95805,145.19144
Elora Road|Lehem Avenue|-37.92773,145.08550
Elora Road|Luain Avenue|-37.92612,145.08598
Elora Road|Salem Avenue|-37.92531,145.08614
Elora Road|Tular Avenue|-37.92694,145.08581
Eloura Avenue|Huntley Road|-37.91246,145.02393
Eloura Avenue|Thomas Street|-37.91246,145.02393
Elpara Place|Hutchins Way|-38.11775,145.18851
Elpara Way|Ormond Road|-38.04797,145.26771
Elphin Close|Glenbrook Crescent|-38.06040,145.25647
Elray Avenue|King George Parade|-37.97467,145.19838
Elsie Avenue|Mahoney Crescent|-38.11129,145.12922
Elsie Avenue|Seaford Road|-38.11041,145.12973
Elsie Grove|Hazel Avenue|-38.04436,145.11448
Elsie Grove|Munro Avenue|-38.04299,145.11853
Elsie Grove|Randall Avenue|-38.04141,145.12320
Elsie Grove|Station Street|-38.04494,145.11276
Elstar Drive|Starchenko Court|-38.09294,145.19289
Elstar Road|Janos Close|-38.00310,145.29519
Elstar Road|Murray Way|-38.00310,145.29519
Elstar Road|Nita Close|-38.00359,145.29424
Elstar Road|Pater Close|-38.00452,145.29603
Elstar Road|Victoria Road|-38.00483,145.29706
Elswill Street|Kenjulie Drive|-37.93026,145.06514
Elswill Street|Normdale Road|-37.93026,145.06514
Elvara Court|Wellington Road|-37.92010,145.16858
Elwood Street|Ferntree Gully Road|-37.90149,145.14441
Elwood Street|Finch Street|-37.90282,145.14417
Elwyn Street|Gladwyn Avenue|-37.91109,145.05791
Elwyn Street|Lancaster Street|-37.91073,145.05508
Elysee Court|Rainsford Drive|-37.94276,145.19516
Elysian Place|John Russell Road|-38.11103,145.24545
Elysian Place|Mulberry Grove|-38.00494,145.16033
Emanuel Drive|Lucas Crescent|-38.10368,145.14441
Emanuel Drive|Peterson Street|-38.10361,145.14456
Embankment Grove|Koala Court|-38.04527,145.12574
Embankment Grove|Mulkarra Drive|-38.04586,145.12397
Embankment Grove|Station Street|-38.04908,145.11490
Embley Glade|Kinkead Crescent|-37.98045,145.26545
Emden Crescent|Mackie Road|-37.92447,145.16502
Emden Crescent|Redfern Crescent|-37.92632,145.16566
Emerald Court|George Street|-38.03515,145.25070
Emerald Drive|Heather Grove|-37.95689,145.14766
Emerald Drive|Kallista Road|-37.95771,145.14750
Emerald Drive|Olinda Avenue|-37.95804,145.14437
Emerald Drive|Silvan Avenue|-37.95825,145.14531
Emerald Drive|Tricia Avenue|-37.95812,145.14505
Emerald Drive|Upwey Avenue|-37.95839,145.14630
Emerald Rise|Garden Grove|-38.12170,145.19498
Emerald Rise|Garnet Close|-38.11861,145.19539
Emerald Rise|Golden Way|-38.12009,145.19510
Emerald Rise|Sanoma Drive|-38.12357,145.19469
Emerald Rise|Sapphire Mews|-38.11828,145.19551
Emerald Street|Sherbrooke Avenue|-37.93872,145.08564
Emerald Street|Washington Drive|-37.93640,145.08608
Emerson Place|Jonathan Place|-37.93087,145.25100
Emerson Place|Orchard Way North|-37.93091,145.25139
Emery Drive|Penn Place|-37.98942,145.13678
Emery Drive|Williams Close|-37.98878,145.13689
Emily Court|Poulter Crescent|-37.94505,145.09954
Emily Court|Suemar Street|-37.93160,145.16974
Emily Drive|Francine Court|-38.00360,145.29077
Emily Drive|Greg Court|-38.00233,145.29078
Emily Drive|Marcus Court|-38.00469,145.29101
Emily Drive|Maude Court|-38.00214,145.29018
Emily Drive|River Terrace|-38.00107,145.28846
Emily Drive|Saffron Drive|-38.00483,145.28632
Emily Drive|Sanctuary Rise|-38.00111,145.29058
Emily Drive|Sirens Place|-38.00181,145.28816
Emily Drive|St Shenouda Court|-38.00410,145.28663
Emily Drive|Stream Walk|-38.00342,145.28680
Emily Drive|The Estuary|-38.00279,145.28693
Emily Promenade|Kingcote Drive|-38.00173,145.18379
Emily Promenade|Mallory Crescent|-38.00141,145.18124
Emily Promenade|Tylers Run|-38.00160,145.18292
Eminence Drive|Watford Avenue|-38.09961,145.25309
Emma Court|Lesley Drive|-38.04431,145.28125
Emma Place|Fernhill Drive|-37.97389,145.12295
Emma Street|Kemp Street|-38.08051,145.13199
Emma Street|Thelma Street|-38.07883,145.13047
Emma Street|Walkers Road|-38.07680,145.12887
Emmaline Crescent|Len George Drive|-37.99857,145.14980
Emmaline Crescent|Nick Way|-37.99754,145.15001
Emmaline Crescent|Waterlily Way|-37.99603,145.15032
Emmeline Row|Enterprise Drive|-37.91474,145.23446
Emmeline Row|Gulinya Crescent|-37.91453,145.23227
Emmeline Row|Stud Road|-37.91476,145.23573
Emmer Green Retreat|Scotsdale Drive|-38.10670,145.29576
Emmerson Street|Henderson Road|-37.98164,145.16248
Emmerson Street|Scotia Crescent|-37.98267,145.16220
Emperor Place|Longwood Close|-37.90597,145.27842
Empire Way|Hallam Road|-38.01545,145.27137
Empire Way|Hallam South Road|-38.01545,145.27137
Empire Way|Star Crescent|-38.01520,145.26930
Emu Bush Drive|Red Maple Drive|-38.11559,145.25095
Emu Court|Sabine Avenue|-37.95555,145.20526
Encore Boulevard|Furtive Way|-38.12732,145.23512
Encore Boulevard|Jeepster Way|-38.12743,145.23506
Encore Boulevard|Jonah Avenue|-38.12591,145.23583
Encore Boulevard|Laurieston Way|-38.12881,145.23437
Encore Boulevard|Scorchin Drive|-38.12459,145.23626
Endeavour Court|Fox Drive|-38.05531,145.21987
Endeavour Crescent|Monkhouse Drive|-37.97635,145.25703
Endeavour Drive|Eyre Court|-38.07965,145.26924
Endeavour Drive|Flinders Court|-38.07707,145.26970
Endeavour Drive|Giles Court|-38.07695,145.26327
Endeavour Drive|Gillespie Court|-38.07970,145.26466
Endeavour Drive|Gray Street|-38.07997,145.27137
Endeavour Drive|Gregory Court|-38.07879,145.26381
Endeavour Drive|Hume Court|-38.07577,145.26416
Endeavour Drive|Hunter Court|-38.08025,145.27301
Endeavour Drive|Kennedy Court|-38.07800,145.26326
Endeavour Drive|Lonsdale Crescent|-38.07963,145.26798
Endeavour Drive|Marsden Court|-38.08016,145.27374
Endeavour Drive|McMillan Court|-38.07590,145.26609
Endeavour Drive|Mitchell Court|-38.07649,145.26685
Endeavour Drive|Oxley Court|-38.07565,145.26452
Endeavour Drive|Phillip Court|-38.08012,145.27397
Endeavour Drive|South Gippsland Highway|-38.08026,145.27512
Endeavour Drive|Steele Court|-38.07982,145.26688
Endeavour Drive|Strzelecki Court|-38.07963,145.26770
Endeavour Drive|Wentworth Street|-38.07607,145.26640
Endeavour Way|Lakewood Boulevard|-38.00270,145.11983
Energy Drive|Storm Avenue|-38.07092,145.25378
Enfield Close|Granton Avenue|-37.98675,145.26786
Enfield Road|Grandview Road|-37.90271,145.00494
Engineering Road East|Exhibition Walk|-37.90875,145.13470
England Street|Healey Road|-38.02953,145.21921
England Walk|Plough Rise|-38.05852,145.29446
England Walk|Riddleston Court|-38.05815,145.29147
England Walk|Timms Street|-38.05839,145.29353
Enid Court|Genine Avenue|-37.95326,145.08461
Enngonia Crescent|Glenelg Drive|-37.93990,145.11140
Enngonia Crescent|Hopkins Court|-37.94032,145.11189
Ennismore Drive|Lancaster Court|-37.98426,145.15400
Ennismore Drive|Serpentine Road|-37.98457,145.15361
Enniss Avenue|Foley Place|-37.92800,145.06565
Enniss Avenue|Highview Road|-37.92945,145.06539
Enright Street|Matthieson Street|-37.95574,145.05240
Enright Street|Nepean Highway|-37.95623,145.05137
Enright Street|Tennyson Street|-37.95493,145.05445
Entally Drive|Holly Green Drive|-37.90186,145.17529
Entally Drive|Rostella Court|-37.90231,145.17622
Entally Drive|Threadbow Crescent|-37.90309,145.17788
Entally Drive|View Mount Road|-37.90172,145.17416
Entally Drive|Wheeler Court|-37.90268,145.17737
Enterprise Circuit|Quality Drive|-38.02656,145.20982
Enterprise Court|Wellington Road|-37.91916,145.16265
Enterprize Avenue|Isabella Close|-38.03151,145.13022
Enterprize Avenue|Pickwick Place|-38.03112,145.13052
Enterprize Avenue|Rebecca Close|-38.03423,145.13259
Enterprize Avenue|Wells Road|-38.02997,145.13214
Entrance Road|Nepean Highway|-38.09847,145.12575
Ephcris Court|Essex Park Drive|-37.96649,145.24244
Epsilon Way|Oregano Drive|-38.04638,145.26358
Epsom Road|Main Street|-38.00560,145.08548
Epsom Road|Montgomery Street|-38.00589,145.08401
Erawan Avenue|Westerfield Drive|-37.90819,145.14562
Ercildoune Court|Windward Lane|-38.11005,145.24650
Ergano Way|Volunteer Avenue|-38.12543,145.24141
Eric Avenue|White Street|-37.99889,145.08875
Eric McDonald Rise|Gaskett Court|-38.04246,145.30019
Eric Street|Hawthorn Road|-37.90315,145.01885
Erica Close|Raymond McMahon Boulevard|-37.97889,145.25966
Erica Street|Gladstone Road|-37.95530,145.20757
Erica Street|Hayden Road|-37.95836,145.13714
Erica Street|Hooker Avenue|-37.95862,145.13851
Erica Street|Sabine Avenue|-37.95515,145.20655
Erica Street|Westall Road|-37.95836,145.13714
Ericksen Street|Harris Street|-37.94259,145.14623
Ericksen Street|McLeod Street|-37.94170,145.14679
Ericksen Street|Newcomen Road|-37.94357,145.14608
Ericksen Street|Stephenson Street|-37.94101,145.14722
Ericksen Street|Whitworth Avenue|-37.93999,145.14741
Erie Avenue|Ontario Place|-37.91245,145.24446
Erie Avenue|Thomson Court|-37.91426,145.24532
Erie Avenue|Wanaka Close|-37.91315,145.24513
Erie Avenue|Winnipeg Street|-37.91186,145.24211
Erin Court|Meredith Crescent|-38.04332,145.27771
Erin Place|Scotia Crescent|-37.98281,145.16022
Erindale Street|Fintona Crescent|-38.10855,145.23786
Erindale Street|Tallon Way|-38.10887,145.24057
Erindale Street|Trumper Lane|-38.10882,145.24009
Erinka Crescent|Old Wells Road|-38.07330,145.14973
Erinka Crescent|Sun Rise|-38.07328,145.14869
Ernest Crescent|Norma Close|-38.05331,145.28934
Ernest Crescent|Seebeck Drive|-38.05293,145.29183
Ernst Wanke Road|Honeyeater Grove|-37.99836,145.29368
Eros Crescent|Gaia Street|-38.10953,145.23551
Erowal Street|Morey Road|-37.97171,145.03969
Erowal Street|Reserve Road|-37.97126,145.03584
Errol Close|Nurten Parade|-38.02247,145.12357
Erskine Avenue|Jack Road|-37.96213,145.04235
Erskine Crescent|Kelso Court|-37.91007,145.19378
Erskine Crescent|Kinloch Close|-37.91005,145.19267
Erskine Crescent|Palmerston Crescent|-37.90866,145.19574
Erskine Crescent|Portobello Place|-37.90863,145.19442
Erskine Drive|Kyoto Court|-37.90798,145.24927
Erskine Drive|Taylors Lane|-37.90748,145.24803
Erwin Drive|Hummerstone Road|-38.10628,145.13546
Erwin Drive|Hunt Drive|-38.10834,145.13594
Erwin Drive|Ilma Court|-38.10637,145.13542
Esk Court|Jesson Crescent|-37.98067,145.22809
Eskay Road|Jacks Road|-37.92698,145.09113
Esper Avenue|Luntar Road|-37.92822,145.08281
Esper Avenue|Vernal Road|-37.92849,145.08495
Essex Court|Trafalgar Way|-38.09794,145.29377
Essex Park Drive|Gracilis Court|-37.96914,145.23841
Essex Park Drive|Leprosa Close|-37.96641,145.24181
Essex Park Drive|Melliodora Court|-37.96644,145.23994
Essex Park Drive|Power Road|-37.97178,145.24248
Essex Park Drive|Regnans Avenue|-37.97125,145.24035
Essex Park Drive|Rhus Close|-37.96989,145.23838
Essex Park Drive|Rubida Court|-37.97033,145.23868
Essex Park Drive|Sorbus Close|-37.97168,145.24168
Essex Park Drive|Viminalis Court|-37.96899,145.23841
Essex Park Drive|Viridis Place|-37.96665,145.23893
Essex Street|Mildura Avenue|-37.94783,145.00242
Essex Street|Stud Road Service Road|-37.95258,145.22656
Essex Street|Surrey Road|-37.95246,145.22552
Essington Court|Florey Crescent|-37.91739,145.16043
Esta Court|Wedge Road|-38.08709,145.19271
Estelle Court|Lower Terrace Crescent|-37.95174,145.19064
Ester Close|Kinkead Crescent|-37.98070,145.26466
Ester Crescent|Kallay Street|-37.93686,145.11214
Ester Crescent|Russ Street|-37.93589,145.11105
Ester Crescent|Springs Road|-37.93555,145.10833
Esther Court|Heatherton Road|-37.96428,145.16736
Ethan Terrace|Ezra Street|-38.12675,145.29908
Ethel Turner Place|Hanrahan Wynd|-38.06306,145.26129
Ethereal Way|Hyperno Way|-38.08363,145.19821
Ethereal Way|Sandarra Boulevard|-38.08194,145.19965
Ethereal Way|Wodalla Circuit|-38.08408,145.19893
Ethereal Way|Wotan Way|-38.08326,145.19745
Eton Court|Wedgewood Road|-38.01552,145.26071
Eucalyptus Mews|Rusden Place|-37.90611,145.14401
Eucalyptus Walk|Hillview Drive|-38.09721,145.18994
Eugenia Street|Hawthorn Road|-37.99387,145.24041
Eugenia Street|Photinia Street|-37.99247,145.23850
Eugenia Street|Power Road|-37.99247,145.23850
Eulinga Avenue|Laura Street|-38.01652,145.09635
Eulinga Avenue|Mill Street|-38.01522,145.09828
Eulinga Avenue|Station Street|-38.01705,145.09524
Eulinga Road|The Parade|-37.93009,145.10254
Eumemmerring Drive|Olive Road|-37.99557,145.24772
Eumemmerring Drive|Riverview Crescent|-37.99550,145.24720
Eunice Drive|Farm Road|-37.96298,145.07809
Eunice Drive|Lincoln Drive|-37.96734,145.07774
Eunice Drive|Madison Court|-37.96469,145.07780
Eunice Drive|Marlene Court|-37.96629,145.07752
Eunice Drive|Shirlian Street|-37.96734,145.07774
Eureka Crescent|Grenfell Rise|-38.02990,145.29192
Eurella Crescent|Police Road|-37.94126,145.22824
Eurella Crescent|Seebeck Road|-37.94009,145.22885
Eurythmic Street|Powlett Street|-38.00259,145.08644
Eva Court|Kilberry Crescent|-37.99873,145.26708
Eva Street|Haughton Road|-37.92021,145.11422
Evan Street|Ivy Street|-37.98768,145.08455
Evan Street|Lawborough Avenue|-37.98808,145.08891
Evan Street|McSwain Street|-37.98808,145.08891
Evan Street|Taylor Street|-37.98728,145.08053
Evangeline Terrace|Ezra Street|-38.12687,145.30002
Evans Avenue|Scott Street|-37.94301,145.03673
Evans Avenue|Wickham Road|-37.94456,145.03786
Evans Road|Evans Road Service Road|-38.05975,145.26225
Evans Road|Fairhaven Boulevard|-38.09174,145.25586
Evans Road|Guru Boulevard|-38.07156,145.25978
Evans Road|Hall Road|-38.10957,145.25245
Evans Road|Lockwood Rise|-38.06236,145.26171
Evans Road|Merinda Park Boulevard|-38.07694,145.25874
Evans Road|Montrose Way|-38.09859,145.25459
Evans Road|Navarre Drive|-38.10713,145.25288
Evans Road|Paramount Boulevard|-38.09123,145.25595
Evans Road|Prichard Avenue|-38.06453,145.26125
Evans Road|Quarters Boulevard|-38.09828,145.25461
Evans Road|South Gippsland Highway|-38.05857,145.26270
Evans Road|Strathlea Drive|-38.10761,145.25260
Evans Road|Thompsons Road|-38.08003,145.25816
Evans Road|Volk Road|-38.08518,145.25714
Eve Court|Loch Road|-37.95539,145.21606
Eveline Avenue|Parkers Road|-37.99278,145.07826
Evelyn Court|Jeffrey Street|-38.03703,145.25450
Evelyn Court|Wheatland Crescent|-37.96770,145.12861
Evelyn Street|Howard Court|-37.91821,145.13156
Evelyn Street|Marion Street|-37.91832,145.04890
Evelyn Street|Tucker Road|-37.91863,145.05122
Evelyn Street|Windsor Avenue|-37.91820,145.04780
Evelyne Avenue|Lillian Street|-38.09768,145.26876
Evelyne Avenue|Stanley Street|-38.09818,145.27310
Everest Drive|Glenden Retreat|-37.95426,145.05827
Everest Drive|Harrow Mews|-37.95549,145.05880
Everest Drive|Oregon Close|-37.95484,145.05897
Everest Drive|Sheoak Mews|-37.95439,145.05877
Everglades Court|Goulburn Drive|-37.91648,145.24728
Everglades Street|Parkdale Drive|-38.07842,145.25230
Everglades Street|Pebble Avenue|-38.07881,145.25535
Everglades Street|Yellowgum Avenue|-38.07890,145.25634
Evergreen Boulevard|Grandia Crescent|-37.99205,145.14753
Evergreen Boulevard|Hardy Loop|-37.99223,145.14904
Evergreen Boulevard|Lilac Way|-37.93972,145.13711
Evergreen Boulevard|Rosebank Avenue|-37.94010,145.13698
Evergreen Boulevard|Rosevae Crescent|-37.99223,145.14904
Evergreen Boulevard|Sapling Street|-37.93923,145.13725
Evergreen Circuit|Peppertree Place|-37.96213,145.06677
Evergreen Circuit|Verdure Crescent|-37.96209,145.06623
Evergreen Court|Waverley Park Drive|-38.07384,145.27532
Everitt Street|Rodwell Street|-37.99203,145.20178
Everitt Street|Seely Street|-37.99206,145.20337
Everitt Street|Steven Street|-37.99204,145.20096
Everlasting Boulevard|Foxtail Place|-38.11573,145.24351
Everlasting Boulevard|Lemon Grove|-38.11563,145.24300
Everlasting Boulevard|Lindwall Drive|-38.11509,145.23760
Everlasting Boulevard|Merritt Avenue|-38.11615,145.24485
Everlasting Boulevard|Quist Parade|-38.11496,145.23671
Everlasting Boulevard|Rock Daisy Drive|-38.11806,145.24862
Everlasting Boulevard|Spearwood Rise|-38.11625,145.24508
Everlasting Boulevard|Stocks Drive|-38.11656,145.24567
Everspring Drive|Rainwater Drive|-38.07084,145.25237
Everton Close|Haverbrack Drive|-37.92734,145.20205
Evesham Road|Nepean Highway|-37.96964,145.06128
Evesham Road|Ward Street|-37.97023,145.06824
Ewar Street|Exley Drive|-37.93856,145.03730
Ewen Street|Lower Dandenong Road|-37.98457,145.09252
Ewen Street|Reid Street|-37.98564,145.09232
Excelsior Drive|Frankston-Dandenong Road|-38.11396,145.15563
Excelsior Drive|Honeysuckle Street|-38.12408,145.16304
Excelsior Drive|Laurina Crescent|-38.11480,145.15642
Excelsior Drive|Lobator Street|-38.11970,145.16097
Excelsior Drive|Marlock Street|-38.12281,145.16250
Excelsior Drive|Monterey Boulevard|-38.12374,145.16293
Excelsior Drive|Moreton Street|-38.11748,145.15891
Excelsior Drive|Mulberry Crescent|-38.11639,145.15791
Excelsior Drive|Spruce Court|-38.11896,145.16029
Excelsior Drive|Stricta Court|-38.11547,145.15704
Excelsior Drive|Telopea Court|-38.11960,145.16088
Excelsior Drive|Tilia Court|-38.12456,145.16319
Excelsior Drive|Wallowa Crescent|-38.11832,145.15969
Excelsior Drive|Whitewood Street|-38.12206,145.16215
Excelsior Drive|Wirilda Crescent|-38.12034,145.16133
Exell Drive|Genoa Street|-37.94613,145.21499
Exell Drive|Kaye Court|-37.94540,145.21258
Exell Drive|Lipton Drive|-37.94699,145.21574
Exell Drive|Roslyn Court|-37.94641,145.21566
Exeter Court|James Street|-37.97448,145.21026
Exeter Court|Leatherwood Crescent|-37.90916,145.17476
Exeter Place|Kingston Avenue|-38.06161,145.28328
Exford Court|Woodvale Drive|-38.10618,145.18738
Exhibition Drive|Queensberry Circuit|-37.92897,145.19200
Exhibition Drive|Trentbridge Road|-37.92786,145.19267
Exhibition Street|Nicholson Street|-37.91272,145.03757
Exhibition Street|Wheatley Road|-37.91223,145.03331
Exley Court|Granton Avenue|-37.98498,145.27077
Exley Drive|Nepean Highway|-37.93863,145.03838
Exley Road|Guernsey Avenue|-37.93838,145.03570
Exley Road|Henrietta Street|-37.93844,145.03619
Exley Road|Warland Road|-37.93834,145.03527
Exner Drive|Griffiths Court|-37.95263,145.21178
Exner Drive|Manks Court|-37.95134,145.20966
Exner Drive|Matthews Place|-37.95188,145.21125
Exner Drive|McKenry Place|-37.95288,145.21193
Exner Drive|Ring Court|-37.95320,145.21299
Exner Drive|Searle Court|-37.95341,145.21356
Exner Drive|Taylor Court|-37.95255,145.20958
Exner Drive|Toon Court|-37.95169,145.21110
Exon Street|Grenville Street|-37.93540,145.00102
Exon Street|Holyrood Street|-37.93358,145.00134
Expedition Street|Manuscript Drive|-37.99009,145.25575
Eyebright Square|Hyssop Drive|-38.00731,145.28312
Eyre Close|Goulburn Drive|-37.91675,145.24916
Fabian Court|Gianni Court|-37.99562,145.16104
Fabian Court|Thoonen Court|-37.99576,145.16176
Facey Court|Templewood Avenue|-37.95136,145.19284
Fadden Street|McFees Road|-37.96314,145.20744
Fadden Street|Menzies Avenue|-37.96456,145.20718
Faigh Street|Springvale Road|-37.92579,145.15694
Fair Crescent|Teal Court|-37.96208,145.22371
Fairbairn Road|Sladen Street|-38.11151,145.27131
Fairbairn Road|Valepark Crescent|-38.10851,145.27189
Fairbairn Road|Wallace Road|-38.10519,145.27254
Fairbairn Street|Gove Street|-37.94184,145.15895
Fairbank Road|Fury Court|-37.94216,145.13133
Fairbank Road|Jasper Road|-37.93250,145.03913
Fairbank Road|Main Road|-37.94153,145.12616
Fairbank Road|Monash Crescent|-37.94234,145.13275
Fairbank Road|Porter Road|-37.93305,145.04374
Fairbank Road|Prestige Drive|-37.94104,145.12218
Fairbank Road|Westall Road|-37.94322,145.13995
Fairbank Road|Worsley Avenue|-37.94289,145.13720
Fairborne Way|Fiveways Boulevarde|-37.98793,145.14881
Fairchild Street|Karkarook Access Road|-37.94473,145.08021
Fairchild Street|Sunmore Close|-37.94756,145.08378
Fairchild Street|Warrigal Road|-37.94453,145.07864
Fairfield Grove|North Road|-37.90077,145.01481
Fairfield Street|Murray Court|-38.09686,145.27600
Fairfield Street|Station Street|-38.09944,145.27887
Fairhaven Boulevard|Genoa Way|-38.09184,145.25696
Fairhaven Boulevard|Karwarren Way|-38.08887,145.25872
Fairhaven Boulevard|Nariel Place|-38.09183,145.25652
Fairhaven Boulevard|Pengana Way|-38.08874,145.25755
Fairhaven Boulevard|Shorey Place|-38.08878,145.25787
Fairhaven Boulevard|Taplan Crescent|-38.08935,145.26036
Fairhaven Road|Sandfield Drive|-38.10761,145.18773
Fairhaven Road|Shane Court|-38.10841,145.18813
Fairhaven Road|Tyntynder Drive|-38.10962,145.18794
Fairland Avenue|Leumear Street|-37.90175,145.11951
Fairland Avenue|Marcella Court|-37.90179,145.11984
Fairland Avenue|Tullius Avenue|-37.90188,145.12058
Fairleigh Avenue|Hepburn Avenue|-37.97416,145.02869
Fairleigh Avenue|Iluka Street|-37.97384,145.02590
Fairleigh Avenue|Mary Street|-37.97432,145.02984
Fairleigh Avenue|Summerhill Road|-37.97401,145.02740
Fairlight Avenue|Havenstone Drive|-38.00212,145.16370
Fairlight Avenue|Juneberry Drive|-38.00189,145.16202
Fairmead Place|Raleigh Drive|-38.05669,145.29087
Fairmont Court|Heatherton Road|-37.97793,145.28192
Fairthorne Street|Somerfield Drive South|-38.00815,145.17574
Fairview Avenue|Friendship Square|-37.95858,145.06571
Fairview Avenue|Mayne Street|-37.95456,145.06594
Fairview Close|Greenview Terrace|-38.00620,145.15295
Fairview Close|Keylana Drive|-38.00458,145.15324
Fairview Close|Park Way|-38.00458,145.15324
Fairview Street|Joyce Street|-37.93428,145.15071
Fairview Street|Peace Street|-37.93457,145.15306
Fairview Street|Springvale Road|-37.93486,145.15534
Fairway Avenue|Weatherall Road|-37.97079,145.04096
Fairway Drive|Faldo Court|-37.90169,145.26693
Fairway Drive|Fauna Avenue|-37.98766,145.14117
Fairway Drive|Irons Close|-37.90089,145.27306
Fairway Drive|Jubilee Drive|-37.90256,145.27455
Fairway Drive|Ryder Court|-37.90251,145.27364
Fairway Drive|Stephenson Court|-37.90061,145.27164
Fairway Drive|Webb Court|-37.90083,145.27071
Fairway Drive|Woods Place|-37.90179,145.27373
Fairways Boulevard|Trevino Way|-38.07022,145.29077
Fairways Boulevard|Von Nida Drive|-38.07198,145.29294
Faith Court|Providence Drive|-38.09197,145.26776
Falcon Court|Lyrebird Drive|-38.10508,145.18321
Falcon Crest|Ferntree Gully Road|-37.90744,145.19270
Faldo Place|Trevino Way|-38.07097,145.29060
Falkiner Court|Laurel Crescent|-38.10217,145.17388
Falkiner Crescent|Gooding Court|-37.97437,145.22313
Falkiner Crescent|Oswald Street|-37.97435,145.22292
Falkiner Crescent|Stud Road|-37.97435,145.22292
Falkiner Crescent|Turner Court|-37.97552,145.22647
Falmouth Road|Kingston Avenue|-38.06133,145.28251
Falmouth Road|St Georges Road|-38.05983,145.28282
Famechon Road|Hughes Avenue|-38.04000,145.12347
Fantail Court|Lyrebird Drive|-38.11227,145.17218
Faolan Way|Killearn Avenue|-38.10272,145.24788
Farm Road|Harkaway Drive|-37.96353,145.08276
Farm Road|Helen Court|-37.96392,145.08548
Farm Road|Hermitage Street|-37.96320,145.08012
Farm Road|Jells Road|-37.96329,145.08080
Farm Road|Kardinian Avenue|-37.96341,145.08175
Farm Road|Lendor Court|-37.96379,145.08457
Farm Road|Lincoln Drive|-37.96308,145.07899
Farm Road|Murumba Drive|-37.92466,145.09390
Farm Road|Peters Drive|-37.96293,145.07771
Farm Road|Riley Street|-37.92359,145.09421
Farm Road|Waring Street|-38.00676,145.16163
Farm Road|Warrigal Road|-37.96261,145.07505
Farmer Street|Were Street|-37.92660,145.00963
Farmillo Court|Lakesfield Drive|-37.91565,145.27969
Farmington Court|Meadowbrook Drive|-37.90748,145.17374
Farnham Avenue|Harbinger Court|-37.91369,145.17407
Farnham Avenue|Kooringa Crescent|-37.91291,145.17422
Farnham Avenue|Ninevah Crescent|-37.91456,145.17373
Farrer Close|Wallace Road|-38.10443,145.26887
Farskiene Place|Horton Drive|-38.04136,145.25956
Farview Drive|Heany Park Road|-37.93649,145.24899
Faulkiner Street|McGregor Street|-37.92418,145.11756
Faulkiner Street|Prince Charles Street|-37.92381,145.11458
Faulkner Street|Jasper Road|-37.93254,145.03913
Faulkner Street|Olive Street|-37.93234,145.02047
Faulkner Street|Railway Crescent|-37.93234,145.03736
Faulkner Street|Smith Street|-37.93258,145.02264
Fauna Court|Sweet Gum Avenue|-38.01324,145.29620
Favril Street|Ludstone Street|-37.93325,145.00549
Favril Street|Passchendaele Street|-37.93240,145.00566
Favril Street|Villeroy Street|-37.93156,145.00582
Fay Court|Vitis Avenue|-37.98003,145.16025
Fay Street|Frankston-Dandenong Road|-38.12146,145.14411
Fay Street|Hadley Street|-38.12045,145.14301
Faye Place|Justin Circuit|-38.02745,145.27004
Faye Street|Narooma Street|-37.93911,145.05629
Faye Street|Royena Road|-37.93797,145.05755
Fayette Court|Kenross Drive|-37.91837,145.19630
Feathertop Drive|Inglebrae Court|-37.94452,145.19351
Feathertop Drive|Penola Court|-37.94490,145.19330
Feathertop Drive|Terrigal Drive|-37.94375,145.19447
Feathertop Rise|Grandview Road|-37.91399,145.19518
Feathertop Rise|Nelse Court|-37.91552,145.19483
Featherwood Street|Jackson Green Boulevard|-37.93151,145.12620
Featherwood Street|Lomandra Drive|-37.93048,145.12658
Feathery Grove|Niblick Circuit|-38.08441,145.21713
Federation Picnic Area Road|Lower Dandenong Road|-37.98895,145.12733
Federation Picnic Area Road|Sandleford Place|-37.98870,145.12525
Feehan Crescent|Kingston Avenue|-38.06392,145.28373
Feehan Crescent|Sherwood Road|-38.06344,145.28524
Feeney Court|Jeffrey Street|-38.03698,145.25448
Felicia Street|Verbena Street|-37.99260,145.09692
Felicia Street|Waratah Avenue|-37.99236,145.09490
Felicity Court|Ohio Crescent|-38.01600,145.29007
Fellowes Street|Holroyd Street|-38.11394,145.14539
Fenland Place|Hidden Grove Boulevard|-38.00589,145.15655
Fenland Place|Keylana Drive|-38.00453,145.15528
Fenton Court|Rosene Court|-37.99769,145.17099
Fenton Court|Stanley Road|-37.99702,145.16864
Fenton Street|Garnett Street|-37.90527,145.11078
Fenton Street|Hargreaves Street|-37.90929,145.11012
Fenton Street|Hume Street|-37.91146,145.10971
Fenton Street|Leigh Street|-37.90568,145.11079
Fenton Street|Milgate Street|-37.91222,145.10956
Fenton Street|North Road|-37.91222,145.10956
Fenton Street|Portland Crescent|-37.91683,145.22421
Fenton Street|Princes Highway|-37.90459,145.11146
Fenton Street|Raglan Way|-37.91743,145.22468
Fenton Street|Ross Street|-37.90788,145.11073
Fenton Street|Stafford Street|-37.91074,145.10986
Fergus Lane|Futures Road|-38.08856,145.25168
Fergus Lane|Hampden Road|-38.08843,145.25054
Fergus Lane|Laidlaw Lane|-38.09095,145.25432
Fergus Lane|Maughan Way|-38.09004,145.25277
Fergus Lane|Missens Road|-38.08769,145.24871
Fergus Lane|Paramount Boulevard|-38.09147,145.25425
Ferguson Street|Hampton Street|-37.91051,145.00756
Ferguson Street|Hazeldean Avenue|-37.91102,145.01234
Ferguson Street|Roseberry Avenue|-37.91073,145.00992
Fern Street|Garnet-Leary Avenue|-37.96463,145.01948
Fern Street|Stevens Parade|-37.96486,145.02148
Fern Street|Sturdee Road|-37.96474,145.02047
Fernbank Crescent|Portland Street|-37.93322,145.20606
Ferndale Close|Village Drive|-37.97910,145.11949
Ferndale Crescent|Glencoe Grove|-37.95830,145.21215
Ferndown Drive|Lahinch Grove|-38.12217,145.25239
Ferndown Drive|Longhirst Avenue|-38.12283,145.25777
Ferndown Drive|Muirfield Close|-38.12206,145.25150
Ferndown Drive|Silverstone Drive|-38.12261,145.25586
Fernhill Avenue|Gracehill Mews|-38.11733,145.25334
Fernhill Drive|Gail Court|-37.97459,145.12244
Fernhill Drive|Martens Place|-37.97301,145.12331
Fernhill Drive|Sadler Court|-37.97265,145.12366
Fernhill Drive|Wakeman Court|-37.97341,145.12308
Fernhill Road|Kirkwood Avenue|-37.95711,145.01139
Fernhill Road|Masefield Avenue|-37.95706,145.01140
Fernhill Road|Royal Avenue|-37.95787,145.01133
Fernhill Road|Sims Street|-37.95326,145.00882
Fernhill Road|Southey Street|-37.95577,145.01108
Fernhill Road|Tennyson Street|-37.95434,145.00979
Fernhill Road|Victoria Street|-37.95625,145.01149
Fernhill Road North|Sandringham Road|-37.95075,145.00792
Fernhurst Close|Liverpool Drive|-37.98649,145.15648
Fernlea Avenue|Glenlea Close|-37.91003,145.26970
Fernlea Avenue|Murrindal Drive|-37.91087,145.26519
Fernleaf Avenue|Olivetree Drive|-38.00341,145.17420
Fernly Court|Summerhill Avenue|-37.90948,145.20058
Fernside Drive|Harwood Road|-38.05579,145.18497
Fernside Drive|Thompson Road|-38.07113,145.18812
Ferntree Gully Road|Ferntree Gully Road Service Road|-37.90211,145.15009
Ferntree Gully Road|Ferntree Place|-37.90052,145.13588
Ferntree Gully Road|Finch Street|-37.90165,145.14575
Ferntree Gully Road|Gilby Road|-37.90043,145.13618
Ferntree Gully Road|Holly Green Drive|-37.90498,145.17600
Ferntree Gully Road|Howleys Road|-37.90080,145.13833
Ferntree Gully Road|Jells Road|-37.90672,145.18898
Ferntree Gully Road|Kerferd Road|-37.90330,145.16004
Ferntree Gully Road|Lum Road|-37.90569,145.17972
Ferntree Gully Road|Marykirk Drive|-37.90822,145.20065
Ferntree Gully Road|Nyadale Drive|-37.90054,145.21961
Ferntree Gully Road|Palmerston Crescent|-37.90782,145.19593
Ferntree Gully Road|Petronella Avenue|-37.90751,145.19579
Ferntree Gully Road|Rembrandt Drive|-37.90602,145.18195
Ferntree Gully Road|Rosemary Court|-37.90331,145.15884
Ferntree Gully Road|Sheringham Drive|-37.90582,145.18234
Ferntree Gully Road|Springvale Road|-37.90361,145.16149
Ferntree Gully Road|Strada Crescent|-37.90427,145.16763
Ferntree Gully Road|The Deviation|-37.90641,145.18524
Ferntree Gully Road|Threadbow Crescent|-37.90524,145.17725
Ferntree Gully Road|View Mount Road|-37.90479,145.17352
Ferntree Gully Road|Watsons Road|-37.90414,145.16765
Ferntree Gully Road|Westerfield Drive|-37.90253,145.15026
Ferntree Gully Road|Woodlea Drive|-37.90297,145.15717
Ferntree Gully Road Service Road|Jacaranda Road|-37.90463,145.17008
Ferntree Gully Road Service Road|Marykirk Drive|-37.90842,145.20121
Ferntree Way|Liverpool Drive|-37.98723,145.15543
Ferntree Way|Snowgum Court|-37.98703,145.15431
Fernvale Crescent|Oakton Close|-37.90934,145.17790
Fernwren Place|Fulmar Street|-38.11185,145.16091
Ferrier Close|Nagle Drive|-38.08723,145.21110
Ferrier Court|Salerno Way|-37.93340,145.23700
Ferrier Court|Whitton Court|-37.93479,145.23817
Ferrier Grove|La Perouse Boulevard|-38.06816,145.13140
Festival Crescent|Finchaven Avenue|-37.99142,145.18702
Festival Crescent|Harlow Court|-37.99218,145.18705
Festival Crescent|Kilbride Street|-37.99288,145.18706
Festival Crescent|Parkmore Road|-37.98975,145.18697
Festival Crescent|Springside Crescent|-37.98888,145.18616
Festival Crescent|Wooltana Road|-37.99065,145.18698
Fetlock Lane|Foxwood Drive|-38.10185,145.29815
Fewster Road|Glamis Avenue|-37.93826,145.01664
Fewster Road|Langside Lane|-37.93818,145.01601
Fewster Road|May Street|-37.93758,145.01141
Fewster Road|Ozone Street|-37.93829,145.01698
Fewster Road|Sargood Street|-37.93767,145.01207
Fewster Road|Storey Avenue|-37.93780,145.01310
Fewster Road|Walker Avenue|-37.93855,145.01913
Fewster Road|Weeroona Street|-37.93842,145.01801
Fewster Road|Willis Street|-37.93758,145.01141
Ficifolia Drive|Hakea Street|-37.99530,145.23117
Fidelitas Way|Firecrest Way|-38.12817,145.23263
Fidelitas Way|Flanagan Crescent|-38.12776,145.23045
Fidelitas Way|Venetia Way|-38.12787,145.23141
Field Avenue|Kinross Avenue|-38.03467,145.11768
Field Avenue|Montrose Avenue|-38.03554,145.11512
Field Court|Riddell Street|-37.95012,145.21582
Field Street|Foster Street|-37.91307,145.04094
Field Street|Godfrey Street|-37.91303,145.04053
Field Street|Highett Road|-37.94578,145.01738
Field Street|Jasper Road|-37.91328,145.04260
Field Street|Linacre Road|-37.94388,145.01774
Field Street|Vickery Street|-37.91289,145.03952
Fielding Drive|Moralla Court|-38.05149,145.14214
Fielding Drive|Neptune Street|-38.05167,145.14158
Fielding Drive|Quail Close|-38.05234,145.13868
Fielding Drive|Wells Road|-38.05098,145.14366
Fielding Drive|Zeus Court|-38.05171,145.14140
Fieldlark Court|Whipbird Drive|-38.10852,145.17655
Fife Court|Sunrise Drive|-37.92532,145.17699
Fifth Avenue|Hemmings Street|-37.98301,145.20458
Fifth Avenue|Ninth Avenue|-38.04313,145.13593
Fifth Avenue|Princes Highway|-37.97754,145.20603
Fifth Avenue|Princes Highway Service Road|-37.97761,145.20592
Fifth Avenue|Seventh Avenue|-37.97933,145.20529
Fifth Avenue|Sixth Avenue|-38.03257,145.10817
Fifth Avenue|Station Street|-38.03333,145.10593
Fifth Avenue|Trende Street|-37.97833,145.20545
Fifth Street|McGregor Avenue|-37.98203,145.02373
Fifth Street|Nepean Highway|-37.98584,145.07740
Fig Court|Lawless Drive|-38.06897,145.27802
Filbert Court|Kellett Street|-38.06709,145.27088
Fillmore Road|Gatley Court|-37.94401,145.20751
Fillmore Road|Gladstone Road|-37.94111,145.21030
Fillmore Road|Hill Court|-37.94335,145.20771
Fillmore Road|Livonia Place|-37.94557,145.20799
Fillmore Road|McAfee Court|-37.94309,145.20804
Filmer Court|Simon Avenue|-37.92372,145.24239
Filmer Crescent|Isla Circuit|-38.05066,145.29047
Filmer Crescent|Seebeck Drive|-38.05272,145.29041
Filomena Court|Gabriella Court|-38.08196,145.28403
Filomena Court|Hoysted Avenue|-38.08110,145.28420
Finbar Court|Terrapin Drive|-38.04735,145.28604
Finchaven Avenue|Haldane Street|-37.99115,145.18491
Finchaven Avenue|Parkmore Road|-37.99050,145.18367
Finchaven Avenue|Wooltana Road|-37.99085,145.18447
Finchley Court|Kennington Park Drive|-37.96724,145.24876
Findon Court|Henry Street|-37.94748,145.04336
Findon Court|Milroy Crescent|-38.08554,145.13608
Finisterre Drive|Genesta Court|-37.99299,145.17096
Finisterre Drive|Lenton Road|-37.99288,145.17001
Finsbury Court|Neasham Drive|-37.94451,145.20122
Fintona Crescent|Tallon Way|-38.10817,145.24070
Fintonia Road|Heatherton Road|-37.96638,145.18478
Fintonia Road|Lodge Street|-37.96292,145.18541
Fintonia Road|Mihan Street|-37.96256,145.18548
Fintonia Road|Princes Highway|-37.96031,145.18668
Fintonia Road|Princes Highway Service Road|-37.96031,145.18668
Fintonia Street|Hotham Street|-37.90372,145.07813
Fintonia Street|Poath Road|-37.90329,145.07515
Fiona Court|Grayling Crescent|-37.99232,145.16901
Fir Grove|Paul Street|-37.96146,145.04763
Fir Grove|Tulip Grove|-37.96160,145.04879
Fir Street|Garden Boulevard|-37.97870,145.11369
Firecrest Way|Flanagan Crescent|-38.12931,145.23114
Firecrest Way|Venetia Way|-38.12902,145.23188
Firestone Green|Lytham Court|-38.12112,145.26284
Firman Street|Richard Street|-37.96768,145.15509
First Avenue|First Street|-37.97572,145.09238
First Avenue|Fletcher Road|-37.95839,145.22112
First Avenue|Gladstone Road|-37.95687,145.20729
First Avenue|Glencoe Grove|-37.95755,145.21231
First Avenue|Holly Smith Avenue|-37.97551,145.09063
First Avenue|Howard Court|-37.95801,145.21606
First Avenue|Jindabyne Avenue|-37.95817,145.21924
First Avenue|Kingston Central Boulevard|-37.97535,145.08925
First Avenue|Loch Road|-37.95807,145.22139
First Avenue|Oberon Street|-37.95827,145.22017
First Avenue|Pamir Street|-37.95797,145.21723
First Avenue|Seaview Court|-38.04310,145.13083
First Avenue|Second Street|-37.97555,145.09098
First Avenue|Seventh Avenue|-38.04310,145.13083
First Avenue|Sixth Avenue|-38.02969,145.10644
First Avenue|Station Street|-38.03043,145.10423
First Avenue|Taurus Avenue|-37.95804,145.21823
First Avenue|Thames Promenade|-38.04656,145.13263
First Avenue|Third Street|-37.97538,145.08956
First Avenue|Victor Avenue|-37.95735,145.21125
First Drive|Princes Highway|-37.94580,145.17082
First Street|Keating Street|-37.97774,145.02526
First Street|Nepean Highway|-37.98281,145.07411
First Street|Potts Street|-37.98390,145.07258
First Street|Queen Street|-37.98470,145.07144
First Street|Rayhur Street|-37.93464,145.13427
First Street|Second Avenue|-37.97633,145.09227
First Street|Tippet Street|-37.93290,145.13472
Firth Close|Frankston-Dandenong Road|-38.10066,145.17183
Firth Close|Sandstone Circuit|-38.10133,145.17288
Fiscus Court|Pepperbush Circuit|-38.08833,145.28274
Fisher Crescent|Heatherton Road|-37.96935,145.20912
Fisher Crescent|Menzies Avenue|-37.96757,145.21057
Fisher Crescent|Reid Court|-37.96806,145.20975
Fisher Mews|Macquarie Circle|-38.01753,145.13842
Fitzgerald Road|Hinrichsen Drive|-38.00869,145.27862
Fitzgerald Road|Homewood Boulevard|-38.00698,145.27911
Fitzgerald Road|Marson Crescent|-38.00615,145.27932
Fitzgerald Road|Mornmoot Court|-38.00781,145.27889
Fitzgerald Road|Princes Highway|-38.00869,145.27862
Fitzgerald Road|Saffron Drive|-38.00474,145.28000
Fitzgerald Road|Sigvard Boulevard|-38.00055,145.28082
Fitzgerald Road|Stella Court|-38.00291,145.28021
Fitzroy Street|Nicholson Street|-37.91448,145.03720
Fitzroy Street|Wheatley Road|-37.91392,145.03301
Fiveways Boulevarde|Lake View Boulevard|-37.99166,145.15062
Fiveways Boulevarde|Springvale Road|-37.98756,145.14531
Flametree Circuit|Honey Myrtle Way|-38.08551,145.28465
Flamingo Court|Lake View Drive|-38.04346,145.28907
Flamingo Court|Swan Court|-38.04371,145.28850
Flanagan Crescent|Lavis Lane|-38.12705,145.23062
Flax Court|Kellett Street|-38.06754,145.27213
Fleet Street|Golden Grove Drive|-38.06727,145.29283
Fleet Street|Longfield Way|-38.06713,145.29168
Fleet Street|Nottingham Street|-38.06683,145.28382
Fleet Street|Parkville Terrace|-38.06687,145.28416
Fleet Street|Sherwood Road|-38.06647,145.28293
Fleming Close|Huxley Crescent|-37.98181,145.27626
Fleming Court|McBride Crescent|-38.10344,145.15086
Fleming Street|Hanna Street|-37.97844,145.19170
Fleming Street|Harrison Drive|-37.97889,145.19121
Fletcher Street|Nowra Street|-37.93614,145.05215
Fletcher Street|South Road|-37.93529,145.05232
Fleur Court|Oakgrove Drive|-38.05133,145.29684
Flicka Boulevard|Henrietta Place|-38.10630,145.24991
Flicka Boulevard|Remus Circuit|-38.10413,145.24923
Flicka Boulevard|Romulus Crescent|-38.10216,145.24889
Flicka Boulevard|Strathlea Drive|-38.10733,145.24970
Flicka Boulevard|Teacher Lane|-38.10535,145.25006
Flicka Boulevard|Tony Way|-38.10448,145.24949
Flicka Boulevard|Wanstead Way|-38.10484,145.24981
Flinders Street|Franklin Street|-37.97681,145.06517
Flinders Street|Phillip Street|-37.97643,145.06204
Flinders Street|Racecourse Drive|-37.95620,145.16278
Flinders Street|Rimmer Street|-37.97621,145.06005
Flinders Street|Spencer Street|-37.97664,145.06379
Flinders Street|Swanston Street|-37.97695,145.06637
Flora Court|Jabiru Drive|-38.04754,145.13361
Flora Court|Sweet Gum Avenue|-38.01227,145.29639
Flora Court|Waverley Park Drive|-38.07139,145.27592
Flora Road|North Road|-37.91304,145.11671
Florence Avenue|Gardiner Road|-37.90657,145.12795
Florence Close|Macarthur Drive|-38.10483,145.26729
Florence Court|Lockington Crescent|-37.97019,145.20327
Florence Street|Hamilton Way|-37.91898,145.22216
Florence Street|Koornang Road|-37.90335,145.05438
Florence Street|Mentone Parade|-37.98282,145.06488
Florence Street|Milan Street|-37.98232,145.06057
Florence Street|Opal Court|-37.92402,145.07033
Florence Street|Park Road|-37.97151,145.16404
Florence Street|Plummer Road|-37.98205,145.05840
Florence Street|Samuel Court|-37.92391,145.06950
Florence Street|Ward Street|-37.91736,145.01566
Florence Street|Wild Cherry Road|-37.90300,145.05062
Florey Crescent|Monash Drive|-37.91823,145.16480
Florey Crescent|Noble Street|-37.91772,145.16119
Florey Crescent|Springvale Road Service Road|-37.91687,145.15924
Floriana Avenue|Kingfisher Drive|-37.97822,145.23945
Florida Avenue|Forest Park Road|-37.98339,145.12886
Florida Avenue|Haydens Road|-37.98709,145.02807
Florida Avenue|Reserve Road|-37.98761,145.03261
Florida Avenue|Sharrock Drive|-37.98312,145.12679
Florida Court|Nepean Highway|-37.94303,145.04144
Florida Way|Hayman Avenue|-38.09700,145.13003
Florida Way|Selsey Street|-38.09623,145.13010
Flowerdale Road|Gary Avenue|-37.94225,145.03428
Flowering Gum Lane|Golfers Drive|-38.08376,145.20265
Flowering Gum Lane|River Gum Place|-38.08291,145.20182
Floyd Circuit|Hinnenberg Circuit|-38.11640,145.25756
Floyd Circuit|Indie Circuit|-38.11625,145.25594
Floyd Circuit|Titch Street|-38.11615,145.25772
Flying Star Walk|James McFarlane Wynd|-38.09223,145.20099
Flynn Court|Terrapin Drive|-38.04674,145.28559
Flynn Street|Gove Street|-37.94292,145.16084
Flynn Street|Virginia Street|-37.94786,145.15909
Flynn Terrace|O'Keefe Terrace|-38.08031,145.20437
Flynn Terrace|Tulloch Drive|-38.08031,145.20437
Foam Street|Parkers Road|-37.99733,145.07607
Foam Street|Thomas Street|-37.93880,145.00642
Foam Street|Willis Street|-37.93702,145.00675
Foley Place|Millis Avenue|-37.92787,145.06460
Folkestone Crescent|Hastings Avenue|-37.98255,145.04779
Folkestone Crescent|Margate Street|-37.98267,145.04884
Folkestone Crescent|Spring Road|-37.96582,145.14155
Folkestone Crescent|Wells Road|-37.98266,145.04994
Follett Drive|OHagans Way|-37.98596,145.19751
Follett Road|Ivy Street|-37.97076,145.07148
Follett Road|Mena Avenue|-37.97077,145.06904
Follett Road|Ward Street|-37.97066,145.06817
Follett Road|Warrigal Road|-37.97094,145.07353
Fonceca Street|Japaddy Street|-37.98919,145.10436
Fonceca Street|Nicholls Court|-37.99119,145.10396
Fontaine Terrace|Heatherton Road|-37.97883,145.28920
Fontaine Terrace|Lombard Court|-37.98297,145.28545
Fontaine Terrace|Maclaine Court|-37.98341,145.28702
Fontaine Terrace|Monroe Court|-37.98112,145.28836
Foran Grove|Natalia Avenue|-37.91633,145.10817
Foran Grove|Valley Street|-37.91782,145.10790
Forbes Avenue|Gilmore Crescent|-38.04884,145.25441
Forbes Avenue|Hutchinson Drive|-38.04888,145.25145
Forbes Avenue|Tranter Square|-38.04882,145.25347
Forbes Drive|Hannagan Street|-38.01656,145.11087
Forbes Drive|Meagan Court|-38.01533,145.11155
Forbes Drive|Milton Court|-38.01597,145.11111
Forbes Drive|Rava Court|-38.01581,145.11117
Forbes Drive|Wells Road|-38.01708,145.11066
Ford Avenue|Gadd Street|-37.90749,145.09711
Ford Avenue|Young Street|-37.90735,145.09536
Ford Court|Jacksons Road|-37.95194,145.19134
Fordham Court|Levin Street|-37.96990,145.15716
Fordham Court|Vista Crescent|-37.92426,145.25256
Fordholm Avenue|Gertrude Street|-37.92574,145.19178
Fordholm Avenue|Trentbridge Road|-37.92695,145.19113
Fordholm Road|General Joshua Drive|-38.03532,145.26447
Fordholm Road|Hallam Road|-38.03566,145.26717
Fordholm Road|Jeffrey Street|-38.03388,145.25256
Fordholm Road|Ora Street|-38.03458,145.25895
Fordholm Road|Parkland Avenue|-38.03446,145.25795
Fordholm Road|Regans Road|-38.03363,145.25134
Fordholm Road|Robb Court|-38.03505,145.26248
Fordholm Road|The Fairway|-38.03434,145.25692
Fordholm Road|View Street|-38.03422,145.25585
Fordholm Road|Wren Street|-38.03471,145.25989
Fordyce Street|Jennifer Street|-37.96365,145.06755
Fordyce Street|Silver Street|-37.96478,145.06733
Forelle Way|Valencia Circuit|-38.09219,145.28493
Forest Drive|Forest Lane|-38.12379,145.14749
Forest Drive|Frankston-Dandenong Road|-38.12194,145.14361
Forest Drive|Hickory Crescent|-38.12406,145.14969
Forest Drive|Lehmann Crescent|-38.12413,145.15026
Forest Drive|Longleaf Street|-38.12389,145.15220
Forest Drive|Messmate Street|-38.12369,145.14667
Forest Drive|Pine Street|-38.12349,145.14529
Forest Drive|Plantation Avenue|-38.12274,145.14447
Forest Drive|Rosemary Crescent|-38.12338,145.15306
Forest Drive|Silvertop Street|-38.12393,145.14862
Forest Drive|Stringybark Crescent|-38.12361,145.14603
Forest Park Road|Jacks Avenue|-37.98485,145.12859
Forest Park Road|Rhoda Street|-37.98565,145.12842
Forest Park Road|Shelford Grove|-37.98266,145.12901
Formby Place|Stonehaven Avenue|-38.12066,145.25249
Forrest Court|James Cook Drive|-37.98628,145.27448
Forrest Hill Grove|Parkview Terrace|-37.95628,145.27196
Forrest Hill Grove|The Outlook|-37.95526,145.27270
Forrest Street|Gowrie Street|-37.91551,145.07787
Forrester Walk|Shorthorn Walk|-38.06124,145.29358
Forrester Walk|William Clarke Wynd|-38.06124,145.29358
Forster Avenue|Jenkens Street|-38.12557,145.15566
Forster Avenue|Lacenet Avenue|-38.12566,145.15845
Forster Street|Lawn Road|-37.95965,145.16324
Forster Street|Lightwood Road|-37.95958,145.16630
Forster Street|Somers Street|-37.95981,145.16454
Forsyth Court|Monash Way|-38.07652,145.28732
Forsyth Court|Ohio Crescent|-38.01665,145.28993
Fortescue Avenue|Levuka Street|-38.11160,145.13028
Fortescue Avenue|Rosslyn Avenue|-38.12477,145.12792
Fortescue Avenue|Seaford Road|-38.11045,145.13007
Forton Crescent|Killearn Avenue|-38.10232,145.24470
Fortuna Crescent|Olympus Crescent|-38.11372,145.23280
Fortuna Crescent|Pandora Drive|-38.11372,145.23280
Fortuna Crescent|Pegasus Road|-38.11706,145.23304
Fortuna Street|Panorama Street|-37.91979,145.12962
Foster Lane|Foster Street|-38.02707,145.10071
Foster Lane|Groves Street|-38.02768,145.10108
Foster Street|Groves Lane|-38.02692,145.10109
Foster Street|Langhorne Street|-37.98933,145.21687
Foster Street|Lonsdale Street|-37.99012,145.21456
Foster Street|Mason Street|-37.98972,145.21143
Foster Street|McCrae Street|-37.98866,145.21800
Foster Street|McKinnon Road|-37.91143,145.04130
Foster Street|Nepean Highway|-38.02675,145.10158
Foster Street|New Street|-37.98800,145.21917
Foster Street|Pultney Street|-37.99006,145.21568
Foster Street|Rudduck Street|-37.98928,145.20908
Foster Street|Stud Road|-37.98562,145.22076
Foster Street|Thomas Street|-37.99009,145.21282
Foster Street East|Ronald Street|-37.98666,145.22139
Fountain Court|Moonrise Close|-38.01514,145.13033
Fountain Drive|Monaro Crescent|-38.01552,145.29982
Fountain Drive|Patio Court|-38.01462,145.29531
Fountain Drive|Ranch Court|-38.01525,145.29620
Fountain Drive|Raven Crescent|-38.01580,145.29702
Fountain Drive|Summerlea Road|-38.01441,145.30348
Fountain Drive|Sweet Gum Avenue|-38.01446,145.29511
Fountain Drive|Westleigh Crescent|-38.01503,145.29592
Fourth Avenue|Ninth Avenue|-38.04353,145.13485
Fourth Avenue|Seventh Avenue|-38.04201,145.13403
Fourth Avenue|Sixth Avenue|-38.03186,145.10770
Fourth Avenue|Station Street|-38.03260,145.10551
Fourth Avenue|Thames Promenade|-38.04547,145.13590
Fourth Street|Gramatan Avenue|-37.98175,145.02911
Fourth Street|Haydens Road|-37.98162,145.02902
Fourth Street|Nepean Highway|-37.98504,145.07663
Fowler Road|Narrawong Close|-37.93901,145.24280
Fowler Road|Progress Street|-38.00704,145.23553
Fowler Road|Shearer Drive|-37.93731,145.24362
Fowler Road|South Gippsland Highway|-38.00441,145.22729
Fowler Road|Wyndham Place|-37.93807,145.24347
Fowler Street|Glenola Road|-38.05547,145.12328
Fowler Street|Golden Avenue|-38.05675,145.12397
Fowler Street|Royal Road|-38.06094,145.12623
Fowler Street|Sherwood Avenue|-38.05266,145.12177
Fowler Street|Troy Street|-38.05959,145.12550
Fowler Street|Woodbine Grove|-38.05363,145.12229
Fowler Street|York Street|-38.06003,145.12574
Fox Close|Kerrison Drive|-38.03252,145.25242
Fox Court|Renfree Street|-37.99748,145.20527
Fox Drive|Goodall Close|-38.05561,145.22308
Fox Drive|Prosperity Way|-38.05446,145.21293
Fox Street|McCrae Street|-37.99427,145.22325
Fox Street|Orgill Street|-37.99339,145.22474
Foxglove Court|Lawless Drive|-38.06977,145.27743
Foxwood Drive|Gatehouse Parade|-38.10159,145.29909
Foxwood Drive|Manor Court|-38.10242,145.29730
Foy Avenue|Nepean Highway|-38.04665,145.11326
Frances Court|Sladen Street|-38.11228,145.27476
Frances Drive|Ibis Circuit|-38.04627,145.22474
Frances Drive|Lord Court|-38.04652,145.22330
Frances Street|Heatherton Road|-37.96086,145.13969
Frances Street|Judith Court|-37.96162,145.13965
Frances Street|Lansell Avenue|-37.95318,145.02323
Frances Street|Nicole Avenue|-37.96169,145.13965
Frances Street|Ruth Court|-37.96239,145.13965
Frances Street|Springfield Road|-37.96298,145.13962
Francesco Drive|Mateo Close|-37.94805,145.21797
Francesco Drive|Outlook Drive|-37.94891,145.21631
Francesco Drive|Somerset Drive|-37.94641,145.21852
Francesco Street|John Street|-37.91891,145.05619
Francis Street|Henry Street|-37.94657,145.00844
Francis Street|Holt Court|-38.00158,145.09187
Francis Street|Hunt Drive|-38.10603,145.13890
Francis Street|Inverness Street|-38.10432,145.13922
Francis Street|Lindsay Street|-37.92545,145.12399
Francis Street|Mary Street|-37.92416,145.12131
Francis Street|McDonald Street|-38.00263,145.09217
Francis Street|Old Wells Road|-38.10254,145.13956
Francis Street|Ormond Street|-38.00160,145.09187
Francis Street|Stanhope Street|-37.99660,145.20506
Francis Street|Union Street|-37.90813,145.01345
Francis Street|Warren Road|-38.00053,145.09130
Franconia Court|Gladeswood Drive|-37.93277,145.19469
Frangipani Close|William Hovell Drive|-37.98170,145.26080
Frank Avenue|Jordan Street|-37.93087,145.11622
Frank Avenue|Kimbarra Street|-37.93172,145.11616
Frank Avenue|Linda Street|-37.92999,145.11628
Frank Avenue|Newport Road|-37.93263,145.11610
Frank Avenue|Sydney Street|-37.92913,145.11635
Frank Street|Joy Parade|-37.96613,145.17325
Frank Street|Noble Street|-37.96857,145.17279
Franklin Avenue|Nepean Highway|-38.04918,145.11446
Franklin Parade|Hutchinson Drive|-38.05338,145.25592
Franklin Parade|Kingsley Court|-38.05728,145.25570
Franklin Parade|Pedley Way|-38.05492,145.25521
Franklin Street|Narooma Street|-37.93841,145.05355
Franklin Street|Nowra Street|-37.93636,145.05392
Franklin Street|Patty Street|-37.97806,145.06493
Franklin Street|Rowans Road|-37.94001,145.05357
Franklyn Street|Greville Street|-37.90673,145.11368
Franklyn Street|Keith Street|-37.91170,145.11276
Franklyn Street|Lanham Street|-37.91090,145.11292
Franklyn Street|North Road|-37.91255,145.11260
Franklyn Street|Princes Highway|-37.90607,145.11385
Franklyn Street|Ross Street|-37.90829,145.11340
Franklyn Street|Surrey Crescent|-37.90848,145.11336
Franks Way|Vincent Court|-38.07968,145.28447
Frankston Gardens Drive|Frankston-Dandenong Road|-38.10737,145.16439
Frankston Gardens Drive|Jack Street|-38.09497,145.16078
Frankston Gardens Drive|Lakewood Boulevard|-38.09596,145.16016
Frankston Gardens Drive|Leah Grove|-38.10069,145.15893
Frankston Gardens Drive|Lieber Grove|-38.10207,145.15987
Frankston Gardens Drive|Sahra Grove|-38.10312,145.16040
Frankston Gardens Drive|Silkwood Rise|-38.09185,145.16233
Frankston-Dandenong Road|Frankston-Dandenong Road Service Road|-38.10731,145.16490
Frankston-Dandenong Road|Fulmar Street|-38.11122,145.15919
Frankston-Dandenong Road|Glasscocks Road|-38.05834,145.20617
Frankston-Dandenong Road|Glen Alvie Street|-38.12083,145.14503
Frankston-Dandenong Road|Grant Avenue|-38.12769,145.13489
Frankston-Dandenong Road|Greens Road|-38.01476,145.21520
Frankston-Dandenong Road|Hall Road|-38.09945,145.17284
Frankston-Dandenong Road|Hannah Street|-38.12610,145.13745
Frankston-Dandenong Road|Harwood Road|-38.05834,145.20617
Frankston-Dandenong Road|Healey Road|-38.02865,145.21245
Frankston-Dandenong Road|Jayco Drive|-38.04823,145.20881
Frankston-Dandenong Road|Johnston Court|-38.00649,145.21714
Frankston-Dandenong Road|Jubilee Avenue|-38.12662,145.13670
Frankston-Dandenong Road|Kirkham Road|-37.99988,145.21834
Frankston-Dandenong Road|Klauer Street|-38.12006,145.14663
Frankston-Dandenong Road|Knox Street|-38.09408,145.17694
Frankston-Dandenong Road|Lathams Road|-38.09940,145.17255
Frankston-Dandenong Road|Lombard Way|-38.11624,145.15183
Frankston-Dandenong Road|Lonsdale Street|-37.99641,145.21829
Frankston-Dandenong Road|Lorna Street|-38.12306,145.14196
Frankston-Dandenong Road|Luscombe Avenue|-38.09336,145.17781
Frankston-Dandenong Road|Madden Street|-38.11741,145.15030
Frankston-Dandenong Road|Mahogany Avenue|-38.11995,145.14714
Frankston-Dandenong Road|Maxwell Street|-38.00129,145.21807
Frankston-Dandenong Road|Mitre Crescent|-38.11319,145.15715
Frankston-Dandenong Road|Monterey Boulevard|-38.11834,145.14916
Frankston-Dandenong Road|Monterey Road|-38.02379,145.21365
Frankston-Dandenong Road|Mountain View Crescent|-38.11196,145.15783
Frankston-Dandenong Road|Neville Avenue|-38.12711,145.13574
Frankston-Dandenong Road|O'Gradys Road|-38.10530,145.16763
Frankston-Dandenong Road|Pine Street|-38.12432,145.14054
Frankston-Dandenong Road|Prosperity Way|-38.05137,145.20844
Frankston-Dandenong Road|Quality Drive|-38.02691,145.21281
Frankston-Dandenong Road|Seaford Road|-38.11247,145.15722
Frankston-Dandenong Road|Skye Road|-38.12854,145.13408
Frankston-Dandenong Road|Stephen Road|-38.01029,145.21582
Frankston-Dandenong Road|Swift Way|-38.03464,145.21128
Frankston-Dandenong Road|Thompson Road|-38.07211,145.19466
Frankston-Dandenong Road|Thompsons Road|-38.07213,145.19489
Frankston-Dandenong Road|Vision Street|-38.04369,145.21001
Frankston-Dandenong Road|Vivienne Street|-38.12209,145.14337
Frankston-Dandenong Road|Walbundry Avenue|-38.12817,145.13464
Frankston-Dandenong Road|Wedge Road|-38.08594,145.18337
Frankston-Dandenong Road|William Road|-38.09605,145.17530
Frankston-Dandenong Road|Yazaki Way|-38.09534,145.17588
Frankston-Dandenong Road|Zenith Road|-38.01850,145.21466
Fraser Avenue|Haig Avenue|-38.03899,145.11490
Fraser Avenue|Hughes Avenue|-38.03708,145.12065
Fraser Avenue|Ivan Avenue|-38.03822,145.11721
Fraser Avenue|Joffre Avenue|-38.03974,145.11266
Fraser Avenue|Randall Avenue|-38.03744,145.11951
Fraser Avenue|Station Street|-38.04057,145.11019
Fraser Court|Maltravers Crescent|-38.07669,145.29045
Fraser Street|Gardeners Road|-37.91737,145.06251
Fraser Street|Judith Street|-37.96709,145.22098
Fraser Street|North Road|-37.90338,145.03606
Fraser Street|Stratford Avenue|-37.91760,145.06437
Fraser Street|Worrell Street|-37.96656,145.22292
Frawley Road|George Avenue|-37.99945,145.25780
Frawley Road|Gina Court|-38.00051,145.26481
Frawley Road|Grassmere Court|-37.99788,145.25525
Frawley Road|Gunns Road|-38.00036,145.26362
Frawley Road|Kays Avenue|-37.99697,145.25430
Frawley Road|Kilberry Crescent|-38.00087,145.26762
Frawley Road|Mapleson Court|-37.99825,145.25548
Frawley Road|Marshall Place|-37.99954,145.25798
Frawley Road|Moore Road|-37.99683,145.25391
Frawley Road|Mulguthrie Court|-38.00150,145.27266
Frawley Road|Paperbark Street|-37.99531,145.24340
Freda Avenue|Leon Street|-37.96022,145.06118
Freda Avenue|Reuben Street|-37.96039,145.06231
Freda Avenue|Wilson Street|-37.96005,145.05984
Frederick Rise|Oakleaf Place|-38.03046,145.29514
Frederick Street|John Street|-37.99888,145.21718
Frederick Street|North Road|-37.90295,145.03262
Frederico Street|June Street|-37.94469,145.02367
Frederico Street|Peterson Street|-37.94511,145.02503
Fredman Court|Kingston Drive|-37.97892,145.11755
Freds Court|Rockleigh Park Road|-37.97619,145.28617
Freemasons Lane|Mason Street|-37.98866,145.21132
Freemasons Lane|Moysey Lane|-37.98869,145.21067
Fregon Road|Hourigan Avenue|-37.91757,145.12367
Fregon Road|Murray Street|-37.91844,145.12349
Freight Court|Perry Road|-38.03367,145.18520
Freighter Road|Keys Road|-37.94958,145.07520
Freighter Road|Simpson Street|-37.94786,145.07554
French Avenue|Northcliffe Road|-38.04154,145.11503
French Street|Leman Crescent|-37.96735,145.18088
Freshwater Boulevard|Island Circuit|-38.07286,145.24322
Freshwater Boulevard|Melington Drive|-38.07064,145.24278
Freshwater Boulevard|Mermaid Grove|-38.07102,145.24268
Freshwater Boulevard|Waterhaven Way|-38.07139,145.24246
Friars Road|Keys Road|-37.94807,145.06267
Friars Road|Levanswell Road|-37.94449,145.06338
Friendship Close|Scarborough Avenue|-38.10809,145.25983
Friuli Place|Venezia Way|-38.10915,145.20090
Frognal Drive|Heath Court|-37.95077,145.19373
Frognal Drive|Hope Court|-37.95071,145.19485
Frognal Drive|Templewood Avenue|-37.95150,145.19322
Fromer Street|Jasper Road|-37.92817,145.03995
Fromer Street|Porter Road|-37.92870,145.04449
Fromer Street|Tucker Road|-37.92921,145.04925
Frost Street|Tucker Boulevard|-38.09647,145.17981
Fuge Street|Telford Street|-37.94601,145.02749
Fuge Street|Tweed Street|-37.94636,145.02967
Fugosia Street|Oak Avenue|-37.99699,145.23876
Fugosia Street|Power Road|-37.99688,145.23770
Fugosia Street|Prunus Grove|-37.99654,145.24039
Fulham Close|Oaktree Drive|-38.02255,145.25237
Fulham Road|Lakeview Avenue|-37.91759,145.23488
Fulham Road|Stud Road|-37.91755,145.23518
Fuller Street|North Road|-37.90065,145.01379
Fulmar Street|Turnstone Court|-38.11180,145.16039
Fulview Place|Melview Drive|-37.96308,145.13767
Fulwood Place|Hansworth Street|-37.93102,145.18260
Funnel Court|Rainwater Drive|-38.06701,145.25034
Furlong Court|Gleneagles Drive|-37.96776,145.27343
Furlong Street|Gwen Road|-38.08280,145.24705
Furnew Street|Lenore Street|-37.94027,145.15547
Furnew Street|Orsino Street|-37.94226,145.15641
Furnew Street|Reserve Street|-37.94132,145.15595
Furnew Street|Wood Street|-37.94320,145.15823
Furze Court|Genista Road|-38.09636,145.26288
Furze Place|Rosebank Avenue|-37.94047,145.13976
Futures Road|Maughan Way|-38.08986,145.25142
Futures Road|Morialta Road|-38.09294,145.25078
Gabo Court|Mildura Crescent|-37.97377,145.25515
Gabrielle Court|Justin Circuit|-38.02769,145.27102
Gadd Street|North Road|-37.91076,145.09666
Gadd Street|Wilson Street|-37.90840,145.09709
Gaine Road|Galli Court|-38.03119,145.24028
Gaine Road|Monash Drive|-38.03528,145.24120
Gaine Road|Quantum Close|-38.03002,145.24048
Gainsborough Avenue|Lautrec Avenue|-37.90814,145.18208
Gainsborough Avenue|Reynolds Avenue|-37.90895,145.18471
Gainsborough Road|Sharan Avenue|-37.98294,145.08863
Gairs Court|Knight Street|-37.93098,145.11438
Gala Supreme Close|Hall Mark Road|-38.00426,145.09872
Gale Court|Helmsley Avenue|-37.91454,145.28511
Gale Street|Laura Street|-38.01818,145.09773
Galilee Drive|Malua Circuit|-38.08451,145.19367
Galilee Drive|Merriwee Chase|-38.08149,145.19604
Galilee Drive|Sandarra Boulevard|-38.08173,145.19700
Galileo Way|Princeton Place|-38.09637,145.25377
Gallery Place|Jells Road|-37.90835,145.18878
Gallop Close|Scotsdale Drive|-38.10143,145.29583
Galloway Drive|Narre Warren - Cranbourne Road|-38.06233,145.29969
Galloway Street|Mirboo Street|-37.95284,145.19761
Galos Place|Nimbin Court|-37.93740,145.18449
Galos Place|Police Road|-37.93663,145.18464
Galtum Avenue|Patterson Road|-37.92494,145.02925
Galtum Avenue|Tovan Akas Avenue|-37.92317,145.02950
Galtum Avenue|Vunabere Avenue|-37.92407,145.02939
Galway Court|Xavier Drive|-37.91954,145.18500
Galway Place|Shandon Close|-38.12289,145.26178
Galway Street|Seaford Road|-38.11060,145.14308
Gamble Road|Greenslopes Drive|-38.11255,145.18837
Gamble Road|Loretta Street|-38.11271,145.18971
Gamble Road|McCormicks Road|-38.11332,145.19477
Gamble Road|McGowan Drive|-38.11396,145.19999
Gamble Road|Paras Drive|-38.11293,145.19154
Gamble Road|Selwyn Court|-38.11415,145.20153
Gamble Road|Stefans Court|-38.11360,145.19662
Gamble Road|Tyntynder Drive|-38.11236,145.18681
Gamble Road|Veronica Drive|-38.11360,145.19662
Gamble Road|Windsor Grange Court|-38.11383,145.19885
Gandin Court|Strong Drive|-38.03513,145.27369
Garde Avenue|Stephens Avenue|-37.93534,145.15657
Garde Avenue|Webb Avenue|-37.93545,145.15760
Garden Boulevard|Holly Drive|-37.97963,145.11369
Garden Boulevard|Lake Drive|-37.98041,145.11337
Garden Boulevard|Larch Lane|-37.97641,145.11342
Garden Boulevard|Plane Tree Avenue|-37.97579,145.11284
Garden Boulevard|Redwood Drive|-37.98414,145.11362
Garden Boulevard|Silver Birch Avenue|-37.97796,145.11362
Garden Court|Hertford Crescent|-37.90324,145.18452
Garden Grove|Sanoma Drive|-38.12180,145.19606
Garden Place|Old School Road|-37.90629,145.14484
Garden Road|Princes Highway|-37.92578,145.14547
Garden Road|Wellington Road|-37.91724,145.14710
Garden Street|Thomas Street|-37.93923,145.00972
Garden Street|Willis Street|-37.93738,145.01010
Gardeners Road|Langslow Street|-37.91826,145.06233
Gardeners Road|Larman Street|-37.92003,145.06197
Gardeners Road|Longview Avenue|-37.91914,145.06215
Gardeners Road|Quinns Road|-37.91917,145.06215
Gardeners Road|Stockdale Avenue|-37.91649,145.06267
Gardenia Crescent|Silver Avenue|-38.11636,145.16202
Gardenia Crescent|Tamarisk Drive|-38.11653,145.16378
Gardenia Road|North Road|-37.90002,145.00852
Gardens Vista Place|Paterson Drive|-38.06504,145.25723
Gardiner Avenue|Heatherton Road|-37.96816,145.19925
Gardiner Avenue|Koonalda Grove|-37.96733,145.19940
Gardiner Avenue|Mollison Street|-37.96529,145.20009
Gardiner Avenue|Warbla Street|-37.96614,145.19979
Gardiner Road|Hilltop Avenue|-37.90565,145.12813
Gardiner Road|Normanby Road|-37.90509,145.12823
Garem Gam Wynd|Horseman Court|-38.05944,145.29632
Garem Gam Wynd|Nana Walk|-38.05873,145.29646
Garem Gam Wynd|Oldhome Court|-38.05988,145.29629
Gareth Avenue|Glenwood Avenue|-37.98572,145.03185
Gareth Avenue|Gramatan Avenue|-37.98210,145.03217
Gareth Avenue|Grandview Avenue|-37.97958,145.03068
Gareth Avenue|Lynette Avenue|-37.98392,145.03219
Gareth Avenue|Pasadena Avenue|-37.98483,145.03202
Gareth Avenue|Sunset Avenue|-37.98120,145.03194
Gareth Avenue|Wattle Avenue|-37.98303,145.03234
Garfield Avenue|Koornang Road|-37.90476,145.05411
Garfield Avenue|Wild Cherry Road|-37.90428,145.05021
Garfield Court|Willow Drive|-38.02210,145.26594
Garfield Street|Sinclair Street|-37.96228,145.05378
Garland Rise|Woodside Drive|-37.92391,145.25928
Garner Court|Raymond McMahon Boulevard|-37.97924,145.26278
Garnet Close|Lombardi Close|-38.11848,145.19446
Garnet Court|Robjant Street|-38.02784,145.24726
Garnett Road|Harlingford Court|-37.91112,145.19584
Garnett Road|Marykirk Drive|-37.91048,145.19540
Garnett Road|Tanya Place|-37.91831,145.19981
Garnett Road|Wellington Road|-37.92368,145.19898
Garnett Road|Whalley Drive|-37.92158,145.19932
Garnett Street|Greville Street|-37.90663,145.11282
Garnett Street|Huntingdale Road|-37.90190,145.10527
Garnett Street|Shafton Street|-37.90362,145.10812
Garnett Street|Vernon Street|-37.90476,145.10996
Garnett Street|Worcester Street|-37.90297,145.10707
Garnsworthy Street|Gove Street|-37.94187,145.16305
Garnsworthy Street|Hodgkinson Court|-37.94389,145.16532
Garnsworthy Street|Mein Street|-37.94089,145.16194
Garnsworthy Street|Russell Street|-37.94120,145.16231
Garnsworthy Street|Watkins Court|-37.94311,145.16444
Garry Lane|Rodwell Street|-37.99167,145.20185
Garry Lane|Seely Street|-37.99172,145.20345
Garry Lane|Steven Street|-37.99169,145.20103
Garside Street|Ross Street|-37.97951,145.22669
Garton Court|Notre Dame Parade|-37.92482,145.18558
Garvey Street|Mackie Road|-37.92036,145.07379
Garvey Street|Richard Street|-37.92049,145.07486
Gaskett Court|Mack Road|-38.04546,145.30090
Gatcum Court|Lodge Street|-37.96277,145.18418
Gate Seven Drive|Jacksons Road|-37.92942,145.19414
Gateway Boulevard|Gladstone Road|-37.97369,145.20412
Gateway Boulevard|Perkin Court|-37.97369,145.20412
Gateway Drive|Interchange Way|-38.09061,145.16814
Gath Court|Karoo Road|-37.91092,145.25275
Gavan Drive|Hanleth Avenue|-37.96020,145.14119
Gavan Drive|Heatherton Road|-37.96103,145.14104
Gavin Street|Rowans Road|-37.94453,145.05184
Gavin Street|Walsh Avenue|-37.94425,145.04970
Gavin Street|Wimmera Street|-37.94437,145.05074
Gaybre Court|Lorna Street|-37.96142,145.07078
Gayle Court|Hayden Road|-37.95811,145.13363
Gayle Court|Ireland Road|-37.95702,145.13384
Gaynor Street|Noble Street|-37.96773,145.16604
Gaynor Street|Percy Street|-37.96847,145.16586
Gearon Avenue|Lucy Hill Rise|-37.93106,145.25281
Gearon Avenue|Tara Close|-37.93361,145.25229
Gearon Avenue|Wellington Road|-37.92752,145.25329
Geddes Street|McDonalds Lane|-37.90707,145.15613
Geddes Street|Pickering Road|-37.90611,145.15464
Geebung Road|Gilja Court|-38.09476,145.26317
Geebung Road|Ovata Place|-38.09331,145.26347
Geel Street|London Street|-37.92440,145.04485
Geel Street|Marston Street|-37.92526,145.04469
Geel Street|Patterson Road|-37.92671,145.04441
Geer Court|Greendale Road|-37.92776,145.06964
Gemini Court|Orloff Street|-37.98474,145.18569
Gemma Street|Janice Terrace|-38.12650,145.29707
Gemma Street|Josie Lane|-38.12637,145.29531
Gemma Street|Wayne Terrace|-38.12639,145.29621
General Joshua Drive|King David Court|-38.03619,145.26404
General Joshua Drive|Princess Maria Place|-38.03700,145.26309
General Joshua Drive|Thanos Court|-38.03635,145.26387
Genoa Street|Marrbridge Road|-37.94300,145.05885
Genoa Street|Matilda Road|-37.94285,145.05764
Genoa Street|Murray Road|-37.94452,145.21565
Genoa Street|Rica Street|-37.94255,145.05568
Genoa Way|Mingay Place|-38.09124,145.25796
Gentle Street|Harlington Street|-37.92209,145.11142
Gentle Street|Prince Charles Street|-37.92252,145.11483
Geoffrey Court|Marriott Drive|-38.00556,145.14518
Geoffrey Court|Roberts Road|-38.09576,145.27113
George Bass Avenue|Reynolds Court|-37.98945,145.26730
George Bass Avenue|Wilshire Court|-37.98992,145.27098
George Bass Court|Overall Drive|-38.09145,145.20192
George Chudleigh Drive|Marnie Place|-38.00097,145.28441
George Chudleigh Drive|Nettle Drive|-37.99987,145.28254
George Frederick Road|Red Poll Road|-38.11169,145.24363
George Knox Drive|Ideal Court|-37.93420,145.21962
George Knox Drive|Seebeck Road|-37.93573,145.22090
George Knox Drive|Van Haaster Court|-37.93555,145.21986
George Street|Haynes Street|-37.94856,145.03138
George Street|James Street|-37.96366,145.16986
George Street|Jeffrey Street|-38.03532,145.25264
George Street|John Street|-38.00247,145.08259
George Street|Lancaster Street|-37.90906,145.05538
George Street|Lightwood Road|-37.96345,145.17148
George Street|Main Street|-38.00213,145.08368
George Street|Margaret Court|-38.03525,145.25153
George Street|Mason Street|-37.98830,145.21128
George Street|Miller Street|-37.94841,145.03019
George Street|Moysey Lane|-37.98834,145.21072
George Street|Murrong Avenue|-37.90943,145.05997
George Street|Poath Road|-37.90539,145.07474
George Street|Reid Street|-37.90515,145.07282
George Street|Rochford Street|-37.90935,145.05767
George Street|Rose Street|-37.94885,145.03372
George Street|Rudduck Street|-37.98838,145.20925
George Street|Sapphire Drive|-38.03514,145.25053
George Street|Talinga Road|-37.96053,145.02862
George Street|Tulip Street|-37.96318,145.02808
George Street|Walker Street|-37.98830,145.21128
George Street|Wangara Road|-37.95769,145.02920
Georgette Crescent|Leila Court|-37.97552,145.26829
Georgette Crescent|Naila Close|-37.97525,145.26998
Georgette Crescent|Sam Close|-37.97239,145.26842
Georgette Crescent|Theresa Gardens|-37.97227,145.27007
Georgette Crescent|Venice Gardens|-37.97219,145.26903
Georgia Mae Court|Heany Park Road|-37.93664,145.25063
Georgia Place|Keylana Drive|-38.00382,145.14811
Georgiana Street|Moor Street|-37.94613,145.00475
Georgina Street|Mary Avenue|-37.90360,145.19703
Gerald Court|Jabiru Drive|-38.04691,145.13328
Geraldine Close|Tanya Place|-37.91823,145.19854
Geraldine Drive|Jessica Drive|-38.04601,145.28162
Geraldine Drive|Jodi Place|-38.04603,145.28093
Geraldine Drive|Lesley Drive|-38.04430,145.28200
Geraldine Drive|Pauline Court|-38.04586,145.27941
Gerang Close|Tamboon Drive|-37.91446,145.24732
Gerard Street|Gladstone Road|-37.97212,145.20442
Gerard Street|James Street|-37.97325,145.21049
Gerard Street|Rogers Street|-37.97322,145.20951
Gerlach Street|Kitson Road|-37.93963,145.11440
Gerlach Street|Warraweena Road|-37.94030,145.11418
Germain Street|Huntingdale Road|-37.91271,145.10331
Gertrude Court|Goodman Drive|-37.98138,145.18751
Gertrude Street|Manchester Place|-37.92612,145.19275
Gertrude Street|Trentbridge Road|-37.92785,145.19345
Gertrude Street|Waverley Park Drive|-37.92553,145.19020
Ghiran Close|Trawalla Street|-38.01822,145.11194
Gianluca Avenue|Westbrook Drive|-38.00158,145.15670
Gibb Street|Jindabyne Avenue|-37.95892,145.21909
Gibb Street|Wondalga Avenue|-37.95881,145.21816
Gibbs Street|Haldane Street|-37.98695,145.03874
Gibbs Street|John Street|-37.98681,145.03764
Gibbs Street|Oak Street|-37.98722,145.04090
Gibbs Street|Scott Street|-37.98709,145.03982
Gibson Street|Gunns Road|-37.99677,145.26809
Gibson Street|Kylie Court|-37.99845,145.27121
Gibson Street|Mountview Avenue|-37.99833,145.27006
Gibson Street|Tate Court|-37.99796,145.26926
Gibson Street|Thomas Court|-37.99822,145.26984
Gilarth Street|Highett Road|-37.94723,145.02919
Gilarth Street|Marchant Street|-37.95099,145.02854
Gilbert Court|Robert Street|-37.98694,145.08575
Gilbert Grove|Oakleigh Road|-37.90017,145.06130
Gilbert Park Drive|Rushdale Street|-37.90052,145.25364
Gilchrist Way|Monique Court|-38.02611,145.12725
Gilchrist Way|Wells Road|-38.02552,145.12809
Gilchrist Way|Wildoer Drive|-38.02602,145.12741
Gilchrist Way|Yvette Court|-38.02663,145.12652
Giles Retreat|Kinkead Crescent|-37.98030,145.26689
Gilford Grove|Tulip Grove|-37.96262,145.04859
Gill Street|McLaren Avenue|-38.10731,145.27979
Gill Street|Mundaring Drive|-38.10744,145.28083
Gillard Street|Hawthorn Road|-37.91288,145.01714
Gillard Street|Hornby Street|-37.91311,145.01923
Gillard Street|Perry Court|-37.91342,145.02158
Gillard Street|Thomas Street|-37.91394,145.02368
Gillard Street|Victory Court|-37.91380,145.02264
Gillian Street|Gwent Street|-37.98070,145.15470
Gillies Court|Warren Park Place|-38.04039,145.29682
Gillies Street|Linacre Road|-37.94263,145.00694
Gilligans Court|Linnel Court|-37.92613,145.23064
Gilmore Crescent|Hutchinson Drive|-38.04711,145.25043
Gilmore Crescent|Slessor Avenue|-38.04932,145.25454
Gilmore Crescent|Tranter Square|-38.04743,145.25316
Gilmour Road|McKittrick Road|-37.92937,145.04222
Gilmour Road|South Road|-37.93377,145.04138
Gipps Avenue|Percy Street|-38.00791,145.09563
Gipps Court|Liverpool Street|-37.92733,145.18478
Gipps Crescent|Hindmarsh Court|-38.07383,145.26385
Gipps Crescent|Stirling Avenue|-38.07204,145.26577
Gipps Crescent|Wentworth Street|-38.07365,145.26866
Girvan Circuit|Glencaple Court|-37.95994,145.26535
Girvan Circuit|Kinloch Gardens|-37.96048,145.26473
Girvan Circuit|Laggan Court|-37.96129,145.26448
Girvan Circuit|Shetland Street|-37.96314,145.26443
Girvan Circuit|Spean Court|-37.96089,145.26458
Girvan Circuit|Tarbet Court|-37.96019,145.26487
Girvan Circuit|Tayport Gardens|-37.96220,145.26432
Giulia Place|Postregna Way|-38.10494,145.20366
Glade Court|Majestic Boulevard|-38.08749,145.29161
Gladesville Boulevard|Grevillea Court|-38.07913,145.14167
Gladesville Boulevard|Gull Court|-38.07873,145.14309
Gladesville Boulevard|Ibis Court|-38.07627,145.14483
Gladesville Boulevard|Iluka Island|-38.06332,145.14411
Gladesville Boulevard|Lagoon Place|-38.07946,145.13891
Gladesville Boulevard|Mariners Island|-38.06605,145.14463
Gladesville Boulevard|Nanda Court|-38.06580,145.14455
Gladesville Boulevard|Ocean Reef Drive|-38.07868,145.14327
Gladesville Boulevard|Palm Beach Drive|-38.07946,145.13891
Gladesville Boulevard|Plover Court|-38.07897,145.14008
Gladesville Boulevard|Wells Road|-38.05986,145.14701
Gladesville Court|Gladstone Road|-37.95768,145.20713
Gladeswood Drive|Halcot Close|-37.93290,145.19569
Gladeswood Drive|Haverbrack Drive|-37.93217,145.20428
Gladeswood Drive|Iverna Close|-37.93279,145.20112
Gladeswood Drive|Jacksons Road|-37.93262,145.19351
Gladeswood Drive|Jacksons Road Service Road|-37.93264,145.19367
Gladeswood Drive|Maygrove Way|-37.93299,145.19641
Gladeswood Drive|Selbourne Way|-37.93303,145.19674
Gladstone Avenue|Nepean Highway|-38.02315,145.09931
Gladstone Road|Halton Road|-37.95663,145.20733
Gladstone Road|Heatherton Road|-37.96887,145.20503
Gladstone Road|Janice Grove|-37.97114,145.20460
Gladstone Road|Kandra Street|-37.96158,145.20640
Gladstone Road|Keenan Court|-37.95928,145.20683
Gladstone Road|Laemmle Street|-37.96279,145.20618
Gladstone Road|Lipton Drive|-37.94536,145.20947
Gladstone Road|Lockington Crescent|-37.97035,145.20476
Gladstone Road|McFees Road|-37.96298,145.20614
Gladstone Road|McNab Court|-37.97035,145.20476
Gladstone Road|Melody Hill Court|-37.94259,145.21002
Gladstone Road|Menzies Avenue|-37.96441,145.20587
Gladstone Road|Mulgoa Avenue|-37.96665,145.20546
Gladstone Road|Murray Road|-37.94382,145.20978
Gladstone Road|Nordic Road|-37.95300,145.20801
Gladstone Road|O'Malley Crescent|-37.96548,145.20568
Gladstone Road|Oakwood Avenue|-37.96568,145.20564
Gladstone Road|Outlook Drive|-37.94020,145.21048
Gladstone Road|Park Road|-37.95075,145.20844
Gladstone Road|Perkin Court|-37.97369,145.20412
Gladstone Road|Police Road|-37.93920,145.21055
Gladstone Road|Princes Highway|-37.97520,145.20371
Gladstone Road|Rhoden Court|-37.95435,145.20775
Gladstone Road|Second Avenue|-37.95602,145.20744
Gladstone Road|Sylvia Street|-37.96151,145.20642
Gladstone Road|Third Avenue|-37.95518,145.20760
Gladstone Road|Waratah Drive|-37.96057,145.20659
Gladstone Street|Heath Street|-37.95397,145.01271
Gladstone Street|Keats Street|-37.95509,145.01247
Gladstone Street|Sims Street|-37.95376,145.01275
Gladstone Street|Tennyson Street|-37.95467,145.01256
Gladstone Street|Victoria Street|-37.95625,145.01221
Gladwyn Avenue|Lancaster Street|-37.90991,145.05523
Gladwyn Avenue|McKinnon Road|-37.91353,145.05759
Gladwyn Avenue|Shrewsbury Street|-37.91271,145.05749
Glamis Avenue|Thomas Street|-37.94007,145.01626
Glamis Street|Vardon Avenue|-37.97399,145.04146
Glasgow Court|Struan Avenue|-37.96447,145.26953
Glasscocks Road|Harwood Road|-38.05834,145.20617
Glasscocks Road|Longfield Way|-38.06881,145.29125
Glasscocks Road|Lyndhurst Boulevard|-38.06538,145.24980
Glasscocks Road|Melington Drive|-38.06432,145.24801
Glasscocks Road|Narre Warren - Cranbourne Road|-38.07173,145.29772
Glasscocks Road|Narre Warren Road|-38.07187,145.29770
Glasscocks Road|Norwegian Way|-38.06933,145.29193
Glasscocks Road|Shadetree Road|-38.06743,145.28007
Glasscocks Road|Sherwood Road|-38.06774,145.28265
Glasscocks Road|South Gippsland Highway|-38.06581,145.26622
Glasscocks Road|Sunline Way|-38.06314,145.24401
Glasscocks Road|Taylors Road|-38.06059,145.22390
Glasscocks Road|Trevino Way|-38.06900,145.29133
Glasscocks Road|Verdana Place|-38.07065,145.29348
Glassford Avenue|Kinarra Court|-37.97791,145.14984
Glassford Avenue|Larksong Court|-37.97773,145.15265
Glassford Avenue|Leons Road|-37.97758,145.15129
Glassford Avenue|Paterson Road|-37.97943,145.15433
Glassford Avenue|Raewyn Close|-37.97867,145.15448
Glassford Avenue|Slym Court|-37.97776,145.15032
Glassford Avenue|Waddington Crescent|-37.97782,145.14829
Glasson Way|Statham View|-38.11108,145.23930
Glasson Way|Trueman Street|-38.11019,145.23948
Glebe Place|Haversham Avenue|-37.91128,145.19830
Gleeson Avenue|Grange Drive|-37.91720,145.29081
Gleeson Avenue|Logan Court|-37.91720,145.29081
Glen Alvie Street|Hadley Street|-38.11983,145.14393
Glen Court|Winnima Avenue|-38.02929,145.25600
Glen Orme Avenue|Hawthorn Grove|-37.90823,145.03799
Glen Orme Avenue|McKinnon Road|-37.91096,145.03748
Glen Orme Avenue|Murray Road|-37.90761,145.03785
Glen Orme Avenue|North Road|-37.90380,145.03842
Glen Road|Wellington Road|-37.92800,145.29285
Glen Street|Kubis Avenue|-38.02195,145.10560
Glen Street|Larnook Crescent|-38.02111,145.10793
Glen Street|Laura Street|-38.02330,145.10149
Glen Street|Nirringa Avenue|-38.02202,145.10530
Glen Vista Drive|Rustic Rise|-37.99053,145.28352
Glen Vista Drive|The Dell|-37.99086,145.28529
Glen Vista Drive|West Vista Place|-37.99037,145.28255
Glenalvie Avenue|Keysborough Avenue|-37.98946,145.14723
Glenara Court|Lauriston Drive|-37.98571,145.27326
Glenbourne Road|Hazlitt Court|-38.09232,145.27164
Glenbourne Road|Martin Place|-38.09369,145.27155
Glenbourne Road|Roberts Road|-38.09415,145.27145
Glenbourne Road|Rouse Street|-38.09143,145.27176
Glenbrook Avenue|Golden Avenue|-38.05579,145.12683
Glenbrook Avenue|Scotch Parade|-38.05462,145.12893
Glenbrook Crescent|Penton Way|-38.06027,145.25551
Glenburn Drive|Henlow Rise|-38.01161,145.28001
Glenburn Drive|Hinrichsen Drive|-38.00988,145.27781
Glenburn Drive|Kanumbra Court|-38.01342,145.27880
Glencairn Avenue|Hinrichsen Drive|-38.01667,145.27888
Glencairn Avenue|Keppel Drive|-38.01604,145.27581
Glencairn Avenue|Lawson Street|-37.92569,145.01965
Glencairn Avenue|South Road|-37.93097,145.01881
Glencairn Street|Redfern Crescent|-37.92637,145.16610
Glencairn Street|Studley Street|-37.93270,145.16486
Glencannon Crescent|Kallay Street|-37.93702,145.11341
Glencroft Terrace|Hillgrove Close|-37.91930,145.18820
Glencroft Terrace|Rata Street|-37.92035,145.18773
Glencroft Terrace|Woodington Drive|-37.91856,145.18834
Glenda Close|Hunt Crescent|-37.94573,145.10451
Glendale Road|Oakdale Court|-37.93867,145.15111
Gleneadie Close|Strong Drive|-38.03413,145.27687
Gleneagles Close|Rundle Drive|-38.08771,145.19348
Gleneagles Court|Waradgery Drive|-37.91866,145.22488
Gleneagles Drive|Hallam North Road|-37.96948,145.28052
Gleneagles Drive|Inverness Street|-37.96729,145.26646
Gleneagles Drive|Pinto Close|-37.96808,145.27805
Gleneagles Drive|Rodeo Court|-37.96777,145.27535
Gleneagles Drive|Roycroft Court|-37.96778,145.27237
Gleneagles Drive|Showjump Crescent|-37.96777,145.27285
Gleneagles Drive|Skipton Place|-37.96781,145.27693
Gleneagles Drive|Stable Court|-37.96778,145.27569
Gleneagles Drive|Steeple Place|-37.96781,145.27666
Gleneagles Drive|Sulky Court|-37.96910,145.27957
Glenelg Court|Superior Avenue|-37.91561,145.23996
Glenelg Court|Village Drive|-37.98128,145.11905
Glenelg Drive|Lower Dandenong Road|-37.98304,145.07990
Glenelg Drive|Ovens Court|-37.93804,145.11001
Glenelg Drive|Snowy Court|-37.93810,145.10878
Glenelg Drive|Springs Road|-37.93799,145.10785
Glenelg Drive|Tarago Crescent|-37.94143,145.10955
Glenelg Drive|Todd Court|-37.97668,145.07722
Glenelg Drive|Voltri Street|-37.97520,145.07734
Glenelg Drive|Yarra Court|-37.98177,145.07971
Glenelg Street|Kiewa Court|-37.94107,145.21139
Glenelg Street|Outlook Drive|-37.94032,145.21154
Glenelg Street|Waranga Street|-37.94200,145.21237
Glenfern Road|Lysterfield Road|-37.90049,145.29456
Glenfern Road|Napoleon Road|-37.90049,145.29456
Glenfern Street|Linstead Lane|-38.00480,145.17817
Glengariff Drive|Grosvenor Avenue|-37.92576,145.17193
Glengariff Drive|Lea Road|-37.92490,145.16869
Glengariff Drive|Manor Court|-37.92522,145.16970
Glengariff Drive|Melba Court|-37.92534,145.16991
Gleniffer Avenue|South Road|-37.93243,145.03051
Gleniffer Avenue|Tatong Road|-37.93006,145.03089
Glenleigh Court|Maltravers Crescent|-38.07672,145.28949
Glenmer Street|Luckins Road|-37.93195,145.04768
Glenmer Street|South Road|-37.93446,145.04724
Glenmorgan Close|Scott Avenue|-37.94938,145.13551
Glenmorgan Close|Westall Road|-37.94977,145.13834
Glenn Court|Sheridan Avenue|-37.93339,145.25539
Glennie Avenue|Luntar Road|-37.92910,145.08268
Glennie Avenue|Vernal Road|-37.92930,145.08476
Glennie Avenue|Warrigal Road|-37.92904,145.08145
Glenola Road|Scotch Parade|-38.05398,145.12792
Glenola Road|Station Street|-38.05709,145.11846
Glenora Way|Oaktree Drive|-38.02253,145.25677
Glenshee Drive|Keystone Court|-38.04896,145.25764
Glenshee Drive|Meribel Way|-38.04829,145.25926
Glenshee Drive|Silver Creek Drive|-38.04744,145.25657
Glenshee Drive|Sugar Bush Drive|-38.04792,145.26014
Glenshee Drive|Sun Valley Boulevard|-38.04863,145.25848
Glenthorne Drive|Hedgeley Road|-37.99351,145.17785
Glenvale Crescent|Springvale Road|-37.92331,145.15812
Glenview Place|Rathgar Road|-37.90902,145.28433
Glenway Drive|Howard Road|-37.98217,145.12132
Glenway Drive|Plaza Crescent|-37.98243,145.12337
Glenwood Avenue|Haydens Road|-37.98533,145.02840
Glenwood Avenue|Reserve Road|-37.98585,145.03294
Glenwood Drive|Springvale Road|-37.96455,145.15001
Glenwood Road|Janine Road|-37.99258,145.29523
Glenwood Road|Oatlands Road|-37.99258,145.29523
Glenys Court|Raymond Street|-37.99769,145.21025
Gloria Avenue|Jeffrey Street|-37.96840,145.21592
Gloria Avenue|Philip Street|-37.96829,145.21507
Glover Street|Victor Road|-37.92772,145.07874
Glover Street|Warrigal Road|-37.92804,145.08165
Glyn Court|Newry Street|-37.95694,145.06145
Glynda Street|Raymond Street|-37.99627,145.21060
Glynda Street|William Avenue|-37.99653,145.21278
Glynelea Crescent|Greycliffe Avenue|-38.09447,145.20259
Glynelea Crescent|John Wedge Wynd|-38.09400,145.20087
Glynelea Crescent|Pumpkin Road|-38.09452,145.20282
Glynelea Crescent|Rocklea Crescent|-38.09424,145.20172
Glynelea Crescent|Seaberry Promenade|-38.09468,145.20395
Gnotuk Avenue|Nepean Highway|-38.02930,145.10306
Godfrey Avenue|Nebula Lane|-38.10938,145.29785
Godfrey Avenue|Scotsdale Drive|-38.10896,145.29731
Godfrey Avenue|Spencer Circuit|-38.11037,145.29951
Godfrey Crescent|Hopkins Street|-37.97489,145.21524
Godfrey Crescent|Woodlee Street|-37.97394,145.21340
Godfrey Street|Hayes Street|-37.91677,145.04026
Godfrey Street|Horsley Street|-37.91776,145.04015
Godwin Crescent|Maltravers Crescent|-38.07770,145.28824
Godwin Crescent|Mariner Close|-38.07706,145.28585
Godwin Crescent|Monash Way|-38.07721,145.28719
Godwin Crescent|Norford Court|-38.07731,145.28765
Godwin Crescent|Peveril Crescent|-38.07716,145.28672
Godwin Crescent|Rosebank Drive|-38.07689,145.28444
Gold Street|Silver Street|-37.96421,145.06270
Golden Ash Close|Melington Drive|-38.06508,145.24741
Golden Avenue|Station Street|-38.05846,145.11892
Golden Court|Marlock Street|-38.12218,145.16425
Golden Elm Way|Saltbush Avenue|-38.06498,145.24487
Golden Grove|Rowan Road|-37.97918,145.14521
Golden Grove Drive|Magnolia Drive|-38.06735,145.29354
Golden Grove Drive|Penrose Drive|-38.06975,145.29551
Golden Grove Drive|Tenterfield Drive|-38.06904,145.29561
Golden Wattle Court|Honey Myrtle Way|-38.08595,145.28437
Goldfield Court|Homestead Drive|-37.90111,145.19186
Goldfinch Court|Shearwater Drive|-38.10677,145.17150
Goldfinch Place|Quail Way|-37.92840,145.25550
Goldhurst Street|Homeleigh Road|-38.00984,145.16475
Goldhurst Street|Milliners Avenue|-38.00871,145.16496
Golding Avenue|Heany Park Road|-37.93685,145.25248
Golding Avenue|Maddy Court|-37.93933,145.24926
Golding Avenue|Pia Drive|-37.93685,145.25248
Golding Avenue|Sandford Close|-37.93835,145.25229
Golding Avenue|Suerulla Court|-37.93953,145.25101
Golding Court|Loch Road|-37.95662,145.21945
Goldlang Street|King George Parade|-37.97631,145.19806
Goldsmith Close|Oxley Way|-37.98515,145.25869
Golf Drive|Waverley Close|-37.93474,145.23656
Golf Links Avenue|Golf Road|-37.91009,145.09011
Golf Links Avenue|Hanover Street|-37.90325,145.09149
Golf Links Avenue|North Road|-37.91009,145.09011
Golf Links Avenue|Schoolhall Street|-37.90746,145.09092
Golf Links Avenue|Willgilson Court|-37.90547,145.09128
Golf Links Avenue|Wilson Street|-37.90776,145.09086
Golf Road|North Road|-37.91009,145.09011
Golf View Road|Henry Street|-37.95053,145.08719
Golf View Road|Kingston Road|-37.95430,145.08645
Golfers Drive|McCormicks Road|-38.08357,145.20088
Golfers Drive|River Gum Place|-38.08363,145.20167
Golfers Drive|Sweet Gum Place|-38.08369,145.20213
Golfwood Close|Kimber Court|-37.97761,145.12808
Golfwood Close|Lee-Andy Court|-37.97919,145.12734
Golfwood Close|Willy Court|-37.97704,145.12865
Gonis Crescent|St Anthony Court|-38.08984,145.17878
Goodenia Loop|Ranfurlie Boulevard|-38.11239,145.24363
Goodison Court|Stadium Circuit|-37.92690,145.19001
Goodjohn Court|Monkhouse Drive|-37.97624,145.25596
Goodman Drive|Mary Court|-37.98147,145.18839
Goodman Drive|Popes Road|-37.98221,145.18527
Goodman Drive|Thelma Street|-37.98029,145.18895
Goodrich Street|Hallow Street|-37.91160,145.07771
Goodrich Street|Jassa Street|-37.91149,145.07665
Goodrich Street|Mackie Road|-37.91137,145.07556
Goodrich Street|Monash Street|-37.91191,145.08114
Goodrich Street|White Street|-37.91191,145.08114
Goodwood Drive|View Road|-37.96151,145.15669
Gordal Court|Kalamata Avenue|-38.04665,145.26050
Gordon Street|Llewellyn Street|-37.97400,145.05208
Gordon Street|McNamara Street|-37.97381,145.05082
Gordon Street|Nepean Highway|-37.92824,145.03016
Gordon Street|Parkside Street|-37.97373,145.04979
Gordon Street|Raymond Street|-37.97379,145.05063
Gordon Street|Shands Street|-37.97394,145.05183
Gordon Street|Spicer Street|-37.97370,145.04946
Gordon Street|Station Street|-38.10449,145.28791
Gordon Street|Walter Street|-37.97499,145.18118
Goshawk Court|Quarrion Drive|-38.10813,145.17458
Gothic Road|Lawrence Avenue|-38.02555,145.10436
Gothic Road|Leonard Avenue|-38.02796,145.10646
Gothic Road|Lincoln Parade|-38.02635,145.10502
Gothic Road|Robertson Parade|-38.02475,145.10367
Gothic Road|Tarlee Court|-38.02573,145.10450
Gothic Road|Yackatoon Avenue|-38.02764,145.10637
Gothic Road|Yalambee Avenue|-38.02509,145.10398
Goudes Court|Tuileries Rise|-38.06214,145.29409
Goulburn Drive|Hindmarsh Street|-37.91663,145.24834
Goulburn Drive|Jamieson Avenue|-37.91626,145.25127
Goulburn Drive|Kelletts Road|-37.91248,145.25191
Goulburn Drive|Tamboon Drive|-37.91451,145.25154
Goulburn Drive|Taupo Crescent|-37.91302,145.25181
Goulburn Drive|Taylors Lane|-37.91630,145.24620
Goulburn Drive|Tyers Crescent|-37.91685,145.25015
Goulburn Street|Nepean Highway|-37.96448,145.05681
Goulburn Street|Wilson Street|-37.96290,145.06032
Gould Street|Nepean Highway|-38.12937,145.12417
Gouldthorp Avenue|Nepean Highway|-37.98057,145.06992
Govan Street|Gray Street|-38.11574,145.13208
Gove Street|Kemp Street|-37.93879,145.16099
Gove Street|Mein Street|-37.94103,145.15912
Gove Street|Princes Highway|-37.93809,145.16199
Gove Street|Russell Street|-37.94250,145.16217
Governor Arthur Drive|Lady Barlow Court|-38.05526,145.14035
Governor Arthur Drive|Prince Albert Mews|-38.05321,145.14379
Governor Arthur Drive|Solway Close|-38.05353,145.14287
Governor Arthur Drive|William Salthouse Way|-38.05380,145.14230
Governor Road|Helen Kob Drive|-38.00844,145.11162
Governor Road|Hutton Road|-38.01078,145.14089
Governor Road|Industrial Drive|-38.00830,145.11246
Governor Road|Lamana Road|-38.00874,145.09824
Governor Road|Park Street|-38.00983,145.09202
Governor Road|Spray Avenue|-38.00758,145.10252
Governor Road|Springvale Road|-38.01078,145.14066
Gow Court|Gunns Road|-37.99839,145.26394
Gowrie Place|Raisell Road|-38.10041,145.26020
Gowrie Street|Hughes Street|-37.91528,145.07581
Gowrie Street|Lyons Street|-37.91540,145.07685
Gowrie Street|Mackie Road|-37.91516,145.07481
Gowrie Street|Paloma Street|-37.91524,145.08324
Goya Court|Rembrandt Drive|-37.90737,145.18220
Grace Avenue|Ross Street|-37.98115,145.22638
Grace Avenue|Stud Road|-37.98058,145.22162
Grace Park Avenue|Springvale Road|-37.95549,145.15174
Grace Park Avenue|View Road|-37.95623,145.15768
Grace Street|High Street Service Road|-38.10441,145.28228
Grace Street|McWilliam Street|-37.93835,145.16495
Grace Street|Police Road|-37.93425,145.16568
Grace Street|Princes Highway|-37.93974,145.16439
Grace Street|Smethurst Street|-38.10490,145.28636
Grace Street|Wanda Street|-37.93426,145.16581
Gracehill Mews|The Belfry|-38.11860,145.25572
Gracie Avenue|Roseberry Avenue|-38.04581,145.11157
Graegwen Place|Watt Place|-38.07486,145.24800
Graham Avenue|Malacca Street|-37.90904,145.04179
Graham Avenue|McKinnon Road|-37.91144,145.04140
Graham Avenue|Murray Road|-37.90810,145.04194
Graham Avenue|Penang Street|-37.90993,145.04164
Graham Court|Leopold Crescent|-38.04427,145.26753
Graham Daff Boulevard|Levi Drive|-38.01220,145.11175
Graham Road|Highett Grove|-37.95225,145.04170
Graham Road|Highett Road|-37.94876,145.04202
Graham Road|Jackson Road|-37.95395,145.04251
Graham Road|Lightwood Avenue|-37.94988,145.04180
Graham Road|McLeod Road|-38.07374,145.13000
Graham Road|Princess Avenue|-37.95470,145.04237
Graham Road|Royalty Avenue|-37.95545,145.04222
Graham Road|Thistle Grove|-37.95026,145.04172
Graham Road|True Avenue|-38.07374,145.13000
Graham Road|Westall Road|-37.95285,145.13814
Graham-Michele Place|Perry Road|-37.99574,145.17528
Grainger Court|Rivett Crescent|-37.91259,145.16104
Gramar Way|Infaz Court|-38.05039,145.26921
Gramar Way|Karoonda Way|-38.04890,145.26951
Gramar Way|Nuzla Court|-38.04964,145.26936
Gramar Way|Redwood Avenue|-38.05109,145.26906
Gramatan Avenue|Haydens Road|-37.98175,145.02911
Gramatan Avenue|Reserve Road|-37.98226,145.03360
Grand Valley Court|Parkside Boulevard|-37.95921,145.28128
Grand Valley Terrace|Rathgar Road|-37.90963,145.28517
Grandeur Court|Stevensons Road|-38.11431,145.26824
Grandiflora Court|Jannali Drive|-37.98846,145.13531
Grandview Avenue|Kalimna Avenue|-37.92730,145.14936
Grandview Avenue|Roberts Avenue|-37.92722,145.14973
Grandview Avenue|Ross Street|-37.98317,145.22599
Grandview Avenue|Sarona Street|-37.98332,145.22741
Grandview Avenue|Seaview Crescent|-37.92779,145.15424
Grandview Avenue|Sunnyside Avenue|-37.98284,145.22305
Grandview Avenue|Sunset Avenue|-37.98108,145.03082
Grandview Avenue|Waiora Avenue|-37.97773,145.03108
Grandview Avenue|Waratah Avenue|-37.97820,145.03096
Grandview Avenue|Wilma Avenue|-37.92769,145.15213
Grandview Grove|Hamer Street|-37.94314,145.04607
Grandview Grove|Hillston Road|-37.94228,145.04625
Grandview Grove|Leila Road|-37.90188,145.05580
Grandview Grove|Wickham Road|-37.94546,145.04559
Grandview Road|Grantchester Road|-37.91725,145.19419
Grandview Road|Iona Avenue|-37.90102,145.00525
Grandview Road|Jells Road|-37.91314,145.18790
Grandview Road|Kenross Drive|-37.91800,145.19378
Grandview Road|Lutana Court|-37.91890,145.19357
Grandview Road|Maroona Road|-37.90185,145.00509
Grandview Road|Marykirk Drive|-37.91340,145.19131
Grandview Road|Narrabri Court|-37.91657,145.19510
Grandview Road|Oakwood Avenue|-37.90363,145.00477
Grandview Road|Ronston Court|-37.91367,145.19246
Grandview Road|Sara Drive|-37.91363,145.19207
Grandview Road|Warleigh Grove|-37.90438,145.00465
Grandview Road|Whalley Drive|-37.91344,145.19044
Grandview Road|Wyuna Court|-37.91601,145.19628
Grandvista Crescent|Quarters Boulevard|-38.09735,145.24653
Grange Court|Rawdon Hill Drive|-37.94836,145.20749
Grange Drive|Logan Court|-37.91720,145.29081
Grange Drive|Montalto Rise|-37.91355,145.28793
Grange Drive|Mount Vlasic Drive|-37.91219,145.28654
Grange Drive|Obeah Court|-37.91570,145.29054
Grange Road|Heatherton Road|-37.95817,145.11803
Grange Road|Holloway Street|-37.90154,145.04449
Grange Road|Jasper Road|-37.90453,145.04406
Grange Road|Kembla Street|-37.97488,145.08624
Grange Road|Leila Road|-37.90054,145.04468
Grange Road|Moorabbin Street|-37.94807,145.01358
Grange Road|Nelson Street|-37.94769,145.01067
Grange Road|North Road|-37.90453,145.04406
Grange Road|Northern Avenue|-37.97235,145.08652
Grange Road|Salisbury Street|-37.94862,145.01826
Grange Road|Second Avenue|-37.97561,145.08632
Grange Road|Voltri Street|-37.97622,145.08623
Grange Road|Walsh Street|-37.90249,145.04430
Grange Road|Wood Street|-37.94787,145.01230
Grange Street|Huntingdale Road|-37.91322,145.10321
Granito Court|Hammond Road|-38.03257,145.20199
Grant Street|Hampton Street|-37.91321,145.00710
Grant Street|Ross Street|-37.98515,145.22564
Grant Street|Scott Street|-38.11257,145.27965
Grant Street|Sladen Street|-38.11257,145.27965
Grantchester Road|Sara Drive|-37.91691,145.19294
Grantchester Road|Whalley Drive|-37.91620,145.18975
Granter Street|Hawthorn Road|-37.90947,145.01771
Grantham Terrace|Hailsham Court|-37.92919,145.20185
Grantham Terrace|Haverbrack Drive|-37.92871,145.20309
Grantham Terrace|Jessup Close|-37.92545,145.20060
Grantham Terrace|Lalor Close|-37.92558,145.20028
Grantham Terrace|Maygrove Way|-37.92901,145.19971
Grantham Terrace|Miners Court|-37.92786,145.19883
Grantham Terrace|Nimmo Court|-37.92710,145.19898
Grantham Terrace|Page Court|-37.92772,145.19886
Grantley Close|Kirkwood Crescent|-38.03726,145.28327
Granton Avenue|Gresham Close|-37.98547,145.26845
Granton Avenue|James Cook Drive|-37.98783,145.26789
Granton Avenue|Sargood Court|-37.98516,145.26974
Granton Avenue|Wingate Court|-37.98532,145.26880
Granton Close|Loxwood Avenue|-37.98740,145.15739
Granville Grove|Newport Road|-37.93222,145.11288
Grasslands Loop|Tyers Lane|-38.00768,145.16218
Gratlea Court|Sandfield Drive|-38.10778,145.18696
Gray Close|Heatherton Road Service Road|-37.97450,145.25262
Gray Court|Haydens Road|-37.98619,145.02824
Gray Street|Jury Street|-37.92125,145.19516
Gray Street|Kemp Street|-37.93812,145.16025
Gray Street|Marshall Street|-37.92183,145.19552
Gray Street|Meneilly Way|-37.92193,145.19589
Gray Street|Springvale Road|-37.93765,145.15503
Gray Street|Whalley Drive|-37.92126,145.19742
Grayling Crescent|Kingsclere Avenue|-37.99066,145.17126
Grayling Crescent|Lenton Road|-37.99194,145.16973
Grayling Crescent|Nambour Road|-37.99274,145.16864
Greaves Street|Hornsby Street|-37.99185,145.20775
Greaves Street|Hunt Lane|-37.99211,145.20771
Greaves Street|Lamb Street|-38.11060,145.28110
Greaves Street|Ogrady Lane|-37.99248,145.20763
Greaves Street|Scott Street|-38.11047,145.28006
Grebe Court|Lyrebird Drive|-38.11136,145.17413
Green Avenue|Wattle Grove|-37.92665,145.15958
Green Parade|Holloway Road|-37.95709,145.02412
Green Parade|Reno Road|-37.95895,145.02373
Green Parade|Spring Street|-37.95992,145.02353
Green Street|Hilton Street|-37.99830,145.22782
Green Street|Noble Street|-37.96950,145.16073
Green Street|Power Road|-37.99920,145.23552
Green Street|Prior Road|-37.97009,145.16318
Green Street|Sandra Avenue|-37.96993,145.16514
Green Valley Crescent|Highland Avenue|-38.02830,145.26105
Green Valley Crescent|Somerville Road|-38.03183,145.26493
Green Valley Crescent|Sunnyvale Court|-38.02843,145.26196
Greenbank Court|Lanyon Court|-37.91806,145.27931
Greenbriar Avenue|Redleaf Way|-37.90118,145.18534
Greenbriar Way|Monahans Road|-38.10649,145.26589
Greendale Road|Nixon Court|-37.92763,145.06871
Greenfield Court|Von Nida Drive|-38.07191,145.29196
Greenfield Drive|Monash Green Drive|-37.92277,145.12794
Greenglade Way|Omeara Crescent|-38.12569,145.29646
Greenglade Way|Sundew Avenue|-38.12561,145.29747
Greenhill Court|Saintsbury Crescent|-37.95161,145.20621
Greenhill Rise|Ralph Crescent|-38.04018,145.28141
Greenlea Grove|Parkes Way|-38.03964,145.25542
Greenleaf Court|Sunnyvale Crescent|-37.99596,145.16503
Greenmantle Close|Montrose Way|-38.09867,145.25519
Greenmantle Close|Nyah Place|-38.09802,145.25538
Greenmantle Close|Talma Place|-38.09810,145.25606
Greenmount Close|Guildford Crescent|-38.01013,145.28887
Greenpatch Drive|Homestead Road|-38.04155,145.16174
Greenpatch Drive|McMahens Road|-38.04537,145.17030
Greenridge Avenue|Larkrise Court|-38.01200,145.29388
Greenridge Avenue|Parklands Court|-38.01294,145.29368
Greenridge Avenue|Pin Oak Court|-38.01036,145.29420
Greenridge Avenue|Pinelands Court|-38.01257,145.29374
Greenridge Avenue|Prospect Hill Road|-38.00965,145.29433
Greenridge Avenue|Uplands Court|-38.01058,145.29415
Greenridge Avenue|Warrington Close|-38.01098,145.29407
Greens Road|Hammond Road|-38.01355,145.20564
Greens Road|Hutton Road|-38.01149,145.17153
Greens Road|Indian Drive|-38.01088,145.18206
Greens Road|Kitchen Road|-38.01579,145.22575
Greens Road|Lanyon Street|-38.01546,145.22176
Greens Road|Logis Boulevard|-38.01235,145.19631
Greens Road|Nicole Way|-38.01489,145.21819
Greens Road|Ordish Road|-38.01250,145.19610
Greens Road|Pacific Drive|-38.01107,145.18222
Greens Road|Perry Road|-38.01146,145.17168
Greens Road|Smeaton Avenue|-38.01299,145.20167
Greens Road|South Gippsland Highway|-38.01668,145.23309
Greens Road|South Park Drive|-38.01317,145.20164
Greens Road|Tatterson Road|-38.01398,145.20960
Greens Road|Williams Road|-38.01535,145.22187
Greenshank Court|Lyrebird Drive|-38.11289,145.17031
Greenside Circuit|Sandhurst Boulevard|-38.08068,145.20873
Greenside Crescent|Greenview Terrace|-38.00609,145.15206
Greenside Crescent|Keylana Drive|-38.00447,145.15234
Greenside Drive|Sunshine Way|-37.93424,145.23322
Greenview Close|Parkside Boulevard|-37.95718,145.27369
Greenview Court|Kilcunda Drive|-37.90394,145.26500
Greenview Court|Montclair Court|-37.93671,145.07494
Greenview Court|Niki Court|-37.93692,145.07596
Greenview Court|Snowdonia Road|-38.07397,145.28848
Greenview Court|Trinity Court|-37.93659,145.07407
Greenview Terrace|Longview Road|-38.00630,145.15384
Greenways Court|Warrigal Road|-37.99021,145.06984
Greenwich Court|Swift Drive|-37.90112,145.17176
Greenwood Drive|Heatherleigh Court|-38.11053,145.18324
Greenwood Drive|Juliana Drive|-38.10892,145.18282
Greenwood Drive|Pardalote Avenue|-38.10670,145.18308
Greenwood Drive|Talba Court|-38.11479,145.18140
Greenwood Drive|Thornbill Drive|-38.11203,145.18285
Greenwood Village Mews|Lower Dandenong Road|-37.99020,145.13889
Greenwood Village Mews|Nada Mews|-37.98933,145.13898
Greenwood Village Mews|Sylvia Mews|-37.98824,145.13913
Greenwoods Close|Hamlet Place|-37.97369,145.13253
Greenwoods Close|Kingsmead Court|-37.97405,145.13218
Greenwoods Close|Lackenheath Court|-37.97453,145.12921
Greenwoods Close|Spring Road|-37.97357,145.13331
Greenwoods Close|Verdant Place|-37.97446,145.13109
Greg Court|Sanctuary Rise|-38.00239,145.29175
Gregory Close|Maryrose Crescent|-37.97077,145.27546
Gregory Court|Marriott Drive|-38.00544,145.14421
Gregory Crescent|Zita Street|-37.92883,145.17143
Greigs-Cavalot Road|McMahens Road|-38.04476,145.17155
Grenda Court|Tarene Street|-38.00166,145.20454
Grenfell Place|Major Crescent|-37.92531,145.27608
Grenfell Rise|Ridgeway Chase|-38.02983,145.29137
Grenville Street|Hampton Street|-37.93562,145.00285
Grenville Street|Talbot Street|-37.93529,145.00006
Greta Court|Mount View Road|-37.95297,145.05637
Greta Street|North Road|-37.91325,145.11849
Greta Street|Princes Highway|-37.90915,145.11872
Greta Street|Roy Street|-37.91087,145.11850
Gretana Street|Hammond Road|-38.00097,145.20833
Gretana Street|Haresta Avenue|-38.00066,145.20571
Gretana Street|Tarene Street|-38.00089,145.20770
Gretel Court|Jessica Drive|-38.04889,145.28103
Greville Street|Huntingdale Road|-37.90572,145.10453
Grevillea Street|Silver Oak Street|-37.99898,145.16018
Grevillea Street|Tamarind Close|-37.99977,145.16004
Grevillea Street|Villiers Road|-37.99822,145.16033
Grevillea Street|Wattle Drive|-37.99728,145.23068
Grey Street|McSwain Street|-37.98708,145.08902
Grey Street|Sussex Road|-37.90002,145.02310
Greycliffe Avenue|Hawksburn Road|-38.08976,145.20371
Greycliffe Avenue|Marriott Crescent|-38.09014,145.20350
Greycliffe Avenue|Monalto Street|-38.09378,145.20274
Greycliffe Avenue|Punnett Street|-38.09044,145.20344
Griffith Avenue|Murra Street|-37.90762,145.06299
Griffith Street|Power Road|-37.97552,145.24177
Griffith Street|Shepreth Avenue|-37.97169,145.18050
Griffiths Street|Haldane Street|-37.98499,145.03911
Griffiths Street|Herbert Street|-37.98486,145.03802
Griffiths Street|Pellatt Street|-37.98531,145.04246
Griffiths Street|Scott Street|-37.98512,145.04021
Grnja Way|Lats Avenue|-38.10001,145.19207
Grnja Way|Nada Way|-38.09981,145.19048
Grosvenor Avenue|Matlock Avenue|-37.92442,145.17198
Grosvenor Road|Karoo Road|-37.90625,145.26903
Grosvenor Road|Langhorne Crescent|-37.90501,145.26942
Grosvenor Road|Parklane Way|-37.90580,145.26922
Grosvenor Street|Petunia Drive|-38.00145,145.17959
Grosvenor Street|Ridgemont Way|-38.00210,145.17942
Grout Street|Hood Street|-37.93445,145.00797
Grout Street|May Street|-37.93496,145.01190
Grove Court|Kerr Place|-38.09191,145.17503
Grove End Road|Heatherton Road|-37.97420,145.25260
Grove End Road|Kennington Park Drive|-37.96796,145.25450
Grove End Road|Melina Court|-37.97172,145.25372
Grove End Road|Nugent Court|-37.96965,145.25389
Grovedale Court|Madeleine Road|-37.91592,145.11987
Grovelands Drive|Hainthorpe Grove|-37.93288,145.18289
Grovelands Drive|Hansworth Street|-37.93110,145.18357
Grovelands Drive|Tilney Close|-37.93386,145.18202
Groves Lane|Groves Street|-38.02755,145.10145
Groves Street|Nepean Highway|-38.02737,145.10194
Gruchy Avenue|Linton Close|-38.04814,145.13774
Gruchy Avenue|Seccull Drive|-38.04760,145.13932
Guest Road|North Road|-37.91049,145.09426
Guest Road|Raven Court|-37.91314,145.09373
Guest Road|Voumard Street|-37.91335,145.09369
Guildford Avenue|Hanleth Avenue|-37.96090,145.14646
Guildford Avenue|Heatherton Road|-37.96166,145.14631
Guildford Avenue|Hilton Avenue|-37.96020,145.14660
Guildford Crescent|Highgate Place|-38.01069,145.28730
Guildford Crescent|Pemberton Drive|-38.01113,145.29039
Guildford Crescent|Peron Court|-38.01219,145.28843
Guildford Crescent|Pinjarra Court|-38.01183,145.28774
Guildford Crescent|Tinks Road|-38.01129,145.29111
Guildford Crescent|Wilga Court|-38.01152,145.28732
Guinea Flower Drive|Hayton Park Boulevard|-38.11439,145.24750
Guinea Flower Drive|Red Cap Drive|-38.11408,145.24515
Gull Way|Janson Close|-38.04179,145.28913
Gull Way|Lake View Drive|-38.04163,145.28787
Gull Way|Stanton Close|-38.04242,145.28977
Gull Way|Teal Court|-38.04291,145.29033
Gum Court|Waverley Park Drive|-38.07362,145.27552
Gum Vista Walk|Market Court|-38.09385,145.19975
Gum Vista Walk|St Johns Wood|-38.09297,145.20020
Gumley Court|Village Drive|-37.97678,145.12124
Gumnut Lane|May Gibbs Crescent|-38.05303,145.25161
Gumtree Close|The Deviation|-37.90725,145.18587
Gumtree Court|Redgum Avenue|-38.10159,145.19571
Gumtree Grove|The Eyrie|-38.04039,145.25545
Gumview Road|Honeybark Crescent|-38.07767,145.25740
Gunn Street|Irving Avenue|-37.90562,145.06709
Gunn Street|Kinlock Avenue|-37.90501,145.06720
Gunn Street|Strathearn Avenue|-37.90633,145.06694
Gunns Road|Kilberry Crescent|-37.99833,145.26395
Gunns Road|Simpson Court|-37.99701,145.26715
Gunns Road|Sophie Court|-37.99915,145.26381
Gunns Road|Timothy Court|-37.99987,145.26370
Gunns Road|Wanda Court|-37.99758,145.26548
Gunther Avenue|Lawn Road|-37.95837,145.16348
Gunther Avenue|View Road|-37.95761,145.15742
Gurner Court|James Cook Drive|-37.98617,145.27585
Gwalia Court|Kellbourne Drive|-37.90838,145.26693
Gwen Road|Industrial Circuit|-38.08275,145.24648
Gwen Road|Missens Road|-38.08319,145.25030
Gwen Road|Remount Way|-38.08258,145.24522
Gwen Road|Whitfield Boulevard|-38.08230,145.24298
Gwenda Avenue|Linton Street|-37.93652,145.04267
Gwenda Avenue|Nepean Highway|-37.93813,145.03860
Gwenda Street|James Street|-37.97772,145.20918
Gwendoline Avenue|Lily Street|-37.91592,145.02548
Gwendoline Avenue|Whitmuir Road|-37.91624,145.02859
Gwent Street|Lansor Street|-37.98037,145.14979
Gwent Street|Northgate Drive|-37.98054,145.15073
Gwent Street|Paterson Road|-37.97957,145.15540
Gwent Street|Roma Court|-37.98071,145.15307
Gwenton Avenue|Jagger Circuit|-38.11518,145.29233
Gwenton Avenue|Sinatra Way|-38.11513,145.29237
Gwenton Avenue|Welcomen Street|-38.11707,145.29133
Gymkhana Court|Showjump Crescent|-37.96356,145.27581
Haddington Way|McAllister Drive|-38.11659,145.29533
Haddington Way|Newington Drive|-38.11656,145.29627
Hadkinson Street|Mallawa Street|-37.93490,145.12609
Hadkinson Street|McMillan Street|-37.93236,145.12657
Hadley Circuit|Kingston Avenue|-38.06353,145.28290
Hadley Circuit|Trenton Court|-38.06228,145.28275
Hadley Street|Klauer Street|-38.11951,145.14430
Hadley Street|Vivienne Street|-38.12107,145.14209
Hagan Place|Scotia Crescent|-37.98289,145.16128
Haigh Street|Victor Road|-37.92852,145.07859
Haigh Street|Warrigal Road|-37.92884,145.08149
Hailes Court|Luscombe Avenue|-38.09475,145.18043
Haines Street|Wedd Street|-37.96698,145.06120
Haite Court|Joseph Banks Crescent|-37.97761,145.24947
Hakea Place|Timbertop Drive|-37.93416,145.22751
Hal Porter Terrace|Hanrahan Wynd|-38.06291,145.25812
Hal Porter Terrace|Parnum Place|-38.06396,145.25847
Hal Porter Terrace|Prichard Avenue|-38.06420,145.25848
Hal Porter Terrace|Rudd Court|-38.06584,145.26008
Halcyon Way|Shrives Road|-38.03168,145.29317
Halcyon Way|Sirius Place|-38.03646,145.29429
Halcyon Way|Warren Park Place|-38.03646,145.29636
Haldane Street|Kilbride Street|-37.99317,145.18472
Haldane Street|Patterson Street|-38.06725,145.12244
Haldane Street|Welwyn Court|-37.99289,145.18473
Hales Court|Putt Grove|-37.98650,145.16042
Hales Court|Vance Court|-37.98675,145.15981
Halifax Street|Hall Street|-37.91670,145.00120
Halifax Street|Hammond Street|-37.91539,145.00312
Halifax Street|Hampton Street|-37.91282,145.00722
Halifax Street|Lawrence Street|-37.91650,145.00149
Halifax Street|Leonie Court|-37.91393,145.00525
Halifax Street|Loller Street|-37.91609,145.00210
Halifax Street|Maragle Avenue|-37.91427,145.00476
Halifax Street|Police Road|-37.93388,145.16277
Halifax Street|Stanley Street|-37.91464,145.00422
Halifax Street|Studley Street|-37.93248,145.16304
Halifax Street|Weatherly Grove|-37.91609,145.00210
Halifax Street|William Street|-37.91351,145.00586
Halifax Street|Wilson Street|-37.91493,145.00379
Halifax Street|Woodlee Street|-37.97078,145.21400
Halinka Court|Simon Avenue|-37.97534,145.16326
Hall Court|Raymond Street|-37.99706,145.21035
Hall Mark Road|Jack Holt Way|-38.00599,145.09942
Hall Mark Road|Jenkins Street|-38.00599,145.09942
Hall Mark Road|McDonald Street|-38.00116,145.09815
Hall Mark Road|Odwyer Street|-38.00454,145.09884
Hall Mark Road|Pooley Bridge Road|-38.00375,145.09874
Hall Road|Hayton Park Boulevard|-38.10898,145.24882
Hall Road|Lathams Road|-38.09945,145.17284
Hall Road|Lats Avenue|-38.10188,145.19170
Hall Road|Lavender Lane|-38.10023,145.17861
Hall Road|Lyrebird Drive|-38.10154,145.18775
Hall Road|McCormicks Road|-38.10252,145.19691
Hall Road|Protea Street|-38.10143,145.18819
Hall Road|Rangeview Drive|-38.10289,145.19963
Hall Road|Rowellyn Avenue|-38.10215,145.19255
Hall Road|Sanctuary Drive|-38.10076,145.18286
Hall Road|Taylors Road|-38.10487,145.21512
Hall Road|Western Port Highway|-38.10690,145.23350
Hall Street|Leinster Street|-37.90694,145.04812
Hall Street|Lewis Street|-37.90899,145.04763
Hall Street|Lindsay Street|-37.91415,145.04663
Hall Street|Maude Street|-37.96417,145.05372
Hall Street|McKinnon Road|-37.91218,145.04704
Hall Street|Park Road|-37.96520,145.05412
Hall Street|Walnut Street|-37.90809,145.04790
Hall Street|Weatherly Grove|-37.91745,145.00364
Hallam North Road|Heatherton Road|-37.97749,145.27865
Hallam North Road|James Cook Drive|-37.98636,145.27713
Hallam North Road|Lyala Court|-37.96761,145.28137
Hallam North Road|Oaks Court|-37.96055,145.28238
Hallam North Road|Parkside Boulevard|-37.95979,145.28251
Hallam North Road|Rade Macut Court|-37.97246,145.27991
Hallam North Road|Reema Boulevard|-37.97203,145.28001
Hallam North Road|Thomas Mitchell Drive|-37.98098,145.27803
Hallam Road|Hallam South Road|-38.01545,145.27137
Hallam Road|Horizon Boulevard|-38.04557,145.26538
Hallam Road|Huntington Drive|-38.04198,145.26588
Hallam Road|Ivan Crescent|-38.03853,145.26657
Hallam Road|Keppel Drive|-38.01547,145.27148
Hallam Road|Kooyong Close|-38.03718,145.26685
Hallam Road|Livingstone Rise|-38.05104,145.26403
Hallam Road|Lynbrook Boulevard|-38.04760,145.26470
Hallam Road|O'Grady Road|-38.01990,145.27041
Hallam Road|Olive Road|-38.04483,145.26531
Hallam Road|Ormond Road|-38.04760,145.26470
Hallam Road|Pound Road|-38.02845,145.26867
Hallam Road|Princes Highway|-38.00642,145.27323
Hallam Road|Somerville Road|-38.03223,145.26785
Hallam Road|South Gippsland Highway|-38.05806,145.26278
Hallam Road|Village Drive|-38.03013,145.26827
Hallam Road|Warana Drive|-38.03131,145.26823
Hallam Road|Willow Drive|-38.02398,145.26966
Hallam South Road|Keppel Drive|-38.01547,145.27148
Hallam South Road|Melverton Drive|-38.01169,145.27223
Hallam South Road|Princes Highway|-38.00642,145.27323
Hallam South Road|Star Crescent|-38.01339,145.27178
Hallam Valley Road|Leggo Court|-38.01352,145.23912
Hallam Valley Road|Round Tower Road|-38.01305,145.23436
Hallam Valley Road|South Gippsland Highway|-38.01272,145.23126
Halley Court|Jeffrey Street|-37.92229,145.04864
Halliday Court|Kinrade Street|-37.90444,145.07662
Hallifax Street|Lynn Street|-38.09575,145.13249
Hallifax Street|Northcote Street|-38.09479,145.13268
Hallifax Street|Wynnstay Road|-38.09560,145.13252
Hallinan Court|Harpley Street|-37.97319,145.06805
Hallinan Court|Ward Street|-37.97319,145.06805
Hallmark Drive|Harrington Drive|-38.06534,145.28489
Hallow Street|North Road|-37.90864,145.07833
Hallow Street|Pell Street|-37.91075,145.07789
Halsbury Drive|Kempston Court|-37.92979,145.23925
Halsbury Drive|Liberty Avenue|-37.92999,145.24036
Halsbury Drive|Malvina Court|-37.92961,145.23823
Halsbury Drive|Wolseley Place|-37.93038,145.23594
Halton Road|Heyington Crescent|-37.95562,145.19957
Halton Road|Jacksons Road|-37.95456,145.19081
Halton Road|Marsham Street|-37.95573,145.20057
Hamel Street|Ludstone Street|-37.93312,145.00443
Hamel Street|Villeroy Street|-37.93144,145.00475
Hamer Street|Nepean Highway|-37.94287,145.04192
Hamilton Close|Mildura Crescent|-37.97279,145.25512
Hamilton Drive|Jessie Street|-38.07877,145.29409
Hamilton Drive|Josephine Avenue|-38.07839,145.29205
Hamilton Drive|Narre Warren Road|-38.07918,145.29642
Hamilton Drive|Rosebank Drive|-38.07606,145.29234
Hamilton Drive|Samantha Crescent|-38.07860,145.29277
Hamilton Street|Nicholson Street|-37.91628,145.03674
Hamilton Street|Railway Avenue|-37.90866,145.10052
Hamilton Way|Mansfield Grove|-37.91857,145.22257
Hamlet Street|Philip Street|-37.95843,145.04030
Hamlet Street|Wanrua Street|-37.95699,145.04051
Hammond Road|Heart Street|-37.99320,145.20986
Hammond Road|Kimberly Road|-38.03099,145.20230
Hammond Road|Kirkham Road|-37.99875,145.20879
Hammond Road|Lenaro Street|-38.00014,145.20850
Hammond Road|Logis Boulevard|-38.00604,145.20728
Hammond Road|Marni Street|-38.02856,145.20283
Hammond Road|Mickle Street|-38.02985,145.20257
Hammond Road|Montague Court|-37.99946,145.20864
Hammond Road|Nicholas Drive|-38.03674,145.20116
Hammond Road|Quality Drive|-38.02575,145.20334
Hammond Road|Redgum Drive|-38.02517,145.20344
Hammond Road|Rhur Street|-38.00853,145.20678
Hammond Road|Rodeo Drive|-38.00604,145.20728
Hammond Road|Superior Drive|-38.03298,145.20191
Hammond Road|Swift Way|-38.03404,145.20170
Hammond Road|Tatterson Road|-38.01222,145.20601
Hammond Road|Union Road|-38.00830,145.20682
Hammond Road|Villas Road|-38.03572,145.20136
Hammond Road|Webster Street|-37.99436,145.20966
Hammond Street|Hampton Street|-37.91648,145.00652
Hammond Street|Laburnum Court|-37.91636,145.00543
Hammond Street|Laburnum Street|-37.91634,145.00529
Hammond Street|Roslyn Street|-37.91617,145.00408
Hampden Court|Kilcunda Drive|-37.90351,145.26577
Hampden Court|Ranceby Close|-37.90431,145.26591
Hampden Road|Paramount Boulevard|-38.09094,145.25000
Hampshire Court|Pickworth Crescent|-37.93500,145.24440
Hampshire Drive|Langbourne Drive|-38.05339,145.28331
Hampshire Road|McKenna Road|-37.90115,145.14725
Hampshire Road|Norfolk Street|-37.90079,145.14427
Hampstead Crescent|Watsons Road|-37.90216,145.16801
Hampstead Road|Kingswood Crescent|-37.95991,145.19547
Hampstead Road|Oakwood Avenue|-37.96073,145.19530
Hampstead Road|Titcher Road|-37.95864,145.19592
Hampton Court|Somerset Drive|-37.95113,145.22368
Hampton Drive|Highland Avenue|-38.02898,145.26089
Hampton Drive|Pound Road|-38.02718,145.25893
Hampton Gardens|Somerville Road|-38.03136,145.26136
Hampton Street|Heathfield Road|-37.92689,145.00449
Hampton Street|Holyrood Street|-37.93381,145.00319
Hampton Street|Linacre Road|-37.94202,145.00168
Hampton Street|Little Union Street|-37.90748,145.00808
Hampton Street|Littlewood Street|-37.93448,145.00307
Hampton Street|Lucas Street|-37.92235,145.00539
Hampton Street|Ludstone Street|-37.93299,145.00335
Hampton Street|Marriage Road|-37.91846,145.00612
Hampton Street|Mayrose Crescent|-37.92546,145.00477
Hampton Street|Mills Street|-37.93550,145.00288
Hampton Street|Nepean Highway|-37.90658,145.00855
Hampton Street|Peacock Street|-37.92224,145.00541
Hampton Street|Pine Street|-37.91958,145.00591
Hampton Street|Plantation Avenue|-37.92178,145.00550
Hampton Street|Ratho Avenue|-37.92825,145.00424
Hampton Street|Regent Street|-37.92325,145.00521
Hampton Street|Rouen Street|-37.93035,145.00384
Hampton Street|Service Street|-37.93861,145.00230
Hampton Street|Shasta Avenue|-37.91655,145.00650
Hampton Street|Small Street|-37.93950,145.00214
Hampton Street|South Road|-37.92923,145.00406
Hampton Street|Stanley Street|-37.91496,145.00679
Hampton Street|Thomas Street|-37.93832,145.00236
Hampton Street|Villeroy Street|-37.93130,145.00367
Hampton Street|Were Street|-37.92624,145.00462
Hampton Street|Willis Street|-37.93653,145.00269
Hamstead Court|Kennington Park Drive|-37.96708,145.25104
Hanbury Court|Loxwood Avenue|-37.98753,145.15746
Hanby Street|Were Street|-37.92574,145.00067
Hanlon Close|Jack Holt Way|-38.00557,145.10295
Hann Close|Raymond McMahon Boulevard|-37.97876,145.26790
Hanna Drive|Heatherton Road|-37.97636,145.27057
Hanna Drive|Renee Avenue|-37.97483,145.27246
Hanna Street|Llewellyn Court|-37.97512,145.18698
Hanna Street|Maxwell Court|-37.97573,145.18787
Hanna Street|Volta Street|-37.97779,145.19079
Hanna Street|Wilkinson Street|-37.97810,145.19121
Hannah Court|Lesdon Avenue|-38.08360,145.27109
Hannah Street|Taylor Court|-38.12547,145.13663
Hannalore Way|Riverside West|-38.06055,145.14294
Hannalore Way|Webster Drive|-38.06039,145.14237
Hannalore Way|Wetland Drive|-38.06014,145.14025
Hanover Street|Portman Street|-37.90045,145.09203
Hans Court|Lebanon Crescent|-37.92927,145.15797
Hansen Street|Melosa Avenue|-37.92149,145.02148
Hansworth Street|Hubbard Avenue|-37.93078,145.18052
Hansworth Street|Kambara Drive|-37.93119,145.17570
Hansworth Street|Lea Road|-37.92985,145.16769
Hansworth Street|Locarno Court|-37.93457,145.18799
Hansworth Street|Lola Street|-37.93095,145.17355
Hansworth Street|Lotus Crescent|-37.93108,145.17462
Hansworth Street|Mayfair Close|-37.93101,145.18254
Hansworth Street|Merrill Street|-37.93024,145.16999
Hansworth Street|Police Road|-37.93685,145.18755
Hansworth Street|Rupert Drive|-37.93070,145.17804
Hansworth Street|Somerset Court|-37.93078,145.18052
Hansworth Street|Tiverton Drive|-37.93108,145.18378
Hansworth Street|Wanda Street|-37.92969,145.16666
Happy Valley Court|Liberty Avenue|-37.92869,145.24525
Harbour Drive|Hatteras Court|-38.05898,145.14442
Harbour Drive|Lara Place|-38.05901,145.14447
Harbour Drive|Oceanic Drive|-38.05707,145.14353
Harbour Drive|Riverside West|-38.05987,145.14357
Harbour Drive|Scott Court|-38.05699,145.14029
Harbour Drive|Stephanie Court|-38.05788,145.14386
Harbour Drive|The Parkway|-38.05633,145.13998
Harbour Drive|Tori Place|-38.05819,145.14399
Harbury Mews|Oaktree Drive|-38.02289,145.25907
Harcourt Avenue|Princes Highway|-37.93079,145.15369
Harcourt Avenue|Wilma Avenue|-37.92943,145.15489
Harcourt Close|The Grange|-38.02552,145.26837
Harding Avenue|Nepean Highway|-38.06340,145.11957
Harding Street|Highett Road|-37.94801,145.03569
Harding Street|Holyrood Street|-37.94625,145.03610
Harding Street|Nepean Highway|-37.92909,145.03100
Harding Street|North Avenue|-37.92916,145.03461
Hardinge Street|Reserve Road|-37.98723,145.03268
Hardman Court|Joseph Banks Crescent|-37.97836,145.25017
Hardy Court|Scotsburn Avenue|-37.92506,145.10794
Hardy Court|Thomas Street|-37.91772,145.02302
Hardy Grove|Oak Street|-37.98088,145.04214
Hardy Grove|Pellatt Street|-37.98101,145.04326
Hardy Grove|Tramway Parade|-37.98116,145.04446
Hardy Loop|Lansdowne Lane|-37.99276,145.14988
Hardy Loop|Rosevae Crescent|-37.99223,145.14904
Haresta Avenue|Kirkham Road|-37.99844,145.20616
Haresta Avenue|Langley Crescent|-38.00019,145.20581
Haresta Avenue|Lenaro Street|-37.99983,145.20588
Haresta Avenue|Tarene Street|-38.00177,145.20548
Harfleur Avenue|Wells Road|-37.98683,145.04916
Hargrave Court|Thomas Crescent|-38.10724,145.27085
Hargrave Place|Lower Dandenong Road|-37.98593,145.10389
Hargreaves Street|Huntingdale Road|-37.90861,145.10398
Harkaway Drive|Jodi Street|-37.96596,145.08231
Harkaway Drive|Olinda Court|-37.96432,145.08262
Harkaway Drive|Seville Court|-37.96508,145.08248
Harkin Avenue|Mentone Parade|-37.98687,145.06471
Harkin Avenue|Naples Road|-37.98786,145.06347
Harlaw Court|Ondine Drive|-37.91679,145.17533
Harlequin Drive|Windermere Street|-37.99998,145.16431
Harley Street|Kingswood Drive|-37.98408,145.13981
Harley Street|Southern Drive|-37.98573,145.13802
Harley Street|Spring Road|-37.98355,145.14034
Harlington Street|Robinson Street|-37.91976,145.11192
Harlow Court|Walsh Avenue|-37.94507,145.04955
Harmer Road|Marshall Place|-38.00044,145.25832
Harmer Road|Philip Road|-38.00314,145.25779
Harmer Road|Princes Highway|-38.00420,145.25754
Harmer Road|William Avenue|-38.00073,145.25826
Harmony Court|Music Drive|-37.90639,145.12415
Harold Keys Drive|Lassiter Court|-38.02705,145.29131
Harold Keys Drive|Manorlord Place|-38.02886,145.29308
Harold Keys Drive|Rochford Place|-38.02859,145.28828
Harold Keys Drive|Shrives Road|-38.03094,145.28773
Harold Road|Ivory Crescent|-37.97505,145.14889
Harold Road|Leopold Avenue|-37.97579,145.15510
Harold Road|Martin Street|-37.97631,145.15939
Harold Road|Scotsmore Road|-37.97579,145.15510
Harold Road|Shady Place|-37.97652,145.16119
Harold Road|Shelly Street|-37.97664,145.16217
Harold Road|Springvale Road|-37.97490,145.14776
Harold Road|Terry Court|-37.97537,145.15162
Harold Road|Vallota Crescent|-37.97668,145.16247
Harold Road|Waddington Crescent|-37.97502,145.14868
Harold Road|Wirilda Court|-37.97525,145.15057
Harold Street|Jennings Street|-37.96002,145.01277
Harold Street|Norwood Street|-37.95987,145.01157
Harold Street|Park Street|-38.10282,145.13139
Harold Street|Royal Road|-38.05956,145.13030
Harold Street|Thomas Street|-37.90849,145.02485
Harold Street|Troy Street|-38.05821,145.12957
Harpenden Terrace|Westport Grove|-38.11993,145.25066
Harper Avenue|Lahona Avenue|-37.92778,145.05391
Harper Avenue|Mawby Road|-37.92920,145.05367
Harper Crescent|Wilmington Avenue|-38.09954,145.24631
Harpley Street|Haughton Street|-37.97322,145.06827
Harpley Street|Ward Street|-37.97319,145.06805
Harpley Street|Warrigal Road|-37.97406,145.07293
Harptree Close|Pia Drive|-37.93607,145.25272
Harrier Court|Heathland Way|-37.98829,145.12700
Harrington Drive|Kailah Court|-38.06422,145.28252
Harrington Drive|Lansbury Drive|-38.06567,145.28669
Harrington Drive|Ormiston Place|-38.06406,145.28849
Harrington Drive|Royal Court|-38.06576,145.28238
Harrington Drive|Sherwood Road|-38.06611,145.28319
Harrington Drive|Tower Avenue|-38.06558,145.28117
Harrington Street|Highbury Grove|-38.00729,145.17454
Harrington Street|Somerfield Drive North|-38.00804,145.17542
Harris Street|Lewis Street|-37.94319,145.14903
Harris Street|Lynbrook Boulevard|-38.05175,145.25509
Harrison Court|Robin Drive|-38.09800,145.17787
Harrison Drive|Sladen Street Service Road|-38.11068,145.26596
Harrison Drive|Volta Street|-37.97824,145.19029
Harrison Drive|Wilkinson Street|-37.97855,145.19073
Harrow Place|Mildura Crescent|-37.97401,145.25585
Harry Court|Kingston Drive|-37.97975,145.11749
Harry Nance Close|Tetlow Terrace|-37.92674,145.27122
Harry Street|Leonard Street|-37.93787,145.03168
Harston Street|Sandringham Road|-37.95036,145.00504
Hartley Court|Templewood Avenue|-37.95224,145.19536
Hartley Link|Vasey Rise|-37.97756,145.26248
Hartnett Close|Miles Street|-37.92291,145.14917
Hartnett Drive|Heversham Drive|-38.11258,145.14155
Hartnett Drive|Klauer Street|-38.11903,145.14042
Hartnett Drive|Peninsula Boulevard|-38.11503,145.14107
Hartnett Drive|Seaford Place|-38.11080,145.14202
Hartnett Drive|Seaford Road|-38.11001,145.14244
Hartnett Drive|Sir Laurence Drive|-38.11459,145.14130
Hartnett Drive|Sunderland Court|-38.11081,145.14215
Hartwell Place|Rosewarne Avenue|-37.95791,145.06267
Hartwell Street|Newbury Street|-38.00783,145.17685
Hartwell Street|Somerfield Drive South|-38.00783,145.17685
Hartwell Street|Stafford Street|-38.00971,145.17648
Hartwood Court|Wells Road|-38.03577,145.13546
Harvard Grove|Lake View Boulevard|-38.00229,145.15039
Harvard Grove|Princeton Drive|-38.00061,145.14872
Harvard Grove|Sheffield Way|-38.00220,145.14938
Harvard Grove|Trinity Lane|-38.00137,145.14858
Harvard Grove|Wesley Court|-38.00203,145.14848
Harvard Street|Morningside Boulevard|-38.09558,145.25022
Harvard Street|Stanford Street|-38.09595,145.25299
Harvard Street|Venn Grove|-38.09578,145.25183
Harvey Court|Kelmar Street|-37.95972,145.06356
Harvey Court|Meredith Crescent|-38.04260,145.27736
Harwood Close|The Woodland|-37.90456,145.18144
Harwood Court|Quail Way|-37.93019,145.25622
Hasluck Crescent|Pedley Way|-38.05489,145.25417
Hassett Lane|Statham View|-38.11097,145.23845
Hastings Avenue|Scarborough Grove|-37.98087,145.04810
Hastings Street|Thomas Street|-37.90769,145.02499
Hatfield Court|Kilbride Street|-37.99307,145.18581
Hatter Street|North Road|-37.90973,145.08714
Hatter Street|Schoolhall Street|-37.90706,145.08765
Hatter Street|Westgate Street|-37.90428,145.08712
Haughton Court|Warana Drive|-38.03371,145.28140
Haughton Road|Johnson Street|-37.90026,145.08765
Haughton Road|Link Road|-37.92351,145.11871
Haughton Road|Main Road|-37.93098,145.12823
Haughton Road|McGregor Street|-37.92295,145.11786
Haughton Road|Mill Road|-37.90121,145.08893
Haughton Road|Milton Avenue|-37.93336,145.13154
Haughton Road|Mora Avenue|-37.90212,145.09013
Haughton Road|Moroney Street|-37.91017,145.10086
Haughton Road|Nicholson Court|-37.92370,145.11897
Haughton Road|North Road|-37.91176,145.10304
Haughton Road|Orchid Street|-37.93027,145.12746
Haughton Road|Parer Street|-37.90844,145.09865
Haughton Road|Prince Charles Street|-37.92094,145.11519
Haughton Road|Pullyn Street|-37.92682,145.12295
Haughton Road|Robinson Street|-37.91989,145.11369
Haughton Road|Stradbroke Street|-37.91339,145.10482
Haughton Road|Tennyson Avenue|-37.93255,145.13047
Haughton Road|Thomas Street|-37.92536,145.12101
Haughton Road|Valley Street|-37.91835,145.11166
Haughton Road|Wordsworth Avenue|-37.93418,145.13262
Haughton Street|Oak Avenue|-37.97427,145.06807
Havana Court|Magnolia Avenue|-37.92153,145.08006
Haven Court|Valley Fair Drive|-38.02412,145.29851
Haven Court|Waterdale Place|-38.02059,145.11624
Havenstock Court|Leatherwood Crescent|-37.90701,145.17522
Havenstone Drive|Juneberry Drive|-38.00343,145.16172
Havenstone Drive|Matilda Drive|-38.00165,145.16423
Havenstone Drive|Starling Mews|-38.00349,145.16250
Haverbrack Drive|Holmbury Boulevard|-37.93041,145.20402
Haverbrack Drive|Jolimont Avenue|-37.93743,145.19944
Haverbrack Drive|Mardene Court|-37.93165,145.20399
Haverbrack Drive|Odessa Court|-37.92953,145.20369
Haverbrack Drive|Police Road|-37.93811,145.19918
Haverbrack Drive|Portland Street|-37.93641,145.20088
Haverbrack Drive|Roxley Place|-37.92801,145.20261
Haverbrack Drive|Wellington Road|-37.92400,145.20154
Haversham Avenue|Lerina Place|-37.91302,145.20238
Haversham Avenue|Maldon Court|-37.91039,145.19836
Haversham Avenue|Marykirk Drive|-37.90929,145.19794
Haversham Avenue|Nova Court|-37.91164,145.19924
Haversham Avenue|Ryrie Place|-37.91642,145.20188
Haversham Avenue|Summerhill Avenue|-37.91006,145.19840
Haverstock Hill Close|Rhyl Close|-37.97116,145.24785
Hawdon Drive|Kalyptos Walk|-38.10262,145.27439
Hawdon Drive|Kara Walk|-38.10209,145.27417
Hawdon Drive|Marnebeck Court|-38.10219,145.27420
Hawdon Street|McFees Road|-37.96361,145.21139
Hawdon Street|Sylvia Street|-37.96216,145.21168
Hawking Avenue|Pride Court|-38.03857,145.26098
Hawking Avenue|Riley Place|-38.03902,145.26271
Hawking Avenue|Robbins Way|-38.03952,145.26317
Hawksburn Road|Seaberry Promenade|-38.09007,145.20545
Hawthorn Grove|Wattle Grove|-37.90861,145.03574
Hawthorn Road|Howell Street|-37.91137,145.01739
Hawthorn Road|Hurlstone Street|-37.90555,145.01840
Hawthorn Road|Lubrano Street|-37.90561,145.01839
Hawthorn Road|Matthews Court|-37.91039,145.01756
Hawthorn Road|Nepean Highway|-37.91444,145.01660
Hawthorn Road|North Road|-37.90128,145.01923
Hawthorn Road|Northern Avenue|-37.90230,145.01901
Hawthorn Road|Paperbark Street|-37.99523,145.24016
Hawthorn Road|Raymond Grove|-37.90029,145.01943
Hawthorn Road|Rogers Avenue|-37.91123,145.01742
Hawthorn Road|Taylor Street|-37.90399,145.01869
Hawthorn Road|Union Street|-37.90863,145.01786
Hayden Road|Westall Road|-37.95855,145.13692
Haydens Road|Hilton Street|-37.97921,145.02960
Haydens Road|Hornby Street|-37.98013,145.02937
Haydens Road|Lynette Avenue|-37.98353,145.02874
Haydens Road|Olinda Avenue|-37.98499,145.02846
Haydens Road|Pacific Boulevard|-37.98625,145.02823
Haydens Road|Pasadena Avenue|-37.98443,145.02857
Haydens Road|Stawell Street|-37.98318,145.02881
Haydens Road|Sunset Avenue|-37.98090,145.02922
Haydens Road|Waiora Avenue|-37.97760,145.02990
Haydens Road|Waratah Avenue|-37.97803,145.02982
Haydens Road|Wattle Avenue|-37.98264,145.02891
Haydn Place|Lake View Drive|-38.04627,145.29167
Haydon Court|Ruffy Drive|-38.09909,145.27694
Hayes Court|Madison Avenue|-37.93941,145.20316
Hayes Court|Major Crescent|-37.92438,145.27936
Hayes Road|Somerville Road|-38.03026,145.25301
Hayes Street|Jasper Road|-37.91703,145.04197
Hayman Avenue|Luxton Terrace|-38.09692,145.12943
Hayman Avenue|Portland Parade|-38.09705,145.13040
Hayman Avenue|Railway Parade|-38.09681,145.12844
Hayman Terrace|Tiverton Drive|-37.92780,145.18135
Haynes Court|Llewellyn Avenue|-38.02491,145.12454
Haynes Street|Marchant Street|-37.95125,145.03078
Haystack Court|St Helens Crescent|-37.99432,145.28540
Hayton Park Boulevard|Mayflower Drive|-38.11369,145.24764
Hayton Park Boulevard|Panama Road|-38.11151,145.24812
Hayton Park Boulevard|Verve Circuit|-38.11222,145.24793
Hayward Grove|The Avenue|-37.93266,145.00107
Hazel Avenue|Leslie Street|-37.99214,145.19880
Hazel Avenue|Spring Road|-37.94497,145.03255
Hazel Court|Leopold Crescent|-38.04422,145.26980
Hazel Street|Kelvin Avenue|-38.10538,145.12972
Hazel Street|Railway Parade|-38.10524,145.12859
Hazel Way|Ridgeway Street|-37.91705,145.22546
Hazeldean Avenue|Parkview Road|-37.91195,145.01224
Hazeldean Court|Verona Drive|-38.02475,145.25664
Hazelmere Avenue|Oakmont Place|-38.10864,145.26438
Hazelwood Avenue|Hollyhock Court|-38.07628,145.28217
Hazelwood Avenue|Honeysuckle Court|-38.07661,145.28232
Hazelwood Avenue|Huon Park Road|-38.07552,145.28221
Hazelwood Avenue|Rialto Avenue|-38.07795,145.28267
Hazelwood Close|Sandleford Place|-37.98808,145.12538
Headingly Court|Sienna Crescent|-37.98373,145.26868
Healey Road|Kitchen Road|-38.02750,145.22352
Healey Road|Park Drive|-38.03013,145.22412
Healey Street|Orana Court|-37.93616,145.04005
Healey Street|South Road|-37.93385,145.04071
Heany Park Road|Kilcatten Rise|-37.93841,145.24862
Heany Park Road|Liviana Drive|-37.93874,145.24851
Heany Park Road|Memory Lane|-37.94045,145.24822
Heany Park Road|Perri-Raso Rise|-37.94167,145.24797
Heany Park Road|Pia Drive|-37.93685,145.25248
Heany Park Road|Pranjic Place|-37.93649,145.24934
Heany Park Road|Providence Place|-37.94350,145.24750
Heany Park Road|Reece Court|-37.93654,145.24982
Heany Park Road|Reservoir Crescent|-37.94270,145.24778
Heany Park Road|Ruby Close|-37.93795,145.24871
Heany Park Road|Whitecliffe Drive|-37.94138,145.24799
Hearle Avenue|Nepean Highway|-38.01451,145.09220
Hearle Avenue|Pine Crescent|-38.01451,145.09220
Heath Avenue|Westminster Street|-37.90136,145.09553
Heath Crescent|Lonsdale Avenue|-37.93643,145.02795
Heathcote Court|Thomas Mitchell Drive|-37.98272,145.27248
Heather Court|Springfield Crescent|-38.04104,145.27247
Heather Grove|Moncur Avenue|-37.95703,145.14878
Heather Grove|Princess Avenue|-37.95642,145.14380
Heather Grove|Regent Avenue|-37.95627,145.14257
Heather Grove|Royal Avenue|-37.95679,145.14687
Heather Grove|Springvale Road|-37.95734,145.15139
Heather Grove|St Johns Avenue|-37.95695,145.14813
Heather Grove|Stevens Street|-37.95718,145.15007
Heather Grove|Tricia Avenue|-37.95661,145.14535
Heather Grove|Tulip Grove|-37.96168,145.04878
Heather Street|Lilac Street|-37.91998,145.05708
Heatherdew Close|Lachlan Drive|-37.97197,145.26214
Heatherton Link Road|Heatherton Road|-37.96797,145.19748
Heatherton Link Road|Princes Highway|-37.96882,145.19660
Heatherton Road|Hillside Avenue|-37.97042,145.21821
Heatherton Road|Hooker Avenue|-37.96067,145.13809
Heatherton Road|Hosken Street|-37.96348,145.16099
Heatherton Road|Ian Street|-37.96544,145.17689
Heatherton Road|Ingrid Street|-37.97073,145.22085
Heatherton Road|Jacques Road|-37.97986,145.29764
Heatherton Road|James Cook Drive|-37.97364,145.24647
Heatherton Road|James Street|-37.96456,145.16968
Heatherton Road|Jasper Street|-37.96544,145.17689
Heatherton Road|Jeffrey Street|-37.97011,145.21558
Heatherton Road|John Fawkner Drive|-37.97649,145.27054
Heatherton Road|Joseph Banks Crescent|-37.97426,145.25163
Heatherton Road|Kanaru Court|-37.97770,145.28130
Heatherton Road|Kelvinside Road|-37.96566,145.17874
Heatherton Road|Kerrison Avenue|-37.96395,145.16472
Heatherton Road|Khalil Avenue|-37.97124,145.22639
Heatherton Road|Kingston Road|-37.95757,145.11339
Heatherton Road|Lawn Road|-37.96367,145.16249
Heatherton Road|Liege Avenue|-37.96712,145.19190
Heatherton Road|Loma Street|-37.96380,145.16357
Heatherton Road|Mahala Court|-37.96021,145.13431
Heatherton Road|Matthew Flinders Avenue|-37.97498,145.25811
Heatherton Road|Memorial Drive|-37.96521,145.17500
Heatherton Road|Menzies Avenue|-37.96959,145.21118
Heatherton Road|Mirring Court|-37.97888,145.28956
Heatherton Road|Moncur Avenue|-37.96180,145.14745
Heatherton Road|Mons Parade|-37.96521,145.17500
Heatherton Road|Mossgiel Park Drive|-37.97484,145.25814
Heatherton Road|Namur Street|-37.96693,145.18954
Heatherton Road|Olympic Avenue|-37.96273,145.15495
Heatherton Road|Orloff Close|-37.96036,145.13534
Heatherton Road|Power Road|-37.97310,145.24222
Heatherton Road|Red Hill Road|-37.96196,145.14868
Heatherton Road|Reservoir Road|-37.97967,145.29612
Heatherton Road|Rockleigh Park Road|-37.97841,145.28573
Heatherton Road|Ryder Street|-37.96712,145.19190
Heatherton Road|Simpson Drive|-37.97054,145.21927
Heatherton Road|Simpson Street|-37.96424,145.16708
Heatherton Road|Spring Road|-37.96173,145.14687
Heatherton Road|Springvale Road|-37.96217,145.15026
Heatherton Road|Stevenson Avenue|-37.96803,145.19818
Heatherton Road|Stud Road|-37.97099,145.22355
Heatherton Road|Suzanne Street|-37.97006,145.21519
Heatherton Road|Tootal Road|-37.95977,145.13064
Heatherton Road|Treesbank Avenue|-37.96337,145.16007
Heatherton Road|View Road|-37.96291,145.15641
Heatherton Road|Vizard Street|-37.97018,145.21624
Heatherton Road|Wachter Court|-37.96680,145.18850
Heatherton Road|Watson Street|-37.96910,145.20706
Heatherton Road|Westall Road|-37.96053,145.13676
Heatherton Road|Westall Road Extension|-37.96053,145.13676
Heatherton Road|Wilcox Court|-37.96380,145.16357
Heatherton Road|Woodlee Street|-37.96993,145.21416
Heatherton Road Service Road|James Cook Drive|-37.97375,145.24645
Heatherton Road Service Road|Joseph Banks Crescent|-37.97438,145.25160
Heathfield Road|Killeen Avenue|-37.92700,145.00527
Heathfield Road|Mirams Lane|-37.92754,145.00888
Heathland Circuit|Royaloak Crescent|-38.12445,145.29136
Heathland Way|Lower Dandenong Road|-37.98875,145.12685
Heathland Way|Robina Court|-37.98694,145.12727
Heathland Way|Wattlebird Court|-37.98761,145.12714
Heathmere Crescent|Lachlan Drive|-37.96940,145.26247
Heathmere Crescent|Mossgiel Park Drive|-37.96928,145.26144
Heathmere Crescent|Mossvale Close|-37.96955,145.26311
Heathmere Crescent|Muirkirk Close|-37.97016,145.26503
Heathmere Crescent|Oban Close|-37.97060,145.26572
Heathmere Crescent|Scotsburn Way|-37.97088,145.26665
Heathmere Crescent|Troon Court|-37.96967,145.26446
Hebe Court|Tecoma Street|-38.12246,145.16551
Hebrides Close|Tony Way|-38.10478,145.24863
Hector Court|Marrbridge Road|-37.94108,145.05926
Hector Drive|Kingdom Drive|-38.09190,145.28594
Hector Street|William Street|-37.91251,145.00471
Hedgeley Road|Kendra Place|-37.99084,145.17732
Hedgeley Road|Locharn Crescent|-37.99156,145.17722
Hedgeley Road|Melanie Close|-37.99055,145.17800
Hedley Court|Maramba Drive|-37.99903,145.29883
Hedley Place|Strong Drive|-38.03337,145.27162
Helder Close|Remus Circuit|-38.10336,145.24971
Helder Close|Romulus Crescent|-38.10229,145.24993
Helen Court|Kleine Street|-37.97044,145.16839
Helena Court|Subzero Close|-37.92873,145.24805
Helena Court|Yvette Drive|-37.92798,145.24899
Helena Street|Mallawa Street|-37.93460,145.12369
Helena Street|McMillan Street|-37.93206,145.12418
Hellenic Court|Paras Drive|-38.11428,145.19093
Hellyer Street|Leonard Avenue|-37.97126,145.17536
Hellyer Street|Stuart Street|-37.97142,145.17674
Hellyer Street|Thomas Street|-37.97131,145.17770
Hellyer Way|Raymond McMahon Boulevard|-37.97935,145.26374
Helm Street|Laura Street|-38.01892,145.09826
Helmsdale Court|Middleham Close|-38.09392,145.26239
Helmsley Avenue|Hume Drive|-37.91639,145.28797
Hemingford Road|Tucker Road|-37.91466,145.05188
Hemingway Grove|Nobel Drive|-38.09637,145.25099
Hemingway Grove|Quarters Boulevard|-38.09790,145.25067
Hemming Street|South Road|-37.93274,145.03167
Hemmings Street|Pickett Street|-37.98343,145.20802
Hemmings Street|Purdy Avenue|-37.98288,145.20348
Hemmings Street|Robinson Street|-37.98384,145.21162
Hemmings Street|Weller Street|-37.98339,145.20765
Hemmings Street|Wilma Avenue|-37.98273,145.20224
Hemstal Lane|Linden Drive|-38.00125,145.17222
Hemstal Lane|Minot Court|-38.00098,145.17335
Hemstal Lane|Rosette Crescent|-38.00125,145.17222
Henderson Road|Kelletts Road|-37.91120,145.24113
Henderson Road|Laser Drive|-37.90521,145.24544
Henderson Road|Neutron Place|-37.90569,145.24696
Henderson Road|Orville Court|-37.90549,145.24304
Henderson Road|Rushdale Street|-37.90237,145.24812
Henderson Road|Valleyview Drive|-37.90564,145.24770
Henderson Road|Walnut Crescent|-37.98151,145.16140
Henderson Road|Wellington Road|-37.91672,145.14446
Hendrix Street|Mercury Road|-38.11907,145.29109
Hennessy Way|Shaw Close|-37.94901,145.19848
Henning Avenue|Paterson Drive|-38.06098,145.25333
Henning Avenue|Penton Way|-38.05925,145.25367
Henrietta Place|Lumeah Drive|-38.10640,145.25060
Henrietta Street|Katoomba Street|-37.93687,145.03629
Henrietta Street|Nepean Highway|-37.93578,145.03639
Henry Crescent|Kinsale Street|-38.10815,145.15328
Henry Crescent|Seaford Road|-38.11207,145.15251
Henry Crescent|Taldra Crescent|-38.10891,145.15314
Henry Lawson Drive|Lindsay Crescent|-38.05099,145.25202
Henry Lawson Drive|Litchfield Way|-38.05126,145.25126
Henry Lawson Drive|Paterson Drive|-38.05228,145.24921
Henry Lawson Drive|South Gippsland Highway|-38.04871,145.25622
Henry Street|Highett Road|-37.94895,145.04366
Henry Street|Joy Parade|-37.96583,145.17101
Henry Street|Montgomery Street|-37.91762,145.02159
Henry Street|Nicholas Grove|-37.95066,145.08818
Henry Street|Oaklands Court|-37.94820,145.04379
Henry Street|Old Dandenong Road|-37.95189,145.09871
Henry Street|Queens Square|-37.94636,145.00648
Henry Street|Romsey Street|-37.96684,145.16924
Henry Street|Station Street|-37.94895,145.04366
Henry Street|Susan Street|-37.94643,145.00725
Henry Street|Thomas Street|-37.91779,145.02301
Henry Street|Viola Crescent|-37.94562,145.04212
Henry Street|Wickham Road|-37.94503,145.04180
Henshaw Court|Oakgrove Drive|-38.05530,145.29882
Henty Street|Herbert Street|-37.98067,145.21328
Henty Street|Lindsay Avenue|-37.90075,145.06921
Henty Street|Marma Road|-37.90075,145.06921
Henty Street|Marriage Road|-37.91883,145.00968
Henty Street|McFarlane Crescent|-37.98106,145.21269
Henty Street|Princes Highway|-37.98211,145.21142
Henty Street|St Georges Court|-37.92043,145.00937
Henty Street|Waverley Street|-37.91965,145.00953
Heracles Lane|Jupiter Crescent|-38.11617,145.23560
Herald Street|Kayden Street|-37.95762,145.07255
Herald Street|Keys Road|-37.94943,145.07400
Herald Street|Lorna Street|-37.96154,145.07184
Herald Street|Mills Street|-37.95617,145.07282
Herald Street|Robross Street|-37.96390,145.07140
Herald Street|Silver Street|-37.96525,145.07113
Herald Street|Tanti Street|-37.96587,145.07101
Herald Street|Warren Road|-37.95555,145.07293
Herbert Road|Myhaven Circuit|-38.08867,145.18458
Herbert Road|Oberon Drive|-38.09093,145.18646
Herbert Road|Polaris Court|-38.09012,145.18464
Herbert Road|Sam Street|-38.08749,145.18550
Herbert Road|Sherbourne Drive|-38.08796,145.18525
Herbert Street|Holyrood Street|-37.94624,145.03643
Herbert Street|Huey Circuit|-38.11656,145.25370
Herbert Street|James Street|-37.97737,145.20967
Herbert Street|Market Street|-37.98107,145.21664
Herbert Street|Melbe Crescent|-37.98083,145.21463
Herbert Street|Robert Street|-37.98142,145.21959
Herbert Street|Snead Boulevard|-38.11488,145.25209
Herbert Street|Stud Road|-37.98163,145.22141
Herbert Street|Sunnyside Avenue|-37.98185,145.22324
Herbert Street|Wickham Road|-37.94444,145.03690
Heritage Drive|Jurang Way|-38.10840,145.20004
Heritage Drive|Large Street|-37.95537,145.14069
Heritage Drive|Manchester Drive|-38.10812,145.19632
Heritage Drive|McKirdy Street|-37.95526,145.13972
Heritage Drive|Montana Way|-38.10812,145.19632
Heritage Drive|Opal Court|-38.10950,145.19802
Heritage Way|Talisman Place|-37.92081,145.28262
Hermes Avenue|Pegasus Road|-38.11315,145.23383
Hermitage Place|Langhorne Crescent|-37.90294,145.27063
Hermitage Rise|Meadow Wood Walk|-38.02352,145.30063
Hermitage Rise|Valley Fair Drive|-38.02459,145.29941
Heron Court|Village Drive|-37.98225,145.12023
Herrington Avenue|Landon Place|-38.10739,145.19377
Herrington Avenue|Leffern Court|-38.10837,145.19407
Herrington Avenue|McCormicks Road|-38.10929,145.19551
Herrington Avenue|Rowellyn Avenue|-38.10650,145.19416
Herrington Avenue|Tuskar Place|-38.10881,145.19429
Herrington Avenue|Tyas Place|-38.10798,145.19389
Hertford Crescent|Sheringham Drive|-37.90252,145.18255
Heslop Street|Parkers Road|-37.99397,145.07670
Heslop Street|The Corso|-37.99503,145.07505
Hessian Place|Scotland Circuit|-38.10790,145.24803
Hester Place|Perceval Court|-37.91929,145.28651
Hestia Avenue|Jupiter Crescent|-38.11676,145.23548
Hewitt Street|Keys Road|-37.94796,145.06174
Hewitt Street|Kylie Place|-37.94900,145.06154
Heyington Boulevard|Lansell Court|-38.10958,145.18067
Heyington Crescent|Kingswood Crescent|-37.96104,145.19847
Heyington Crescent|Lawrence Crescent|-37.95834,145.19942
Heyington Crescent|Marsham Street|-37.95762,145.19948
Heyington Crescent|Springfield Court|-37.96316,145.19669
Heyington Crescent|Titcher Road|-37.95902,145.19902
Heyington Crescent|Wilga Court|-37.95712,145.19949
Heyington Crescent|Wimpole Street|-37.96370,145.19618
Heymount Way|Seaberry Promenade|-38.09308,145.20495
Heysen Close|Streeton Court|-37.93172,145.23351
Heysen Drive|McCormicks Road|-38.11105,145.19520
Heytesbury Place|Notre Dame Parade|-37.92404,145.18608
Heywood Close|Prospect Hill Crescent|-37.95731,145.22358
Heywood Crescent|Lansell Drive|-38.08265,145.28975
Heywood Grove|Kennington Park Drive|-37.96864,145.25866
Hi-Tech Place|Laser Drive|-37.91044,145.24443
Hibiscus Avenue|Jacaranda Avenue|-37.97066,145.07895
Hibiscus Avenue|Maple Court|-37.97069,145.08005
Hibiscus Avenue|Willow Avenue|-37.96955,145.08251
Hibiscus Court|Nigra Street|-37.98877,145.24120
Hickman Avenue|Joelle Court|-38.02226,145.11987
Hickman Avenue|Keaton Way|-38.02221,145.11954
Hickory Crescent|Longleaf Street|-38.12492,145.15317
Hickory Crescent|Stone Street|-38.12508,145.15110
Hicks Court|Kavanagh Court|-37.92262,145.26141
Hicks Court|Simpson Drive|-37.96899,145.21985
Hicks Street|Keiller Avenue|-37.98650,145.09163
Hidden Grove Boulevard|Keylana Drive|-38.00405,145.15840
Hidden Grove Boulevard|Longview Road|-38.00664,145.15378
Hidden Grove Boulevard|Teeside Way|-38.00675,145.15469
Hidden Grove Boulevard|Watervale Way|-38.00548,145.15727
Higgins Close|McClure Road|-37.96925,145.12866
Higgins Road|Jasper Road|-37.92231,145.04103
High Street|High Street Service Road|-38.09971,145.28299
High Street|Holding Street|-37.99108,145.03536
High Street|James Street|-38.00538,145.08322
High Street|John Street|-38.00494,145.08383
High Street|Loch Street|-38.10076,145.28279
High Street|Lyall Street|-38.10949,145.28355
High Street|Main Street|-38.00426,145.08475
High Street|Normanby Street|-38.09983,145.28296
High Street|Princes Highway Service Road|-37.97982,145.20905
High Street|Reid Street|-37.99167,145.03524
High Street|Sladen Street|-38.11296,145.28290
High Street|South Gippsland Highway|-38.11307,145.28287
High Street|Station Street|-38.10113,145.28272
High Street|Stawell Street|-38.10796,145.28335
High Street|Walter Street|-38.10267,145.28227
High Street|White Street|-37.98976,145.03578
High Street|William Street|-38.10356,145.28210
High Street Service Road|Normanby Street|-38.09989,145.28314
High Street Service Road|Station Street|-38.10127,145.28281
High Street Service Road|Walter Street|-38.10265,145.28211
High Street Service Road|William Street|-38.10354,145.28195
High Vista Court|Latina Court|-37.99158,145.28009
High Vista Court|West Vista Place|-37.99043,145.27963
Highbury Avenue|Keiller Street|-37.93521,145.03323
Highbury Avenue|King Street|-37.93393,145.03350
Highbury Avenue|Oswald Thomas Avenue|-37.93589,145.03310
Highbury Avenue|Reynolds Street|-37.93435,145.03342
Highbury Avenue|South Road|-37.93300,145.03369
Highbury Grove|Labassa Court|-38.00704,145.17550
Highbury Grove|Somerfield Drive North|-38.00881,145.17340
Highbury Grove|Somerfield Drive South|-38.00778,145.17615
Highett Road|Holzer Street|-37.94530,145.01365
Highett Road|Jillian Avenue|-37.94659,145.02382
Highett Road|Lansdown Street|-37.94507,145.01180
Highett Road|Major Street|-37.94846,145.03959
Highett Road|Middleton Street|-37.94848,145.03976
Highett Road|Miller Street|-37.94738,145.03040
Highett Road|Minnie Street|-37.94513,145.01227
Highett Road|Nelson Street|-37.94499,145.01113
Highett Road|Nepean Highway|-37.94907,145.04608
Highett Road|Nicol Street|-37.94712,145.02823
Highett Road|Panorama Avenue|-37.94776,145.03357
Highett Road|Peterson Street|-37.94666,145.02438
Highett Road|Railway Parade|-37.94879,145.04237
Highett Road|Ralph Street|-37.94522,145.01300
Highett Road|Rose Street|-37.94780,145.03395
Highett Road|Rowans Road|-37.94907,145.04608
Highett Road|Sargood Street|-37.94495,145.01066
Highett Road|Spring Road|-37.94757,145.03199
Highett Road|Station Street|-37.94895,145.04366
Highett Road|Swyer Street|-37.94620,145.02071
Highett Road|Telford Street|-37.94699,145.02718
Highett Road|Tibrockney Street|-37.94794,145.03513
Highett Road|Train Street|-37.94859,145.04062
Highett Road|Tweed Street|-37.94727,145.02947
Highett Road|Valerian Street|-37.94606,145.01965
Highett Road|View Street|-37.94913,145.04522
Highett Road|Wales Street|-37.94556,145.01571
Highett Road|Wilson Street|-37.94699,145.02714
Highett Road|Worthing Road|-37.94834,145.03849
Highfield Avenue|Kalimna Avenue|-37.92541,145.14973
Highfield Avenue|Mountain Crescent|-37.92615,145.15570
Highfield Avenue|Roberts Avenue|-37.92527,145.14862
Highfield Avenue|Seaview Crescent|-37.92601,145.15459
Highfield Avenue|Springvale Road|-37.92629,145.15684
Highfield Avenue|Wilma Avenue|-37.92569,145.15197
Highgate Way|Rossiter Court|-37.90425,145.27849
Highgate Way|Sovereign Crest Boulevard|-37.90494,145.27629
Highgate Way|Victoria Knox Avenue|-37.90358,145.27807
Highgrange Way|Manorlane Place|-37.99294,145.28921
Highland Avenue|Lawson Parade|-37.95285,145.02868
Highland Avenue|Marchant Street|-37.95105,145.02903
Highland Avenue|Pound Road|-38.02747,145.26119
Highland Avenue|Princes Highway|-37.90778,145.11686
Highland Avenue|Sunburst Street|-37.90375,145.11763
Highland Avenue|Sunshine Street|-37.90696,145.11709
Highland Avenue|Turnbull Avenue|-37.90216,145.11794
Highland Court|Purdy Avenue|-37.97914,145.20421
Highland Court|Seventh Avenue|-37.97914,145.20421
Highmount Drive|Kate Avenue|-38.04612,145.27582
Highmount Drive|Oakman Way|-38.04820,145.27612
Highmount Drive|The Mews|-38.04598,145.27397
Highton Close|Oaktree Drive|-38.02477,145.25166
Highview Road|Millis Avenue|-37.92932,145.06433
Hikari Crescent|Lefrant Way|-38.12775,145.23383
Hikari Crescent|Sonar Street|-38.12982,145.23237
Hilary Grove|Matthews Road|-37.92907,145.07132
Hilary Grove|Tasman Road|-37.92766,145.07160
Hilda Mews|Wildoer Drive|-38.02760,145.12812
Hilda Street|Remer Court|-37.97166,145.07694
Hilda Street|Voltri Street|-37.97508,145.07635
Hilda Way|Neeroonda Place|-38.11183,145.26708
Hilda Way|Stevensons Road|-38.11216,145.26865
Hilden Court|Parkview Close|-37.97754,145.22873
Hill Edge Court|Lake Park Court|-37.95824,145.27958
Hill Street|Margaretta Street|-37.92628,145.05922
Hill Street|Nepean Highway|-37.96336,145.05644
Hillard Court|Nerita Court|-37.91968,145.19538
Hillard Court|Redfield Court|-37.91976,145.19512
Hillard Court|Whalley Drive|-37.92034,145.19446
Hillcrest Avenue|Maroona Road|-37.94564,145.03454
Hillcrest Avenue|Seaton Road|-37.94551,145.03352
Hillcrest Avenue|Warleigh Grove|-37.90555,145.00585
Hillcrest Grove|Jobert Court|-37.95781,145.15613
Hillcrest Grove|Rosemary Avenue|-37.95737,145.15257
Hillcrest Grove|Springvale Road|-37.95723,145.15141
Hillcrest Grove|Tyree Avenue|-37.95752,145.15374
Hillcrest Grove|View Road|-37.95797,145.15735
Hillingdon Court|Marcus Road|-37.98029,145.13564
Hillingdon Court|Wendon Court|-37.98088,145.13654
Hillside Avenue|McFees Road|-37.96441,145.21803
Hillside Avenue|Oldmeadow Street|-37.96852,145.21854
Hillside Avenue|Tooronga Street|-37.96652,145.21894
Hillside Avenue|Tovan Akas Avenue|-37.92308,145.02900
Hillside Court|Panorama Court|-37.95636,145.26762
Hillside Court|Parkview Terrace|-37.95636,145.26762
Hillside Street|McWilliam Street|-37.93849,145.16608
Hillside Street|Police Road|-37.93440,145.16687
Hillside Street|Princes Highway|-37.94062,145.16535
Hillsley Avenue|Jaguar Close|-37.99287,145.28208
Hillsley Avenue|Mackellar Close|-37.99409,145.27979
Hillston Road|Nepean Highway|-37.94216,145.04141
Hillston Road|William Street|-37.94214,145.04504
Hillview Avenue|Stamford Crescent|-37.92030,145.23299
Hillview Drive|Oakwood Drive|-38.09728,145.19047
Hillview Drive|Regency Court|-38.09540,145.19049
Hillview Drive|Shoreline Crescent|-38.09694,145.19220
Hillview Drive|Surfers Crescent|-38.09694,145.19220
Hillview Rise|James Wyman Place|-38.04093,145.27753
Hilton Avenue|Olinda Avenue|-37.95987,145.14391
Hilton Avenue|Silvan Avenue|-37.96001,145.14504
Hilton Avenue|Upwey Avenue|-37.96012,145.14598
Hilton Court|Pasadena Crescent|-37.92986,145.07119
Hilton Street|Keating Street|-37.97865,145.02509
Hilton Street|Plunkett Road|-37.99787,145.22439
Hilton Street|Quinn Street|-37.99787,145.22439
Himbeck Court|Princes Highway Service Road|-37.95890,145.18505
Hindmarsh Court|Wills Court|-38.07395,145.26479
Hindmarsh Street|Tamboon Drive|-37.91442,145.25061
Hinkler Avenue|Tucker Road|-37.93353,145.04853
Hinkler Avenue|Valerie Street|-37.93392,145.05167
Hinneberg Street|Stringer Avenue|-38.11221,145.25748
Hinnenberg Circuit|Indie Circuit|-38.11708,145.25747
Hinnenberg Circuit|Langer Circuit|-38.11708,145.25747
Hinrichsen Drive|Jabiru Place|-38.01446,145.28268
Hinrichsen Drive|Jaya Court|-38.01708,145.28140
Hinrichsen Drive|Princes Highway|-38.00922,145.27826
Hinrichsen Drive|Rokeby Close|-38.01013,145.27766
Hinrichsen Drive|Sasha Court|-38.01336,145.28301
Hinrichsen Drive|Seaton Rise|-38.01657,145.27867
Hinrichsen Drive|Thornton Close|-38.01081,145.27742
Hinrichsen Drive|Tolmie Rise|-38.00954,145.27804
Hinrichsen Drive|Yoni Court|-38.01683,145.27971
Hoad Court|Rupert Drive|-37.93166,145.17789
Hobart Street|Patterson Road|-37.92684,145.04544
Hobbs Court|Matthew Flinders Avenue|-37.98123,145.25593
Hobson Street|Moorabbin Street|-37.94857,145.01347
Hobson Street|Nelson Street|-37.94823,145.01056
Hobson Street|Wood Street|-37.94842,145.01219
Hodder Street|Lorrean Avenue|-37.90450,145.02301
Hodder Street|Lubrano Street|-37.90612,145.02273
Hodder Street|Murray Street|-37.90578,145.02279
Hodder Street|North Road|-37.90191,145.02345
Hodder Street|Union Street|-37.90995,145.02209
Hodder Street|Valanne Street|-37.90369,145.02315
Hoddle Court|Rouse Street|-38.09123,145.26990
Hoddle Street|O'Shannasy Street|-37.93045,145.19072
Hodges Close|Pitfield Crescent|-37.92405,145.25603
Hodgson Grove|Matthews Road|-37.92930,145.07330
Hodgson Grove|Tasman Road|-37.92797,145.07352
Hoffman Street|Stanley Avenue|-37.96904,145.05643
Hoffman Street|Tuck Street|-37.97046,145.05850
Hogan Close|La Perouse Boulevard|-38.06875,145.12935
Holding Street|Reserve Road|-37.99040,145.03208
Holland Avenue|Jacks Avenue|-37.98439,145.12475
Holland Avenue|Rhoda Street|-37.98515,145.12460
Holloway Road|Miller Street|-37.95675,145.02126
Holloway Road|Park Avenue|-37.95696,145.02311
Holloway Street|Parker Street|-37.90217,145.04948
Holloway Street|Wild Cherry Road|-37.90232,145.05083
Holly Avenue|Kandra Street|-37.96146,145.20540
Holly Avenue|Laemmle Street|-37.96248,145.20508
Holly Avenue|Oakwood Avenue|-37.96458,145.20340
Holly Avenue|Pinewood Avenue|-37.96321,145.20451
Holly Green Drive|Merrang Court|-37.90377,145.17599
Holly Green Drive|Norwood Court|-37.90298,145.17503
Holly Place|Spencer Drive|-38.09167,145.19861
Holly Smith Avenue|Second Avenue|-37.97612,145.09052
Hollydene Court|Tinks Road|-38.01148,145.29110
Hollyview Court|Willow Avenue|-37.91471,145.27061
Holmbury Boulevard|Maitland Close|-37.92938,145.20566
Holmes Street|Liege Avenue|-37.97342,145.19073
Holmes Street|Raven Street|-37.97260,145.18953
Holohan Place|Lamar Court|-37.96366,145.22159
Holohan Place|McFees Road|-37.96470,145.22035
Holroyd Street|Molesworth Street|-38.11259,145.14551
Holroyd Street|Seaford Road|-38.11124,145.14577
Holroyd Street|Stawell Street|-38.11392,145.14531
Holt Court|Lalor Court|-37.96161,145.13181
Holyrood Street|Muir Street|-37.94618,145.03541
Holyrood Street|Talbot Street|-37.93347,145.00040
Homebush Avenue|Royaloak Crescent|-38.12489,145.29149
Homeleigh Road|Talisker Street|-38.00981,145.16450
Homeleigh Road|Weatherall Way|-38.00972,145.16378
Homestead Drive|Sundowner Court|-37.90214,145.19209
Homestead Road|McMahens Road|-38.04783,145.16534
Homewood Boulevard|Young Road|-38.00378,145.27544
Honey Myrtle Way|Springhill Drive|-38.08642,145.28374
Honeybark Crescent|Yellowgum Avenue|-38.07755,145.25644
Honeyeater Grove|Riflebird Avenue|-37.99735,145.29159
Honeyeater Grove|Wagtail Court|-37.99805,145.29133
Honeyeater Place|Sunbird Crescent|-38.11284,145.17823
Honeysuckle Avenue|Strada Crescent|-37.91176,145.17130
Honeysuckle Avenue|Tereva Crescent|-37.91066,145.17106
Honeysuckle Street|Tamarisk Drive|-38.12268,145.16729
Honeysuckle Street|Tecoma Street|-38.12335,145.16593
Hood Street|Littlewood Street|-37.93529,145.00768
Hood Street|Ludstone Street|-37.93358,145.00813
Hood Street|Mills Street|-37.93605,145.00751
Hood Street|Phillip Street|-38.12965,145.13622
Hood Street|Willis Street|-37.93702,145.00735
Hoop Court|Mallee Street|-38.12107,145.15373
Hoop Pine Court|Hoysted Avenue|-38.07837,145.27699
Hooper Drive|Marriott Crescent|-38.09002,145.20191
Hooper Drive|Wedge Road|-38.08823,145.20210
Hooper Drive|Whiting Court|-38.08864,145.20201
Hope Court|Maculata Drive|-38.09992,145.26604
Hope Street|Peace Street|-37.93645,145.15271
Hope Street|Springvale Road|-37.93673,145.15499
Hope Street|Tregenna Court|-37.90699,145.01099
Hope Street|Union Street|-37.90784,145.01086
Hopegood Place|Thiele Court|-38.04640,145.24865
Hopkins Close|Superior Avenue|-37.91407,145.23773
Hopkins Street|Thomas Street|-37.91008,145.02434
Hopkins Street|Whitmuir Road|-37.91103,145.02948
Hopkins Street|Woodlee Street|-37.97466,145.21327
Hopwood Court|Raleigh Drive|-38.05624,145.29366
Horizon Boulevard|Pinnacle Way|-38.04518,145.26927
Horizon Boulevard|Plateau Crescent|-38.04570,145.26624
Horizon Boulevard|Summit Court|-38.04567,145.26607
Horizon Boulevard|Sunrise Court|-38.04530,145.26796
Hornby Street|Keating Street|-37.97965,145.02490
Hornby Street|Rogers Avenue|-37.91148,145.01950
Horne Court|Norman Avenue|-38.04225,145.13102
Hornsby Street|Huckson Street|-37.99175,145.20698
Hornsby Street|Keneally Street|-37.99139,145.20616
Hornsby Street|Rodwell Street|-37.99104,145.20194
Hornsby Street|Rosling Lane|-37.99118,145.20573
Hornsby Street|Seely Street|-37.99062,145.20366
Hornsby Street|Steven Street|-37.99128,145.20112
Hornsea Court|Templewood Avenue|-37.95227,145.19562
Horscroft Place|Linton Street|-37.93572,145.04282
Horsfield Street|Hoya Court|-38.07063,145.27065
Horsfield Street|Lawless Drive|-38.07086,145.27225
Horsfield Street|Waverley Park Drive|-38.06902,145.27040
Horsfield Street|Yew Court|-38.06940,145.26969
Horsham Drive|Scotsdale Drive|-38.10208,145.29614
Horsham Drive|Waterside Drive|-38.10278,145.29417
Horsley Street|Jasper Road|-37.91799,145.04183
Hosken Street|Janine Road|-37.96678,145.16036
Hosken Street|Sharon Road|-37.96583,145.16054
Hotelier Court|Lily Way|-38.11858,145.19842
Hotham Street|Hume Street|-37.98101,145.03604
Hotham Street|Kangaroo Road|-37.89960,145.07923
Hotham Street|Latrobe Street|-38.10243,145.28966
Hotham Street|Loch Street|-38.10162,145.28982
Hotham Street|Marklin Street|-38.10420,145.28922
Hotham Street|McNaught Street|-37.98086,145.03474
Hotham Street|Normanby Street|-38.10072,145.29004
Hotham Street|Reserve Road|-37.98075,145.03390
Houndsforth Street|Hunt Club Boulevard|-38.10449,145.29537
Houndsforth Street|Woodhenge Close|-38.10295,145.29555
Hourigan Avenue|Manatunga Street|-37.91777,145.12534
Hourigan Avenue|Prince Street|-37.91763,145.12421
Hourigan Avenue|Royalty Street|-37.91748,145.12306
Houston Street|Lower Dandenong Road|-37.98435,145.09075
Hovell Court|Ruffy Drive|-38.09902,145.27534
Howard Avenue|North Road|-37.90241,145.02733
Howard Avenue|Sherwood Street|-37.90447,145.02696
Howard Road|Lower Dandenong Road|-37.98809,145.12014
Howard Road|Plaza Crescent|-37.98420,145.12093
Howard Road|Timms Crescent|-37.98088,145.12157
Howard Road|Village Drive|-37.97703,145.12232
Howden Street|Mossbank Road|-38.11683,145.29996
Howden Street|Pinebank Avenue|-38.11666,145.29908
Howe Avenue|Lipton Drive|-37.94541,145.21003
Howe Avenue|Scenic Court|-37.94732,145.21181
Howell Avenue|Rossmith Avenue|-37.97820,145.05066
Howell Avenue|Wallace Crescent|-37.97820,145.05066
Howell Street|Milliara Grove|-37.91117,145.01569
Howell Street|Nepean Highway|-37.92999,145.03190
Howell Street|North Avenue|-37.93002,145.03446
Howell Street|Palmer Avenue|-37.91112,145.01515
Howell Street|Stradbroke Avenue|-37.91123,145.01619
Howitt Avenue|Summit Avenue|-37.93961,145.02452
Howitt Avenue|Widdop Crescent|-37.94067,145.02432
Howland Place|Lorland Court|-38.00584,145.17162
Howland Place|Newburgh Street|-38.00660,145.17144
Howson Close|Isaac Smith Crescent|-37.97669,145.24687
Howsted Court|Janlea Close|-37.92934,145.25228
Hoya Crescent|Tamarisk Drive|-38.11884,145.16473
Hoya Crescent|Whitewood Street|-38.12097,145.16487
Hoyle Court|Newport Road|-37.93249,145.11504
Hoyle Court|Taddor Drive|-38.09772,145.28688
Hoysted Avenue|Lowther Court|-38.08078,145.28127
Hoysted Avenue|Oregon Court|-38.07910,145.27729
Hoysted Avenue|Peppercorn Court|-38.07929,145.27743
Hoysted Avenue|Pine Hill Court|-38.08097,145.28309
Hoysted Avenue|Plaistow Court|-38.08069,145.28056
Hoysted Avenue|Woodbine Road|-38.08046,145.27944
Hoysted Close|Jack Holt Way|-38.00622,145.10272
Hubbard Avenue|Somerset Court|-37.93078,145.18052
Huckson Rise|McKeon Circuit|-37.95298,145.21926
Huckson Street|Hunt Lane|-37.99200,145.20681
Huckson Street|Ogrady Lane|-37.99234,145.20658
Hudson Court|Indian Drive|-38.00840,145.18265
Hudson Place|Severn Crescent|-37.91906,145.25671
Hudson Street|Sladen Street|-38.11218,145.27752
Hudson Street|Thomas Street|-37.93936,145.01073
Hudson Street|Tucker Road|-37.91042,145.05260
Hudson Street|Willis Street|-37.93751,145.01109
Huey Circuit|Snead Boulevard|-38.11483,145.25370
Hugden Close|Tobin Way|-38.06364,145.24967
Hughes Close|Joseph Banks Crescent|-37.97509,145.25117
Hughes Court|Kerrison Drive|-38.03136,145.25548
Hughes Court|Lum Road|-37.90476,145.17991
Hughes Crescent|Latham Crescent|-37.96644,145.21081
Hughes Crescent|McLean Crescent|-37.96608,145.21195
Hughes Crescent|Watson Street|-37.96828,145.20721
Hughes Street|Sara Avenue|-37.92121,145.01605
Hugo Street|Victor Street|-37.98393,145.03715
Hull Street|Warwick Street|-37.92064,145.06819
Hull Street|York Street|-37.91933,145.06845
Hume Road|Springvale Road|-37.96674,145.14915
Hume Street|Huntingdale Road|-37.91077,145.10357
Hummerstone Road|Hunt Drive|-38.10676,145.13855
Hummerstone Road|Michael Court|-38.10650,145.13642
Humphrey Lane|McCubbin Drive|-37.97504,145.07115
Humphrey Lane|Streeton Drive|-37.97494,145.07037
Humphreys Way|Moss Court|-37.92064,145.26553
Humphreys Way|Weeks Close|-37.92118,145.26469
Humphreys Way|Wentworth Avenue|-37.92181,145.26388
Hunsford Avenue|Pemberley Drive|-37.90701,145.15000
Hunsford Avenue|Risdon Drive|-37.90899,145.14866
Hunsford Avenue|Tulip Court|-37.90827,145.14879
Hunt Club Boulevard|Meadow Croft Court|-38.10397,145.29326
Hunt Club Boulevard|Narre Warren Road|-38.10316,145.29231
Hunt Club Boulevard|Waterside Drive|-38.10437,145.29449
Hunt Crescent|Rochell Court|-37.94561,145.10354
Hunt Drive|Valerie Court|-38.10803,145.13705
Hunter Avenue|Iona Street|-37.97405,145.02405
Hunter Rise|Matthew Flinders Avenue|-37.98276,145.25536
Hunter Street|Leila Road|-37.90219,145.05816
Hunter Street|Longstaff Street|-37.90373,145.05785
Hunter Street|North Road|-37.90607,145.05739
Hunter Street|North Road Service Road|-37.90600,145.05740
Hunter Street|Patterson Street|-37.90297,145.05801
Hunter Street|Waranga Street|-37.94150,145.21433
Huntingdale Court|Oakmont Close|-37.94001,145.22598
Huntingdale Court|Tanglewood Road|-37.93984,145.22738
Huntingdale Road|Leigh Street|-37.90499,145.10467
Huntingdale Road|Mortimer Street|-37.90348,145.10497
Huntingdale Road|Myrtle Court|-37.91871,145.10213
Huntingdale Road|North Road|-37.91154,145.10370
Huntingdale Road|Princes Highway|-37.90073,145.10553
Huntingdale Road|Railway Avenue|-37.91087,145.10355
Huntingdale Road|Ross Street|-37.90716,145.10425
Huntingdale Road|Stafford Street|-37.91006,145.10370
Huntingdale Road|State Street|-37.90006,145.10557
Huntingdale Road|Valley Street|-37.91714,145.10243
Huntingdale Road|Vernon Street|-37.90427,145.10481
Huntingdale Road|Wendy Court|-37.91789,145.10229
Huntingdale Road|Worcester Street|-37.90283,145.10509
Huntingdon Road|Joy Street|-37.91571,145.05444
Huntingdon Road|Roselyn Crescent|-37.91571,145.05444
Huntingdon Road|St Ives Road|-37.91583,145.05384
Huntingdon Road|Tucker Road|-37.91558,145.05173
Huntingfield Court|Park View Drive|-37.90540,145.05848
Huntington Drive|Leopold Crescent|-38.04247,145.26955
Huntington Drive|Michelle Drive|-38.04311,145.27137
Huntington Drive|Robert Court|-38.04267,145.27054
Huntington Drive|Springfield Crescent|-38.04343,145.27283
Huntley Road|Pascoe Avenue|-37.91295,145.02798
Huntley Road|Thomas Street|-37.91246,145.02393
Huntley Road|Whitmuir Road|-37.91308,145.02913
Huntly Close|St Cuthberts Avenue|-37.98463,145.13298
Huntsman Drive|Jessie Street|-37.97978,145.18369
Huntsman Drive|Newman Avenue|-37.97940,145.18037
Huon Court|Monterey Boulevard|-38.12029,145.15157
Huon Grove|Matthews Road|-37.92920,145.07232
Huon Grove|Tasman Road|-37.92778,145.07261
Huon Park Road|Ironwood Avenue|-38.07477,145.27653
Huon Park Road|Lawless Drive|-38.07421,145.27226
Huon Park Road|South Gippsland Highway|-38.07421,145.27150
Huon Park Road|Waverley Park Drive|-38.07455,145.27511
Hurlingham Street|Union Street|-37.90825,145.01449
Huron Close|Lakeside Boulevard|-37.91368,145.24269
Hutchins Avenue|John Edgcumbe Way|-37.98709,145.25917
Hutchins Avenue|Matthew Flinders Avenue|-37.98724,145.25646
Hutchins Avenue|Nowell Court|-37.98716,145.25747
Hutchins Way|Minka Place|-38.11771,145.18912
Hutchinson Drive|Northey Road|-38.04602,145.25060
Hutchinson Drive|Odowd Place|-38.05525,145.25848
Hutchinson Drive|Ratcliffe Way|-38.04727,145.25039
Hutchinson Drive|Rowcroft Avenue|-38.05394,145.25661
Hutchinson Drive|Slessor Avenue|-38.04985,145.25236
Hutchinson Street|Tucker Road|-37.92424,145.05019
Hutton Road|Jalta Court|-38.01219,145.15230
Hutton Road|Perry Road|-38.01165,145.17161
Hutton Road|Springvale Road|-38.01078,145.14089
Hutton Street|Mason Street|-37.98724,145.21115
Hutton Street|Pickett Street|-37.98683,145.20742
Hutton Street|Robinson Street|-37.98725,145.21099
Huxley Avenue|Kambara Drive|-37.92915,145.17978
Huxley Avenue|Outlook Drive|-37.94791,145.21645
Huxley Avenue|Police Road|-37.93588,145.17845
Huxley Avenue|Thornton Court|-37.94776,145.21537
Huxley Avenue|Tiverton Drive|-37.92712,145.18051
Huxley Avenue|Whitehaven Crescent|-37.92807,145.18002
Huxley Crescent|Thomas Mitchell Drive|-37.98076,145.27538
Hyatt Court|Springswood Drive|-37.93651,145.10690
Hyde Court|Keating Crescent|-38.00142,145.20231
Hyde Court|Mackie Road|-37.92502,145.16416
Hydra Street|Kingdom Drive|-38.09282,145.28704
Hydrive Close|Remington Drive|-38.03016,145.23034
Hyland Street|Jarman Street|-38.00295,145.10405
Hyland Street|Purtell Close|-38.00282,145.10302
Hyland Street|Williamson Close|-38.00295,145.10405
Hyperno Way|Sandarra Boulevard|-38.08183,145.19878
Hyssop Drive|Marjoram Close|-38.00561,145.28341
Hyssop Drive|Weeden Crescent|-38.00934,145.28245
Ian Court|Sheridan Avenue|-37.93419,145.25519
Ian Street|Jasper Street|-37.96544,145.17689
Ian Street|Mons Parade|-37.96663,145.17667
Ian Street|Muderra Way|-37.96663,145.17667
Ibrox Street|Marylebone Drive|-37.92635,145.18741
Ibrox Street|Waverley Park Drive|-37.92677,145.18820
Ida Street|Westall Road Service Road|-37.94235,145.13995
Ideal Avenue|Nepean Highway|-38.02190,145.09840
Iena Street|Norman Court|-38.00157,145.20920
Iena Street|Vivien Street|-38.00167,145.21013
Ikara Court|Keamy Avenue|-37.95635,145.05956
Illawarra Avenue|Seebeck Road|-37.93775,145.22391
Illawarra Crescent|Koonung Street|-37.95330,145.20209
Illawarra Crescent|London Court|-37.95405,145.20198
Illawarra Crescent|Lyndale Court|-37.95484,145.19985
Illawarra Crescent|Noojee Court|-37.95048,145.19989
Illawarra Crescent|Yallambee Court|-37.95072,145.19940
Illawong Court|Kulanda Court|-38.06963,145.14923
Illawong Court|McLeod Road|-38.07113,145.14895
Illawong Court|Moina Court|-38.06826,145.14794
Illukey Court|Stanford Avenue|-38.00275,145.14595
Ilma Court|Peter Avenue|-37.99645,145.08186
Ilma Grove|Patterson Street|-38.06931,145.12303
Ilma Grove|The Fairway|-38.06757,145.12818
Iluka Avenue|Kiewa Court|-38.02543,145.11121
Iluka Avenue|Tarongo Drive|-38.02256,145.10673
Iluka Avenue|Tyabb Grove|-38.02425,145.10936
Iluka Avenue|Wanda Court|-38.02473,145.11011
Iluka Street|Iona Street|-37.97426,145.02582
Iluka Street|Stanley Street|-37.97336,145.02598
Iluka Street|Woodall Street|-37.97540,145.02561
Imagine Way|Prosperity Way|-38.05133,145.20962
Imbros Street|South Road|-37.92997,145.00907
Imbros Street|Villeroy Street|-37.93178,145.01009
Imes Street|Nepean Highway|-37.99062,145.08160
Imlach Court|Spring Road|-37.98187,145.13896
Immerset Drive|Tern Close|-38.05150,145.13734
Inala Court|Kambara Drive|-37.92954,145.17625
Incana Court|Serrata Street|-38.09794,145.26350
Incana Place|Timbertop Drive|-37.93225,145.22328
Indie Circuit|Langer Circuit|-38.11708,145.25747
Indie Circuit|Whethered Court|-38.11693,145.25640
Indigo Court|Rosemary Crescent|-38.12514,145.16049
Indra Street|Kawai Lane|-38.02842,145.27647
Indra Street|Landscape Boulevard|-38.02807,145.27654
Industrial Avenue|Normanby Road|-37.90527,145.12981
Industrial Drive|Jarrah Drive|-38.00525,145.10963
Inga Street|Nonna Street|-37.90061,145.11554
Inglewood Avenue|Kingswood Crescent|-37.96011,145.19669
Inglewood Avenue|Titcher Road|-37.95877,145.19696
Inglis Avenue|Overton Road|-38.12879,145.12677
Ingrid Street|May Court|-37.97246,145.22051
Ingrid Street|Oswald Street|-37.97407,145.22033
Ingrid Street|Peter Court|-37.97162,145.22067
Inlet Street|Kubis Avenue|-38.01871,145.10163
Inlet Street|Laura Street|-38.01966,145.09881
Inner Harbour Drive|Thompson Road|-38.06963,145.14062
Insaf Court|Strabane Way|-38.04106,145.25685
Inverness Place|St Andrews Drive|-37.95868,145.08174
Inverness Place|St Georges Crescent|-37.95978,145.08153
Inverness Street|Nevis Court|-37.96482,145.26655
Inverness Street|Peebles Street|-37.96653,145.26679
Inverness Street|Shetland Street|-37.96285,145.26717
Inverness Street|Skye Crescent|-37.96400,145.26716
Inverness Street|Springs Road|-37.93164,145.10910
Iona Street|Luke Street|-37.92147,145.12822
Iona Street|Panorama Street|-37.92160,145.12928
Iona Street|Prospect Grove|-37.97365,145.02070
Ireland Road|Mardi Court|-37.95709,145.13431
Ireland Road|Tadstan Court|-37.95689,145.13290
Ireland Road|Westall Road|-37.95746,145.13698
Ireland Street|Netherall Street|-38.09125,145.13111
Ireland Street|Newton Street|-38.09138,145.13218
Ireland Street|Railway Parade|-38.09101,145.12836
Irene Court|Jacksons Road|-38.04406,145.12459
Irene Court|Sarona Street|-37.98406,145.22726
Irene Court|Warrigal Road|-37.96545,145.07454
Iris Close|Loganberry Close|-38.06712,145.26892
Iris Close|Page Court|-37.92760,145.19790
Irish Court|Scotch Parade|-38.05968,145.13152
Iron Bark Close|Oakwood Drive|-37.99330,145.15950
Ironbark Court|Stringybark Crescent|-38.12271,145.14621
Ironwood Avenue|Savoy Grove|-38.07138,145.27801
Irvine Close|Struan Avenue|-37.96515,145.27105
Irving Court|Wingrove Street|-37.95266,145.06426
Irving Road|Mollison Street|-37.96379,145.19731
Irving Road|Oakwood Avenue|-37.96217,145.19869
Irwin Street|Wellington Road Service Road|-37.91571,145.13383
Isaac Court|Raisell Road|-38.10093,145.26276
Isaac Court|Renee Avenue|-37.97617,145.27362
Isaac Road|Orloff Street|-37.98452,145.18380
Isaac Road|Talbot Court|-37.98401,145.17954
Isaac Smith Crescent|James Cook Drive|-37.97444,145.24636
Isaac Smith Crescent|Joseph Banks Crescent|-38.10693,145.26693
Isaac Smith Crescent|Manley Close|-37.97738,145.24672
Isaac Smith Crescent|Nicholson Close|-37.97454,145.24717
Isaac Smith Crescent|Rearden Close|-37.97531,145.24710
Isaac Smith Crescent|Satterley Close|-37.97813,145.24650
Isaac Smith Crescent|Terrell Close|-37.97601,145.24699
Isaac Smith Crescent|Wallace Road|-38.10697,145.26866
Isabella Place|Jessie Street|-38.08133,145.29349
Isabella Street|Nepean Highway|-37.99172,145.08159
Isabella Street|Rowans Road|-37.94299,145.05213
Isabella Street|Rupert Street|-37.99261,145.08035
Isabella Street|Walsh Avenue|-37.94274,145.04999
Isabella Street|Wendy Street|-37.94241,145.04908
Isabella Street|Wimmera Street|-37.94286,145.05103
Isabelle Avenue|Westbrook Drive|-38.00232,145.15652
Island Point Avenue|Waterside Drive|-38.01714,145.13610
Islington Avenue|Newton Drive|-38.06872,145.28906
Islington Avenue|Ogle Way|-38.07022,145.28878
Italle Court|Sara Drive|-37.91434,145.19184
Ivan Court|Watson Road|-37.94560,145.19061
Ivan Crescent|Robbins Way|-38.03806,145.26420
Ivison Way|Kanowna Street|-37.94474,145.00940
Ivison Way|Kyarra Street|-37.94459,145.00822
Ivory Crescent|Magnolia Way|-37.97378,145.14839
Ivory Crescent|Springvale Road|-37.97435,145.14788
Ivory Crescent|Wisteria Place|-37.97378,145.14839
Ivy Court|Lawless Drive|-38.06964,145.27634
Ivy Court|Marrbridge Road|-37.93730,145.06004
Ivy Court|Rosemary Crescent|-38.12571,145.16079
Ivy Street|Lower Dandenong Road|-37.98369,145.08531
Ivy Street|Ludstone Street|-37.93475,145.01770
Ivy Street|South Road|-37.93109,145.01843
Jabiru Drive|Mallard Court|-38.04984,145.13641
Jabiru Drive|Panorama Drive|-38.05061,145.13705
Jabiru Drive|Wilton Close|-38.04999,145.13662
Jacana Drive|Lewin Street|-38.10477,145.17813
Jacana Drive|Merso Court|-38.10451,145.17545
Jacana Drive|Nia Court|-38.10418,145.17411
Jacana Drive|O'Gradys Road|-38.10590,145.17130
Jacana Drive|Parry Court|-38.10427,145.17337
Jacana Drive|Rowan Court|-38.10467,145.17681
Jacana Street|Krishna Court|-37.97903,145.18668
Jacana Street|Michael Court|-37.97914,145.18754
Jacana Street|Thelma Street|-37.98018,145.18811
Jacaranda Avenue|Lotus Court|-37.96896,145.07896
Jacaranda Avenue|Nancy Street|-37.97190,145.07945
Jacaranda Avenue|Willow Avenue|-37.96913,145.07898
Jacaranda Drive|Laurel Crescent|-38.10234,145.17733
Jacaranda Drive|Olivia Court|-38.10147,145.17767
Jacaranda Road|Wandoo Court|-37.90550,145.16992
Jacaranda Street|Orange Court|-37.98859,145.23789
Jacaranda Street|Pittosporum Grove|-37.99006,145.23790
Jacinta Court|Leigh Court|-37.98326,145.24101
Jacinta Court|Llewellyn Avenue|-38.02439,145.12528
Jacinta Drive|Linda Drive|-38.10125,145.25772
Jacinta Drive|Megan Close|-38.10067,145.25572
Jacinta Drive|Reginald Court|-38.10156,145.25769
Jack Court|Maple Street|-38.10204,145.14407
Jack Holt Way|Jenkins Street|-38.00599,145.09942
Jack Holt Way|Manning Close|-38.00661,145.10215
Jack Holt Way|Moloney Close|-38.00684,145.10133
Jack Road|Luxmoore Street|-37.95928,145.04288
Jack Road|Monterey Drive|-37.96071,145.04263
Jack Road|Olympic Avenue|-37.96126,145.04253
Jack Road|Park Road|-37.96374,145.04206
Jack Road|Stuart Avenue|-37.96022,145.04272
Jack Street|Sonia Street|-38.09537,145.16207
Jackie Close|Leah Court|-37.93033,145.24932
Jacks Avenue|Mussert Avenue|-37.98496,145.12971
Jacks Avenue|Pauline Avenue|-37.98512,145.13122
Jacks Avenue|Sharrock Drive|-37.98460,145.12654
Jacks Avenue|St Cuthberts Avenue|-37.98532,145.13285
Jacks Place|Queen Street|-37.97254,145.19814
Jackson Green Boulevard|Lomandra Drive|-37.93164,145.12728
Jackson Green Boulevard|Main Road|-37.93172,145.12793
Jackson Road|Princess Avenue|-37.95513,145.04588
Jackson Road|Royalty Avenue|-37.95597,145.04647
Jacksons Road|Jacksons Road Service Road|-37.93053,145.19392
Jacksons Road|Justin Drive|-37.94882,145.19203
Jacksons Road|Kernot Crescent|-37.95613,145.19125
Jacksons Road|Kingston Court|-38.04389,145.12525
Jacksons Road|Lower Terrace Crescent|-37.95191,145.19135
Jacksons Road|Manning Drive|-37.94105,145.19258
Jacksons Road|Mathoura Court|-37.94717,145.19173
Jacksons Road|Morawa Drive|-37.92734,145.19459
Jacksons Road|Pace crescent|-38.04389,145.12525
Jacksons Road|Padey Drive|-37.92709,145.19464
Jacksons Road|Police Road|-37.93769,145.19260
Jacksons Road|Silverton Drive|-37.94929,145.19197
Jacksons Road|Sugar Gum Drive|-37.92439,145.19517
Jacksons Road|Templewood Avenue|-37.95122,145.19151
Jacksons Road|Tillbrook Court|-37.94777,145.19189
Jacksons Road|Village Crescent|-38.04408,145.12261
Jacksons Road|Wellington Road|-37.92304,145.19543
Jacksons Road|Whitehaven Crescent|-37.94179,145.19244
Jacksons Road|Wren Drive|-37.94430,145.19196
Jacksons Road Service Road|Jolimont Avenue|-37.93474,145.19341
Jacksons Road Service Road|Morawa Drive|-37.92702,145.19482
Jacksons Road Service Road|Sugar Gum Drive|-37.92446,145.19532
Jacksons Road Service Road|Wellington Road|-37.92348,145.19559
Jacksons Road Service Road|Wellington Road Service Road|-37.92709,145.19480
Jacob Drive|Kelletts Road|-37.91311,145.26749
Jacob Drive|Lambourne Avenue|-37.91243,145.26718
Jacob Drive|Murrindal Drive|-37.91081,145.26656
Jacobs Drive|Sundowner Avenue|-37.94319,145.10578
Jacqueline Court|Poulter Crescent|-37.94628,145.10053
Jacqueline Drive|Wells Road|-38.01874,145.11605
Jade Court|McIntosh Court|-38.01946,145.11722
Jade Court|Robjant Street|-38.03582,145.24813
Jagger Circuit|Marley Mews|-38.11505,145.29122
Jake Michael Grove|Melanie Blair Place|-38.09743,145.20211
Jakes Road|Peppertree Street|-38.00155,145.16050
Jambe Court|Pound Road|-38.02649,145.25370
Jamela Court|Lesdon Avenue|-38.08439,145.27068
James Avenue|Middleton Street|-37.95251,145.03894
James Avenue|Mill Street|-38.01460,145.09743
James Avenue|Station Street|-38.01639,145.09459
James Bathe Way|Karrum Karrum Court|-38.06029,145.29804
James Bathe Way|Rupertswood Rise|-38.06144,145.29667
James Bathe Way|Stallion Court|-38.05976,145.29837
James Bathe Way|Toomah Street|-38.06056,145.29789
James Cook Drive|Ravenhill Crescent|-37.98785,145.25432
James Cook Drive|Taylor Court|-37.98467,145.24932
James Cook Drive|Thomas Crescent|-38.10724,145.26952
James Cook Drive|Wolf Court|-37.98765,145.25349
James Cook Drive|Zachary Hicks Crescent|-37.98537,145.25021
James Crescent|Poole Avenue|-37.94229,145.01854
James Crescent|Porter Street|-37.94248,145.02007
James McFarlane Wynd|John Monash Drive|-38.09168,145.20129
James McFarlane Wynd|John Wedge Wynd|-38.09300,145.20118
James McFarlane Wynd|St Johns Wood|-38.09300,145.20118
James Street|Lightwood Road|-37.96260,145.17035
James Street|Menzies Avenue|-37.96959,145.21118
James Street|Olive Street|-37.92968,145.12059
James Street|Park Street|-38.10106,145.13175
James Street|Parsons Street|-37.93062,145.12037
James Street|Princes Highway|-37.97886,145.20752
James Street|Princes Highway Service Road|-37.97862,145.20788
James Wyman Place|Ralph Crescent|-38.03952,145.27908
James Wyman Place|Valley View Rise|-38.04072,145.27593
Jamie Close|Taddor Drive|-38.09619,145.28624
Jamieson Avenue|Keiwa Place|-37.91672,145.25455
Jamieson Avenue|Loddon Close|-37.91677,145.25353
Jamieson Avenue|Taupo Crescent|-37.91681,145.25531
Jamieson Street|Nepean Highway|-37.96061,145.05436
Jamieson Way|Taylors Road|-38.03949,145.22786
Jamil Court|Renee Avenue|-37.97610,145.27461
Jammon Close|Karoonda Way|-38.04897,145.27007
Jammon Close|Ormond Road|-38.04829,145.27020
Jando Court|Lambourne Avenue|-37.91230,145.27022
Jane Court|Sharrock Drive|-37.98248,145.12692
Janet Court|Springfield Crescent|-38.04194,145.27342
Janet Street|McFees Road|-37.96336,145.20923
Janet Street|Sylvia Street|-37.96189,145.20952
Janette Court|Katrina Court|-38.08935,145.19323
Janette Court|Rundle Drive|-38.08935,145.19323
Janice Avenue|Nova Court|-37.96177,145.07736
Janice Avenue|Warrigal Road|-37.96152,145.07523
Janice Grove|Vera Court|-37.97105,145.20387
Janina Court|Whalley Drive|-37.91434,145.19028
Janine Road|Maurice Court|-37.99240,145.29368
Janine Road|Oatlands Road|-37.99258,145.29523
Janine Road|Olympic Avenue|-37.96600,145.15429
Janine Road|Richard Street|-37.96646,145.15780
Janine Road|Rockman Court|-37.99240,145.29368
Janine Street|Keith Campbell Court|-37.90084,145.23031
Janke Court|Jason Road|-38.08954,145.19458
Janlea Close|Moyhu Terrace|-37.92889,145.25232
Janmara Court|Rawdon Hill Drive|-37.95249,145.20713
Janmara Court|Showjump Crescent|-37.96529,145.27397
Jannali Drive|Pankina Court|-37.98757,145.13575
Janos Close|Murray Way|-38.00310,145.29519
Japaddy Street|Sibthorpe Street|-37.98897,145.10261
Japura Way|Taponga Way|-38.11070,145.25152
Japura Way|Verve Circuit|-38.11040,145.25157
Jardine Court|Nicholson Place|-38.08753,145.20295
Jardine Court|Yarra Place|-38.08769,145.20220
Jarman Street|Jenkins Street|-38.00434,145.10374
Jarman Street|Reys Close|-38.00367,145.10391
Jarman Street|Williamson Close|-38.00295,145.10405
Jarrah Court|Stringybark Crescent|-38.12210,145.14730
Jarrah Court|Winmalee Drive|-37.90084,145.16013
Jarrah Drive|Malcolm Road|-38.00094,145.11070
Jarrett Court|Pitfield Crescent|-37.92107,145.25737
Jarrod Court|Len George Drive|-37.99869,145.15078
Jarvis Crescent|McAlpine Court|-37.96970,145.22109
Jarvis Crescent|Simpson Drive|-37.96785,145.22009
Jarvis Crescent|Woodcock Court|-37.96987,145.22063
Jasa Crescent|Nerrena Rise|-38.09655,145.25877
Jasmine Court|Kingston Drive|-37.97415,145.11895
Jasmine Court|Willow Avenue|-37.91421,145.26998
Jason Place|Luke Court|-38.03874,145.25301
Jason Road|Orama Avenue|-38.09030,145.19442
Jason Road|Pebble Beach Drive|-38.08872,145.19477
Jason Street|Valley Street|-37.91766,145.10634
Jasper Road|Leinster Street|-37.90636,145.04378
Jasper Road|Lewis Street|-37.90845,145.04339
Jasper Road|Lindsay Street|-37.91349,145.04256
Jasper Road|Lockwood Street|-37.93032,145.03955
Jasper Road|London Street|-37.92391,145.04071
Jasper Road|Malacca Street|-37.90922,145.04326
Jasper Road|McKinnon Road|-37.91164,145.04287
Jasper Road|McKittrick Road|-37.92909,145.03979
Jasper Road|Mortimore Street|-37.92710,145.04013
Jasper Road|Murray Road|-37.90828,145.04342
Jasper Road|North Road|-37.90453,145.04406
Jasper Road|Oakleigh Crescent|-37.90650,145.04376
Jasper Road|Patterson Road|-37.92620,145.04027
Jasper Road|Penang Street|-37.91021,145.04310
Jasper Road|Ross Street|-37.91707,145.04196
Jasper Road|Seaview Avenue|-37.91613,145.04212
Jasper Road|Small Road|-37.93003,145.03961
Jasper Road|Smith Street|-37.91794,145.04184
Jasper Road|South Road|-37.93348,145.03896
Jasper Road|Strathmore Street|-37.91516,145.04228
Jasper Road|Uonga Road|-37.92942,145.03973
Jasper Road|Wavell Street|-37.91437,145.04241
Jasper Road|Werona Street|-37.93108,145.03940
Jasper Road|Wicklow Street|-37.90551,145.04394
Jasper Street|Lyle Street|-37.96278,145.17406
Jassa Street|North Road|-37.90851,145.07726
Jaydee Court|Wellington Road|-37.92651,145.22017
Jaye Place|Raisell Road|-38.10024,145.25835
Jazz Court|Music Drive|-37.90632,145.12468
Jean Avenue|Pullyn Street|-37.92711,145.12262
Jean Avenue|Thomas Street|-37.92687,145.12068
Jean Street|May Street|-37.96134,145.05175
Jean Street|McKinnon Road|-37.91039,145.03268
Jean Street|Murray Road|-37.90707,145.03315
Jean Street|Sinclair Street|-37.96212,145.05229
Jeanette Court|Portland Street|-37.93774,145.20513
Jeanette Street|Manoon Road|-37.92980,145.11214
Jeanette Street|Springfield Avenue|-37.92868,145.11231
Jedda Court|Silver Street|-37.96438,145.06411
Jeffers Street|Marshall Street|-37.96549,145.19110
Jeffers Street|Terry Street|-37.96415,145.18961
Jeffery Avenue|Patching Avenue|-37.97466,145.16372
Jeffery Avenue|Simon Avenue|-37.97531,145.16360
Jeffrey Street|Kathleen Court|-38.03570,145.25296
Jeffrey Street|Lawson Street|-37.92315,145.04860
Jeffrey Street|Lilian Court|-38.03465,145.25246
Jeffrey Street|Nicole Avenue|-37.96929,145.21574
Jeffrey Street|Robyn Court|-38.03590,145.25320
Jeffrey Street|Shelley Court|-38.03622,145.25385
Jeffrey Street|Talbot Court|-38.03477,145.25247
Jeffrey Street|Theresa Street|-37.92150,145.04882
Jejana Terrace|Perri-Raso Rise|-37.94176,145.24889
Jellicoe Street|Liege Avenue|-37.97450,145.19043
Jellicoe Street|Pamela Street|-37.97256,145.18777
Jellicoe Street|Raven Street|-37.97326,145.18874
Jellicoe Street|Wilson Street|-37.96177,145.05948
Jells Road|Jells Road Service Road|-37.92062,145.18649
Jells Road|Joyce Street|-37.96650,145.08026
Jells Road|Medway Avenue|-37.96443,145.08061
Jells Road|Phoenix Drive|-37.91362,145.18781
Jells Road|Sharrock Avenue|-37.96622,145.08030
Jells Road|Sir Kenneth Luke Boulevard|-37.92209,145.18616
Jells Road|Strathconnan Place|-37.90354,145.18970
Jells Road|The Deviation|-37.90996,145.18849
Jells Road|Wellington Road|-37.92209,145.18616
Jells Road|Woodington Drive|-37.91813,145.18697
Jells Road Service Road|Woodington Drive|-37.91816,145.18714
Jema Close|Lake View Drive|-38.03901,145.28638
Jenhill Court|Spruce Drive|-37.91811,145.26643
Jenkens Street|Monterey Boulevard|-38.12433,145.15589
Jenkens Street|Rosemary Crescent|-38.12641,145.15549
Jenkins Street|Odwyer Street|-38.00570,145.10041
Jenkins Street|Treeby Boulevard|-38.00503,145.10166
Jenko Court|Lats Avenue|-38.09874,145.19419
Jenner Court|Somerville Road|-38.02971,145.24875
Jennifer Avenue|Lawborough Avenue|-37.98864,145.09246
Jennifer Street|Lawanna Street|-37.95571,145.19397
Jennifer Street|Shadwell Street|-37.96353,145.06653
Jennings Court|Menzies Close|-38.06662,145.28104
Jennings Street|Mark Court|-37.96627,145.16453
Jennings Street|Noble Street|-37.96763,145.16519
Jennings Street|Royal Avenue|-37.95829,145.01314
Jenny Court|Rapallo Way|-38.08363,145.29218
Jensen Court|Radleigh Drive|-37.91264,145.17947
Jersey Close|Vasey Rise|-37.97682,145.26261
Jesmay Place|Locky Grove|-38.07505,145.24292
Jesmay Place|Marbec Place|-38.07505,145.24292
Jessfield Terrace|Prosperous Way|-38.12675,145.29096
Jessica Place|Spencer Drive|-38.09125,145.19576
Jessie Street|Landau Court|-38.08375,145.29316
Jessie Street|Portofino Drive|-38.08170,145.29342
Jessie Street|Stackpoole Street|-37.98066,145.18356
Jessie Street|Yarraman Road|-37.97748,145.18417
Jesson Crescent|Ross Street|-37.98101,145.22641
Jetske Court|Kingston Drive|-37.97820,145.11753
Jillian Avenue|Regworth Court|-37.94895,145.02338
Jillian Street|McFees Road|-37.96311,145.20719
Jillian Street|Sylvia Street|-37.96164,145.20748
Jindabyne Court|Lakesfield Drive|-37.91402,145.28113
Jindalee Close|Mantung Crescent|-37.91873,145.24257
Jindalee Gardens|Willora Crescent|-38.10466,145.25734
Jirrah Court|Tarongo Drive|-38.02541,145.11234
Joan Court|Kincaid Avenue|-38.11665,145.19940
Joan Court|Laurie Court|-38.11665,145.19940
Joan Court|Princes Highway|-37.96468,145.19224
Joan Court|Sugar Gum Drive|-37.92575,145.19623
Joan Street|Rodney Street|-37.94184,145.04994
Joan Street|Rosebud Avenue|-37.94040,145.05020
Jodi Avenue|Kaula Court|-37.91631,145.18295
Jodi Street|Kardinian Avenue|-37.96584,145.08135
Jodie Close|Leigh Court|-37.98235,145.24216
Joel Way|Justin Circuit|-38.02775,145.27144
Joel Way|Pound Road|-38.02866,145.27119
Joffre Street|Leman Crescent|-37.96957,145.18664
Joffre Street|Liege Avenue|-37.97226,145.19098
Joffre Street|Namur Street|-37.97066,145.18875
Johanna Court|Kingston Drive|-37.97749,145.11722
John Edgcumbe Way|Matthew Flinders Avenue|-37.98367,145.25529
John Edgcumbe Way|Oxley Way|-37.98369,145.25651
John Edgcumbe Way|Tunley Close|-37.98636,145.25932
John Edgcumbe Way|William Hovell Drive|-37.98478,145.25988
John Fawkner Drive|Kinkead Crescent|-37.98071,145.26793
John Fawkner Drive|Lawson Way|-37.97720,145.27043
John Fawkner Drive|Singleton Drive|-37.98033,145.26831
John Fawkner Drive|Sydney Parkinson Avenue|-37.98249,145.26693
John Fawkner Drive|Wills Court|-37.98654,145.26540
John Hunter Drive|Preston Avenue|-37.99223,145.26258
John Monash Drive|Overall Drive|-38.09184,145.20169
John Monash Drive|Rocklea Crescent|-38.09201,145.20210
John Street|King Street|-37.90431,145.10080
John Street|Kirkham Road|-37.99972,145.21702
John Street|Malane Street|-37.91874,145.05480
John Street|Podmore Street|-37.99767,145.21730
John Street|York Avenue|-37.90035,145.10157
John Wedge Wynd|Rangeview Drive|-38.09488,145.20071
John Wedge Wynd|St Johns Wood|-38.09300,145.20118
Johnson Street|Mill Road|-37.90110,145.08743
Johnson Street|Mora Avenue|-37.90188,145.08733
Johnston Avenue|McLennan Street|-38.00142,145.24444
Johnston Street|Nepean Highway|-37.97838,145.06834
Johnston Street|Warrigal Road|-37.97648,145.07246
Johnstone Street|Mitchell Street|-38.10875,145.13057
Johnstone Street|Railway Parade|-38.10894,145.12950
Jolimont Avenue|Selbourne Way|-37.93519,145.19618
Jolimont Avenue|Windermere Crescent|-37.93609,145.19711
Jolimont Place|Tootal Road|-37.96641,145.12611
Jolly Street|King George Parade|-37.97782,145.19776
Jolly Street|Lexton Avenue|-37.97804,145.19953
Jolly Street|Parkhurst Drive|-38.12207,145.29511
Jon Place|Keith Court|-37.98867,145.16280
Jonah Avenue|Trebecco Street|-38.12630,145.23751
Jones Road|Princes Highway|-37.97530,145.20350
Jones Road|Railway Parade|-37.98390,145.20030
Joplin Close|Mercury Road|-38.11893,145.29033
Jordan Court|Joseph Banks Crescent|-37.97580,145.24997
Jorose Road|Kenmax Avenue|-38.04410,145.26388
Joseph Banks Crescent|Monkhouse Drive|-37.97913,145.25302
Joseph Banks Crescent|Parker Court|-37.97533,145.25076
Joseph Banks Crescent|Ramsay Court|-37.97796,145.24979
Joseph Banks Crescent|Sarno Court|-38.10853,145.26654
Joseph Banks Crescent|Stainsby Close|-37.97883,145.25198
Joseph Banks Crescent|Sutherland Court|-37.97867,145.25083
Josephine Avenue|Madison Avenue|-38.00436,145.30037
Josephine Close|Murrindal Drive|-37.90738,145.27612
Joshua Close|Springfield Road|-37.96322,145.14198
Joy Street|McKinnon Road|-37.91318,145.05487
Joy Street|Roselyn Crescent|-37.91571,145.05444
Joyce Avenue|Norma Avenue|-37.92379,145.08824
Joyce Street|Kardinian Avenue|-37.96659,145.08122
Joyce Street|Manisa Place|-38.10333,145.26146
Joyce Street|Raisell Road|-38.10346,145.26250
Joyce Street|Scarborough Avenue|-38.10504,145.26026
Joyce Street|Valetta Street|-38.07503,145.12474
Juan Court|Wheatland Crescent|-37.96915,145.13017
Juba Court|Sunrise Drive|-37.92595,145.17664
Jubilee Boulevard|Lake King Circle|-38.01244,145.13809
Jubilee Drive|Monbulk Crescent|-37.90071,145.27875
Jubilee Drive|Sanctuary Crescent|-37.90221,145.27819
Jubilee Drive|Victoria Knox Avenue|-37.90406,145.27480
Judd Parade|Voltri Street|-37.97498,145.07393
Jude Court|Lance Close|-38.02413,145.12414
Judge Rise|Robert Molyneux Avenue|-37.98998,145.26325
Judith Court|Winners Circle|-38.01389,145.10688
Judith Street|Leila Road|-37.90189,145.05586
Judith Street|Silk Court|-37.96732,145.22287
Judith Street|Stud Road|-37.96743,145.22374
Judith Street|Worrell Street|-37.96731,145.22277
Judy Street|Simon Avenue|-37.97550,145.16516
Juliana Drive|Kyrie Court|-38.10903,145.18380
Juliana Drive|Landstead Court|-38.10916,145.18485
Juliana Drive|Mellowood Court|-38.10909,145.18561
Juliana Drive|Nike Court|-38.10849,145.18602
Juliana Drive|Sandfield Drive|-38.10771,145.18609
Juliana Street|McKinnon Road|-37.91374,145.05931
Juliana Street|Valkstone Street|-37.91464,145.05916
Julie Court|Sharrock Drive|-37.98180,145.12705
Juliet Court|Sabine Avenue|-37.95540,145.20446
Julis Street|Majdal Street|-37.90963,145.07917
Julis Street|North Road|-37.90877,145.07934
Julis Street|Pell Street|-37.91088,145.07891
Julius Crescent|Mauchline Court|-37.94749,145.19512
Julius Crescent|Silverton Drive|-37.94915,145.19522
June Place|Nurten Parade|-38.02456,145.11632
June Street|Morley Crescent|-37.94378,145.02380
June Street|Wickham Road|-37.94291,145.02395
Juneberry Drive|Westwood Boulevard|-38.00416,145.16158
Juniper Court|Nodding Avenue|-38.12372,145.15689
Juniper Court|Parkland Court|-37.99052,145.16612
Jurang Way|Manchester Drive|-38.10744,145.19839
Jury Street|Marshall Street|-37.92108,145.19329
Jury Street|Windmill Court|-37.92103,145.19148
Justin Circuit|Kauri Court|-38.02795,145.27335
Justin Court|Tiffany Avenue|-37.97252,145.08035
Justin Drive|Lower Terrace Crescent|-37.94894,145.19096
Justin Drive|Rothesay Court|-37.94899,145.18953
Justin Drive|Ryecroft Court|-37.94895,145.18826
Justin Drive|Timberglade Drive|-37.94899,145.18847
Justin Drive|Watson Road|-37.94891,145.19033
Kadir Street|Majdal Street|-37.90977,145.08023
Kadir Street|Pell Street|-37.91098,145.07998
Kaimas Way|Keshava Grove|-38.00090,145.19773
Kaimas Way|Lister Walk|-37.99963,145.19802
Kaimas Way|Willum Way|-37.99824,145.19831
Kalamata Avenue|Manzanilla Way|-38.04653,145.26043
Kalamata Avenue|Mission Court|-38.04605,145.26020
Kalamata Avenue|Olive Road|-38.04535,145.25991
Kalang Court|McLeod Road|-38.07098,145.14763
Kalimna Avenue|Princes Highway|-37.92791,145.14886
Kalimna Avenue|Roberts Avenue|-37.92703,145.14942
Kalimna Court|Whitecliffe Drive|-37.94110,145.24583
Kalimna Street|Walkers Road|-38.07818,145.12488
Kallay Street|McFees Road|-37.96348,145.21031
Kallay Street|Melosa Avenue|-37.93714,145.11432
Kallay Street|Springs Road|-37.93637,145.10817
Kallay Street|Sylvia Street|-37.96202,145.21060
Kallista Road|Tricia Avenue|-37.95743,145.14519
Kambara Drive|Rupert Drive|-37.92893,145.17770
Kammich Court|Reema Boulevard|-37.97518,145.27555
Kananook Avenue|McCulloch Avenue|-38.12120,145.12712
Kananook Avenue|Milne Avenue|-38.11849,145.12746
Kandra Street|Lantana Court|-37.96057,145.20296
Kandra Street|Laurus Court|-37.96013,145.20205
Kangaroo Road|Latrobe Street|-37.90086,145.08544
Kangaroo Road|Normanby Street|-37.90070,145.08419
Kangaroo Road|Richardson Street|-37.90065,145.08377
Kangaroo Road|Station Street|-38.04579,145.11326
Kangaroo Road|Tarella Road|-38.04500,145.11745
Kangaroo Road|Warrigal Road|-37.90101,145.08672
Kanooka Grove|Lantana Street|-37.92021,145.12610
Kanooka Grove|Rose Street|-37.92307,145.12578
Kanooka Grove|Virgilia Street|-37.99697,145.23467
Kanooka Grove|Wright Street|-37.92204,145.12576
Kanowna Street|Linacre Road|-37.94297,145.00975
Kara Grove|Nepean Highway|-38.01908,145.09630
Karasi Road|Volunteer Avenue|-38.12606,145.24318
Kareela Street|Lamana Road|-38.00782,145.09800
Kareela Street|Percy Street|-38.00825,145.09574
Karen Close|Lake View Drive|-38.03861,145.28664
Karen Street|Matthieson Street|-37.95750,145.05395
Karen Street|Nepean Highway|-37.95750,145.05213
Karen Street|Tennyson Street|-37.95662,145.05571
Karingal Crescent|Lincoln Parade|-38.02550,145.10668
Karingal Crescent|Yackatoon Avenue|-38.02689,145.10857
Karkalla Place|The Parkway|-38.05041,145.27808
Karo Court|Paperbark Street|-37.99237,145.24659
Karol Court|Mary Street|-38.02716,145.24909
Karoo Road|Kellbourne Drive|-37.90673,145.26906
Karoo Road|Kelletts Road|-37.91242,145.25251
Karoo Road|Landsborough Avenue|-37.90627,145.25561
Karoo Road|Napoleon Road|-37.90946,145.27649
Karoo Road|Trevena Close|-37.91180,145.25258
Karoo Road|Valleyview Drive|-37.90933,145.25307
Karoo Road|Victoria Knox Avenue|-37.90649,145.27045
Karoo Road|Waterford Park Avenue|-37.90470,145.25738
Karoo Road|Wedge Crescent|-37.91011,145.25290
Karoola Street|Linacre Road|-37.94270,145.00747
Karoonda Way|Redwood Avenue|-38.05103,145.27060
Karoonda Way|Sevilla Place|-38.04909,145.27092
Karrabina Avenue|Mannifera Street|-37.99524,145.23031
Karri Court|Stringybark Crescent|-38.12206,145.14645
Kashmira Street|Paloma Street|-37.91501,145.08108
Kashmira Street|Waratah Street|-37.91286,145.08150
Katandra Road|Leila Road|-37.89999,145.04044
Katandra Road|North Road|-37.90397,145.03976
Katandra Road|Walsh Street|-37.90208,145.04003
Katherine Court|Springfield Crescent|-38.04091,145.27145
Kathrin Avenue|Marcus Road|-37.98139,145.13431
Kathryn Street|Marie Street|-37.98499,145.24453
Kathryn Street|Waratah Street|-37.98491,145.24100
Katies Place|Trafford Road|-38.09084,145.17536
Katoomba Court|Narellan Drive|-37.98949,145.16609
Katoomba Street|Keiller Street|-37.93541,145.03462
Katoomba Street|Reynolds Street|-37.93439,145.03435
Katrina Court|Rundle Drive|-38.08935,145.19323
Katrina Court|Wren Drive|-37.94438,145.19092
Kavanagh Court|Woodside Drive|-37.92364,145.26155
Kawarra Drive|Westbrook Drive|-38.00084,145.15680
Kay Court|Robinson Street|-37.91963,145.11087
Kay Street|Thames Avenue|-37.95246,145.14028
Kays Avenue|Philip Road|-38.00260,145.25329
Kays Avenue|Princes Highway Service Road|-38.00398,145.25697
Keal Road|Regina Street|-37.97616,145.15175
Keamy Avenue|Lauriston Court|-37.95623,145.05864
Keamy Avenue|Wilson Street|-37.95647,145.06053
Kearney Drive|Laird Close|-38.02089,145.11175
Kearney Drive|Langslow Road|-38.01883,145.10926
Kearney Drive|Oriflamme Court|-38.01858,145.10836
Kearney Drive|Tatyoon Close|-38.01806,145.10733
Kearney Drive|Trawalla Street|-38.01971,145.11042
Keating Crescent|Lind Court|-38.00129,145.20137
Keating Crescent|Tarene Street|-38.00125,145.20380
Keating Street|Second Street|-37.97881,145.02506
Keating Street|Stawell Street|-37.98245,145.02442
Keating Street|Third Street|-37.97989,145.02483
Keats Street|McLauchlin Avenue|-37.95568,145.01698
Keats Street|Waverly Street|-37.95551,145.01566
Kedleston Way|Malmsbury Crescent|-37.91897,145.26024
Kedleston Way|Severn Crescent|-37.91876,145.25910
Kedleston Way|Wentworth Avenue|-37.91845,145.26227
Keech Close|Manning Drive|-37.94148,145.19762
Keefer Street|Lower Dandenong Road|-37.98512,145.09718
Keeling Court|Palm Beach Drive|-38.08197,145.13700
Keets Court|View Road|-37.96038,145.15690
Keiller Avenue|Margaret Street|-37.98642,145.09100
Keiller Avenue|McSwain Street|-37.98622,145.08918
Keiller Avenue|Warren Road|-37.98677,145.09389
Keiller Street|Nepean Highway|-37.93503,145.03629
Keith Avenue|Kinross Avenue|-38.03373,145.11711
Keith Avenue|Montrose Avenue|-38.03459,145.11455
Keith Street|Leonard Street|-37.93774,145.03062
Keith Street|Lerina Street|-37.91199,145.11523
Keith Street|Llewellyn Street|-37.97313,145.05225
Keith Street|Morgan Street|-37.99220,145.08527
Keith Street|Nepean Highway|-37.99185,145.08223
Keith Street|Oswald Thomas Avenue|-37.93543,145.03102
Keith Street|Stonehaven Crescent|-37.93603,145.03081
Keith Street|Victoria Street|-37.99242,145.08871
Keith Street|Warren Road|-37.99293,145.09271
Keith Street|Widdop Crescent|-37.93994,145.03023
Keldale Court|Kelvinside Road|-37.95932,145.17366
Kellbourne Drive|Landsborough Avenue|-37.90574,145.26117
Kellbourne Drive|Minya Court|-37.90780,145.26096
Kellbourne Drive|Neerim Court|-37.90802,145.26197
Kellbourne Drive|Regents Park Court|-37.90829,145.26758
Kellbourne Drive|Wahroonga Court|-37.90861,145.26593
Keller Court|Springfield Crescent|-38.04150,145.26870
Kellett Street|Lawless Drive|-38.06827,145.27313
Kellett Street|Loganberry Close|-38.06750,145.26944
Kellett Street|Waverley Park Drive|-38.06814,145.26905
Kelletts Road|Lakesfield Drive|-37.91591,145.27515
Kelletts Road|Laser Drive|-37.91150,145.24417
Kelletts Road|Napoleon Road|-37.91339,145.27221
Kelletts Road|Saint Lawrance Way|-37.91322,145.25802
Kelletts Road|Stud Road|-37.91072,145.23654
Kelletts Road|Sullivan Avenue|-37.91851,145.27786
Kelletts Road|Taylors Lane|-37.91176,145.24714
Kelletts Road|Wartook Way|-37.91210,145.24885
Kelletts Road|Wellington Road|-37.92502,145.28535
Kelletts Road|Winnipeg Street|-37.91143,145.24198
Kelletts Road|Wyandra Way|-37.91335,145.26023
Kelly Avenue|Randell Crescent|-37.93322,145.02581
Kelly Court|Parsons Avenue|-37.94224,145.15181
Kelmar Street|Leon Street|-37.95944,145.06137
Kelrinda Close|Ripley Street|-37.93720,145.09489
Kelsall Court|Spring Road|-37.94226,145.03317
Kelso Street|Milan Street|-37.98438,145.06018
Kelso Street|Plummer Road|-37.98411,145.05801
Kelvin Avenue|Myra Street|-38.10753,145.12956
Kelvin Grove|Nepean Highway|-38.04781,145.11381
Kelvinside Road|Larbert Road|-37.96006,145.17443
Kelvinside Road|Nithsdale Road|-37.95903,145.17337
Kelvinside Road|Page Close|-37.96154,145.17596
Kelvinside Road|Trainor Court|-37.95625,145.17163
Kembla Street|Voltri Street|-37.97581,145.08240
Kemp Street|Reilly Street|-37.93708,145.15835
Kemp Street|Russell Street|-37.94065,145.16310
Kemp Street|Springvale Road|-37.93670,145.15520
Kemp Street|Stephens Avenue|-37.93683,145.15625
Kemp Street|Webb Avenue|-37.93695,145.15731
Kemp Street|Whatley Street|-38.08098,145.13114
Kempson Court|Olive Grove|-37.99946,145.18399
Kendall Street|Ludstone Street|-37.93542,145.02316
Kendall Street|South Road|-37.93176,145.02384
Keneally Street|Obrien Street|-37.99197,145.20572
Keneally Street|Ogrady Lane|-37.99213,145.20560
Keneally Street|Rodwell Street|-37.99277,145.20163
Keneally Street|Seely Street|-37.99281,145.20324
Keneally Street|Steven Street|-37.99279,145.20081
Kenjulie Drive|Normdale Road|-37.93026,145.06514
Kenlon Street|Martin Court|-37.93647,145.07102
Kenlon Street|Neil Court|-37.93653,145.07165
Kenlon Street|Scanlan Street|-37.93642,145.06998
Kenmax Avenue|Olive Road|-38.04491,145.26389
Kennaugh Street|North Road|-37.91352,145.12074
Kennedy Avenue|Seccull Drive|-38.04831,145.13970
Kennedy Street|Mackie Road|-37.91915,145.07403
Kennedy Street|Richard Street|-37.91925,145.07511
Kennedy Street|Warrigal Road|-37.92016,145.08319
Kenneth Street|Kurt Place|-37.97992,145.17935
Kenneth Street|Newman Avenue|-37.97997,145.18026
Kennington Park Drive|Merton Court|-37.96721,145.25208
Kennington Park Drive|Power Road|-37.96698,145.24340
Kennington Park Drive|Raduett Court|-37.96735,145.25309
Kennington Park Drive|Robinvale Court|-37.96861,145.26062
Kennington Park Drive|Swiss Court|-37.96737,145.24759
Kenross Drive|Kim Close|-37.91669,145.19779
Kenross Drive|Merran Court|-37.91761,145.19758
Kensei Place|Sandarra Boulevard|-38.08691,145.19809
Kensington Court|Redfern Crescent|-37.92618,145.16458
Kensington Court|Willow Drive|-38.02186,145.26504
Kent Court|Kent Mews|-38.07047,145.26459
Kent Court|Somerset Drive|-37.98708,145.18136
Kent Court|Stirling Avenue|-38.07067,145.26604
Kentia Court|Pacific Drive|-38.02045,145.12485
Kenton Walk|Lighthorse Crescent|-38.06047,145.28787
Kenton Walk|Sherwood Road|-38.06164,145.28595
Kenton Walk|Strathaird Drive|-38.06047,145.28787
Kenworth Court|Valleyview Drive|-37.90654,145.24925
Keol Street|Liam Street|-37.93061,145.13060
Keppler Circuit|Oliphant Way|-38.09669,145.15117
Keppler Circuit|Rutherford Road|-38.09888,145.15089
Kerferd Road|Winmalee Drive|-37.90092,145.16078
Kerferd Street|Linacre Road|-37.94295,145.00956
Kerferd Street|Thomas Street|-37.93930,145.01026
Kernot Avenue|Monash Drive|-37.91539,145.16354
Kernot Crescent|Kialla Court|-37.95336,145.19045
Kerr Crescent|Spicer Court|-38.02273,145.11565
Kerribree Court|Warraweena Road|-37.94050,145.11354
Kerrie Anne Court|McCormicks Road|-38.09770,145.19791
Kerrie Court|Springvale Road|-37.97030,145.14885
Kerrison Drive|Marlene Court|-38.03184,145.25510
Kerrison Drive|Regans Road|-38.03241,145.25151
Kerrison Drive|Somerville Road|-38.03062,145.25564
Kerry Street|Seaford Place|-38.11060,145.14062
Kerry Street|Tyrone Street|-38.10976,145.14080
Kershaw Drive|Sherwood Road|-38.06011,145.28518
Kershaw Drive|St Georges Road|-38.06011,145.28518
Kershaw Street|Victor Road|-37.92932,145.07843
Kershaw Street|Warren Road|-37.99831,145.09170
Kershaw Street|Warrigal Road|-37.92965,145.08133
Keshava Grove|Kirkham Road|-37.99745,145.19758
Keshava Grove|Kyla Avenue|-38.00075,145.19717
Keshava Grove|Landsby Lane|-37.99912,145.19723
Kess Grove|Lamada Street|-38.07648,145.25356
Kess Grove|Pebble Avenue|-38.07568,145.25497
Kestrel Close|Pelican Court|-38.03040,145.12902
Ketnor Street|Sladen Street|-38.11239,145.27570
Kevlar Close|Mills Road|-37.99471,145.11747
Keylana Drive|Longview Road|-38.00469,145.15414
Keylana Drive|Mayfield Drive|-38.00320,145.14271
Keylana Drive|Parade Avenue|-38.00360,145.14655
Keylana Drive|Park Way|-38.00458,145.15324
Keylana Drive|Prospect Terrace|-38.00424,145.15587
Keylana Drive|Springvale Road|-38.00314,145.14215
Keylana Drive|Teeside Way|-38.00471,145.15493
Keylana Drive|The Panorama|-38.00400,145.15633
Keylana Drive|Watervale Way|-38.00409,145.15616
Keylana Drive|Wendyn Avenue|-38.00331,145.14366
Keys Avenue|Union Street|-37.90795,145.01177
Keys Road|Kilpa Road|-37.94929,145.07275
Keys Road|Perry Road|-38.02478,145.18152
Keys Road|Roberna Street|-37.94864,145.06728
Keys Road|Viking Court|-37.94880,145.06866
Keys Road|Warrigal Road|-37.94984,145.07737
Keys Street|Martin Street|-37.99170,145.04022
Keys Street|Rodd Street|-37.98515,145.20960
Keys Street|Tramway Parade|-37.99170,145.04022
Keysborough Avenue|Springvale Road|-37.98929,145.14504
Khalil Avenue|Norisha Court|-37.97093,145.22646
Kiaka Lane|Mantung Crescent|-37.91933,145.24250
Kiama Street|Rowans Road|-37.93966,145.05428
Kiandra Close|Nepean Highway|-38.01823,145.09567
Kiandra Close|Rutherglen Street|-37.97828,145.17775
Kibo Court|Lawless Drive|-38.06801,145.27705
Kidds Road|Lacebark Street|-37.98796,145.24174
Kidds Road|Louis Street|-37.98833,145.24854
Kidds Road|Nigra Street|-37.98791,145.24134
Kidds Road|Rowan Drive|-37.98724,145.23534
Kidds Road|Sheoak Street|-37.98951,145.25095
Kidds Road|Tristania Street|-37.98812,145.24322
Kidds Road|Waratah Street|-37.98808,145.24283
Kilara Place|Merrigum Crescent|-37.93956,145.10410
Kilara Road|Naples Road|-37.98770,145.06281
Kilara Road|Venice Street|-37.98579,145.06317
Kilberry Avenue|Springvale Road|-37.96962,145.14899
Kilberry Boulevard|Kirkwood Crescent|-38.03591,145.27989
Kilberry Boulevard|Pound Road|-38.03124,145.28126
Kilberry Crescent|Thanos Court|-37.99847,145.26496
Kilburn Court|Palmerston Crescent|-37.90943,145.19582
Kilcatten Rise|Tessie Place|-37.93825,145.25033
Kilcunda Drive|Langhorne Crescent|-37.90325,145.26957
Killara Court|Kuringgai Crescent|-37.98254,145.17155
Killara Court|Penley Lane|-38.08531,145.21003
Killara Court|Verdant Avenue|-38.08522,145.21069
Killearn Avenue|Mayday Drive|-38.10253,145.24630
Killeen Avenue|Ratho Avenue|-37.92839,145.00547
Kilpa Road|Levanswell Road|-37.94592,145.07350
Kilpa Road|Simpson Street|-37.94756,145.07310
Kimberley Grove|Lake King Circle|-38.01233,145.13773
Kimbolton Drive|Lakesfield Drive|-37.91190,145.27893
Kimbolton Drive|Palmerston Road|-37.91093,145.28001
Kimpton Street|Warrigal Road|-37.96482,145.07465
Kincaid Avenue|Laurie Court|-38.11665,145.19940
Kincaid Avenue|McGowan Drive|-38.11651,145.19836
King Close|Nodding Avenue|-38.11989,145.15491
King Fern Close|Saltbush Avenue|-38.06656,145.24492
King George Parade|Lorraine Street|-37.97896,145.19755
King George Parade|Princes Highway|-37.97130,145.19912
King George Parade|Queen Street|-37.97262,145.19877
King George Parade|Ray Street|-37.97370,145.19856
King George Parade|Wallace Avenue|-37.97547,145.19822
King Sound Close|Sunset Close|-38.01651,145.13418
King Street|Market Street|-37.98304,145.21627
King Street|Queens Square|-37.94584,145.00614
King Street|Sea Parade|-37.98436,145.05329
King Street|Sleeth Avenue|-37.98338,145.21912
King Street|Stuart Street|-37.98324,145.21811
King Street|Stud Road|-37.98360,145.22103
King Street|Sunnyside Avenue|-37.98383,145.22286
Kingdom Drive|Luxor Court|-38.09295,145.29309
Kingdom Drive|Mariposa Grove|-38.09046,145.28084
Kingdom Drive|Narre Warren Road|-38.09302,145.29379
Kingdom Drive|Pharaoh Drive|-38.09274,145.28952
Kingdom Drive|Phoenix Avenue|-38.09266,145.28586
Kingdom Drive|Spirit Boulevard|-38.09302,145.29379
Kingdom Drive|Valencia Circuit|-38.09082,145.28520
Kingdom Drive|Venus Place|-38.09295,145.28836
Kingfisher Court|Lyrebird Drive|-38.10632,145.18025
Kingsclere Avenue|Kirribilli Avenue|-37.98592,145.16934
Kingsclere Avenue|Kuringgai Crescent|-37.98168,145.16764
Kingsclere Avenue|Maroubra Avenue|-37.98294,145.16874
Kingsclere Avenue|Narellan Drive|-37.98987,145.17045
Kingsclere Avenue|Parramatta Crescent|-37.98027,145.16626
Kingsclere Avenue|Rowena Court|-37.98827,145.16998
Kingsclere Avenue|Triton Drive|-37.98768,145.16981
Kingsclere Avenue|Turramurra Drive|-37.98672,145.16948
Kingsclere Avenue|Woollahra Avenue|-37.98154,145.16752
Kingsclere Avenue|Yagoona Avenue|-37.98124,145.16723
Kingsland Close|Lower Dandenong Road|-37.99023,145.13991
Kingsley Close|Stud Road|-37.90824,145.23681
Kingston Avenue|Sherwood Road|-38.06432,145.28456
Kingston Avenue|St Georges Road|-38.06143,145.28175
Kingston Central Boulevard|Second Avenue|-37.97596,145.08913
Kingston Court|Pace crescent|-38.04389,145.12525
Kingston Drive|Lauren Close|-37.97607,145.11725
Kingston Drive|Lobelia Court|-37.97667,145.11713
Kingston Drive|Oploo Court|-37.97740,145.11719
Kingston Drive|Ridder Court|-37.97477,145.11808
Kingston Drive|Rips Court|-37.97957,145.11746
Kingston Park Court|Stud Road|-37.90213,145.23522
Kingston Road|McGuire Street|-37.95317,145.07669
Kingston Road|Nicholas Grove|-37.95441,145.08745
Kingston Road|Old Boundary Road|-37.95755,145.11245
Kingston Road|Old Dandenong Road|-37.95596,145.10020
Kingston Road|Peace Road|-37.95677,145.10695
Kingston Road|Pietro Road|-37.95520,145.09400
Kingston Road|Pine Lane|-37.95554,145.09668
Kingston Road|St Andrews Drive|-37.95397,145.08356
Kingston Road|Warrigal Road|-37.95317,145.07669
Kingston Street|Ludstone Street|-37.93422,145.01328
Kingston Street|Raynes Park Road|-37.93631,145.01288
Kingston Street|South Road|-37.93053,145.01380
Kingston Street|Teddington Road|-37.93528,145.01308
Kingston Street|Verbena Street|-37.99433,145.09660
Kingston Street|Waratah Avenue|-37.99424,145.09585
Kingston Street|Warren Road|-37.99366,145.09258
Kingsvale Court|South Anderson Court|-38.08327,145.26976
Kingsway|South Road|-37.93794,145.07363
Kingsway|Wren Road|-37.93986,145.07474
Kingswood Crescent|Rubina Court|-37.95970,145.19310
Kingswood Drive|Marcus Road|-37.98093,145.13488
Kingswood Drive|Southern Drive|-37.98355,145.13911
Kingswood Road|Wilson Street|-37.95928,145.06001
Kinkead Crescent|Raymond McMahon Boulevard|-37.97938,145.26404
Kinkead Crescent|Shafer Court|-37.97988,145.26394
Kinkead Crescent|Waintree Court|-37.98049,145.26413
Kinkora Court|Sir Kenneth Luke Boulevard|-37.92278,145.18610
Kinlock Avenue|Reid Street|-37.90556,145.07274
Kinlora Court|Paterson Road|-37.97955,145.15526
Kinnoul Avenue|Somerset Drive|-37.98724,145.17975
Kinrade Street|North Road|-37.90833,145.07582
Kinross Avenue|Lochiel Avenue|-38.03114,145.11559
Kinross Avenue|Mary Avenue|-38.03207,145.11613
Kinross Avenue|Rae Avenue|-38.03286,145.11660
Kinross Street|Lonsdale Avenue|-37.93444,145.02835
Kinsale Street|Sturdee Street|-38.10834,145.15480
Kinsale Street|Sunny Court|-38.10822,145.15388
Kinsale Street|Ti-Tree Crescent|-38.10860,145.15696
Kintore Street|Lightwood Road|-37.95106,145.15504
Kiora Court|Phillimore Drive|-37.92594,145.18540
Kipling Place|Robin Drive|-38.09757,145.17561
Kipling Street|Stanley Street|-38.07291,145.12488
Kipling Street|Tennyson Street|-38.07249,145.12597
Kipling Street|Valetta Street|-38.07316,145.12425
Kirk Street|Leonard Avenue|-37.96945,145.17571
Kirk Street|Stuart Street|-37.96960,145.17697
Kirkham Road|Langley Crescent|-37.99823,145.20436
Kirkham Road|Morwell Avenue|-37.99815,145.20368
Kirkham Road|Renfree Street|-37.99832,145.20511
Kirkham Road|Tarene Street|-37.99796,145.20211
Kirkham Road|Trewin Street|-37.99923,145.21286
Kirkham Road|William Avenue|-37.99916,145.21227
Kirkham Road|Willum Way|-37.99773,145.20016
Kirkwood Avenue|Le Fevre Street|-37.95754,145.01475
Kirkwood Avenue|Milne Avenue|-38.11886,145.13140
Kirkwood Crescent|Miranda Gardens|-38.03612,145.28085
Kirkwood Crescent|Newberry Retreat|-38.03655,145.28147
Kirkwood Crescent|Pound Road|-38.03452,145.28511
Kirkwood Crescent|Warana Drive|-38.03544,145.28399
Kirkwood Street|Morey Road|-37.97152,145.03972
Kirkwood Street|Vardon Avenue|-37.97178,145.04193
Kirra Close|Pike Close|-38.04229,145.28731
Kirren Close|Majestic Boulevard|-38.08752,145.29256
Kirribilli Avenue|Lugarno Court|-37.98316,145.16585
Kirribilli Avenue|Waitara Avenue|-37.98463,145.16577
Kirribilli Avenue|Warrigal Court|-37.98539,145.16667
Kirribilli Avenue|Woollahra Avenue|-37.98231,145.16602
Kismet Close|Providence Drive|-38.09007,145.26816
Kitchen Road|Monterey Road|-38.02503,145.22397
Kitchen Road|Nissan Drive|-38.02230,145.22456
Kitchen Road|Zenith Road|-38.02073,145.22486
Kitchener Street|Milan Street|-37.98704,145.05979
Kitson Road|Nabilla Street|-37.93950,145.11337
Klass Road|Sparrow Street|-38.11186,145.25431
Klauer Street|Lorna Street|-38.11909,145.14092
Klauer Street|Wells Road|-38.11899,145.13659
Kleine Street|Taranto Drive|-37.97055,145.16940
Knell Street|Merrill Street|-37.92781,145.16928
Knell Street|Suemar Street|-37.93146,145.16862
Knight Court|Robert Molyneux Avenue|-37.98959,145.25959
Knight Street|Maltarra Street|-37.92974,145.11464
Knight Street|Manoon Road|-37.93015,145.11455
Knight Street|Newport Road|-37.93238,145.11411
Knight Street|Springfield Avenue|-37.92899,145.11478
Knowing Close|Raffindale Crescent|-38.09801,145.26076
Knowles Road|South Gippsland Highway|-38.02932,145.24410
Knowles Road|South Gippsland Highway Service Road|-38.02933,145.24454
Knox Street|Latimer Street|-37.97351,145.16985
Koala Court|Woollahra Avenue|-37.98224,145.16636
Koel Court|Quarrion Drive|-38.10819,145.17363
Koetong Court|Whitehaven Crescent|-37.92795,145.17908
Kombi Road|Rayhur Street|-37.93521,145.13509
Kong Court|Lauren Drive|-38.03076,145.27303
Konrad Street|Millard Street|-37.92711,145.06469
Koolena Close|Osborne Avenue|-37.94559,145.13740
Koomaloo Place|Robin Drive|-38.09758,145.17662
Koombahla Court|Liviana Drive|-37.93660,145.24587
Koonung Street|Severn Court|-37.95319,145.20118
Koorali Close|Vallota Crescent|-37.97872,145.16250
Kooringa Crescent|Rydal Place|-37.91332,145.17705
Kooringa Road|Leila Road|-37.90092,145.04809
Koornang Road|Libna Street|-37.90357,145.05434
Koornang Road|North Road|-37.90577,145.05392
Koornang Road|Portland Street|-37.90437,145.05419
Koornang Road|Wallen Road|-37.90402,145.05425
Koornang Road|Wimmera Street|-37.90262,145.05452
Kooyong Road|North Road|-37.90046,145.01223
Kotiko Road|Newson Street|-37.99918,145.16998
Kotiko Road|Trebilco Avenue|-38.00060,145.16967
Kriegel Way|Outlook Drive|-37.94456,145.21925
Kristine Court|Medway Avenue|-37.96428,145.07970
Krone Street|Ormond Street|-38.00295,145.08923
Kubis Avenue|Larnook Crescent|-38.01944,145.10211
Kubis Crescent|Manuela Court|-37.97801,145.12386
Kubis Crescent|Rudolf Court|-37.97853,145.12339
Kumali Court|Moodemere Street|-37.97753,145.17789
Kumara Place|Myriong Street|-37.91557,145.12627
Kumara Place|North Road|-37.91461,145.12646
Kuranda Crescent|Patrick Street|-37.90120,145.12186
Kuringgai Crescent|Parramatta Crescent|-37.98085,145.16917
Kuringgai Crescent|Wahroonga Avenue|-37.98381,145.17130
Kuringgai Crescent|Warrawee Avenue|-37.98082,145.17011
Kurrajong Court|Lawless Drive|-38.06766,145.27564
Kurrajong Street|Paloma Street|-37.91466,145.07806
Kurrajong Street|Waratah Street|-37.91253,145.07847
Kurrawa Crescent|Old Wells Road|-38.07931,145.14868
Kurrawa Crescent|Terrigal Drive|-38.07901,145.14688
Kurrawa Crescent|Wyong Court|-38.07552,145.14874
Kurrawa Crescent|Yass Court|-38.07665,145.14828
Kurt Place|Valepark Crescent|-38.10993,145.26863
Kyarra Street|Linacre Road|-37.94282,145.00854
Kyla Avenue|Vanner Lane|-37.99872,145.19513
Kyla Avenue|Willum Way|-37.99805,145.19651
Kylie Court|Springfield Crescent|-38.04093,145.26909
La Perouse Boulevard|Wolstenholme Gardens|-38.06795,145.13244
Laburnum Grove|Sheoak Street|-37.98919,145.24809
Laburnum Street|Nepean Highway|-37.99406,145.08284
Laburnum Street|Pine Street|-37.99511,145.08136
Lace Street|Princes Highway|-38.00171,145.23680
Lacebark Court|Sandalwood Drive|-37.93901,145.09441
Lacebark Street|Mimosa Street|-37.98644,145.24093
Lacebark Street|Power Road|-37.98562,145.23979
Lacenet Avenue|Monterey Boulevard|-38.12457,145.15791
Lacenet Avenue|Rosemary Crescent|-38.12682,145.15884
Lachlan Close|Wentworth Street|-38.07406,145.26971
Lachlan Drive|Scotsburn Way|-37.97283,145.26192
Lachlan Place|Scotia Crescent|-37.98257,145.15945
Lachlan Street|Voltri Street|-37.97532,145.07831
Lade Court|Pitfield Crescent|-37.92414,145.25716
Ladonga Place|Superior Avenue|-37.91587,145.24081
Lady Emily Way|McGowan Drive|-38.11531,145.19842
Lady Emily Way|Veronica Drive|-38.11507,145.19634
Lady Penrhyn Close|Scarborough Avenue|-38.10679,145.26195
Lady Wellington Court|Royal Charlotte Drive|-38.05467,145.14249
Laemmle Street|Orchid Avenue|-37.96064,145.20121
Lagnicourt Street|Ludstone Street|-37.93384,145.01026
Lagnicourt Street|Villeroy Street|-37.93198,145.00935
Lagoon Place|Palm Beach Drive|-38.07946,145.13891
Lagrange Mews|Monrie Street|-38.00321,145.17136
Lagrange Mews|Palmyra Street|-38.00328,145.17221
Lahona Avenue|Lespray Avenue|-37.92734,145.05236
Lahona Avenue|Rowan Avenue|-37.92793,145.05511
Lahona Avenue|Seathorpe Avenue|-37.92808,145.05631
Lahona Avenue|Tucker Road|-37.92702,145.04967
Laidlaw Court|Scotia Crescent|-37.98246,145.15920
Laidlaw Lane|Paramount Boulevard|-38.09121,145.25208
Laidlaw Lane|Peacock Way|-38.09088,145.25382
Laidlaw Lane|Pitcher Way|-38.09078,145.25302
Laidlaw Lane|Polson Way|-38.09083,145.25342
Laidlaw Lane|Powell Way|-38.09073,145.25262
Lake Edge Drive|The Water Course|-37.99411,145.15271
Lake King Circle|Merri Drive|-38.01398,145.13585
Lake King Circle|Shoalwater Drive|-38.01296,145.13654
Lake King Circle|Tyrrell Terrace|-38.01336,145.13701
Lake King Circle|Waterside Drive|-38.01496,145.13389
Lake Park Court|Parkside Boulevard|-37.95829,145.27903
Lake View Boulevard|Len George Drive|-37.99881,145.15177
Lake View Boulevard|Nick Way|-37.99779,145.15197
Lake View Boulevard|Oakland Place|-38.00023,145.15115
Lake View Boulevard|Waterlily Way|-37.99631,145.15226
Lake View Boulevard|Yale Avenue|-37.99952,145.15162
Lake View Drive|Lucas Court|-38.04556,145.29134
Lake View Drive|Pelican Court|-38.04252,145.28854
Lake View Drive|Pike Close|-38.04191,145.28808
Lake View Drive|Pound Road|-38.03782,145.28824
Lake View Drive|Quail Court|-38.04414,145.28969
Lake View Drive|Richie Court|-38.03867,145.28658
Lake View Drive|Sugar Gum Court|-38.04091,145.28734
Lake View Drive|Teal Court|-38.04359,145.28919
Lake View Drive|Woodbury Court|-38.04105,145.28745
Lakeland Court|Wyndarra Crescent|-37.96925,145.12694
Lakesfield Drive|Marlene Court|-37.91609,145.27807
Lakesfield Drive|McFarlane Court|-37.91592,145.27675
Lakesfield Drive|Napoleon Road|-37.91021,145.27559
Lakesfield Drive|Newlyn Court|-37.91145,145.27792
Lakesfield Drive|Nicholas Court|-37.91615,145.27869
Lakesfield Drive|Tarago Court|-37.91369,145.28114
Lakesfield Drive|Tullaroop Court|-37.91059,145.27608
Lakesfield Drive|Winneke Court|-37.91122,145.27701
Lakeside Boulevard|Michigan Place|-37.91437,145.24333
Lakeside Boulevard|Stud Road|-37.91259,145.23615
Lakeside Boulevard|Superior Avenue|-37.91268,145.23719
Lakeside Boulevard|Winnipeg Street|-37.91333,145.24182
Lakeside Drive|Parkhart Circle|-38.08083,145.21710
Lakeside Drive|Quarterdeck Road|-38.08053,145.21474
Lakeside Drive|Viewmount Place|-38.08080,145.21692
Lakeview Avenue|Mahonga Drive|-37.91762,145.23350
Lakeview Avenue|Stamford Crescent|-37.91761,145.23382
Lakeview Avenue|Stud Road|-37.91755,145.23518
Lakeview Avenue|Waradgery Drive|-37.91879,145.22605
Lakewood Boulevard|Malcolm Road|-38.00128,145.11596
Lakewood Boulevard|Venture Way|-38.00128,145.11596
Lamada Street|Oldenburg Way|-38.07643,145.25315
Lamada Street|Parkdale Drive|-38.07637,145.25268
Lamada Street|Pebble Avenue|-38.07674,145.25562
Lamb Street|Sladen Street|-38.11282,145.28074
Lambert Street|Monterey Boulevard|-38.12302,145.15410
Lambert Street|Nodding Avenue|-38.12196,145.15624
Lambourne Avenue|Lovell Close|-37.91217,145.26912
Lambourne Avenue|Murrindal Drive|-37.91077,145.27211
Lambourne Avenue|Settlers Court|-37.91218,145.26821
Lambourne Avenue|Zala Court|-37.91242,145.27118
Lamont Crescent|Mallory Court|-38.10047,145.27099
Lanark Street|Simon Street|-37.93364,145.11295
Lancashire Drive|Rosebank Drive|-38.07592,145.29121
Lancashire Drive|Sussex Avenue|-38.07351,145.29167
Lancaster Crescent|Laurel Crescent|-38.10223,145.17431
Lancaster Street|McKinnon Road|-37.91315,145.05464
Lancaster Street|Molden Street|-37.90693,145.05572
Lancaster Street|Preston Street|-37.91136,145.05497
Lancaster Street|Shrewsbury Street|-37.91237,145.05478
Lancaster Street|Thomasina Street|-37.91155,145.05493
Lancefield Court|McCardle Court|-37.97439,145.26051
Lancefield Court|Scotsburn Way|-37.97265,145.26091
Landcox Street|Lansdown Street|-37.90334,145.01509
Landcox Street|Lockwood Avenue|-37.90218,145.01531
Landcox Street|Noel Street|-37.90564,145.01467
Landcox Street|North Road|-37.90096,145.01554
Landcox Street|Northern Avenue|-37.90180,145.01539
Landcox Street|Union Street|-37.90821,145.01415
Landcox Street|Wairoa Avenue|-37.90496,145.01480
Landhill Court|Marson Crescent|-38.00414,145.27734
Landles Street|McKinnon Road|-37.91191,145.04482
Lando Place|Springvale Road|-37.98082,145.14682
Landsborough Avenue|Lum Road|-37.91868,145.17734
Landsborough Avenue|Macgregor Court|-37.90666,145.25675
Landsborough Avenue|Oakdene Court|-37.90658,145.25793
Landsborough Avenue|Pekina Place|-37.91882,145.17574
Landsborough Close|William Hovell Drive|-37.98148,145.26042
Landsby Lane|Willum Way|-37.99900,145.19628
Landscape Boulevard|Perimeter Road|-38.02831,145.28009
Landscape Boulevard|Vision Drive|-38.02753,145.27521
Landscape Court|Summerhill Avenue|-37.90979,145.19943
Lang Street|Point Avenue|-37.98918,145.03061
Lang Street|Reserve Road|-37.99183,145.03181
Langbourne Drive|Mandeville Court|-38.05653,145.28492
Langbourne Drive|Seebeck Drive|-38.05258,145.28340
Langdon Court|Rathdowne Street|-38.10045,145.24765
Langhorne Crescent|Victoria Knox Avenue|-37.90536,145.27083
Langhorne Street|Lonsdale Street|-37.98716,145.21425
Langhorne Street|Power Street|-37.99256,145.21981
Langhorne Street|Walker Street|-37.98773,145.21533
Langhorne Street|Wedge Street|-37.99414,145.22135
Langhorne Street|Wilson Street|-37.99092,145.21836
Langley Court|Sherwood Way|-37.92022,145.29081
Langley Crescent|Patchell Road|-37.99953,145.20414
Langley Crescent|Powell Court|-37.99901,145.20420
Langold Court|Ryder Street|-37.96739,145.19328
Langrigg Avenue|Montrose Avenue|-38.03284,145.11353
Langside Grove|Parkhurst Drive|-38.12134,145.29525
Langslow Road|Wells Road|-38.01692,145.11001
Langslow Street|Stratford Avenue|-37.91848,145.06420
Lanham Street|Lerina Street|-37.91119,145.11537
Lanoma Court|Wellington Road Service Road|-37.92061,145.17795
Lanosso Avenue|Metallic Way|-38.12362,145.24447
Lansbury Drive|Nottingham Street|-38.06595,145.28442
Lansbury Drive|Sherwood Road|-38.06557,145.28361
Lansdown Street|Linacre Road|-37.94331,145.01216
Lansdown Street|Milroy Street|-37.90307,145.01260
Lansdowne Circuit|Macaulay Place|-37.92358,145.18748
Lansdowne Circuit|Old Trafford Way|-37.92333,145.18717
Lansdowne Circuit|Sir Kenneth Luke Boulevard|-37.92357,145.18662
Lansell Court|Wentworth Avenue|-37.91744,145.26180
Lansell Drive|Thompsons Road|-38.08388,145.28976
Lansor Street|Paterson Road|-37.97889,145.14997
Lantana Road|North Road|-37.90031,145.01099
Lantana Street|Panorama Street|-37.92065,145.12945
Lanyon Street|Williams Road|-38.01535,145.22187
Lanyon Street|Zenith Road|-38.02005,145.22083
Larado Place|Nettelbeck Road|-37.95606,145.13488
Larman Street|St Georges Avenue|-37.91986,145.06062
Larry Court|Myrtle Street|-37.96540,145.16435
Lascelles Street|Springvale Road|-37.94386,145.15385
Laser Drive|Macro Court|-37.90906,145.24470
Laser Drive|Seismic Court|-37.90779,145.24495
Lassa Court|Neasham Drive|-37.94365,145.20054
Latchford Street|Remount Way|-38.08061,145.24559
Latchford Street|Whitfield Boulevard|-38.08035,145.24332
Latham Crescent|McFees Road|-37.96326,145.20844
Latham Street|Mackie Road|-37.91427,145.07499
Latham Street|Marlborough Street|-37.91336,145.06770
Latham Street|Paloma Street|-37.91427,145.07499
Latham Street|Tambet Street|-37.91385,145.07165
Lathams Road|Levida Drive|-38.09895,145.16939
Lathams Road|Rutherford Road|-38.09904,145.15194
Lathams Road|Sonia Street|-38.09794,145.16136
Lathams Road|Stephenson Road|-38.09904,145.15194
Lathams Road|Titan Drive|-38.09887,145.16772
Lathams Road|Tova Drive|-38.09836,145.16382
Latimer Street|Maureen Crescent|-37.97460,145.17023
Latona Street|Milan Street|-37.98641,145.05978
Latona Street|Plummer Road|-37.98615,145.05761
Latrobe Avenue|Princeton Drive|-38.00070,145.14936
Latrobe Avenue|Yale Avenue|-37.99924,145.14966
Latrobe Street|Loch Street|-38.10083,145.28331
Latrobe Street|Macey Street|-38.10229,145.28852
Latrobe Street|Marklin Street|-38.10196,145.28581
Latrobe Street|Nepean Highway|-37.97490,145.06506
Latrobe Street|Phillip Street|-37.97447,145.06238
Latrobe Street|Rimmer Street|-37.97413,145.05960
Lats Avenue|Myer Court|-38.09889,145.19512
Lats Avenue|Northumberland Court|-38.09901,145.19608
Lats Avenue|Redgum Avenue|-38.09903,145.19626
Lats Avenue|Regal Court|-38.10114,145.19185
Launching Way|McLeod Road|-38.07442,145.12824
Laura Drive|Lesley Drive|-38.04188,145.27997
Laura Drive|Meredith Crescent|-38.04208,145.27980
Laura Street|Mallawa Street|-37.93474,145.12489
Laura Street|McMillan Street|-37.93221,145.12538
Laura Street|Parkview Drive|-38.02211,145.10063
Laura Street|Retreat Avenue|-38.01974,145.09887
Laura Street|Station Street|-38.02401,145.10047
Laurel Avenue|Moonah Court|-37.99109,145.24589
Laurel Avenue|Tristania Street|-37.99072,145.24279
Laurel Court|Plantation Avenue|-38.12329,145.14369
Laurel Court|Tamarisk Avenue|-37.90046,145.16653
Laurel Street|Lilac Street|-37.91903,145.05726
Lauren Drive|Pascuzzi Court|-38.03089,145.27402
Lauren Drive|Rosalie Court|-38.03064,145.26950
Lauren Drive|Tarella Street|-38.03062,145.27199
Lauren Drive|Templer Avenue|-38.03101,145.27467
Laurina Close|Rathgar Road|-37.90755,145.28242
Laurina Court|Rowan Drive|-37.98641,145.23549
Laurina Crescent|Moreton Street|-38.11852,145.15651
Laurina Crescent|Radiata Street|-38.11695,145.15556
Lauriston Court|Lebanon Crescent|-37.92738,145.15839
Lauriston Court|Wattle Grove|-37.92750,145.15941
Lauriston Drive|Plumpton Court|-37.98563,145.27322
Lauriston Drive|Putney Close|-37.98370,145.27282
Lauriston Drive|Sexton Court|-37.98389,145.27289
Lauriston Drive|Sheridan Court|-37.98485,145.27288
Lautrec Avenue|Raphael Drive|-37.90927,145.18079
Lautrec Avenue|Rembrandt Drive|-37.90764,145.18250
Lavender Lane|Poppy Place|-38.09949,145.17887
Laver Close|Rupert Drive|-37.93153,145.17789
Law Court|Turramurra Drive|-37.92521,145.24210
Lawanna Street|Meredith Street|-37.95655,145.19381
Lawanna Street|Pax Court|-37.95693,145.19373
Lawborough Avenue|McSwain Street|-37.98808,145.08891
Lawborough Avenue|Warren Road|-37.98874,145.09351
Lawless Drive|Lindenow Court|-38.06935,145.27255
Lawless Drive|Llewellyn Court|-38.07330,145.27245
Lawless Drive|Lobelia Court|-38.07118,145.27218
Lawless Drive|Lupin Court|-38.06754,145.27467
Lawless Drive|Primrose Court|-38.06951,145.27541
Lawless Drive|Stone Court|-38.06870,145.27272
Lawless Drive|Tad Court|-38.06940,145.27372
Lawless Drive|Waverley Park Drive|-38.07023,145.27335
Lawn Road|Peter Street|-37.96183,145.16285
Lawn Road|Rosa Avenue|-37.95906,145.16335
Lawn Road|Treesbank Avenue|-37.96268,145.16269
Lawn Road|Woodward Street|-37.95977,145.16322
Lawrence Avenue|Station Street|-38.02647,145.10192
Lawrence Court|Terrence Drive|-38.07096,145.26817
Lawrence Crescent|Pindari Street|-37.95710,145.19779
Lawrence Crescent|Wotama Court|-37.95818,145.19847
Lawrence Street|Male Street|-37.91429,144.99907
Lawson Close|Wallace Road|-38.10616,145.26821
Lawson Court|Monash Drive|-37.91373,145.16386
Lawson Parade|Marshall Avenue|-37.95274,145.02761
Lawson Parade|Noyes Street|-37.95251,145.02552
Lawson Street|Leckie Street|-37.92301,145.04734
Lawson Street|Leumear Street|-37.90480,145.11886
Lawson Street|Macrina Street|-37.90418,145.11364
Lawson Street|Oberon Avenue|-37.90449,145.11618
Lawson Street|Olive Street|-37.93323,145.02029
Lawson Street|Smith Street|-37.93348,145.02247
Lawson Street|Tucker Road|-37.92336,145.05035
Lawson Way|McKillop Place|-37.97706,145.26921
Lawson Way|Poole Court|-37.97695,145.26822
Lawson Way|Sir Harold Close|-37.97734,145.26616
Lawson Way|Wevlin Close|-37.97683,145.26723
Le Fevre Street|Royal Avenue|-37.95848,145.01455
Le Fevre Street|Victoria Street|-37.95660,145.01494
Le Gallienne Crescent|Murdoch Avenue|-37.91439,145.16228
Le Gallienne Crescent|Rivett Crescent|-37.91160,145.16120
Le Grand Court|Sara Drive|-37.91627,145.19280
Le John Street|Wellington Road|-37.92686,145.24889
Le Page Street|Worthing Road|-37.94361,145.03956
Lea Road|Mangana Drive|-37.92663,145.16833
Lea Road|Matlock Avenue|-37.92409,145.16882
Lea Road|Merrill Street|-37.92766,145.16814
Leaf Court|Monash Green Drive|-37.92273,145.12765
Leaf Court|Shady Mews|-37.92273,145.12765
Leah Grove|Tova Drive|-38.10096,145.16356
Leak Avenue|Quattro Avenue|-38.12267,145.30010
Leanna Court|Maculata Drive|-38.10116,145.26594
Leanne Crescent|Nairn Court|-37.98521,145.16058
Learmonth Road|Thompson Road|-38.06736,145.15606
Learmonth Road|Wadsley Road|-38.07559,145.15451
Leary Avenue|Malane Street|-37.91644,145.05522
Leary Avenue|Vine Court|-37.91669,145.05719
Leatherwood Close|Timbertop Drive|-37.93242,145.22460
Leatherwood Crescent|Meadowbrook Drive|-37.90675,145.17387
Lebanon Crescent|Neil Court|-37.92830,145.15821
Lebanon Crescent|Wattle Grove|-37.93250,145.15844
Lebanon Street|Ross Street|-37.98463,145.22573
Lebanon Street|Sarona Street|-37.98480,145.22717
Leckie Street|Renown Street|-37.92152,145.04761
Leckie Street|Scotts Street|-37.92053,145.04779
Lecky Street|Russell Street|-38.10741,145.28844
Lecky Street|Tabby Street|-38.10771,145.29092
Ledbury Place|Northampton Street|-38.09523,145.20267
Ledbury Place|Pumpkin Road|-38.09523,145.20267
Ledbury Place|Rangeview Drive|-38.09510,145.20183
Lee Avenue|Phillip Avenue|-37.93609,145.17360
Lee Street|Liege Avenue|-37.97397,145.19062
Lee-Andy Court|McGregor Court|-37.97928,145.12818
Leed Street|Stud Road|-37.97198,145.22337
Lees Street|Nicholson Street|-37.91187,145.03772
Lees Street|Wheatley Road|-37.91136,145.03346
Leeside Street|Mollison Street|-37.96602,145.20151
Leeside Street|Oakwood Avenue|-37.96433,145.20291
Leeson Place|Scotia Crescent|-37.98271,145.15983
Legana Court|Myuna Court|-38.06391,145.14793
Legana Court|Tingara Court|-38.06515,145.14823
Legana Court|Tumut Court|-38.06270,145.14703
Legend Close|Memory Lane|-37.94058,145.24917
Legend Court|Marson Crescent|-38.00494,145.27719
Legg Court|Zachary Hicks Crescent|-37.98395,145.25080
Legon Road|Valley Street|-37.91782,145.10742
Lehem Avenue|Luntar Road|-37.92741,145.08297
Lehem Avenue|Vernal Road|-37.92768,145.08514
Lehhong Close|Turramurra Drive|-37.92380,145.23531
Leigh Street|Victor Road|-37.93093,145.07811
Leigh Street|Warrigal Road|-37.93126,145.08100
Leila Road|Lillimur Road|-37.90017,145.04189
Leila Road|Melton Avenue|-37.90108,145.04940
Leila Road|Murrumbeena Road|-37.90277,145.06416
Leila Road|Newman Avenue|-37.90140,145.05201
Leila Road|Plunkett Avenue|-37.90071,145.04633
Leila Road|Rigby Avenue|-37.90159,145.05353
Leila Road|Ulupna Road|-37.90034,145.04325
Leila Road|Wild Cherry Road|-37.90130,145.05116
Leila Road|Wilmoth Avenue|-37.90278,145.06291
Leinster Street|Tyrone Street|-37.90668,145.04628
Leith Court|Shetland Street|-37.96322,145.26423
Leith Crescent|Wickham Road|-37.94351,145.02907
Leith Crescent|Widdop Crescent|-37.94057,145.02864
Leman Crescent|Wigstone Street|-37.96803,145.18174
Lemon Thyme Way|Lynbrook Boulevard|-38.04801,145.26257
Lemon Thyme Way|Olive Road|-38.04520,145.26131
Lemon Thyme Way|Oregano Drive|-38.04680,145.26208
Lemon Thyme Way|Tarragon Court|-38.04607,145.26164
Lemont Street|Temby Close|-37.99143,145.26784
Len Thomas Place|Vesper Drive|-38.02024,145.29296
Lennon Court|McCartney Drive|-38.06551,145.29528
Lenore Street|Orsino Street|-37.94047,145.15686
Lenore Street|Springvale Road|-37.94014,145.15455
Lentara Court|Talinga Road|-37.96107,145.03314
Leon Street|Mary Avenue|-37.90318,145.19530
Leonard Avenue|Marabou Place|-38.02825,145.10558
Leonard Avenue|Muderra Way|-37.96725,145.17617
Leonard Avenue|Noble Street|-37.96893,145.17580
Leonard Avenue|Rich Street|-37.97312,145.17500
Leonard Avenue|Sixth Avenue|-38.02825,145.10558
Leonard Avenue|Stella Avenue|-37.97435,145.17476
Leonard Close|Springs Road|-37.94001,145.10744
Leonard Street|Louis Avenue|-37.97375,145.22400
Leonard Street|Seafoam Street|-37.93803,145.03291
Leonard Street|Stud Road|-37.97359,145.22291
Leonne Court|Silvan Grove|-38.03110,145.26617
Leons Road|Paterson Road|-37.97904,145.15117
Leons Road|Rickson Court|-37.97840,145.15120
Leopold Avenue|Mackay Street|-37.97341,145.15563
Leopold Avenue|Martin Street|-37.97414,145.15548
Leopold Avenue|Scotsmore Road|-37.97579,145.15510
Leopold Crescent|Patricia Court|-38.04308,145.26948
Leopold Crescent|Terry Court|-38.04369,145.26668
Leopold Crescent|Wendy Court|-38.04311,145.26766
Leopold Street|North Road|-37.90323,145.03376
Lerina Street|North Road|-37.91284,145.11507
Lesay Court|Westminster Drive|-37.92966,145.24178
Lesden Street|Marylin Court|-37.93427,145.05273
Lesden Street|Rayern Court|-37.93457,145.05517
Lesden Street|Valerie Street|-37.93414,145.05163
Lesdon Avenue|Marylyn Place|-38.08721,145.27533
Lesdon Avenue|Norwood Court|-38.08611,145.27140
Lesdon Avenue|South Gippsland Highway|-38.08709,145.27849
Lesdon Avenue|Strafford Avenue|-38.08720,145.27296
Lesdon Avenue|Thompsons Road|-38.08165,145.27158
Lesdon Avenue|Toirram Crescent|-38.08514,145.27053
Lesley Grove|Lightwood Road|-37.96076,145.16788
Lesley Grove|Moya Crescent|-37.96202,145.16759
Leslie Court|Simon Street|-37.93307,145.11306
Leslie Road|Rowson Grove|-37.94859,145.11413
Lespray Avenue|Pollina Street|-37.92651,145.05250
Lespray Avenue|Purtell Street|-37.92569,145.05265
Letchworth Avenue|South Road|-37.93140,145.02224
Letchworth Avenue|Sunlight Crescent|-37.92817,145.02281
Leumear Street|Stewart Road|-37.90566,145.11870
Leumear Street|Strelden Avenue|-37.90467,145.11889
Leumear Street|Sunburst Street|-37.90392,145.11903
Leumear Street|Sunshine Street|-37.90712,145.11842
Leura Street|Reid Street|-37.90325,145.07320
Levanswell Road|Nelson Street|-37.94584,145.07289
Levanswell Road|Powlett Street|-37.94607,145.07486
Levanswell Road|Tabbita Street|-37.94437,145.06241
Levanto Street|Lower Dandenong Road|-37.98240,145.07480
Levanto Street|Sarzana Street|-37.97700,145.07552
Levanto Street|Tambo Court|-37.97703,145.07582
Levida Drive|Yazaki Way|-38.09689,145.16991
Levin Street|Ludwig Street|-37.96864,145.15642
Levin Street|Noble Street|-37.97029,145.16057
Levin Street|Wardale Road|-37.96941,145.15640
Lewellin Grove|Valetta Street|-38.07652,145.12513
Lewellin Grove|Walkers Road|-38.07759,145.12681
Lewin Street|Szer Way|-38.10559,145.17801
Lewis Street|McLeod Street|-37.94224,145.14925
Lewis Street|Stephenson Street|-37.94128,145.14944
Lewis Street|Whitworth Avenue|-37.94024,145.14963
Lewisham Close|Warana Drive|-38.03296,145.27913
Lexington Close|Saville Court|-37.90523,145.27503
Lexington Close|Sovereign Crest Boulevard|-37.90573,145.27627
Lexton Avenue|Rylands Road|-37.97591,145.20022
Liam Street|Rayhur Street|-37.93129,145.12982
Lian Close|Shiralee Court|-37.91078,145.19101
Libbett Avenue|Westall Road|-37.95199,145.13793
Libby Court|Tiarne Crescent|-38.05070,145.28142
Liberty Avenue|Nagle Court|-37.93492,145.24073
Liberty Avenue|Saltbush Court|-37.92846,145.24288
Liberty Avenue|Shearer Drive|-37.93592,145.23944
Liberty Avenue|Virgilia Court|-37.92852,145.24398
Liberty Avenue|Westminster Drive|-37.92867,145.24509
Liberty Court|Timms Crescent|-37.98119,145.12279
Liberty Place|Tivoli Road|-37.93248,145.19293
Licola Crescent|Mark Anthony Drive|-38.03582,145.19424
Lidgate Avenue|Stamford Crescent|-37.92118,145.23282
Lieber Grove|Tova Drive|-38.10216,145.16356
Liege Avenue|Logan Court|-37.97516,145.18970
Liege Avenue|Maxine Court|-37.96939,145.19153
Liege Avenue|Railway Parade|-37.97587,145.18893
Liege Avenue|Ryder Street|-37.96712,145.19190
Liege Avenue|Sadie Court|-37.96872,145.19167
Lighthorse Crescent|Strathaird Drive|-38.06011,145.28973
Lightwood Road|Lindsay Williams Crossing|-37.95051,145.15431
Lightwood Road|Somers Street|-37.95848,145.16484
Lightwood Road|Southdowne Close|-37.95264,145.15714
Lightwood Road|Springvale Road|-37.94941,145.15283
Lightwood Road|Warwick Avenue|-37.95029,145.15401
Lightwood Street|McClelland Drive|-38.12187,145.19052
Lightwood Street|Triumph Way|-38.12210,145.19235
Lilac Avenue|Oakwood Avenue|-37.96410,145.20248
Lilac Avenue|Pinewood Avenue|-37.96274,145.20357
Lilac Way|Summer Lane|-37.93967,145.13664
Lillian Street|Madeleine Road|-37.92130,145.11925
Lillimur Road|North Road|-37.90402,145.04116
Lilly Pilly Avenue|Myrtle Grove|-37.99294,145.24450
Lilly Pilly Avenue|Tristania Street|-37.99316,145.24187
Lily Place|Pepperbush Circuit|-38.08805,145.28363
Lily Place|Trafford Road|-38.09074,145.17462
Lily Street|Somers Street|-37.91507,145.02562
Limandus Crescent|Valegro Lane|-38.12308,145.24020
Limonium Crescent|Rainford Crescent|-38.05354,145.24689
Limonium Crescent|Watergum Avenue|-38.05415,145.24722
Linacre Road|Little Field Street|-37.94387,145.01766
Linacre Road|Orlando Street|-37.94193,145.00091
Linacre Road|Swyer Street|-37.94428,145.02106
Linacre Road|Valerian Street|-37.94416,145.02000
Linacre Road|Wales Street|-37.94368,145.01609
Lincoln Court|Park Road|-37.97118,145.16133
Lincoln Drive|Medway Avenue|-37.96412,145.07882
Lincoln Drive|Sharrock Avenue|-37.96601,145.07850
Lincoln Drive|Shirlian Street|-37.96734,145.07774
Lincoln Parade|Marabou Place|-38.02660,145.10448
Lincoln Parade|Station Street|-38.02734,145.10242
Linda Court|Shelton Crescent|-37.94036,145.19367
Linda Drive|Raisell Road|-38.10262,145.26278
Linda Drive|Shadi Court|-38.10227,145.26146
Linda Drive|Suaad Court|-38.10250,145.26187
Linda Drive|Tracey Drive|-38.10137,145.25901
Lindas Way|Lyrebird Drive|-38.11070,145.17754
Lindas Way|Sue Place|-38.11045,145.17525
Lindell Street|Titcher Road|-37.95837,145.19379
Linden Court|Tyntynder Drive|-38.10952,145.18682
Linden Drive|Merrimack Crescent|-37.99946,145.17166
Linden Drive|Minot Court|-38.00091,145.17229
Linden Drive|Rosette Crescent|-38.00125,145.17222
Linden Place|Rowan Drive|-37.98469,145.23898
Lindsay Avenue|Marma Road|-37.90075,145.06921
Lindsay Avenue|Murrumbeena Road|-37.90018,145.06456
Lindsay Close|Oxley Way|-37.98513,145.25772
Lindsay Crescent|Litchfield Way|-38.04992,145.25034
Lindsay Crescent|Paterson Drive|-38.04995,145.24871
Lindsay Street|Malcolm Street|-37.91401,145.04553
Lindsay Street|Manna Court|-38.11898,145.15349
Lindsay Street|Moreton Street|-38.11962,145.15420
Lindsay Street|Parkside Street|-37.97279,145.04991
Lindsay Street|Radiata Street|-38.11833,145.15279
Lindsay Williams Crossing|Sandown Road|-37.95011,145.15479
Lindwall Drive|Nagle Crescent|-38.11583,145.23753
Lindwall Drive|Sanctum Parade|-38.11963,145.23675
Lindy Court|Terry Court|-37.97460,145.15179
Lineham Drive|Maggie Street|-38.12418,145.29976
Lineham Drive|Mossey Crescent|-38.12420,145.30061
Lineham Drive|Omeara Crescent|-38.12384,145.29711
Lineham Drive|Royaloak Crescent|-38.12347,145.29112
Lineham Drive|Sundew Avenue|-38.12394,145.29796
Ling Court|Portland Street|-37.93761,145.20419
Ling Drive|Roger Court|-37.92690,145.24014
Ling Drive|Turramurra Drive|-37.92583,145.23967
Ling Drive|Yvonne Court|-37.92634,145.23967
Links Drive|Sunshine Way|-37.93461,145.23322
Linley Street|Lonsdale Street|-38.00042,145.22623
Linley Street|Patrona Street|-37.99909,145.22648
Linlithgow Terrace|Merri Drive|-38.01515,145.13789
Linlithgow Terrace|Princetown Drive|-38.01423,145.13713
Linmac Drive|Redwood Avenue|-38.05047,145.27273
Linmac Drive|Selbourne Place|-38.05030,145.27270
Linmac Drive|Woodside Close|-38.04964,145.27283
Linsell Boulevard|Narre Warren Road|-38.09861,145.29292
Linsell Boulevard|Rochester Parade|-38.09901,145.29663
Linstead Lane|Westwood Boulevard|-38.00555,145.17799
Linton Place|Phillimore Drive|-37.92646,145.18544
Linton Street|Perry Street|-37.93771,145.04240
Linton Street|Schofield Street|-37.93906,145.04206
Linton Street|South Road|-37.93415,145.04316
Linton Street|Taverner Street|-37.94025,145.04182
Lipton Drive|Outlook Drive|-37.94710,145.21665
Lipton Drive|Robyn Court|-37.94624,145.21231
Liquidamber Street|Power Road|-37.98084,145.24072
Liquidamber Street|Privet Court|-37.98237,145.23826
Liquidamber Street|Rowan Drive|-37.98465,145.23782
Liquidamber Street|Spring Street|-37.98299,145.23814
Lisa Beth Mews|Ross Crescent|-38.09605,145.20356
Lisa Court|Scarlet Street|-37.98892,145.09443
Little Avenue|Summit Avenue|-37.93973,145.02555
Little Avenue|Widdop Crescent|-37.94069,145.02442
Littlecroft Avenue|Narre Warren - Cranbourne Road|-38.06521,145.29910
Littlecroft Avenue|Ormond Road|-38.06531,145.29909
Littlewood Street|May Street|-37.93583,145.01174
Liverpool Drive|Loxwood Avenue|-37.98643,145.15672
Liverpool Drive|Markham Court|-37.98588,145.15756
Liverpool Drive|Putt Grove|-37.98561,145.15770
Liverpool Drive|Springvalley Crescent|-37.99065,145.15625
Liverpool Drive|Sunset Court|-37.99076,145.15740
Liverpool Street|Lords Avenue|-37.92660,145.18592
Liverpool Street|Phillimore Drive|-37.92681,145.18562
Liverpool Street|St Jakob Court|-37.92701,145.18535
Liverpool Street|Warwick Street|-37.92077,145.06925
Liverpool Street|York Street|-37.91946,145.06951
Liviana Drive|Silverdale Close|-37.93861,145.24756
Liviana Drive|Whitecliffe Drive|-37.93856,145.24644
Livingston Street|Worthing Road|-37.94749,145.03868
Livingstone Circuit|Nowlan Street|-37.93040,145.19285
Livingstone Court|Tyers Lane|-38.00796,145.16441
Llewellyn Avenue|Wells Road|-38.02380,145.12611
Llewellyn Street|Weatherall Road|-37.97222,145.05242
Lloyd-Webber Drive|Sandalwood Grove|-38.09243,145.18917
Loch Court|Sherlowe Court|-37.92569,145.07205
Loch Road|Pamir Street|-37.95606,145.21740
Loch Road|Purley Drive|-37.95507,145.21583
Loch Road|Surace Court|-37.96260,145.22204
Loch Road|Taurus Avenue|-37.95619,145.21835
Loch Road|Teal Court|-37.96187,145.22218
Loch Road|Thredbo Court|-37.95957,145.22263
Loch Road|Tyrol Street|-37.96008,145.22253
Lochalsh Court|Shetland Street|-37.96509,145.26289
Lochard Terrace|Menindee Terrace|-38.02557,145.29077
Lochard Terrace|Ridgeway Chase|-38.02772,145.29298
Lochgreen View|Sunningdale Crescent|-38.11817,145.25841
Lochiel Avenue|Station Street|-38.03417,145.10643
Lochmaben Court|Springs Road|-37.93925,145.10761
Locinda Street|Spring Road|-37.94666,145.03216
Lockington Crescent|McNab Court|-37.97035,145.20476
Lockwood Avenue|Milroy Street|-37.90187,145.01282
Lockwood Rise|Morrant Mews|-38.06227,145.26095
Lockwood Street|Railway Crescent|-37.93005,145.03751
Locky Grove|Marbec Place|-38.07505,145.24292
Loddon Court|Tarago Crescent|-37.93952,145.10854
Loftus Court|Nicholas Street|-37.98545,145.16156
Logan Avenue|Tucker Road|-37.90699,145.05321
Logan Court|Sheldon Court|-37.91740,145.29269
Logis Boulevard|Metcalf Street|-38.01129,145.19683
Logis Boulevard|Ordish Road|-38.01235,145.19631
Logis Boulevard|Rodeo Drive|-38.00604,145.20728
Logis Boulevard|Smeaton Avenue|-38.00665,145.19909
Lola Street|Lotus Crescent|-37.92843,145.17407
Loller Street|Male Street|-37.91390,144.99963
Loller Street|Springvale Road|-37.93758,145.15483
Loller Street|Sullivan Street|-37.93721,145.15160
Loller Street|Trafalgar Street|-37.91504,145.00090
Loller Street|Waterloo Street|-37.91553,145.00146
Loller Street|Weatherly Grove|-37.91609,145.00210
Loma Street|Myrtle Street|-37.96527,145.16323
Loma Street|Wilcox Court|-37.96380,145.16357
Lomandra Drive|Orchid Street|-37.93072,145.12690
Lomond Court|Thomas Mitchell Drive|-37.98160,145.27301
London Street|Riddle Street|-37.92407,145.04202
London Street|Tucker Road|-37.92508,145.05003
London Street|Vale Street|-37.92404,145.04176
Long Island Point|Schooner Bay Drive|-38.07216,145.14031
Long Place|Moorookyle Avenue|-37.90683,145.08005
Long Street|Lower Dandenong Road|-37.98285,145.07834
Long Street|Nepean Highway|-37.98556,145.07780
Longbourne Avenue|Pemberley Drive|-37.90704,145.15059
Longbourne Avenue|Rosings Court|-37.90406,145.15102
Longbourne Avenue|Westerfield Drive|-37.90407,145.15000
Longford Close|Oaktree Drive|-38.02227,145.25493
Longview Avenue|Stratford Avenue|-37.91936,145.06402
Longwood Close|Waterloo Place|-37.90607,145.27808
Lonhro Boulevard|Panenka Court|-38.08376,145.23966
Lonhro Boulevard|Whitfield Boulevard|-38.08499,145.24249
Lonsdale Avenue|Mersey Close|-37.91779,145.25829
Lonsdale Avenue|Roydon Street|-37.93538,145.02816
Lonsdale Avenue|Severn Crescent|-37.91792,145.25936
Lonsdale Avenue|South Road|-37.93237,145.02876
Lonsdale Crescent|Thompsons Road|-38.08103,145.26796
Lonsdale Street|Plunkett Road|-37.99971,145.22399
Lonsdale Street|Princes Highway|-37.98476,145.21390
Lonsdale Street|Quinn Street|-37.99853,145.22213
Lonsdale Street|Scott Street|-37.98611,145.21414
Lonsdale Street|South Gippsland Highway|-38.00081,145.22695
Lonsdale Street|Walker Street|-37.98811,145.21444
Lonsdale Street|Webster Street|-37.99284,145.21598
Lorack Close|Tiverton Drive|-37.92526,145.17830
Lord Avenue|Sharrock Drive|-37.98306,145.12680
Lord Rodney Drive|Sovereign Close|-38.05404,145.13869
Lord Rodney Drive|Tasman Court|-38.05473,145.13904
Lord Street|Tucker Road|-37.91120,145.05246
Lord Weaver Grove|Nepean Highway|-38.06457,145.11973
Lords Avenue|Malone Grove|-37.92550,145.18574
Lords Avenue|Molesworth Drive|-37.92780,145.18713
Lords Avenue|Phillimore Drive|-37.92596,145.18573
Lords Avenue|Southampton Drive|-37.92715,145.18625
Lords Avenue|St James Park Drive|-37.92751,145.18678
Lords Avenue|Twickenham Street|-37.92885,145.18662
Lords Court|Rathgar Road|-37.91020,145.28586
Loreen Street|Warrigal Road|-37.91171,145.08488
Lorenzo Way|Nurten Parade|-38.02295,145.12285
Loretta Avenue|Petronella Avenue|-37.90653,145.19602
Lorikeet Lane|Starling Court|-38.01668,145.12944
Lorna Court|Nurten Parade|-38.02592,145.11863
Lorna Street|Robross Street|-37.96363,145.06891
Lorna Street|Silver Street|-37.96495,145.06865
Lorna Street|Wright Street|-38.12032,145.14041
Lorrean Avenue|Taylor Street|-37.90414,145.02088
Lorrean Avenue|Weber Street|-37.90414,145.02088
Louis Street|Marie Street|-37.98450,145.24462
Louis Street|Rebecca Street|-37.98815,145.24849
Louis Street|Sandra Street|-37.98628,145.24656
Louisa Court|Sherbrooke Avenue|-37.93581,145.08101
Louisa Court|Washington Drive|-37.93570,145.08094
Louise Court|Nettle Drive|-37.99926,145.27837
Louise Court|Rangeview Drive|-38.09904,145.20004
Louise Court|Sullivan Avenue|-37.91626,145.27360
Louise Street|North Road|-37.90155,145.02027
Louise Street|Taylor Street|-37.90400,145.01979
Love Street|O'Connor Street|-37.96603,145.01583
Love Street|Sarah Street|-37.96620,145.01713
Love Street|Smeed Street|-37.96591,145.01497
Lowden Court|Raleigh Drive|-38.05633,145.29288
Lowell Drive|Maxfield Road|-38.00924,145.16908
Lower Dandenong Road|Margaret Street|-37.98443,145.09139
Lower Dandenong Road|McArdle Street|-37.98901,145.12984
Lower Dandenong Road|McSwain Street|-37.98421,145.08958
Lower Dandenong Road|Murray Street|-37.98281,145.07895
Lower Dandenong Road|Nepean Highway|-37.98229,145.07373
Lower Dandenong Road|Olive Grove|-37.98301,145.07960
Lower Dandenong Road|Redwood Drive|-37.98731,145.11484
Lower Dandenong Road|Rivette Street|-37.98501,145.09623
Lower Dandenong Road|Sandleford Place|-37.98870,145.12525
Lower Dandenong Road|Scarlet Street|-37.98527,145.09828
Lower Dandenong Road|Sibthorpe Street|-37.98574,145.10225
Lower Dandenong Road|Southern Road|-37.98394,145.08734
Lower Dandenong Road|Springvale Road|-37.99074,145.14460
Lower Dandenong Road|Warren Road|-37.98478,145.09427
Lower Dandenong Road|Willow-Glen Court|-37.98845,145.12435
Lower Dandenong Road|Woodlands Drive|-37.98768,145.11763
Loxwood Avenue|Meadowbrook Place|-37.98888,145.15633
Luain Avenue|Luntar Road|-37.92578,145.08329
Luanda Street|Malmo Court|-37.99659,145.17592
Luanda Street|Nyala Court|-37.99661,145.17670
Lucas Court|Palm Way|-38.04518,145.29205
Lucas Crescent|Saxil Court|-38.10389,145.14713
Lucas Crescent|Slater Court|-38.10389,145.14605
Lucerne Street|Naples Road|-37.98914,145.06768
Lucian Avenue|Mary Street|-37.94287,145.15564
Lucian Avenue|Springvale Road|-37.94139,145.15433
Luckins Road|Porter Road|-37.93155,145.04402
Luckins Road|Sandra Grove|-37.93184,145.04666
Luckins Road|Tucker Road|-37.93207,145.04878
Lucknow Street|Springside Drive|-38.09428,145.24675
Lucy Place|Sandalwood Grove|-38.09254,145.19011
Ludstone Street|May Street|-37.93407,145.01207
Ludstone Street|Olive Street|-37.93504,145.01993
Ludstone Street|Passchendaele Street|-37.93363,145.00857
Ludstone Street|Prince Street|-37.93434,145.01432
Ludstone Street|Smith Street|-37.93531,145.02213
Ludwell Crescent|McGuinness Road|-37.92410,145.07514
Ludwig Street|Olympic Avenue|-37.96832,145.15383
Ludwig Street|Reginald Street|-37.96857,145.15586
Luisa Avenue|Nicholas Drive|-38.03698,145.20307
Luke Court|Scotia Crescent|-37.98199,145.15882
Lum Road|Moodie Drive|-37.90409,145.18006
Lum Road|Netherby Avenue|-37.91811,145.17746
Lum Road|Oregan Close|-37.90731,145.17944
Lum Road|Penola Place|-37.91553,145.17793
Lum Road|Radleigh Drive|-37.91252,145.17849
Lum Road|Raphael Drive|-37.90856,145.17923
Lum Road|Sheringham Drive|-37.90158,145.18052
Lum Road|Sunnybrook Drive|-37.90060,145.18071
Lum Road|Threadbow Crescent|-37.90122,145.18059
Lum Road|Wellington Road Service Road|-37.92040,145.17716
Lum Road|Whites Lane|-37.90040,145.18074
Lumeah Drive|Teacher Lane|-38.10538,145.25050
Luntar Road|Salem Avenue|-37.92496,145.08344
Luntar Road|Tular Avenue|-37.92659,145.08313
Lurline Street|Sladen Street|-38.11213,145.27470
Luscombe Avenue|Melsetta Court|-38.09568,145.18535
Luscombe Avenue|Norton Close|-38.09389,145.17887
Luscombe Avenue|The Glen|-38.09555,145.18443
Luscombe Avenue|Village Close|-38.09575,145.18354
Luster Circuit|Perkunos Lane|-38.12345,145.23132
Luton Court|Piccadilly Crescent|-37.98386,145.16157
Luton Place|Monash Crescent|-37.94443,145.13460
Luxmoore Street|Mernda Avenue|-37.95939,145.04391
Luxmoore Street|Munro Avenue|-37.95952,145.04494
Luxmoore Street|Paul Street|-37.95990,145.04787
Lyall Street|Narre Warren Road|-38.11041,145.29071
Lyall Street|New Holland Drive|-38.11031,145.29061
Lydia Street|Marion Street|-37.91917,145.04876
Lydia Street|Tucker Road|-37.91949,145.05107
Lyle Grove|Station Street|-38.01962,145.09724
Lymington Street|Petunia Drive|-38.00130,145.17842
Lymington Street|Ridgemont Way|-38.00196,145.17833
Lynbrook Boulevard|Ormond Road|-38.04760,145.26470
Lynbrook Boulevard|Paterson Drive|-38.05380,145.25191
Lynbrook Boulevard|South Gippsland Highway|-38.05058,145.25748
Lynbrook Boulevard|Sugar Bush Drive|-38.04874,145.26069
Lynbrook Boulevard Service Road|Lyndhurst Boulevard|-38.07627,145.24452
Lynda Close|Woodland Drive|-37.95487,145.05972
Lyndhurst Boulevard|Thompsons Road|-38.07811,145.24403
Lynette Court|Suemar Street|-37.93179,145.17081
Lynn Street|Torquay Avenue|-38.09549,145.13039
Lynn Street|Whitby Way|-38.09563,145.13151
Lynne Street|Sutton Street|-38.04872,145.14098
Lynne Street|Wells Road|-38.04841,145.14188
Lynwood Walk|Ormond Road|-38.06132,145.29222
Lyons Court|McFees Road|-37.96344,145.20996
Lyons Court|Murray Street|-37.98094,145.07809
Lyrebird Drive|Magpie Court|-38.10882,145.17936
Lyrebird Drive|Paddington Avenue|-38.11247,145.17167
Lyrebird Drive|Partridge Crescent|-38.10500,145.18426
Lyrebird Drive|Raven Close|-38.10575,145.18073
Lyrebird Drive|Sunbird Crescent|-38.11147,145.17374
Lyrebird Drive|Thornbill Drive|-38.10980,145.17848
Lyric Court|Springvale Road|-37.90025,145.16192
Lysander Street|Marriage Road|-37.91949,145.01539
Lysbeth Street|McKinnon Road|-37.91013,145.03063
Lysbeth Street|Murray Road|-37.90683,145.03119
Lysterfield Road|Napoleon Road|-37.90049,145.29456
Mac Crescent|White Street|-37.99858,145.08617
Macarthur Close|Torres Parade|-38.08642,145.21488
Macarthur Drive|Monahans Road|-38.10470,145.26624
Macarthur Drive|Wallace Road|-38.10500,145.26826
Macbeth Street|Malcolm Road|-38.00116,145.11248
Mace Rise|Weeden Crescent|-38.00870,145.28116
Macey Street|Marklin Street|-38.10359,145.28821
Macgregor Street|McSwain Street|-37.98980,145.08866
Mackay Street|Parker Street|-37.97318,145.15439
Mackay Street|Springvale Road|-37.97241,145.14828
Mackenzie Street|Sydney Street|-37.97137,145.05240
Mackenzie Street|Weatherall Road|-37.97219,145.05224
Mackie Grove|Union Street|-37.90942,145.01977
Mackie Road|Medoro Grove|-37.92562,145.15874
Mackie Road|North Road|-37.90838,145.07618
Mackie Road|Paloma Street|-37.91427,145.07499
Mackie Road|Parkmore Road|-37.91595,145.07466
Mackie Road|Redfern Crescent|-37.92575,145.16337
Mackie Road|Springvale Road|-37.92543,145.15724
Mackie Road|Springvale Road Service Road|-37.92547,145.15760
Mackie Road|Stockdale Avenue|-37.91839,145.07418
Mackie Road|Stradbroke Crescent|-37.92417,145.16547
Mackie Road|Tudor Street|-37.91819,145.07422
Mackie Road|Wanda Street|-37.92371,145.16628
Mackie Road|Waratah Street|-37.91220,145.07539
Mackie Road|Warwick Street|-37.92130,145.07360
Mackie Road|Wattle Grove|-37.92574,145.15973
Mackie Road|Woolwich Drive|-37.92557,145.16357
Mackinnon Court|Putt Grove|-37.98709,145.16219
Maclean Court|Manyung Court|-38.09853,145.13159
Macpherson Street|Power Street|-37.98916,145.22557
Macquarie Circle|The Waterways Boulevard|-38.01606,145.13789
Macquarie Court|Wentworth Street|-38.07377,145.26785
Macrina Street|Nonna Street|-37.90047,145.11432
Macrina Street|Princes Highway|-37.90554,145.11329
Maculata Drive|Monahans Road|-38.10127,145.26692
Maculata Drive|Renee Court|-38.10075,145.26601
Maculosa Court|Regnans Avenue|-37.96905,145.24110
Madden Road|Old Dandenong Road|-37.96132,145.10240
Madden Road|Pine Lane|-37.96114,145.09829
Madeleine Road|Manton Road|-37.91552,145.11993
Madeleine Road|Margaret Street|-37.91746,145.11966
Madeleine Road|North Road|-37.91376,145.12017
Madeleine Road|Rockbeare Court|-37.91489,145.12005
Madeleine Road|Shandeau Avenue|-37.91889,145.11948
Madeleine Road|Thompson Street|-37.91938,145.11941
Madison Avenue|Maldon Court|-38.00277,145.29808
Madison Avenue|McKinley Court|-37.94086,145.20314
Madisson Crescent|Scarlett Avenue|-38.08828,145.19842
Madisson Crescent|Silverbark Court|-38.08896,145.19888
Madura Court|Ondine Drive|-37.91643,145.17610
Maffra Court|Waranga Street|-37.94177,145.21582
Magid Avenue|Plato Crescent|-37.90701,145.16214
Magid Avenue|Springvale Road|-37.90655,145.16110
Magid Avenue|Village Court|-37.90652,145.16078
Magid Drive|Princes Highway|-38.01999,145.29813
Magnolia Avenue|Miami Court|-37.92222,145.07994
Magnolia Avenue|Rebecca Court|-37.92074,145.08021
Magnolia Avenue|Wolai Avenue|-37.92149,145.08007
Magnolia Drive|Tenterfield Drive|-38.06877,145.29340
Magnolia Grove|Oleander Street|-37.99495,145.23698
Magnolia Road|North Road|-37.90016,145.00975
Magnolia Street|Verbena Street|-37.99173,145.09708
Magnolia Street|Waratah Avenue|-37.99146,145.09480
Magnolia Way|Springvale Road|-37.97315,145.14812
Magnolia Way|Wisteria Place|-37.97378,145.14839
Mahala Court|Orloff Street|-37.98463,145.18480
Maher Street|Matthieson Street|-37.95415,145.05127
Maher Street|Tennyson Street|-37.95335,145.05305
Mahogany Avenue|Stringybark Crescent|-38.12214,145.14826
Mahogany Avenue|Windoo Street|-38.12063,145.14787
Mahonga Drive|Stevens Place|-37.91682,145.23354
Maidenhair Mews|Pacific Drive|-38.02194,145.12657
Main Road|McMillan Street|-37.93251,145.12778
Main Road|Rosebank Avenue|-37.93883,145.12669
Main Road|Whiteside Road|-37.93921,145.12662
Main Street|McDonald Street|-38.00570,145.08600
Main Street|Nepean Highway|-38.00893,145.08814
Main Street|New Holland Drive|-38.11079,145.29488
Main Street|Owen Street|-38.00675,145.08627
Main Street|Race Drive|-38.11241,145.29706
Maine Hey Crescent|Oak Grove|-37.95521,145.15542
Maine Hey Crescent|Springvale Road|-37.95480,145.15187
Maitland Close|Oakdene Court|-37.90710,145.25862
Maiya Court|Pyingerra Crescent|-37.97002,145.04324
Majestic Boulevard|Narre Warren Road|-38.08778,145.29478
Majestic Boulevard|Pepperbush Circuit|-38.08769,145.28495
Majestic Boulevard|Satin Street|-38.08891,145.29034
Majestic Boulevard|Silky Oak Drive|-38.08798,145.29052
Majestic Boulevard|Tulip Grove|-38.08900,145.28585
Major Crescent|Mirto Court|-37.92242,145.27387
Major Crescent|Oaktree Rise|-37.92526,145.27622
Major Crescent|Provence Rise|-37.92393,145.28031
Major Crescent|Regency Terrace|-37.92163,145.27401
Major Crescent|Sullivan Avenue|-37.91875,145.27725
Major Crescent|Volks Court|-37.92561,145.27506
Malabar Court|Netherby Avenue|-37.91837,145.17855
Malabar Court|Wingala Avenue|-37.98813,145.16685
Malane Street|May Street|-37.91776,145.05497
Malane Street|North Road|-37.90346,145.03670
Malata Way|Park Road|-37.92341,145.27248
Malcolm Crescent|Springside Crescent|-37.98805,145.18617
Malcolm Road|Mason Drive|-38.00088,145.11014
Malcolm Road|Venture Way|-38.00128,145.11596
Malcolm Road|White Street|-38.00086,145.10512
Malcolm Street|McKinnon Road|-37.91203,145.04584
Male Street|Southey Street|-37.90729,145.00539
Male Street|Valda Grove|-37.91337,145.00040
Male Street|William Street|-37.91131,145.00337
Malford Way|Police Road|-37.93666,145.18486
Malfoy Mews|Merribah Way|-38.09547,145.25589
Malibu Circuit|Yazaki Way|-38.09621,145.17300
Mallee Court|Wellington Road|-37.92355,145.19653
Mallee Street|Moreton Street|-38.12039,145.15314
Mallee Street|Poplar Street|-38.12180,145.15434
Mallett Grove|Marglen Place|-38.07563,145.24786
Malmsbury Crescent|Oberwyl Close|-37.92079,145.26127
Malmsbury Crescent|Seaton Place|-37.92114,145.26218
Malmsbury Crescent|Wentworth Avenue|-37.92097,145.26302
Maltravers Crescent|Nesbit Court|-38.07678,145.28871
Malua Circuit|Rivette Way|-38.08701,145.19577
Malua Circuit|Sandarra Boulevard|-38.08415,145.19560
Malua Circuit|Tarcoola Way|-38.08678,145.19403
Malua Street|O'Loughlan Street|-37.90544,145.03165
Malua Street|Wheatley Road|-37.90573,145.03444
Manatunga Street|Myriong Street|-37.91552,145.12577
Manchester Drive|Montana Way|-38.10812,145.19632
Manchester Place|Trentbridge Road|-37.92737,145.19177
Mandala Court|Withers Avenue|-37.93375,145.17574
Mangana Drive|Tyalla Court|-37.92673,145.16919
Mangrove Court|Pacific Drive|-38.01971,145.12400
Manhattan Court|McLeod Road|-38.07066,145.14509
Manikato Avenue|McDonald Street|-38.00147,145.09603
Manikato Avenue|White Street|-37.99975,145.09574
Manna Court|Sugar Gum Drive|-37.92471,145.19627
Manna Gum Court|Pinewood Drive|-38.09706,145.18794
Mannavue Boulevard|Nature Circuit|-38.08068,145.29896
Mannavue Boulevard|Retreat Avenue|-38.08238,145.29848
Mannavue Boulevard|Thompsons Road|-38.08497,145.29878
Mannavue Boulevard|White Gum Way|-38.08208,145.29857
Manning Close|Pound Road|-38.02751,145.26293
Manning Drive|Omeo Street|-37.94128,145.19521
Manning Drive|Shelton Court|-37.94136,145.19615
Manning Drive|Shelton Crescent|-37.94113,145.19356
Manooka Court|Turramurra Drive|-37.98599,145.16549
Manoon Road|Springs Road|-37.92948,145.10951
Mansell Close|Selbourne Way|-37.93429,145.19648
Mantello Street|Satinwood Way|-38.05476,145.24556
Mantello Street|Watergum Avenue|-38.05481,145.24767
Mantova Drive|Waitara Court|-37.91562,145.17921
Mantung Crescent|Nattai Court|-37.91987,145.24278
Mantung Crescent|Talia Court|-37.91754,145.24381
Mantung Crescent|Tanya Court|-37.92101,145.24301
Mantung Crescent|Turramurra Drive|-37.92136,145.24407
Manuka Street|Orange Street|-37.91763,145.07842
Manuka Street|Paloma Street|-37.91478,145.07907
Manuka Street|Waratah Street|-37.91263,145.07949
Manuscript Drive|Voyager Way|-37.99018,145.25637
Manyung Court|Park Street|-38.09862,145.13231
Manyung Court|Portland Parade|-38.09842,145.13053
Manzanilla Way|Tapas Court|-38.04636,145.26094
Maple Court|Wattle Drive|-37.99739,145.23160
Maple Street|McBride Crescent|-38.10275,145.15100
Maple Street|Merton Street|-37.94877,145.15857
Maple Street|Richardson Street|-38.10194,145.14313
Maple Street|Ryan Street|-38.10295,145.15261
Maple Street|Smale Court|-38.10215,145.14521
Maple Street|Wattle Street|-37.94864,145.15736
Maplewood Court|Tattler Street|-38.10416,145.18872
Marabou Place|Ross Street|-38.02804,145.10532
Marabou Place|Sixth Avenue|-38.02825,145.10558
Maracana Court|Tivoli Road|-37.93275,145.19285
Maralber Road|Panorama Avenue|-37.94696,145.03375
Maralber Road|Spring Road|-37.94676,145.03214
Maralinga Avenue|Orloff Street|-37.98475,145.18576
Marcella Avenue|Stevenson Avenue|-37.96568,145.19882
Marchant Street|Marshall Avenue|-37.95093,145.02797
Marchant Street|Miller Street|-37.95104,145.02961
Marchant Street|Nicol Street|-37.95088,145.02745
Marchant Street|Noyes Street|-37.95070,145.02589
Marchant Street|Sydenham Street|-37.95083,145.02692
Marchant Street|Wilson Street|-37.95076,145.02638
Marcus Road|Spring Road|-37.97931,145.13682
Marcus Road|St Marks Close|-37.98217,145.13334
Marcus Road|Woodland Court|-37.98002,145.13598
Maree Court|Trisha Drive|-37.93428,145.24756
Maree Street|McKinnon Road|-37.91348,145.05724
Maree Street|Valkstone Street|-37.91438,145.05708
Marga Place|Marriott Drive|-38.00581,145.14711
Margaret Avenue|Park Street|-38.09828,145.13241
Margaret Street|Marriage Road|-37.91894,145.01068
Margaret Street|Price Street|-37.91638,145.11083
Margaret Street|Reid Street|-37.98547,145.09119
Margaret Street|Sheppard Street|-37.93608,145.04472
Margaretta Avenue|Reid Street|-37.90631,145.07259
Margaretta Street|Vivien Street|-37.92633,145.05960
Margaretta Street|Wards Grove|-37.92653,145.06109
Margate Street|Scarborough Grove|-37.98101,145.04915
Margie Square|Tangerine Drive|-38.06636,145.29157
Margot Court|Rapallo Way|-38.08246,145.29239
Marie Street|Rebecca Street|-37.98333,145.24501
Mariemont Avenue|Valmont Avenue|-37.98418,145.04863
Marigold Place|Red Oak Terrace|-38.05782,145.24771
Marina Court|Risdon Drive|-37.90908,145.15010
Marina Road|Rivoli Street|-37.98300,145.05525
Marina Road|Wakool Avenue|-37.98280,145.05529
Marinda Drive|McClelland Drive|-38.12093,145.19074
Marinique Drive|Pacific Drive|-38.01996,145.12428
Marion Street|Seaford Grove|-38.11010,145.13588
Marion Street|Stanley Street|-37.98371,145.20299
Marion Street|Wells Road|-38.11130,145.13797
Marion Street|Wilma Avenue|-37.98357,145.20208
Marita Court|Regent Parade|-37.95707,145.06436
Mark Anthony Drive|Ordish Road|-38.03152,145.19502
Mark Anthony Drive|Souffi Place|-38.03152,145.19502
Mark Anthony Drive|Villas Road|-38.03484,145.19443
Mark Court|Somerville Road|-38.02996,145.25062
Marlborough Court|Moodemere Street|-37.97734,145.17614
Marlborough Street|North Road|-37.90748,145.06903
Marlborough Street|Stockdale Avenue|-37.91750,145.06689
Marley Close|Woodside Drive|-37.92381,145.26043
Marlin Bay|Snapper Point Drive|-38.07323,145.13817
Marlo Grove|Monaco Crescent|-37.97365,145.04490
Marlo Place|Wedgewood Road|-38.00573,145.25669
Marlock Street|Rowan Court|-38.12254,145.16344
Marlock Street|Tamarisk Drive|-38.12124,145.16629
Marlock Street|Tecoma Street|-38.12180,145.16508
Marmont Place|Palmerston Road|-37.90928,145.27787
Marna Court|Namur Street|-37.97001,145.18895
Marni Street|Mickle Street|-38.03041,145.20715
Marnie Drive|Natalie Court|-38.10300,145.25781
Marnie Drive|Willora Crescent|-38.10311,145.25965
Maroona Road|Wickham Road|-37.94420,145.03487
Marquis Road|Paschal Street|-37.92993,145.04802
Marquis Road|Porter Road|-37.93054,145.04420
Marra Court|Morey Rise|-37.98252,145.25430
Marrbridge Road|Mayswood Court|-37.93901,145.05968
Marrbridge Road|Ranleigh Court|-37.94207,145.05905
Marrbridge Road|South Road|-37.93640,145.06023
Marriage Road|Nepean Highway|-37.92013,145.02177
Marriage Road|Parker Street|-37.91978,145.01785
Marriage Road|Plunket Street|-37.91939,145.01453
Marriage Road|Robinson Street|-37.92006,145.02026
Marriage Road|Summerhill Road|-37.91917,145.01266
Marriage Road|Walstab Street|-37.91865,145.00805
Marriot Road|Small Road|-37.93017,145.04081
Marriott Boulevard|Southern Cross Circuit|-38.07710,145.25143
Marriott Boulevard|Thompsons Road|-38.07894,145.25106
Marriott Crescent|Overall Drive|-38.09043,145.20125
Marriott Drive|Mayfield Drive|-38.00508,145.14233
Marriott Drive|Parade Avenue|-38.00568,145.14614
Marriott Drive|Springvale Road|-38.00503,145.14197
Marriott Drive|The Strand|-38.00581,145.14793
Marriott Drive|Wendyn Avenue|-38.00520,145.14328
Marriott Street|McSwain Street|-37.98885,145.08882
Marriott Street|Nepean Highway|-37.98828,145.08034
Marriott Street|Wild Street|-37.98864,145.08694
Marshall Court|Pound Road|-38.02620,145.25151
Marshall Street|Princes Highway|-37.96496,145.19186
Marshall Street|Smith Street|-37.96603,145.19033
Marsham Street|Norris Court|-37.95709,145.20045
Marsham Street|Singleton Place|-37.95758,145.20042
Marshy Avenue|Solar Close|-38.09216,145.29619
Marston Street|Roma Street|-37.92514,145.04366
Marston Street|Vale Street|-37.92489,145.04160
Marston Street|Wilma Street|-37.92501,145.04263
Martha Street|Wells Road|-38.11293,145.13747
Martha Street|Wise Avenue|-38.11230,145.13447
Martin Street|Maxwell Street|-37.97479,145.15891
Martin Street|Silverdale Court|-37.97559,145.15953
Martin Street|Tramway Parade|-37.99170,145.04022
Marwick Street|Pebble Beach Drive|-38.08884,145.19533
Marwick Street|Scarlett Avenue|-38.08801,145.19558
Mary Avenue|Middleton Street|-37.95495,145.03844
Mary Avenue|Montrose Avenue|-38.03293,145.11358
Mary Avenue|Samuel Close|-37.90403,145.19876
Mary Street|Robjant Street|-38.02694,145.24738
Mary Street|Rose Street|-37.92255,145.12155
Mary Street|Springvale Road|-37.94279,145.15406
Mary Street|Trevethic Road|-37.94279,145.15406
Mary Street|Vanessa Drive|-38.02727,145.25010
Mary Street|Wright Street|-37.92156,145.12181
Marykirk Drive|Palmerston Crescent|-37.91011,145.19635
Marykirk Drive|Wendy Court|-37.91253,145.19177
Marylebone Drive|Selhurst Park Road|-37.92630,145.18750
Marylebone Drive|Waverley Park Drive|-37.92668,145.18825
Maryrose Crescent|Reema Boulevard|-37.96944,145.27406
Maryrose Crescent|Rola Close|-37.97008,145.27568
Mascot Avenue|Station Street|-38.07171,145.12177
Masefield Avenue|Raith Avenue|-37.95706,145.01005
Mashie Terrace|Sandhurst Boulevard|-38.08208,145.21454
Mason Court|Rowans Road|-37.94921,145.04928
Mason Drive|Urban Street|-37.99847,145.11062
Mason Street|Robinson Street|-37.98660,145.21113
Mason Street|Walker Street|-37.98830,145.21128
Massie Drive|Meduno Drive|-38.04383,145.26145
Masters Street|Power Street|-37.99041,145.22348
Masters Street|Wilson Street|-37.98879,145.22197
Masterton Place|Waterside Drive|-38.10299,145.29350
Mather Road|Walter Street|-37.97419,145.18132
Matilda Road|South Road|-37.93623,145.05884
Matilda Way|Royal Road|-38.05847,145.13309
Matipo Street|Photinia Street|-37.99233,145.23535
Matipo Street|Saison Circuit|-37.99282,145.23526
Matisse Street|Springside Drive|-38.09489,145.24660
Matthew Close|Rosene Court|-37.99684,145.17107
Matthew Flinders Avenue|Morey Rise|-37.98253,145.25536
Matthew Flinders Avenue|Peckover Court|-37.97962,145.25689
Matthew Flinders Avenue|Wild Court|-37.98192,145.25560
Matthieson Street|Stevens Street|-37.95300,145.05053
Matts Place|Trafford Road|-38.09093,145.17609
Maud Street|O'Loughlan Street|-37.90385,145.03170
Maud Street|Wheatley Road|-37.90423,145.03471
Maureen Close|Navarre Drive|-38.10732,145.25440
Maureen Court|Mollison Street|-37.96558,145.20065
Maurice Court|Rockman Court|-37.99240,145.29368
Maurice Street|Queen Street|-37.97246,145.19750
Maurice Street|Ray Street|-37.97355,145.19729
Maury Road|Nepean Highway|-38.05589,145.11755
Mavis Avenue|Milroy Street|-37.90492,145.01081
Mavis Avenue|Wairoa Avenue|-37.90439,145.01345
Mawby Road|Mervin Street|-37.92934,145.05479
Mawby Road|Rowan Avenue|-37.92935,145.05486
Mawby Road|Tucker Road|-37.92870,145.04934
Mawson Court|Rivett Crescent|-37.91552,145.16100
Mawson Walk|Tulloch Drive|-38.07918,145.20268
Max Court|Myrtle Street|-37.96513,145.16212
Maxfield Road|Orrington Drive|-38.00934,145.16998
May Gibbs Crescent|Paterson Drive|-38.05304,145.25048
May Street|Mills Street|-37.93670,145.01158
May Street|Nepean Highway|-37.96046,145.05382
May Street|Raynes Park Road|-37.93616,145.01168
May Street|Teddington Road|-37.93513,145.01187
May Street|Tucker Road|-37.91732,145.05144
May Street|Willis Street|-37.93758,145.01141
Mayfield Place|Murrindal Drive|-37.90861,145.27395
Mayflower Drive|Red Cap Drive|-38.11337,145.24528
Maylands Crescent|Swift Drive|-37.90374,145.17222
Maylands Crescent|View Mount Road|-37.90393,145.17374
Mayne Street|Regent Parade|-37.95436,145.06435
Mayo Court|Seccull Drive|-38.04622,145.13859
Mayune Court|Ruffy Drive|-38.09900,145.27642
McAllister Drive|Murrayfield Street|-38.11702,145.29511
McAllister Drive|Ogilvie Court|-38.11774,145.29510
McAllister Drive|Shelburn Way|-38.11561,145.29552
McArdle Street|Meadow Court|-37.98774,145.13028
McArdle Street|Sunview Court|-37.98829,145.12999
McArthur Street|Nepean Highway|-37.92625,145.02819
McBean Street|Ormond Road|-37.92391,145.11217
McBride Crescent|Ryan Street|-38.10426,145.14998
McCardle Court|Tacit Park Lane|-37.97450,145.26123
McCarthy Street|The Avenue|-37.93169,145.00117
McClelland Drive|Pimmys Court|-38.11831,145.19125
McClelland Drive|Quarry Road|-38.12871,145.18046
McClure Road|Spring Road|-37.97197,145.13310
McClure Road|Tootal Road|-37.96787,145.12505
McClure Road|Wheatland Crescent|-37.96839,145.12656
McClure Road|Wyndarra Crescent|-37.96865,145.12729
McComb Lane|Willow Glen Boulevard|-38.11124,145.25349
McCormicks Road|Montana Way|-38.10805,145.19574
McCormicks Road|Munday Court|-38.10168,145.19707
McCormicks Road|Overall Drive|-38.08964,145.19958
McCormicks Road|Rowellyn Avenue|-38.10683,145.19597
McCormicks Road|Sandarra Boulevard|-38.08217,145.20124
McCormicks Road|Sandhurst Boulevard|-38.08680,145.20025
McCormicks Road|St Johns Wood|-38.09279,145.19891
McCormicks Road|Stable Grove|-38.09622,145.19818
McCormicks Road|Stud Court|-38.10088,145.19724
McCormicks Road|Thompsons Road|-38.07316,145.20313
McCormicks Road|Van Haaster Grove|-38.09928,145.19758
McCormicks Road|Wilton Way|-38.10015,145.19739
McCrae Street|Plunkett Road|-37.99596,145.22475
McCrae Street|Power Street|-37.99186,145.22101
McCrae Street|Walker Street|-37.98708,145.21649
McCrae Street|Wedge Street|-37.99348,145.22249
McCrae Street|Wilson Street|-37.99026,145.21950
McCubbin Drive|Oak Avenue|-37.97466,145.07122
McCubbin Drive|Rowell Drive|-37.97620,145.07188
McCubbin Drive|Withers Way|-37.97537,145.07127
McCulloch Avenue|McMannis Way|-38.12167,145.13215
McCulloch Avenue|Nepean Highway|-38.12102,145.12486
McCulloch Avenue|Rosslyn Avenue|-38.12144,145.12962
McCulloch Avenue|Wells Road|-38.12194,145.13497
McDonald Court|Pound Road|-38.04605,145.29501
McDonald Street|Myrtle Street|-38.00089,145.10013
McDonald Street|Reserve Road|-37.97329,145.03548
McDonald Street|Thomas Street|-38.00399,145.08947
McDonald Street|Treeby Boulevard|-38.00115,145.10224
McDonald Street|Triumph Way|-38.12032,145.19268
McDowall Road|South Gippsland Highway|-38.04257,145.25227
McFarlane Court|Nepean Highway|-37.94818,145.04566
McFees Road|Pearson Street|-37.96375,145.21252
McFees Road|Scullin Street|-37.96391,145.21384
McFees Road|Simpson Drive|-37.96484,145.22155
McFees Road|Stud Road|-37.96520,145.22454
McFees Road|Worrell Street|-37.96504,145.22321
McGavin Way|Ryder Street|-38.11426,145.25996
McGavin Way|Titch Street|-38.11644,145.26045
McGeown Circuit|Snead Boulevard|-38.11405,145.25622
McGowan Drive|Nimman Mews|-38.11604,145.19843
McGowan Drive|Palkarra Court|-38.11540,145.19969
McGowan Drive|Sven Street|-38.11710,145.19831
McGuigan Drive|Navarre Drive|-38.10650,145.25608
McGuigan Drive|Willora Crescent|-38.10475,145.25908
McGuinness Road|Sassella Street|-37.92605,145.07477
McGuinness Road|Yarraburn Close|-37.92717,145.07452
McGuire Street|Warrigal Road|-37.95317,145.07669
McHugh Lane|Rodwell Street|-37.99241,145.20171
McHugh Lane|Rosling Lane|-37.99249,145.20422
McHugh Lane|Seely Street|-37.99244,145.20330
McHugh Lane|Steven Street|-37.99241,145.20088
McIntosh Court|Waterdale Place|-38.02049,145.11661
McIntosh Court|Wells Road|-38.01907,145.11738
McIntosh Street|North Road|-37.91119,145.09898
McIntosh Street|Windsor Avenue|-37.91119,145.09898
McIvor Street|Wilson Street|-37.96226,145.05986
McKay Court|Simpson Drive|-37.96591,145.22057
McKay Road|Raymond Road|-37.92434,145.25081
McKay Road|Taylors Lane|-37.92359,145.24478
McKay Street|Warren Road|-37.99562,145.09221
McKenzie Street|Park Street|-38.10367,145.13087
McKenzie Street|Railway Parade|-38.10347,145.12844
McKenzie Street|Station Street|-38.10347,145.12844
McKern Place|Ratcliffe Way|-38.04647,145.24703
McKinnon Road|Moylan Street|-37.91300,145.05340
McKinnon Road|Nicholson Street|-37.91101,145.03788
McKinnon Road|Osborne Avenue|-37.91252,145.04973
McKinnon Road|Prince Edward Avenue|-37.91129,145.04020
McKinnon Road|Rose Street|-37.91034,145.03229
McKinnon Road|Shanahan Crescent|-37.91263,145.05068
McKinnon Road|Station Avenue|-37.91114,145.03899
McKinnon Road|Swindon Grove|-37.91182,145.04414
McKinnon Road|Wattle Grove|-37.91070,145.03535
McKinnon Road|Wembley Grove|-37.91205,145.04599
McKinnon Road|Windsor Avenue|-37.91239,145.04874
McKinnon Road|Wright Street|-37.91018,145.03097
McKittrick Road|Porter Road|-37.92962,145.04436
McLauchlin Avenue|Victoria Street|-37.95683,145.01674
McLean Avenue|Thomas Street|-37.91402,145.02367
McLean Avenue|Whitmuir Road|-37.91467,145.02886
McLean Crescent|Menzies Avenue|-37.96814,145.21111
McLean Crescent|Page Court|-37.96711,145.21175
McLennan Street|Olive Road|-38.00156,145.24577
McLennan Street|Rogers Street|-38.00134,145.24374
McLennan Street|Theyer Street|-38.00104,145.24148
McLeod Road|Melaleuca Drive|-38.07409,145.12909
McLeod Road|Millicent Avenue|-38.07398,145.12939
McLeod Road|Myola Street|-38.07263,145.13289
McLeod Road|Nepean Highway|-38.07647,145.12254
McLeod Road|Old Wells Road|-38.07126,145.14939
McLeod Road|Poulson Street|-38.07526,145.12607
McLeod Road|Rhode Island|-38.07025,145.14172
McLeod Road|Rigby Street|-38.07320,145.13142
McLeod Road|Riversdale Avenue|-38.07335,145.13103
McLeod Road|Schooner Bay Drive|-38.07008,145.14023
McLeod Road|Smith Street|-38.07463,145.12772
McLeod Road|Snapper Point Drive|-38.07109,145.13684
McLeod Road|Stanley Street|-38.07539,145.12573
McLeod Road|Staten Island|-38.07048,145.14348
McLeod Road|Station Street|-38.07637,145.12317
McLeod Road|Tennyson Street|-38.07476,145.12738
McLeod Road|Thompson Road|-38.06987,145.14003
McLeod Road|True Avenue|-38.07374,145.13000
McLeod Road|Valetta Street|-38.07570,145.12492
McLeod Road|Westley Street|-38.07292,145.13213
McLeod Road|Wright Street|-38.07487,145.12709
McMahen Street|Shearman Court|-37.98755,145.18521
McMahen Street|Thurbro Drive|-37.98755,145.18521
McMahens Road|Pillars Road|-38.03315,145.17997
McMahens Road|Riverend Road|-38.05303,145.15479
McNab Court|Wanke Crescent|-37.97046,145.20575
McNamara Street|Weatherall Road|-37.97205,145.05114
McNaughton Road|Princes Highway|-37.92368,145.14119
McNaughton Road|Torteval Place|-37.92822,145.13643
McRae Street|Mitchell Street|-38.10465,145.13100
McRae Street|Railway Parade|-38.10436,145.12852
McSwain Street|Robert Street|-37.98733,145.08898
McWilliam Street|Phillip Avenue|-37.93935,145.17295
Mcrae Mews|Raymond McMahon Boulevard|-37.97919,145.26613
Mead Court|Wilson Street|-37.90788,145.09207
Meadow Wood Walk|Springwood Avenue|-38.02208,145.29852
Meadowbank Close|Parkside Boulevard|-37.95720,145.27575
Medhurst Street|Rose Street|-37.95608,145.01817
Medinah Rise|Warana Drive|-38.03425,145.28200
Medoro Grove|Woolwich Drive|-37.92501,145.16291
Meduno Drive|Short Road|-38.04375,145.25943
Medusa Court|Vega Terrace|-38.09151,145.29139
Meehan Court|William Hovell Drive|-37.98130,145.25811
Mein Street|Picken Court|-37.94115,145.16017
Melaleuca Drive|Nardoo Court|-37.92876,145.10638
Melanie Blair Place|Rodney Court|-38.09595,145.20262
Melanie Blair Place|Ross Crescent|-38.09595,145.20262
Melba Court|Tulloch Drive|-38.07953,145.20445
Meldrum Court|Scarborough Drive|-38.05500,145.28961
Melia Street|Wattle Drive|-37.99753,145.23281
Melissa Court|Michelle Drive|-38.04438,145.27387
Melosa Avenue|Sylvander Street|-37.93882,145.11399
Melrose Street|Station Street|-37.95043,145.00414
Melrose Street|White Street|-37.99849,145.08541
Mels Place|Park Road|-37.92319,145.27088
Melva Street|North Road|-37.90826,145.07525
Memorial Drive|Mons Parade|-37.96521,145.17500
Memory Lane|Reservoir Crescent|-37.94102,145.25174
Memory Lane|Tivoli Gardens|-37.94068,145.25016
Mena Court|Whalley Drive|-37.91515,145.19006
Mentone Parade|Naples Road|-37.98815,145.06464
Mentone Parade|Palermo Street|-37.99116,145.06548
Menzies Avenue|O'Malley Crescent|-37.96501,145.20819
Menzies Close|Sherwood Road|-38.06685,145.28278
Meppel Drive|Ostend Court|-37.93216,145.11958
Merano Circuit|Rumble Lane|-38.12490,145.23105
Mercer Court|Outlook Drive|-37.94288,145.21984
Mercury Road|Redding Street|-38.11916,145.29186
Meredith Close|Milton Place|-38.04931,145.29531
Meredith Street|Tulip Street|-37.96278,145.02450
Meribah Court|Walnut Crescent|-37.97916,145.16470
Meribel Way|Park City Drive|-38.04778,145.25890
Meribel Way|Silver Creek Drive|-38.04677,145.25823
Merinda Park Boulevard|Thompsons Road|-38.08024,145.26149
Merion Court|Waradgery Drive|-37.92118,145.22213
Meriton Place|Murdock Street|-37.93387,145.12041
Merivale Close|Tarrawarra Terrace|-38.08369,145.21016
Merlin Court|Risdon Drive|-37.90876,145.14779
Mermaid Court|Palm Beach Drive|-38.08214,145.14558
Mernda Avenue|Patterson Street|-38.07013,145.12324
Mernda Avenue|Station Street|-38.07063,145.12150
Mernda Avenue|The Fairway|-38.06817,145.12850
Merri Drive|Tyrrell Terrace|-38.01493,145.13842
Merrick Street|Roy Court|-37.99083,145.18142
Merrigum Crescent|Nicole Close|-37.93867,145.10329
Merrigum Crescent|Shannon Court|-37.93854,145.10430
Merrigum Crescent|Viney Street|-37.93883,145.10222
Merrill Street|Zita Street|-37.92869,145.17031
Merryn Close|Raymond McMahon Boulevard|-37.97902,145.26170
Merton Close|Shelford Court|-37.96813,145.07104
Merton Street|Sandown Road|-37.95066,145.15825
Merton Street|Virginia Street|-37.94782,145.15876
Messmate Street|Tallowwood Street|-38.12453,145.14650
Metallic Way|Sermon Street|-38.12422,145.24435
Metcalf Crescent|Reeve Place|-37.91830,145.25429
Metcalf Crescent|Tyrell Court|-37.91900,145.25415
Metcalf Street|Smeaton Avenue|-38.01195,145.20197
Metung Court|Village Drive|-37.98235,145.12011
Metylene Avenue|Windsor Avenue|-37.95048,145.13970
Mia Street|Morgan Court|-37.94519,145.11230
Mia Street|Rashu Court|-37.94604,145.11210
Mia Street|Tully Road|-37.94680,145.11196
Michael Court|Smith Road|-37.93663,145.17130
Michelle Court|Verbena Crescent|-37.98086,145.16381
Michelle Drive|Simon Court|-38.04498,145.27367
Michelle Place|Whites Lane|-37.90018,145.17883
Micro Circuit|South Link|-38.02379,145.23612
Middlesex Court|Sussex Avenue|-38.07335,145.29070
Middleton Street|O'Connor Street|-37.96719,145.01560
Middleton Street|Sarah Street|-37.96737,145.01689
Middleton Street|Smeed Street|-37.96707,145.01472
Milan Street|Napier Street|-37.98765,145.06099
Milan Street|Naples Road|-37.98817,145.06080
Milano Place|Portofino Drive|-38.08183,145.29462
Mildura Crescent|Nareen Avenue|-37.97319,145.25819
Mildura Crescent|Portland Place|-37.97262,145.25852
Miles Grove|Wells Road|-38.11374,145.13726
Miles Grove|Wise Avenue|-38.11339,145.13448
Miles Street|Peters Avenue|-37.92322,145.15174
Miles Street|Springvale Road|-37.92401,145.15745
Milgate Street|North Road|-37.91222,145.10956
Mill Court|Whalley Drive|-37.91917,145.18994
Mill Road|Warrigal Road|-37.90102,145.08683
Mill Street|Mount View Street|-38.01356,145.09541
Mill Street|Pine Crescent|-38.01308,145.09408
Mill Street|Ruvina Street|-38.01409,145.09643
Millan Court|Winmalee Drive|-37.90075,145.15956
Millbank Place|Seacombe Place|-38.09700,145.29138
Miller Court|Toirram Crescent|-38.08249,145.27004
Millie Court|Nash Court|-37.92978,145.25394
Milliners Avenue|Weatherall Way|-38.00859,145.16398
Millport Court|Shetland Street|-37.96244,145.26917
Mills Court|Notre Dame Parade|-37.92441,145.18575
Mills Street|Warrigal Road|-37.95656,145.07614
Millswyn Avenue|Oaktree Drive|-38.02561,145.26495
Milne Avenue|Moresby Avenue|-38.11702,145.13303
Milne Avenue|Rosslyn Avenue|-38.11875,145.13020
Milner Court|Rouse Street|-38.09132,145.27079
Milojevic Court|South Gippsland Highway|-38.09608,145.28264
Milojevic Court|South Gippsland Highway Service Road|-38.09619,145.28297
Milroy Crescent|Ranger Court|-38.08592,145.13449
Milroy Street|Nepean Highway|-37.90639,145.00874
Milroy Street|North Road|-37.90067,145.01306
Milroy Street|Wairoa Avenue|-37.90362,145.01247
Milton Avenue|Oakes Avenue|-37.93545,145.13106
Milton Avenue|Rosebank Avenue|-37.93928,145.13033
Milton Street|Pleasance Street|-37.91848,145.02702
Milton Street|Standish Way|-38.00556,145.16775
Milton Street|Westwood Boulevard|-38.00484,145.16788
Mimosa Avenue|North Road|-37.91105,145.09788
Mimosa Avenue|Voumard Street|-37.91413,145.09718
Mimosa Street|Waratah Street|-37.98602,145.24183
MinJah Court|Wolbers Road|-37.97880,145.13353
Mina Court|Scarlett Avenue|-38.08823,145.19802
Minak Close|Oakgrove Drive|-38.05456,145.29896
Mindara Avenue|Seebeck Road|-37.93882,145.22739
Minerva Avenue|Olympus Crescent|-38.11234,145.23321
Minerva Avenue|Pegasus Road|-38.11247,145.23397
Minett Court|Springfield Drive|-38.01827,145.29031
Minette Court|Thomas Street|-37.90304,145.02583
Minnie Court|Spring Road|-37.96868,145.13713
Mint Court|Neptune Street|-38.05099,145.14138
Mintbush Close|Oakwood Drive|-37.99322,145.15868
Mintbush Close|Viola Court|-37.99322,145.15868
Miralie Way|Nyarrin Place|-38.09357,145.25943
Miralie Way|Stephellen Way|-38.09370,145.26045
Miramah Close|Tirhatuan Drive|-37.92664,145.23767
Miranda Close|Osborne Avenue|-37.94531,145.13515
Miriam Close|Rata Street|-37.92060,145.18964
Missens Road|Thompsons Road|-38.07914,145.25111
Missens Road|Volk Road|-38.08434,145.25009
Mississippi Close|Superior Avenue|-37.91452,145.23844
Mississippi Close|Yukon Court|-37.91593,145.23737
Mitchell Street|Robinsons Road|-38.10691,145.13075
Mitchell Street|Scott Street|-38.10784,145.13068
Mitchell Street|Warrigal Road|-37.98420,145.07098
Moama Place|Tetoora Close|-37.90396,145.26257
Mock Street|Sandringham Road|-37.95088,145.00894
Moishe Circuit|Sandown Road|-37.95060,145.15914
Moishe Circuit|Warner Way|-37.94967,145.16038
Molden Street|Moylan Street|-37.90677,145.05450
Molden Street|Tucker Road|-37.90662,145.05327
Molesworth Drive|Rokeby Place|-37.92822,145.18483
Molesworth Drive|Southampton Drive|-37.92822,145.18483
Molesworth Drive|St James Park Drive|-37.92868,145.18552
Molesworth Drive|Twickenham Street|-37.92851,145.18618
Moller Street|Railway Avenue|-37.90942,145.10151
Mollison Street|Regency Street|-37.96513,145.19980
Mollison Street|Rosemont Court|-37.96468,145.19892
Mollison Street|Stevenson Avenue|-37.96508,145.19970
Molly Lane|Trafford Road|-38.08940,145.17345
Molong Avenue|Peterson Street|-37.94541,145.02877
Molong Avenue|Wickham Road|-37.94352,145.02913
Mona Street|Park Street|-38.09918,145.13218
Monaco Street|The Corso|-37.99474,145.07470
Monaco Street|Ti-Tree Grove|-37.99579,145.07383
Monaco Street|Ti-Tree Grove East|-37.99597,145.07380
Monahans Road|Monahans Road Service Road|-38.11029,145.26513
Monahans Road|Monahans Service Road|-38.09962,145.26727
Monahans Road|Providence Drive|-38.09211,145.26874
Monahans Road|Roberts Road|-38.09378,145.26842
Monahans Road|Rouse Street|-38.09112,145.26894
Monahans Road|Sladen Street|-38.11070,145.26509
Monahans Road|Valma Avenue|-38.09294,145.26858
Monalto Street|Seaberry Promenade|-38.09395,145.20409
Monamie Avenue|Wickham Road|-37.94459,145.03810
Monamie Avenue|Wolseley Street|-37.94661,145.03772
Monarch Court|Regent Street|-37.90352,145.09418
Monash Crescent|Ricki Court|-37.94347,145.13236
Monash Crescent|Sheldon Place|-37.94429,145.13347
Monash Drive|Monash Gardens Village|-37.91750,145.16417
Monash Drive|Namatjira Court|-37.91240,145.16405
Monash Drive|Rivett Crescent|-37.91084,145.16133
Monash Drive|Springvale Road|-37.91089,145.16017
Monash Drive|Sutherland Court|-37.91383,145.16384
Monash Drive|Wellington Road|-37.91927,145.16505
Monash Drive|Wellington Road Service Road|-37.91897,145.16494
Monash Gardens Village|Units 54-74|-37.91664,145.16516
Monash Green Drive|Shady Mews|-37.92273,145.12765
Monash Place|Robinson Street|-37.91953,145.11002
Monash Street|Warrigal Road|-37.91236,145.08475
Monash Street|White Street|-37.91191,145.08114
Monash Way|Rosebank Drive|-38.07609,145.28740
Monbulk Crescent|Platypus Court|-37.90175,145.27935
Monica Avenue|Nepean Highway|-38.06529,145.11984
Monica Avenue|Ti Tree Avenue|-38.06545,145.11906
Monica Close|Reema Boulevard|-37.97039,145.27340
Monkhouse Drive|Tench Rise|-37.97656,145.25370
Monkhouse Drive|Thurmond Court|-37.97634,145.25688
Mons Parade|Muderra Way|-37.96663,145.17667
Mons Parade|Pau Street|-37.96759,145.17788
Mons Parade|Roberts Street|-37.96702,145.17713
Montague Court|Quail Way|-37.93175,145.25630
Montana Avenue|Seaview Crescent|-37.92690,145.15442
Montana Avenue|Wilma Avenue|-37.92657,145.15180
Montclair Avenue|Warleigh Grove|-37.90424,145.00348
Montdami Way|Myhaven Circuit|-38.08667,145.18499
Montdami Way|Sam Street|-38.08716,145.18474
Monteith Crescent|Scotsburn Way|-37.97198,145.26611
Monterey Boulevard|Nodding Avenue|-38.12457,145.15672
Monterey Boulevard|Poplar Street|-38.12233,145.15345
Monterey Boulevard|Radiata Street|-38.11973,145.15094
Monterey Boulevard|Ribbon Court|-38.12414,145.15545
Monterey Boulevard|Windoo Street|-38.11918,145.15000
Montgomery Court|Sneddon Drive|-38.04934,145.29422
Montgomery Street|Nepean Highway|-37.91861,145.02091
Montgomery Street|Owen Street|-38.00722,145.08534
Montreal Street|Patterson Road|-37.92710,145.04751
Montrose Court|Shetland Street|-37.96256,145.26816
Montrose Street|Sherbrooke Avenue|-37.93898,145.08755
Montrose Street|Washington Drive|-37.93667,145.08799
Moodie Drive|Pryde Court|-37.90379,145.17864
Moodie Drive|Rennison Court|-37.90372,145.17849
Moodie Drive|Threadbow Crescent|-37.90318,145.17776
Moomba Parade|Morwell Avenue|-37.99432,145.20443
Moon Street|Murray Street|-37.90594,145.02411
Moonlight Drive|Rathgar Road|-37.90785,145.28280
Moonstone Court|Tourmaline Crescent|-37.92042,145.19843
Moorabbin Street|Vincent Street|-37.94913,145.01336
Moorabool Place|Waverley Park Drive|-37.92467,145.18961
Moore Avenue|Oakes Avenue|-37.93658,145.13582
Moore Avenue|Rosebank Avenue|-37.93988,145.13515
Moore Street|Nepean Highway|-37.90194,145.00723
Moore Street|North Road|-37.90280,145.03149
Moorhen Crescent|Paddington Avenue|-38.11157,145.17075
Moorhen Crescent|Richmond Avenue|-38.11281,145.16743
Moorhen Crescent|Zebrafinch Court|-38.11265,145.16898
Moorookyle Avenue|Simmonds Street|-37.90677,145.07949
Moorookyle Avenue|Warrigal Road|-37.90751,145.08545
Morawa Drive|Wellington Road Service Road|-37.92736,145.19474
Moresby Avenue|Rosslyn Avenue|-38.11666,145.13064
Moreton Bay Boulevard|Red Oak Terrace|-38.05764,145.24856
Moreton Bay Boulevard|Watergum Avenue|-38.05699,145.24816
Moreton Bay Boulevard|Western Port Highway|-38.05644,145.24369
Moreton Street|Nodding Avenue|-38.11939,145.15454
Morey Rise|Wilkinson Way|-37.98254,145.25348
Morey Road|Tibbles Street|-37.97272,145.03949
Morey Road|Weatherall Road|-37.97066,145.03988
Morey Road|Woff Street|-37.97577,145.03893
Morey Road|Wood Street|-37.97475,145.03910
Morgan Street|Mount View Avenue|-37.99389,145.08496
Morgan Street|Vialls Avenue|-37.99302,145.08511
Morialta Road|Paramount Boulevard|-38.09139,145.25350
Morialta Road|Universal Way|-38.09304,145.25316
Morley Crescent|Peterson Street|-37.94504,145.02561
Morningside Boulevard|Nobel Drive|-38.09624,145.25010
Morningside Boulevard|Queensberry Street|-38.09920,145.24944
Morningside Boulevard|Riverside Drive|-38.09682,145.24995
Morningside Boulevard|Saint Clair Avenue|-38.09855,145.24959
Morningside Boulevard|Stableford Drive|-38.09988,145.24932
Moroney Street|North Road|-37.91120,145.10046
Morres Street|Vickery Street|-37.91733,145.03886
Morris Court|Purley Drive|-37.95498,145.21375
Morris Court|Smith Road|-37.93826,145.17097
Morris Street|Warren Road|-37.99383,145.09255
Morrison Street|Scotsburn Avenue|-37.92459,145.10804
Morrison Street|View Street|-37.92479,145.10968
Mortimer Street|Shafton Street|-37.90389,145.10800
Mortimore Street|Tucker Road|-37.92837,145.04940
Morton Grove|Navi Grove|-38.04667,145.11131
Morton Grove|Nepean Highway|-38.04607,145.11294
Morton Place|Pitfield Crescent|-37.92097,145.25645
Morwell Avenue|Noon Street|-37.99614,145.20408
Morwell Avenue|Stanhope Street|-37.99647,145.20401
Morwell Avenue|Sunset Grove|-37.99511,145.20427
Morwell Parade|Rhodes Street|-37.94600,145.15826
Morwell Parade|Rosalie Street|-37.94521,145.15716
Morwell Parade|Wales Street|-37.94521,145.15716
Mosrael Place|Tampe Road|-37.90581,145.23828
Mossbank Road|Pinebank Avenue|-38.11564,145.30021
Mossgiel Park Drive|Paula Terrace|-37.97041,145.26124
Mount View Road|Tennyson Street|-37.95254,145.05277
Mount View Road|Turner Road|-37.95204,145.05654
Mount View Street|Willmott Street|-38.01435,145.09427
Mountain Crescent|Seaview Crescent|-37.92847,145.15518
Mountain View Crescent|Taco Way|-38.11158,145.15752
Mountview Avenue|Scott Close|-37.99916,145.26990
Moylan Street|Preston Street|-37.91121,145.05373
Mudlark Court|Whipbird Drive|-38.10882,145.17834
Mudo Court|Pranjic Place|-37.93570,145.24951
Mueller Court|Raymond McMahon Boulevard|-37.97879,145.26821
Muir Street|Wickham Road|-37.94432,145.03583
Muirfield Court|Waradgery Drive|-37.92101,145.22208
Mulgoa Court|Narellan Drive|-37.98868,145.16462
Mulguthrie Court|Tara Court|-38.00422,145.27211
Mulguthrie Court|Turanga Place|-38.00285,145.27239
Mulkarra Drive|Thames Promenade|-38.04644,145.12929
Mundy Street|Rivoli Street|-37.98314,145.05638
Mungari Street|Wolbers Road|-37.97802,145.13291
Munro Avenue|Northcliffe Road|-38.04077,145.11733
Munro Close|Willow Drive|-38.02236,145.26683
Murchison Crescent|Spring Valley Drive|-37.94739,145.13776
Murdo Road|Wellington Road Service Road|-37.91661,145.14130
Murdoch Avenue|Rivett Crescent|-37.91421,145.16075
Murillo Court|Reynolds Avenue|-37.90960,145.18458
Murra Street|North Road|-37.90677,145.06313
Murray Close|Newman Avenue|-37.97885,145.17929
Murray Road|O'Loughlan Street|-37.90686,145.03143
Murray Road|Outlook Drive|-37.94495,145.21877
Murray Road|Prince Edward Avenue|-37.90795,145.04075
Murray Road|Queen Street|-37.90731,145.03542
Murray Road|Station Avenue|-37.90780,145.03955
Murray Road|Stewart Street|-37.90657,145.02886
Murray Road|Tambo Court|-37.94395,145.21096
Murray Road|Thomas Street|-37.90615,145.02527
Murray Road|Thompson Street|-37.90643,145.02771
Murray Road|Waranga Street|-37.94407,145.21189
Murray Road|Wattle Grove|-37.90737,145.03597
Murray Road|Wheeler Street|-37.90788,145.04020
Murray Road|Wingham Street|-37.94463,145.21658
Murray Street|Thomas Street|-37.90607,145.02528
Murrayfield Street|Sinatra Way|-38.11685,145.29342
Murrindal Drive|Rosebank Court|-37.90941,145.27369
Murrindal Drive|Wyandra Way|-37.91039,145.26458
Murrong Avenue|North Road|-37.90655,145.06047
Murrong Avenue|North Road Service Road|-37.90662,145.06046
Murrumbeena Road|North Road|-37.90662,145.06167
Murrumbeena Road|Oakleigh Road|-37.90054,145.06449
Murtoa Place|Yaltara Close|-38.10496,145.25479
Murumba Drive|Riley Street|-37.92230,145.09288
Music Drive|Opera Court|-37.90606,145.12477
Music Drive|Swing Court|-37.90611,145.12476
Mustang Avenue|Wallaroo Avenue|-38.01319,145.29838
Myer Place|Wellington Road|-37.92616,145.21750
Myhaven Circuit|Omega Street|-38.08653,145.18413
Myna Court|Paddington Avenue|-38.11009,145.16809
Myola Street|Palm Beach Drive|-38.07796,145.13525
Myra Street|Railway Parade|-38.10748,145.12891
Myriong Street|Prince Street|-37.91539,145.12463
Myriong Street|Royalty Street|-37.91525,145.12349
Myrtle Grove|Paperbark Street|-37.99364,145.24506
Myrtle Road|Nicol Street|-37.94188,145.01614
Myrtle Road|Sargood Street|-37.94123,145.01125
Myrtle Street|Olympic Avenue|-37.96419,145.15465
Myrtle Street|Rodney Court|-37.96477,145.15970
Myrtle Street|Ross Street|-37.91739,145.04434
Myrtle Street|Simpson Street|-37.96564,145.16677
Myrtle Street|Smith Street|-37.91825,145.04417
Myrtle Street|White Street|-38.00026,145.10006
Nabilla Street|Sylvander Street|-37.93876,145.11351
Nadia Court|Whalley Drive|-37.91669,145.18960
Nagle Crescent|Trey Close|-38.11574,145.23660
Nagle Drive|Sandhurst Boulevard|-38.08672,145.21124
Naila Court|Rachel Drive|-38.06741,145.26517
Naismith Court|Pickworth Crescent|-37.93524,145.24420
Nambrok Close|Seaton Drive|-37.97755,145.13413
Namron Street|Norville Street|-37.93415,145.06670
Nance Street|Newman Avenue|-37.98101,145.18006
Nancy Street|Snowdon Drive|-37.97139,145.08208
Nancy Street|Tiffany Avenue|-37.97179,145.08016
Nancy Street|Voltri Street|-37.97528,145.07802
Nantilla Road|Wellington Road|-37.91735,145.14934
Naomi Court|Vitis Avenue|-37.97938,145.16081
Napier Street|Potter Street|-37.98467,145.20561
Napier Street|Walden Road|-37.98680,145.06116
Naples Road|Palermo Street|-37.98954,145.06808
Naples Road|Warrigal Road|-37.99105,145.06969
Napoleon Road|Palmerston Road|-37.90882,145.27727
Napoleon Road|Rathgar Road|-37.90602,145.28049
Napoleon Road|Sovereign Crest Boulevard|-37.90762,145.27862
Napoleon Road|Teofilo Drive|-37.92585,145.26779
Napoleon Road|Wellington Road|-37.92893,145.26509
Nara Place|Richmond Avenue|-38.11283,145.16622
Nareen Avenue|Rokewood Court|-37.97303,145.25767
Narellan Drive|Pound Road|-38.02714,145.26011
Narellan Drive|Rene Place|-38.02364,145.25836
Narellan Drive|Triton Drive|-37.99000,145.16947
Narellan Drive|Wingala Avenue|-37.98961,145.16631
Narellan Drive|Yaralla Court|-37.98908,145.16537
Narelle Drive|Palm Grove Boulevard|-38.01909,145.11874
Narelle Drive|Templeman Court|-38.02006,145.11829
Narelle Drive|Wells Road|-38.01927,145.11861
Naroo Court|Windella Crescent|-37.90218,145.15616
Narooma Street|Rowans Road|-37.93877,145.05542
Narooma Street|Royena Road|-37.93925,145.05732
Narre Warren - Cranbourne Road|Narre Warren Road|-38.06997,145.29822
Narre Warren - Cranbourne Road|Ormond Road|-38.06531,145.29909
Narre Warren Road|New Holland Drive|-38.11032,145.29072
Narre Warren Road|Portofino Drive|-38.08223,145.29585
Narre Warren Road|Rochester Parade|-38.10059,145.29267
Narre Warren Road|Rosebank Drive|-38.07719,145.29681
Narre Warren Road|Satin Street|-38.08933,145.29449
Narre Warren Road|Sierra Boulevard|-38.08092,145.29610
Narre Warren Road|Sladen Street|-38.11403,145.28992
Narre Warren Road|South Gippsland Highway|-38.12096,145.28877
Narre Warren Road|Spirit Boulevard|-38.09302,145.29379
Narre Warren Road|Sunbird Avenue|-38.09636,145.29313
Narre Warren Road|Thompsons Road|-38.08477,145.29567
Narrumburn Road|Warraweena Road|-37.94105,145.11330
Nash Drive|Rupert Drive|-37.93235,145.17806
Nash Drive|Withers Avenue|-37.93221,145.17605
Nash Street|Springvale Road|-37.93843,145.15467
Nash Street|Sullivan Street|-37.93827,145.15287
Natal Avenue|Nepean Highway|-38.03490,145.10639
Natalie Close|Turramurra Drive|-37.92538,145.23611
Nathan Road|Progress Street|-38.00820,145.23537
Nathan Road|Round Tower Road|-38.00820,145.23537
National Drive|Nina Link|-38.03921,145.23374
National Drive|Wedgewood Road|-38.01195,145.25509
Natisone Place|Postregna Way|-38.10453,145.20185
Nautilus Court|Neptune Court|-38.05573,145.14404
Nautilus Court|The Parkway|-38.05500,145.14374
Nautilus Street|Reserve Road|-37.98843,145.03245
Navarre Drive|Todd Court|-38.10720,145.25345
Navarre Drive|Willora Crescent|-38.10455,145.25644
Naxos Way|Perry Road|-38.02687,145.18197
Neale Street|View Road|-37.95971,145.15703
Neesan Court|Oakman Way|-38.04835,145.27747
Neesan Court|Viewside Way|-38.04771,145.27757
Neil Court|Rae Street|-37.93577,145.07182
Neilrex Court|Scone Street|-38.12866,145.29604
Neish Court|Regent Parade|-37.95503,145.06425
Nellbern Road|South Road|-37.93723,145.06684
Nelson Street|Roberna Street|-37.94412,145.06802
Nelson Street|Vincent Street|-37.94877,145.01045
Nepean Avenue|South Road|-37.93246,145.02954
Nepean Highway|Neville Street|-37.97906,145.06889
Nepean Highway|Newberry Avenue|-38.06110,145.11923
Nepean Highway|Newington Parade|-38.05677,145.11783
Nepean Highway|Nicholson Street|-38.11795,145.12527
Nepean Highway|North Avenue|-37.93101,145.03285
Nepean Highway|Oak Avenue|-37.97383,145.06442
Nepean Highway|Olive Grove|-37.98666,145.07885
Nepean Highway|Oxford Street|-37.90364,145.00776
Nepean Highway|Ozone Avenue|-38.02129,145.09794
Nepean Highway|Page Street|-37.96963,145.06064
Nepean Highway|Palmer Avenue|-37.91240,145.01483
Nepean Highway|Parana Street|-38.01046,145.08888
Nepean Highway|Park Lane|-38.03133,145.10426
Nepean Highway|Park Road|-37.96565,145.05772
Nepean Highway|Parkers Road|-37.99072,145.08127
Nepean Highway|Patterson Road|-37.92480,145.02659
Nepean Highway|Patty Street|-37.97840,145.06777
Nepean Highway|Perry Street|-37.93921,145.03894
Nepean Highway|Pine Crescent|-38.01451,145.09220
Nepean Highway|Progress Avenue|-38.07968,145.12328
Nepean Highway|Redholme Street|-37.93631,145.03731
Nepean Highway|Remington Drive|-37.95354,145.04886
Nepean Highway|Reserve Road|-38.08601,145.12466
Nepean Highway|Riviera Street|-37.98211,145.07255
Nepean Highway|Roberts Court|-37.92890,145.03032
Nepean Highway|Roseberry Avenue|-38.04544,145.11257
Nepean Highway|Rowans Road|-37.94907,145.04608
Nepean Highway|Roycroft Avenue|-38.02811,145.10238
Nepean Highway|Sandford Street|-37.95031,145.04698
Nepean Highway|Schofield Street|-37.93998,145.03987
Nepean Highway|Seaford Road|-38.10983,145.12571
Nepean Highway|Second Street|-37.98340,145.07512
Nepean Highway|Seventh Street|-37.98745,145.07894
Nepean Highway|Shenfield Avenue|-38.05956,145.11879
Nepean Highway|Showers Avenue|-38.04992,145.11482
Nepean Highway|Sinclair Avenue|-38.03741,145.10785
Nepean Highway|Sinclair Street|-37.96246,145.05523
Nepean Highway|Sixth Street|-37.98665,145.07817
Nepean Highway|Sophia Avenue|-38.02375,145.09977
Nepean Highway|South Avenue|-37.93192,145.03371
Nepean Highway|South Road|-37.93290,145.03446
Nepean Highway|Station Road|-37.96736,145.05902
Nepean Highway|Station Street|-38.10345,145.12586
Nepean Highway|Stayner Grove|-37.94386,145.04202
Nepean Highway|Stephens Street|-38.07407,145.12196
Nepean Highway|Stewart Avenue|-37.98993,145.08067
Nepean Highway|Stone Street|-37.90285,145.00752
Nepean Highway|Stradbroke Avenue|-37.91303,145.01544
Nepean Highway|Swansea Road|-38.05486,145.11714
Nepean Highway|Swanston Street|-37.97670,145.06654
Nepean Highway|Swinden Avenue|-37.97116,145.06248
Nepean Highway|Taverner Street|-37.94088,145.04033
Nepean Highway|Taylor Avenue|-38.02593,145.10110
Nepean Highway|Taylor Street|-37.98733,145.07928
Nepean Highway|Thames Promenade|-38.05062,145.11516
Nepean Highway|The Beachway|-38.05138,145.11551
Nepean Highway|The Esplanade|-38.03830,145.10838
Nepean Highway|The Glade|-38.06712,145.12011
Nepean Highway|Third Street|-37.98424,145.07589
Nepean Highway|Thomas Street|-37.92050,145.02248
Nepean Highway|Tolls Avenue|-37.97969,145.06941
Nepean Highway|Tovan Akas Avenue|-37.92266,145.02479
Nepean Highway|Tuck Street|-37.97044,145.06131
Nepean Highway|Turner Road|-37.95138,145.04790
Nepean Highway|Victor Avenue|-38.10089,145.12585
Nepean Highway|Vunabere Avenue|-37.92369,145.02575
Nepean Highway|Wallingford Street|-37.97055,145.06199
Nepean Highway|Warrigal Road|-37.98218,145.07136
Nepean Highway|Watkins Street|-38.01336,145.09109
Nepean Highway|Wedd Street|-37.96671,145.05893
Nepean Highway|Wellwood Road|-38.06051,145.11910
Nepean Highway|White Street|-37.99825,145.08359
Nepean Highway|Wickham Road|-37.94520,145.04337
Nepean Highway|Williams Grove|-38.06245,145.11944
Nepean Highway|Williams Street|-37.97952,145.06866
Nepean Highway|Wilson Grove|-38.02253,145.09886
Nepean Highway|Wimborne Avenue|-38.05770,145.11815
Nepean Highway|Winsome Street|-37.97562,145.06548
Nepean Highway|Wolsley Street|-37.92733,145.02925
Nepean Highway|Worthing Road|-37.94117,145.04012
Nepean Highway|Wyatt Street|-38.09556,145.12564
Neptune Place|Scarborough Avenue|-38.10819,145.26054
Neptune Street|Sandringham Road|-37.95210,145.01923
Neptune Street|Talab Court|-38.05022,145.14110
Nerrena Rise|Raffindale Crescent|-38.09683,145.26089
Nest Circuit|Solar Close|-38.09201,145.29532
Netherby Avenue|Orduna Place|-37.91862,145.17904
Netherby Avenue|Wellington Road Service Road|-37.92073,145.17888
Nettelbeck Road|Sarah Close|-37.95592,145.13366
Nettelbeck Road|Westall Road|-37.95620,145.13717
Nettelbeck Road|Yalta Court|-37.95620,145.13597
Nettle Drive|Rebecca Mac Court|-38.00035,145.27619
Nettle Drive|Reedy Court|-38.00082,145.28223
Nettle Drive|Saffron Drive|-38.00442,145.28106
Nettle Drive|Simone Court|-37.99930,145.27998
Nettle Drive|Tegans Close|-38.00081,145.27610
Nettle Drive|Tilbavale Close|-38.00118,145.27602
Neville Street|Tucker Road|-37.92317,145.05039
Neville Street|Wallace Street|-37.92365,145.05419
Neville Street|Warrigal Road|-37.97728,145.07231
New Street|Overton Road|-38.12943,145.12911
New Street|Power Street|-37.99115,145.22222
New Street|Wilson Street|-37.98954,145.22071
Newbridge Close|Wyndarra Crescent|-37.97057,145.12596
Newburgh Street|Winthrop Court|-38.00640,145.16965
Newbury Street|Somerfield Drive North|-38.00758,145.17690
Newbury Street|Somerfield Drive South|-38.00783,145.17685
Newbury Street|Westwood Boulevard|-38.00548,145.17742
Newcombe Court|Rosewall Place|-37.93836,145.10683
Newcombe Court|Springs Road|-37.93847,145.10776
Newcomen Road|Parsons Avenue|-37.94689,145.15094
Newcomen Road|Regal Drive|-37.94601,145.14930
Newcomen Road|Springvale Road|-37.94713,145.15307
Newcomen Road|Virginia Street|-37.94713,145.15307
Newham Grove|North Road|-37.90375,145.03901
Newington Drive|Pettigrew Street|-38.11805,145.29596
Newlands Court|Sundowner Avenue|-37.94325,145.10631
Newlands Court|Waverley Park Drive|-37.92419,145.18885
Newman Avenue|Stackpoole Street|-37.98026,145.18022
Newman Avenue|Yarraman Road|-37.97696,145.17951
Newport Drive|Richmond Circuit|-37.93317,145.19194
Newport Drive|Tivoli Road|-37.93230,145.19231
Newport Road|Simon Street|-37.93227,145.11319
Newry Street|Rosewarne Avenue|-37.95713,145.06294
Newry Street|Wilson Street|-37.95681,145.06047
Newson Street|Trafalgar Walk|-37.99928,145.17092
Newson Street|Trebilco Avenue|-37.99928,145.17092
Newstead Street|Somerfield Drive South|-38.00793,145.17775
Newton Court|Putt Grove|-37.98720,145.16313
Newton Drive|Ogle Way|-38.07031,145.28974
Niblick Circuit|Sandhurst Boulevard|-38.08390,145.21565
Nicholas Court|Rundle Drive|-38.09149,145.19256
Nicholas Drive|Swift Way|-38.03417,145.20760
Nicholas Street|Putt Grove|-37.98698,145.16123
Nicholls Road|North Road|-37.90474,145.04733
Nicholls Road|Walsh Street|-37.90298,145.04765
Nicholson Street|Ozone Avenue|-38.11801,145.12580
Nickson Close|Wyndarra Crescent|-37.97016,145.12665
Nickson Court|Ryan Street|-38.10365,145.15254
Nicole Close|Renee Avenue|-37.97577,145.27272
Nicole Court|Pia Drive|-37.93512,145.25492
Nigra Street|Pittosporum Grove|-37.99031,145.23999
Niki Court|South Road|-37.93803,145.07573
Nile Crescent|Orion Avenue|-38.09364,145.29174
Nile Crescent|Sunbird Avenue|-38.09339,145.29203
Nilufa Court|Oakland Drive|-38.04483,145.25618
Nimbus Court|Stratus Court|-38.04732,145.27276
Nina Court|South Road|-37.93815,145.07677
Nina Link|Taylors Road|-38.03849,145.22805
Ninevah Crescent|Norval Court|-37.91506,145.17414
Ninevah Crescent|Ondine Drive|-37.91770,145.17415
Ninevah Crescent|Tudawali Crescent|-37.91459,145.17261
Ninth Avenue|Third Avenue|-38.04388,145.13376
Nirringa Avenue|Tarongo Drive|-38.02316,145.10612
Nirringa Avenue|Yackatoon Avenue|-38.02603,145.11059
Nirringa Drive|Tekarra Drive|-38.04432,145.25840
Nissan Drive|Zenith Road|-38.01983,145.21906
Nobel Drive|Stanford Street|-38.09690,145.25273
Nobel Drive|Venn Grove|-38.09650,145.25140
Noble Street|Park Road|-37.97107,145.16041
Noble Street|Prior Road|-37.96745,145.16371
Noble Street|Romsey Street|-37.96809,145.16898
Noble Street|Simpson Street|-37.96777,145.16633
Nocera Place|Reservoir Crescent|-37.94290,145.24964
Nockolds Crescent|Racecourse Road|-37.95030,145.17399
Nodding Avenue|Poplar Street|-38.12119,145.15580
Noel Court|Wren Drive|-37.94460,145.19066
Noel Street|Shirley Court|-37.90711,145.01576
Nola Court|Regans Road|-38.03284,145.25140
Nolan Court|Tulloch Drive|-38.07939,145.20375
Noola Close|Walnut Crescent|-37.98076,145.16155
Noora Avenue|Yaralla Road|-37.92274,145.07882
Noora Court|Tarongo Drive|-38.02439,145.11169
Nordic Road|Rawdon Hill Drive|-37.95289,145.20707
Noremac Grove|Windmill Circuit|-38.07259,145.25627
Norfolk Crescent|Radiata Street|-38.11911,145.15166
Norfolk Place|Pacific Drive|-38.02082,145.12529
Norford Court|Peveril Crescent|-38.07826,145.28768
Norma Avenue|Warrigal Road|-37.97113,145.07349
Norman Avenue|Seventh Avenue|-38.04289,145.13139
Norman Street|Thomas Street|-37.90691,145.02513
Normanby Chase|Torrens Terrace|-38.08671,145.20482
Normanby Chase|Warrego Circuit|-38.08811,145.20531
Normanby Road|Norville Street|-37.92834,145.06795
Normanby Road|Old School Road|-37.90688,145.14473
Normanby Road|Redwood Drive|-37.90553,145.13196
Normanby Road|The Mews|-37.90695,145.14496
Normdale Road|Norville Street|-37.93059,145.06753
Norris Road|Raymond Road|-37.92241,145.25119
Norris Road|Taylors Lane|-37.92168,145.24512
Norris Street|Shepreth Avenue|-37.97284,145.18026
North Avenue|Patterson Road|-37.92563,145.03522
North Avenue|South Avenue|-37.92690,145.03521
North Court|Rowans Road|-37.94703,145.05135
North Road|North Road Service Road|-37.90661,145.06138
North Road|O'Loughlan Street|-37.90298,145.03183
North Road|Ormond Road|-37.90446,145.04510
North Road|Parer Street|-37.91089,145.09786
North Road|Parker Street|-37.90490,145.04860
North Road|Poath Road|-37.90813,145.07420
North Road|Poet Road|-37.90813,145.07420
North Road|Princes Highway|-37.91445,145.12741
North Road|Queen Street|-37.90351,145.03610
North Road|Reid Street|-37.90789,145.07228
North Road|Rochford Street|-37.90627,145.05820
North Road|Scott Street|-37.90265,145.03034
North Road|Seach Street|-37.90110,145.01757
North Road|Shafton Street|-37.91184,145.10646
North Road|Spring Road|-37.90247,145.02892
North Road|Stewart Street|-37.90269,145.02955
North Road|Sussex Road|-37.90171,145.02277
North Road|Tambet Street|-37.90795,145.07281
North Road|Tara Grove|-37.90578,145.05510
North Road|Thomas Street|-37.90223,145.02598
North Road|Thompson Street|-37.90254,145.02839
North Road|Tucker Road|-37.90571,145.05343
North Road|Tyrone Street|-37.90482,145.04662
North Road|Ulupna Road|-37.90419,145.04249
North Road|Velra Avenue|-37.90800,145.07323
North Road|Warrigal Road|-37.90948,145.08490
North Road|Watsonia Street|-37.91065,145.09572
North Road|Watt Street|-37.90761,145.07012
North Road|Weber Street|-37.90166,145.02134
North Road|Wellington Road|-37.91445,145.12741
North Road|Westgate Street|-37.90961,145.08611
North Road|Wheatley Road|-37.90336,145.03488
North Road|Wheeler Street|-37.90412,145.04088
North Road|White Street|-37.90906,145.08169
North Road|Wild Cherry Road|-37.90507,145.04996
North Road|Windsor Avenue|-37.91119,145.09898
North Road|Young Street|-37.91055,145.09478
North Road|Younger Avenue|-37.90089,145.01583
North Road Service Road|Park View Drive|-37.90612,145.05831
North Road Service Road|Rochford Street|-37.90634,145.05820
North Road Service Road|Tara Grove|-37.90571,145.05511
Northam Road|Wards Grove|-37.92241,145.06202
Northampton Street|Pumpkin Road|-38.09523,145.20267
Northampton Street|Ross Crescent|-38.09539,145.20379
Northampton Street|Seaberry Promenade|-38.09539,145.20379
Northcliffe Road|Randall Avenue|-38.03977,145.12087
Northcliffe Road|Shoreline Avenue|-38.04249,145.11221
Northcliffe Road|Station Street|-38.04274,145.11147
Northgate Drive|Paterson Road|-37.97902,145.15107
Northgate Drive|Teddy Crescent|-37.98161,145.15052
Northgate Drive|Westview Court|-37.97969,145.15090
Northumberland Drive|Portobello Street|-38.01025,145.16311
Northumberland Drive|Talisker Street|-38.01034,145.16390
Norwegian Way|Rigby Court|-38.06573,145.29286
Norwegian Way|Tenterfield Drive|-38.06866,145.29242
Norwood Street|Old Dandenong Road|-37.93467,145.08565
Norwood Street|Royal Avenue|-37.95803,145.01100
Norwood Street|Sherbrooke Avenue|-37.93858,145.08468
Norwood Street|Washington Drive|-37.93627,145.08512
Notre Dame Parade|Sir Kenneth Luke Boulevard|-37.92368,145.18648
Noumea Court|Wattle Grove|-37.92747,145.15942
Nova Drive|Tania Court|-37.98732,145.22709
Nova Street|Sinclair Street|-37.92094,145.10521
Nugget Way|Ollie Place|-38.11948,145.29611
Nugong Place|Parslow Crescent|-38.05272,145.26019
Nullawil Street|Police Road|-37.93395,145.16329
Nursery Avenue|Rayhur Street|-37.93782,145.13853
Nursery Court|Whitecliffe Drive|-37.94122,145.24679
Nurten Parade|Royal Palms|-38.02190,145.12427
Nurten Parade|Wells Road|-38.02205,145.12406
Nyarrin Place|Stephellen Way|-38.09458,145.26134
Nyora Close|Raymond McMahon Boulevard|-37.97922,145.26264
O'Connor Crescent|Wickham Road|-37.94327,145.02703
O'Connor Crescent|Widdop Crescent|-37.94127,145.02709
O'Gradys Road|Quarrion Drive|-38.10645,145.17582
O'Gradys Road|Shearwater Drive|-38.10595,145.17167
O'Gradys Road|Szer Way|-38.10629,145.17451
O'Hara Court|Torres Parade|-38.08655,145.21484
O'Keefe Terrace|Tulloch Drive|-38.08031,145.20437
O'Loughlan Street|Ocean Street|-37.90467,145.03154
O'Reilly Court|Paterson Drive|-38.05072,145.24872
OHagans Way|Sinclair Road|-37.98690,145.19730
Oak Avenue|Paperbark Street|-37.99529,145.24234
Oak Avenue|Prunus Grove|-37.99711,145.24113
Oak Avenue|Streeton Drive|-37.97457,145.07044
Oak Avenue|Tarata Drive|-37.99767,145.24041
Oak Avenue|Voltri Street|-37.97483,145.07277
Oak Avenue|Warrigal Road|-37.97483,145.07277
Oak Grove|View Road|-37.95554,145.15782
Oak Street|Tramway Parade|-37.98997,145.04065
Oak Street|Willow Street|-37.98159,145.11250
Oakes Avenue|Tennyson Avenue|-37.93531,145.12986
Oakes Avenue|Wordsworth Avenue|-37.93560,145.13227
Oakford Rise|Rivergum Rise|-38.03081,145.27726
Oakgrove Drive|Oliver Court|-38.05020,145.29589
Oakgrove Drive|Oxenford Rise|-38.05678,145.29852
Oakgrove Drive|Taggerty Crescent|-38.05381,145.29892
Oakland Drive|Silver Court|-38.04561,145.25599
Oakland Drive|Tekarra Drive|-38.04408,145.25636
Oakleigh Road|Walden Grove|-37.89980,145.05834
Oakleigh Road|Wilmoth Avenue|-37.90043,145.06334
Oakman Way|Ormond Road|-38.04935,145.27835
Oakmont Crescent|San Lorenzo Court|-37.96013,145.07729
Oakmont Crescent|St Andrews Drive|-37.95989,145.07930
Oakridge Close|Parkside Boulevard|-37.95729,145.27596
Oaks Court|Tamboore Way|-37.96036,145.28609
Oaktree Drive|Pound Road|-38.02617,145.25272
Oaktree Drive|Rowland Close|-38.02245,145.25593
Oaktree Drive|Telford Court|-38.02228,145.25306
Oaktree Drive|The Grange|-38.02696,145.26508
Oaktree Drive|Verona Drive|-38.02250,145.25630
Oaktree Drive|Willow Drive|-38.02308,145.26032
Oaktree Drive|Wycombe Rise|-38.02559,145.25269
Oaktree Rise|Pendelton Place|-37.92120,145.27946
Oaktree Rise|Pineview Court|-37.92236,145.27754
Oaktree Rise|Redwood Court|-37.92274,145.27678
Oaktree Rise|Sommersby Court|-37.92176,145.28014
Oakwood Avenue|Orchid Avenue|-37.96265,145.19961
Oakwood Avenue|Regency Street|-37.96345,145.20118
Oakwood Avenue|Rose Avenue|-37.96317,145.20064
Oakwood Avenue|Sandy Court|-37.96303,145.20034
Oakwood Avenue|Smale Court|-37.96029,145.19169
Oakwood Avenue|Sunline Avenue|-37.96063,145.19452
Oakwood Avenue|Tudor Crescent|-37.96040,145.19268
Oakwood Court|Tinks Road|-38.01257,145.29088
Oakwood Drive|Pinewood Drive|-38.09783,145.18758
Oakwood Drive|Viola Court|-37.99322,145.15868
Oasis Court|Sanctuary Drive|-38.09915,145.18307
Oberon Drive|Viking Court|-38.09105,145.18329
Obrien Close|Willow-Glen Court|-37.98752,145.12453
Obrien Street|Rosling Lane|-37.99177,145.20529
Ocean Lane|Trinity Court|-38.05895,145.14031
Ocean Reef Drive|Palm Beach Drive|-38.08171,145.14600
Ocean Reef Drive|Palm Island Court|-38.07942,145.14372
Ocean Reef Drive|Sandridge Court|-38.08019,145.14563
Ocean Reef Drive|Shell Court|-38.08064,145.14559
Ocean Street|Thomas Street|-37.93850,145.00380
Ocean Street|Wheatley Road|-37.90506,145.03456
Ocean Street|Willis Street|-37.93670,145.00414
Oceanic Drive|Trinity Court|-38.05826,145.13995
Odell Place|Paddington Avenue|-38.10938,145.16593
Odwyer Street|Winterset Close|-38.00455,145.10007
Ogle Way|Sussex Avenue|-38.07150,145.28847
Ogle Way|Trevino Way|-38.07042,145.29073
Ogle Way|Von Nida Drive|-38.07150,145.28847
Ohio Crescent|Schuler Court|-38.01728,145.28960
Ohio Crescent|Springfield Drive|-38.01789,145.28927
Old Dandenong Road|Plant Grove|-37.94702,145.09654
Old Dandenong Road|Roche Court|-37.93513,145.08633
Old Dandenong Road|Ross Street|-37.96536,145.10645
Old Dandenong Road|Sali Court|-37.93957,145.09065
Old Dandenong Road|Tecoma Court|-37.93218,145.08194
Old Dandenong Road|Warrigal Road|-37.93170,145.08109
Old Dandenong Road|Washington Drive|-37.93671,145.08829
Old Eastern Court|Windsor Avenue|-37.91346,145.09846
Old School Road|Parkland Place|-37.90574,145.14487
Old School Road|Reserve Place|-37.90585,145.14495
Old School Road|The Terrace|-37.90531,145.14470
Old Trafford Way|Pinto Place|-37.92286,145.18685
Old Wells Road|Rossiter Court|-38.10132,145.14123
Old Wells Road|Wedge Court|-38.09632,145.14481
Oldenburg Way|Whisper Street|-38.07711,145.25303
Oleander Court|Oriana Grove|-38.12267,145.19099
Oleander Street|Wattle Drive|-37.99797,145.23642
Olin Court|Sara Drive|-37.91558,145.19124
Olinda Avenue|Te Hongi Court|-37.98483,145.02728
Olinda Grove|Valley Street|-37.91784,145.10810
Oliphant Court|Rivett Crescent|-37.91619,145.16205
Oliphant Way|Rutherford Road|-38.09826,145.14822
Olive Road|Princes Highway|-38.00273,145.24537
Olive Road|Short Road|-38.04543,145.25917
Olive Road|South Gippsland Highway|-38.04703,145.25530
Olive Road|Stanis Street|-38.00060,145.24609
Olive Road|Waygara Street|-37.99863,145.24675
Olive Street|Robert Street|-37.98044,145.21978
Olive Street|South Road|-37.93137,145.02066
Olive Street|Sydney Street|-37.92944,145.11883
Oliver Court|Revilo Court|-37.93686,145.21315
Olivetree Drive|Westwood Boulevard|-38.00550,145.17376
Olivetree Drive|Woodland Avenue|-38.00272,145.17437
Olympia Court|Thomas Street|-37.90383,145.02569
Olympic Avenue|Park Road|-37.96422,145.04604
Olympic Avenue|Richard Street|-37.96756,145.15397
Olympic Avenue|Sharon Road|-37.96513,145.15447
Olympic Avenue|Wardale Road|-37.96904,145.15367
Olympic Avenue|Wembley Avenue|-37.96156,145.04537
Olympus Crescent|Pandora Drive|-38.11372,145.23280
Olympus Crescent|Zeus Avenue|-38.11170,145.23346
Omeara Crescent|Parkhurst Drive|-38.12558,145.29438
Omeara Crescent|Symons Street|-38.12450,145.29689
Omeo Court|Rupert Drive|-37.92988,145.17779
Omeo Street|Whitehaven Crescent|-37.94205,145.19510
Ondine Drive|Timaru Court|-37.91720,145.17477
Onslow Court|Patching Avenue|-37.97475,145.16451
Ora Street|Somerville Road|-38.03114,145.25967
Orama Avenue|Rosewin Court|-38.08821,145.19130
Orama Avenue|Tobias Court|-38.08902,145.19112
Orama Avenue|Warngar Close|-38.08740,145.19147
Orama Avenue|Wedge Road|-38.08696,145.19157
Orange Street|Warrigal Road|-37.91821,145.08359
Orbison Court|Presley Place|-37.97353,145.27846
Orbison Court|Reema Boulevard|-37.97317,145.27761
Orchid Avenue|Pinewood Avenue|-37.96130,145.20070
Orchid Drive|Rosevae Crescent|-37.99186,145.14907
Ord Place|Superior Avenue|-37.91345,145.23717
Ordish Road|Souffi Place|-38.03152,145.19502
Ordish Road|South Park Drive|-38.01668,145.19396
Ordish Road|Thomas Murrell Crescent|-38.02018,145.19256
Oregon Court|Terrapin Drive|-38.04613,145.28517
Orgill Street|Power Street|-37.99096,145.22256
Orgill Street|Wedge Street|-37.99260,145.22398
Oriana Grove|Wisteria Court|-38.12346,145.19086
Orion Court|Springfield Road|-37.96345,145.14363
Orion Court|Woolwich Drive|-37.92178,145.16364
Orlando Street|Railway Crescent|-37.93751,144.99948
Orlando Street|Small Street|-37.93931,145.00050
Orli Court|Yeovil Court|-37.91672,145.18532
Orlit Close|Stirling Avenue|-38.07021,145.26618
Orloff Street|Woomera Avenue|-37.98485,145.18666
Ormond Road|Pinnacle Way|-38.04816,145.26922
Ormond Road|President Road|-38.05774,145.29012
Ormond Road|Robinson Street|-37.91989,145.11296
Ormond Road|Scarborough Drive|-38.05408,145.28804
Ormond Road|School Court|-38.05149,145.28653
Ormond Road|Tangerine Drive|-38.06505,145.29726
Ormond Road|The Parkway|-38.04877,145.27390
Ormond Road|Tuileries Rise|-38.06424,145.29445
Ormond Road|Walsh Street|-37.90267,145.04545
Orsino Street|Reserve Street|-37.94141,145.15667
Orton Rise|Sydney Parkinson Avenue|-37.98580,145.26257
Osborne Avenue|Prestige Drive|-37.94360,145.12169
Osborne Avenue|Queens Avenue|-37.94704,145.14937
Osborne Avenue|Royal Avenue|-37.94704,145.14937
Osborne Avenue|Victoria Avenue|-37.94691,145.14811
Osborne Avenue|Westall Road|-37.94582,145.13942
Osborne Avenue|Worsley Avenue|-37.94550,145.13667
Osprey Court|Partridge Crescent|-38.10327,145.18574
Oswald Street|Stud Road|-37.97435,145.22292
Oswald Street|Warren Road|-37.95526,145.07149
Oswald Thomas Avenue|Stonehaven Crescent|-37.93524,145.02974
Otooles Road|Sladen Street|-38.11218,145.27378
Outlook Drive|Snowy Street|-37.94061,145.21387
Outlook Drive|Somerset Drive|-37.95360,145.22316
Outlook Drive|Somerville Road|-38.03134,145.26126
Outlook Drive|Surrey Road|-37.95443,145.22299
Ovens Court|Waranga Street|-37.94227,145.21691
Overseas Drive|Princes Highway Service Road|-37.95702,145.18366
Overton Close|Rosebank Court|-37.90960,145.27407
Overton Road|Wells Road|-38.13012,145.13143
Overton Road|Wisewould Avenue|-38.12902,145.12762
Pacific Boulevard|Reserve Road|-37.98677,145.03277
Pacific Drive|Palmtree Place|-38.02227,145.12694
Pacific Drive|Pandan Place|-38.02252,145.12723
Pacific Drive|Perry Road|-38.01759,145.17864
Pacific Drive|Ribbon Court|-38.02309,145.12790
Pacific Drive|Rowdon Place|-38.02163,145.12620
Pacific Drive|Southern Court|-38.01547,145.18066
Paddington Avenue|Richmond Avenue|-38.10984,145.16674
Paddington Avenue|Surrey Court|-38.10978,145.16658
Paddington Avenue|Tern Court|-38.10757,145.16661
Page Street|Stawell Street|-37.98291,145.02700
Pagett Road|Sky Way|-38.08867,145.17575
Pagett Road|Trafford Road|-38.08851,145.17366
Pagoda Place|Springhill Drive|-38.08717,145.28632
Pagoda Place|Tulip Grove|-38.08787,145.28667
Paisley Court|Tiverton Drive|-37.92443,145.17638
Palm Beach Drive|Pitcairn Place|-38.08067,145.13434
Palm Beach Drive|Seafarer Court|-38.07951,145.13721
Palm Beach Drive|Tradewinds Lane|-38.08204,145.13447
Palm Court|Palmerston Road|-37.91111,145.28025
Palm Grove Boulevard|Regatta Court|-38.01790,145.11873
Palm Grove Boulevard|Sutherland Avenue|-38.01723,145.11894
Palm Grove Boulevard|Wells Road|-38.01909,145.11874
Palm Way|Teal Court|-38.04311,145.29002
Paloma Street|Santaram Street|-37.91511,145.08207
Paloma Street|Thana Street|-37.91522,145.08307
Paloma Street|Warrigal Road|-37.91535,145.08416
Palomo Drive|Whitfield Boulevard|-38.08355,145.24275
Pamela Court|Poulter Crescent|-37.94624,145.10024
Pamela Street|Railway Parade|-37.97497,145.18768
Panama Road|Thurra Circuit|-38.11166,145.24922
Panama Road|Verve Circuit|-38.11256,145.25038
Panama Road|Wheaton Lane|-38.11159,145.24864
Panorama Avenue|Spring Road|-37.94601,145.03232
Panorama Court|Parkview Terrace|-37.95636,145.26762
Panorama Street|Seascape Street|-37.91757,145.13005
Paperbark Street|Power Road|-37.99508,145.23804
Paperbark Street|The Birches|-37.99520,145.23910
Para Court|Xavier Drive|-37.91945,145.18497
Paramount Boulevard|Peacock Way|-38.09142,145.25371
Paramount Boulevard|Pitcher Way|-38.09132,145.25291
Paramount Boulevard|Polson Way|-38.09137,145.25331
Paramount Boulevard|Powell Way|-38.09127,145.25251
Paramount Boulevard|Universal Way|-38.09141,145.25464
Paras Drive|Prasino Court|-38.11367,145.19133
Paratea Drive|Selwood Court|-37.92346,145.23625
Pardalote Avenue|Petrel Court|-38.10664,145.18560
Pardalote Avenue|Swift Court|-38.10656,145.18579
Pardalote Avenue|Tattler Street|-38.10470,145.18694
Parhnam Court|Sandfield Drive|-38.10710,145.19033
Paris Close|Victory Way|-38.08846,145.18992
Park City Drive|Silver Creek Drive|-38.04707,145.25737
Park Crescent|Twisden Road|-37.92342,145.03317
Park Lane|Park Road|-38.03162,145.10346
Park Road|Paul Street|-37.96437,145.04722
Park Road|Rawdon Hill Drive|-37.95064,145.20750
Park Road|Reserve Road|-37.96317,145.03738
Park Road|Troy Terrace|-37.92331,145.27184
Park Road|Tulip Grove|-37.96449,145.04822
Park Road|Vernon Court|-37.97143,145.16329
Park Road|Wembley Avenue|-37.96409,145.04491
Park Street|Shirley Avenue|-38.09736,145.13267
Park Valley Way|Viewgrand Rise|-37.90608,145.28306
Park Valley Way|Viewline Drive|-37.90654,145.28253
Park Way|Prospect Terrace|-38.00388,145.15338
Parkdale Drive|Seachange Parade|-38.07786,145.25240
Parkdale Drive|Tattler Street|-38.10479,145.18776
Parkdale Drive|Whisper Street|-38.07706,145.25255
Parker Street|Robinson Street|-37.91852,145.01809
Parker Street|Treeby Court|-37.97245,145.15454
Parker Street|Wellington Road Service Road|-37.91557,145.13277
Parkers Road|Spray Street|-37.99789,145.07596
Parkers Road|The Corso|-37.99534,145.07645
Parkes Way|Ungarie Court|-38.03908,145.25557
Parkhart Circle|Quarterdeck Road|-38.08117,145.21588
Parkhurst Drive|Tinnadice Road|-38.12064,145.29540
Parkin Avenue|Reuben Street|-37.96099,145.06222
Parkland Avenue|Somerville Road|-38.03101,145.25869
Parkland Place|The Terrace|-37.90534,145.14495
Parklane Way|Victoria Knox Avenue|-37.90605,145.27054
Parkmore Road|Ratcliffe Court|-37.98988,145.18430
Parkside Avenue|Railway Avenue|-37.90799,145.09963
Parkside Boulevard|Wattletree Close|-37.95737,145.27275
Parkside Street|Weatherall Road|-37.97192,145.05007
Parkstone Vista|Stonehaven Avenue|-38.12079,145.25344
Parkview Drive|Seabreeze Court|-38.02065,145.10142
Parkview Drive|Viewbank Court|-38.02142,145.10191
Parnum Place|Paterson Drive|-38.06396,145.25749
Parramatta Crescent|Yagoona Avenue|-37.97986,145.16775
Parrot Court|Sunbird Crescent|-38.11398,145.17606
Parslow Crescent|St Bernards Crescent|-38.05362,145.26084
Parsons Avenue|Regal Drive|-37.94494,145.15131
Parsons Avenue|Stephenson Street|-37.94163,145.15193
Parsons Avenue|Trevethic Road|-37.94258,145.15174
Parsons Avenue|Watt Street|-37.94401,145.15149
Partridge Crescent|Pitta Place|-38.10332,145.18437
Pasadena Crescent|Waldorf Court|-37.92998,145.07220
Paschal Street|Porter Road|-37.92948,145.04438
Paschal Street|Tucker Road|-37.93006,145.04911
Pascoe Avenue|Peter Street|-37.96153,145.16031
Pascoe Avenue|Thomas Street|-37.91117,145.02415
Pascoe Avenue|Woodward Street|-37.95947,145.16079
Patchell Road|Tarene Street|-37.99979,145.20296
Patching Avenue|Pike Court|-37.97485,145.16529
Paterson Drive|Penton Way|-38.06180,145.25465
Paterson Drive|River Redgum Place|-38.05288,145.24977
Paterson Drive|Ronans Retreat|-38.05126,145.24878
Paterson Road|Springvale Road|-37.97853,145.14703
Paterson Road|Waddington Crescent|-37.97866,145.14812
Pato Place|Timberglade Drive|-37.95089,145.18799
Patonga Court|Yagoona Avenue|-37.98058,145.16761
Patricia Street|Sassella Street|-37.92623,145.07676
Patrona Street|Plunkett Road|-37.99879,145.22423
Patterson Court|Sydney Parkinson Avenue|-37.98509,145.26317
Patterson Road|Phillip Street|-37.92551,145.03424
Patterson Road|Porter Road|-37.92676,145.04484
Patterson Road|Railway Crescent|-37.92567,145.03565
Patterson Road|Robert Street|-37.92608,145.03924
Patterson Road|Roma Street|-37.92659,145.04338
Patterson Road|Tucker Road|-37.92736,145.04960
Patterson Road|Vale Street|-37.92635,145.04132
Patterson Road|Wilma Street|-37.92647,145.04235
Patterson Street|Warren Street|-38.06630,145.12225
Patty Street|Phillip Street|-37.97779,145.06258
Patty Street|Shearman Crescent|-37.97737,145.05893
Patty Street|Spencer Street|-37.97790,145.06355
Patty Street|Teague Avenue|-37.97779,145.06258
Paul Court|Rossiter Avenue|-37.98904,145.26162
Paul Court|Stanley Street|-38.03630,145.25697
Paul Street|Stuart Avenue|-37.96085,145.04774
Paula Court|Valley Street|-37.91813,145.11016
Paula Terrace|Rhonda Close|-37.97030,145.26019
Pavilion Place|Waverley Park Drive|-37.92451,145.18888
Paydon Court|Suffolk Road|-37.94829,145.21995
Paydon Way|Warana Drive|-38.03277,145.27782
Peace Road|Victory Road|-37.95190,145.10790
Peace Street|Sandford Street|-37.95044,145.05183
Peace Street|Stevens Street|-37.95297,145.05148
Peace Street|Whiteside Street|-37.93543,145.15290
Peace Street|Young Street|-37.93372,145.15322
Peach Court|Rowan Drive|-37.98518,145.23590
Peachtree Place|Royal Troon Avenue|-37.95625,145.08401
Peacock Street|Roslyn Street|-37.92198,145.00300
Pearce Court|Silverton Drive|-37.94951,145.19382
Pearl Court|Shelly Street|-37.97594,145.16230
Pearson Street|Sylvia Street|-37.96230,145.21280
Pebble Avenue|Seachange Parade|-38.07824,145.25544
Pebble Avenue|Whisper Street|-38.07742,145.25557
Pebble Beach Drive|Rundle Drive|-38.08853,145.19336
Pebble Beach Place|St Andrews Drive|-37.95912,145.07699
Pecan Court|Ripley Street|-37.93541,145.09523
Pecan Court|Tamarisk Drive|-38.11813,145.16434
Pecan Court|Teofilo Drive|-37.92542,145.27039
Peebles Street|Shetland Street|-37.96725,145.27108
Peebles Street|Thurso Court|-37.96701,145.26997
Pejaro Place|Singleton Drive|-37.98164,145.27063
Pekina Court|Richmond Avenue|-38.11218,145.16617
Peledora Place|Sunline Way|-38.06124,145.24438
Pellew Street|Sandringham Road|-37.95157,145.01476
Pelson Court|Remington Drive|-38.02788,145.23216
Pemberley Drive|Risdon Drive|-37.90705,145.15077
Pemberley Drive|Westerfield Drive|-37.90657,145.14931
Pendelton Place|Stonnington Court|-37.92051,145.27885
Penley Lane|Sandhurst Boulevard|-38.08617,145.20961
Penn Court|Sullivan Avenue|-37.91757,145.27580
Penn Street|Scotsburn Avenue|-37.92591,145.10778
Penn Street|View Street|-37.92611,145.10943
Pennants Way|Seaberry Promenade|-38.09193,145.20486
Penshurst Way|St Cloud Court|-38.07288,145.29341
Penshurst Way|Von Nida Drive|-38.07192,145.29207
Pepper Street|Pitfield Avenue|-38.09293,145.29697
Pepper Street|Villager Street|-38.09432,145.29668
Pepperbush Circuit|Silvergum Place|-38.08708,145.28155
Pepperbush Circuit|Springhill Drive|-38.08609,145.28355
Peppermint Court|The Grange|-38.02503,145.26546
Peppertree Place|Verdure Crescent|-37.96279,145.06669
Percy Street|Potter Street|-37.96374,145.01364
Percy Street|Prior Road|-37.96842,145.16351
Percy Street|Red Bluff Street|-37.96244,145.01392
Perkins Drive|Spencer Drive|-38.09112,145.19422
Perkins Drive|Tasman Court|-38.09194,145.19404
Perry Road|Pillars Road|-38.03158,145.18333
Peter Avenue|Thomas Court|-37.99630,145.08214
Peter Street|Valley Street|-37.91753,145.10522
Peter Street|View Road|-37.96109,145.15676
Peters Avenue|Wellington Road|-37.91824,145.15538
Peters Drive|Wade Court|-37.96195,145.07789
Peterson Street|Richardson Street|-38.10306,145.14295
Peterson Street|Spring Road|-37.94582,145.03236
Peterson Street|Telford Street|-37.94529,145.02771
Phelan Drive|Rachel Drive|-38.06813,145.26505
Phelan Drive|Stirling Avenue|-38.06953,145.26731
Phileo Avenue|Princes Highway Service Road|-38.00291,145.24378
Philip Road|William Avenue|-38.00302,145.25676
Phillip Avenue|Police Road|-37.93524,145.17374
Phillip Street|Teague Avenue|-37.97779,145.06258
Phillip Street|Walbundry Avenue|-38.12861,145.13650
Phillip Street|Winsome Street|-37.97549,145.06221
Phoenix Avenue|Sunbird Avenue|-38.09501,145.29315
Phoenix Avenue|Venus Place|-38.09442,145.28808
Phoenix Court|Woodlands Drive|-37.99665,145.11945
Phoenix Drive|Radleigh Drive|-37.91201,145.18393
Photinia Street|Power Road|-37.99247,145.23850
Pia Drive|Sheridan Avenue|-37.93479,145.25493
Pia Drive|Somerset Court|-37.93642,145.25431
Pia Drive|Suzana Place|-37.93431,145.25097
Picadilly Street|Selworthy Avenue|-37.91378,145.08560
Picadilly Street|Sumersett Avenue|-37.91392,145.08669
Picadilly Street|Taunton Avenue|-37.91406,145.08777
Picadilly Street|Warrigal Road|-37.91365,145.08450
Piccadilly Crescent|Walworth Court|-37.98348,145.15933
Pickworth Crescent|Shearer Drive|-37.93700,145.24137
Pickworth Crescent|Von Nida Court|-37.93626,145.24264
Pickworth Drive|Snead Court|-37.97907,145.12462
Pickworth Drive|Von Nida Court|-37.97974,145.12449
Picola Court|Seaton Drive|-37.97751,145.13421
Piebald Court|Showjump Crescent|-37.96686,145.27284
Pike Street|Regent Parade|-37.95607,145.06454
Pike Street|Rosewarne Avenue|-37.95587,145.06316
Pildra Court|Pimpala Avenue|-38.11327,145.15343
Pillars Road|Soden Road|-38.02241,145.13698
Pillars Road|Springvale Road|-38.02219,145.13635
Pimpala Avenue|Punari Court|-38.11394,145.15331
Pimpala Avenue|Seaford Road|-38.11220,145.15358
Pine Court|Pine Crescent|-38.01232,145.09460
Pine Crescent|Wayne Court|-38.01304,145.09411
Pine Crescent|Willmott Street|-38.01391,145.09355
Pine Street|Plantation Avenue|-38.12476,145.14200
Pine Street|Roslyn Street|-37.91927,145.00343
Pine Street|Tallowwood Street|-38.12430,145.14469
Pine Street|Walstab Street|-37.91979,145.00783
Pinehill Drive|Wellington Road|-37.92814,145.25950
Pinehurst Way|Shoreacres Place|-37.95712,145.08127
Pinehurst Way|Spyglass Close|-37.95593,145.08149
Pinewood Avenue|Rose Avenue|-37.96181,145.20172
Pinewood Mews|Woodland Drive|-37.95563,145.05947
Piney Ridge|Vasey Rise|-37.97704,145.26257
Pinnacle Way|Plateau Crescent|-38.04716,145.26925
Pinnacle Way|Sunset Place|-38.04587,145.26903
Pioneer Court|Wartook Way|-37.91305,145.24878
Pip Street|Triumph Way|-38.11956,145.19283
Piper Drive|Wells Road|-38.02918,145.13169
Pippa Way|Trafford Road|-38.08881,145.17357
Pitfield Crescent|Woodside Drive|-37.92367,145.25822
Pitt Street|Warrigal Road|-37.92099,145.08304
Pittosporum Grove|Power Road|-37.99019,145.23893
Pittosporum Grove|Ti-Tree Drive|-37.99041,145.24103
Plateau Crescent|Ridge Court|-38.04694,145.26681
Plaza Crescent|Tambo Court|-37.98407,145.12297
Plaza Crescent|Timms Crescent|-37.98168,145.12356
Pleasant Way|Standish Way|-38.00561,145.16801
Pleasant Way|Stanley Road|-38.00748,145.16648
Pledger Close|Scarborough Drive|-38.05431,145.28927
Plover Place|Sunbird Crescent|-38.11310,145.17817
Plum Street|Power Road|-37.98279,145.24033
Plummer Court|Plummer Road|-37.98489,145.05786
Plummer Road|Thurling Street|-37.98605,145.05763
Plunkett Road|Quinn Street|-37.99787,145.22439
Plunkett Road|Windale Street|-37.99693,145.22459
Plunkett Street|Silver Street|-37.96435,145.06379
Plymouth Street|Warwick Street|-37.92051,145.06720
Plymouth Street|York Street|-37.91920,145.06746
Poa Court|Tyers Lane|-38.00751,145.16074
Poa Court|Yellowbox Drive|-38.00849,145.16133
Poath Road|Poet Road|-37.90813,145.07420
Poath Road|Vera Street|-37.90458,145.07490
Point Avenue|Reserve Road|-37.98996,145.03216
Police Road|Police Road Service Road|-37.93787,145.19625
Police Road|Princes Highway|-37.93305,145.15648
Police Road|Redpath Crescent|-37.93351,145.15964
Police Road|Royal Oak Court|-37.93962,145.21454
Police Road|Smith Road|-37.93498,145.17163
Police Road|Snowy Street|-37.93959,145.21436
Police Road|Stud Road|-37.94157,145.23057
Police Road|Tanglewood Road|-37.94113,145.22712
Police Road|Turner Close|-37.93374,145.16163
Police Road|Wanda Street|-37.93426,145.16581
Police Road|Wattle Grove|-37.93334,145.15828
Police Road|Withers Avenue|-37.93545,145.17536
Pollina Close|Verona Drive|-38.02510,145.25683
Pollina Street|Tucker Road|-37.92618,145.04983
Pont Court|Serpentine Road|-37.98418,145.15249
Ponto Court|Sydney Parkinson Avenue|-37.98657,145.26184
Poole Avenue|Thomas Street|-37.94041,145.01892
Poole Avenue|Thorburn Street|-37.94125,145.01874
Pooley Bridge Road|Treeby Boulevard|-38.00398,145.10178
Popes Road|Tower Court|-37.98269,145.18974
Popes Road|Woomera Avenue|-37.98246,145.18701
Poplar Close|Willow Avenue|-37.91398,145.26904
Port Street|Tennyson Street|-37.95492,145.05444
Porter Road|Rosina Street|-37.93239,145.04387
Porter Road|Small Road|-37.93058,145.04419
Porter Road|South Road|-37.93403,145.04356
Porter Street|Thorburn Street|-37.94145,145.02028
Portland Crescent|Spencer Road|-37.91763,145.22271
Portland Parade|Quengo Court|-38.09918,145.13054
Portland Place|Westbridge Court|-38.01423,145.12678
Portland Street|Tara Grove|-37.90450,145.05534
Portlink Drive|Taylors Road|-38.05333,145.22575
Portlink Drive|Western Port Highway|-38.05537,145.24363
Potter Street|Princes Highway|-37.97837,145.20696
Potter Street|Scott Street|-37.98559,145.20539
Potts Street|Warrigal Road|-37.98277,145.07124
Poulson Street|Walkers Road|-38.07737,145.12739
Pound Road|Pound Road West|-38.02675,145.24358
Pound Road|Rimington Court|-38.02638,145.25433
Pound Road|Rivergum Rise|-38.02966,145.27780
Pound Road|Seebeck Drive|-38.04996,145.29828
Pound Road|Sinclair Court|-38.02635,145.25266
Pound Road|Smith Court|-38.04321,145.29267
Pound Road|South Gippsland Highway|-38.02675,145.24358
Pound Road|Tarella Street|-38.02896,145.27234
Pound Road|Trawalla Court|-38.02764,145.26391
Pound Road|Vanessa Drive|-38.02605,145.25037
Pound Road|Verona Drive|-38.02670,145.25676
Pound Road|Village Drive|-38.02801,145.26530
Pound Road|Vision Drive|-38.02920,145.27478
Pound Road|Winnima Avenue|-38.02681,145.25616
Pound Road West|Remington Drive|-38.02711,145.23376
Pound Road West|South Gippsland Highway|-38.02675,145.24358
Powells Road|Wellington Road|-37.93147,145.29993
Power Road|Princes Highway|-38.00149,145.23488
Power Road|Pycnantha Court|-37.96592,145.24360
Power Road|Rowan Drive|-37.98481,145.23995
Power Road|Spinosa Close|-37.96956,145.24290
Power Road|Waratah Street|-37.98452,145.24000
Power Road|Wattle Drive|-37.99829,145.23736
Power Street|Pultney Street|-37.99321,145.21868
Power Street|Ronald Street|-37.98988,145.22438
Powlett Street|Simpson Street|-37.94773,145.07451
Powys Drive|The Close|-37.98574,145.04592
President Road|St Andrews Court|-38.05905,145.28638
Preston Avenue|Robert Molyneux Avenue|-37.98983,145.26182
Preston Avenue|Southwell Close|-37.99210,145.26221
Preston Street|Tucker Road|-37.91107,145.05248
Prestwick Green|Sunningdale Crescent|-38.11911,145.25824
Prichard Avenue|Rudd Court|-38.06442,145.26040
Primrose Hill Close|Wilkin Court|-37.97030,145.24648
Primula Court|Wentworth Avenue|-37.92312,145.26704
Prince Court|Springswood Drive|-37.93698,145.10636
Prince Crescent|Seaford Road|-38.11192,145.15131
Prince Street|Rosalie Street|-37.94507,145.15596
Prince Street|South Road|-37.93066,145.01492
Prince Street|Virginia Street|-37.94743,145.15549
Princes Court|Warrigal Road|-37.98650,145.07054
Princes Domain Drive|Princes Highway|-38.00516,145.26540
Princes Highway|Princes Highway Off Ramp|-38.00348,145.25152
Princes Highway|Princes Highway Service Road|-37.97159,145.19991
Princes Highway|Progress Street|-38.00189,145.23680
Princes Highway|Raphael Street|-38.01131,145.28281
Princes Highway|Raven Crescent|-38.01727,145.29406
Princes Highway|Redpath Crescent|-37.93484,145.15890
Princes Highway|Reilly Street|-37.93573,145.15903
Princes Highway|Renver Road|-37.92368,145.14219
Princes Highway|Robinson Street|-37.98284,145.21191
Princes Highway|Russell Street|-37.93995,145.16408
Princes Highway|Shafton Street|-37.90294,145.10879
Princes Highway|Smith Road|-37.94148,145.16608
Princes Highway|South Gippsland Highway|-38.00082,145.22706
Princes Highway|Springfield Drive|-38.01697,145.29367
Princes Highway|Springvale Road|-37.93279,145.15615
Princes Highway|Springwood Avenue|-38.02084,145.29894
Princes Highway|Stockdale Avenue|-37.91301,145.12512
Princes Highway|Sunline Avenue|-37.96340,145.19081
Princes Highway|Sutherland Road|-37.97459,145.20252
Princes Highway|Terry Street|-37.96363,145.19037
Princes Highway|Tinks Road|-38.01430,145.29000
Princes Highway|Vesper Drive|-38.01807,145.29513
Princes Highway|Webb Avenue|-37.93438,145.15791
Princes Highway|Wedgewood Road|-38.00438,145.25749
Princes Highway|Wellington Road|-37.91445,145.12741
Princes Highway|Westall Road|-37.92468,145.14335
Princes Highway|Western Way|-38.02021,145.29807
Princes Highway|Winterton Road|-37.91989,145.13578
Princes Highway Service Road|Springfield Drive|-38.01385,145.28796
Princes Highway Service Road|Wilkes Street|-38.01668,145.29296
Princess Avenue|Queens Avenue|-37.94439,145.14616
Princeton Drive|Sheffield Way|-38.00073,145.14967
Princeton Drive|Springvale Road|-37.99984,145.14300
Princeton Place|Stanford Street|-38.09624,145.25292
Princetown Drive|Tyrrell Terrace|-38.01399,145.13754
Princetown Drive|Waterside Drive|-38.01544,145.13540
Prior Road|Sandra Avenue|-37.97082,145.16497
Prior Road|Temple Court|-37.96899,145.16342
Priorswood Close|Sandleford Place|-37.98740,145.12551
Progress Street|Round Tower Road|-38.00820,145.23537
Prospect Court|Sanctuary Drive|-38.10017,145.18297
Prospect Hill Road|Sweet Gum Avenue|-38.00981,145.29688
Prospect Hill Road|Sylvanwood Crescent|-38.00947,145.29317
Prospect Hill Road|Trentwood Road|-38.01015,145.29961
Prospect Hill Road|Victoria Road|-38.00973,145.29622
Prospect Terrace|The Panorama|-38.00365,145.15164
Provence Place|Tuileries Rise|-38.06285,145.29547
Pullen Court|Springvale Road|-37.93939,145.15470
Pultney Street|Wedge Street|-37.99480,145.22018
Pultney Street|Wilson Street|-37.99160,145.21720
Punnett Street|Seaberry Promenade|-38.09077,145.20497
Purdy Avenue|Seventh Avenue|-37.97914,145.20421
Purdy Avenue|Sixth Avenue|-37.98008,145.20402
Purley Drive|Shalimar Crescent|-37.95486,145.21284
Purtell Street|Tucker Road|-37.92537,145.04998
Putt Grove|Robin Court|-37.98634,145.16027
Putter Road|Stringer Avenue|-38.11303,145.25944
Pyingerra Crescent|Weatherall Road|-37.97122,145.04439
Quail Court|Whimbrel Crescent|-38.10828,145.17029
Quail Way|Sheridan Avenue|-37.93191,145.25537
Quail Way|Whipbird Court|-37.92855,145.25635
Quantum Close|South Gippsland Highway|-38.03018,145.24397
Quarrion Drive|Shearwater Drive|-38.10871,145.17150
Quarrion Drive|Sitella Court|-38.10841,145.17275
Quarrion Drive|Whipbird Drive|-38.10792,145.17533
Quarters Boulevard|Sawgrass Way|-38.09798,145.25128
Quarters Boulevard|Stanford Street|-38.09810,145.25237
Queen Street|Second Street|-37.98537,145.07223
Queen Street|Warrigal Road|-37.98436,145.07095
Queens Avenue|Regent Avenue|-37.94364,145.14507
Queens Avenue|Royal Avenue|-37.94704,145.14937
Queens Avenue|Springvale Road|-37.94932,145.15271
Queens Avenue|Victoria Avenue|-37.94610,145.14828
Queens Avenue|Warrigal Road|-37.90353,145.08621
Queens Avenue|Westgate Street|-37.90367,145.08728
Queensberry Street|Saint Clair Avenue|-38.09945,145.25141
Quinn Court|Sullivan Avenue|-37.91625,145.27346
Rachel Drive|Radovic Court|-38.06921,145.26609
Rachel Street|Sylvia Street|-37.96183,145.20907
Radleigh Drive|Renoir Court|-37.91274,145.18040
Rae Avenue|Station Street|-38.03592,145.10747
Raffindale Crescent|Sharyn Street|-38.09761,145.26080
Raglan Way|Spencer Road|-37.91816,145.22318
Railway Avenue|Warner Street|-37.91015,145.10249
Railway Crescent|Small Street|-37.93939,145.00121
Railway Crescent|South Road|-37.93327,145.03719
Railway Crescent|Uonga Road|-37.92916,145.03769
Railway Crescent|Werona Street|-37.93082,145.03736
Railway Crescent|Wyuna Court|-37.92984,145.03755
Railway Parade|Rolex Court|-37.97896,145.19339
Railway Parade|Seaford Road|-38.11051,145.13063
Railway Parade|Selsey Street|-38.09609,145.12844
Railway Parade|Stanley Street|-37.98536,145.20266
Railway Parade|Station Street|-38.10347,145.12844
Railway Parade|Viola Crescent|-37.94583,145.04030
Railway Parade|Weatherston Road|-38.10988,145.13025
Railway Parade|Wickham Road|-37.94475,145.03969
Railway Parade|Wilma Avenue|-37.98479,145.20182
Rain Court|Waratah Street|-37.98587,145.24172
Rainsford Court|Village Drive|-37.97731,145.11962
Rainsford Drive|Terrigal Drive|-37.94424,145.19507
Rainwater Drive|Splash Way|-38.07031,145.25244
Rainwater Drive|Storm Avenue|-38.07117,145.25259
Rainwater Drive|Sustain Circuit|-38.06876,145.25207
Raisell Road|Scarborough Avenue|-38.10529,145.26194
Raleigh Drive|Scarborough Drive|-38.05677,145.29068
Raleigh Street|Springs Road|-37.93292,145.10884
Ralph Crescent|The Ridge|-38.03971,145.27995
Ramsay Court|Silver Street|-37.96510,145.06988
Ramsey Court|Whitehaven Crescent|-37.92756,145.17576
Randell Crescent|South Road|-37.93206,145.02625
Randell Street|Royal Parade|-38.00030,145.08210
Ranfurlie Boulevard|Red Cap Drive|-38.11263,145.24543
Ranfurlie Boulevard|Spearwood Rise|-38.11251,145.24453
Rangeview Drive|Stable Grove|-38.09672,145.20112
Rangeview Drive|Van Haaster Grove|-38.09964,145.19961
Rangoon Court|Wattle Grove|-37.92662,145.15959
Rankin Close|Tilly Place|-38.05691,145.25916
Rapallo Way|Thompsons Road|-38.08418,145.29222
Rapanea Court|Regnans Avenue|-37.96881,145.24095
Raphael Drive|Rembrandt Drive|-37.90997,145.18687
Raphael Drive|Reynolds Avenue|-37.91033,145.18445
Raphael Drive|Rubens Court|-37.91028,145.18630
Raphael Drive|The Deviation|-37.90957,145.18775
Rata Street|Tiki Court|-37.92070,145.19048
Rata Street|Whalley Drive|-37.91988,145.19183
Rata Street|Windmill Court|-37.92067,145.19136
Ratcliffe Way|Thiele Court|-38.04660,145.24877
Rathdowne Street|Wilmington Avenue|-38.10054,145.24831
Rathdowne Way|Shakespeare Place|-37.92367,145.19039
Rathdowne Way|Suffolk Grove|-37.92331,145.19061
Rathdowne Way|Tusmore Place|-37.92315,145.18983
Rathgar Road|Ridgeview Terrace|-37.91030,145.28599
Rathgar Road|Sunset Terrace|-37.90957,145.28509
Rathgar Road|Viewgrand Rise|-37.90673,145.28137
Rathgar Road|Viewline Drive|-37.90739,145.28222
Ravenhill Crescent|Robert Molyneux Avenue|-37.98924,145.25813
Ravenhill Crescent|Voyager Way|-37.98941,145.25651
Ravenhill Crescent|Woodworth Close|-37.98943,145.25707
Ravenswood Court|Sandfield Drive|-38.10724,145.18828
Rawdon Hill Drive|Sabine Avenue|-37.95385,145.20662
Rawdon Hill Drive|Saintsbury Crescent|-37.95177,145.20727
Rawdon Hill Drive|Seaview Court|-37.95323,145.20699
Rawls Street|Snead Boulevard|-38.11478,145.25396
Rawls Street|Sparrow Street|-38.11296,145.25384
Ray Street|Sutherland Road|-37.97530,145.20152
Rayhur Street|Second Street|-37.93389,145.13324
Rayhur Street|Third Street|-37.93315,145.13230
Raymond Court|South Road|-37.93235,145.02981
Raymond Grove|Seach Street|-37.90009,145.01777
Raymond Road|Seaford Grove|-38.11085,145.13412
Raymond Road|Wells Road|-38.11214,145.13773
Raymond Road|Wise Avenue|-38.11110,145.13446
Raymond Street|Towers Street|-37.97524,145.05037
Raymond Street|Webster Street|-37.99400,145.21094
Raynes Close|Sky Way|-38.08957,145.17428
Raynes Park Road|Walker Avenue|-37.93710,145.01939
Rebecca Court|Stirling Avenue|-38.07134,145.26591
Rebecca Street|Sandra Street|-37.98570,145.24746
Red Brush Drive|Solsbury Crescent|-38.00256,145.16646
Red Brush Drive|Westwood Boulevard|-38.00467,145.16607
Red Cap Drive|Spearwood Rise|-38.11477,145.24501
Red Hill Road|Shaun Court|-37.96053,145.14891
Red Hill Road|Springvale Road|-37.96004,145.15072
Red Mallee Court|Ribbon Gum Drive|-38.06706,145.24435
Red Oak Terrace|Waterbush Crescent|-38.05909,145.24591
Redfern Crescent|Rhoden Grove|-37.99949,145.24515
Redfern Crescent|Stanis Street|-38.00016,145.24245
Redfern Crescent|Wanda Street|-37.92652,145.16729
Redgum Avenue|Schumann Court|-38.10086,145.19277
Redgum Avenue|Songlark Crescent|-38.10095,145.19586
Redgum Avenue|Wilton Way|-38.09999,145.19606
Redgum Court|Willow Avenue|-37.91423,145.26664
Redholme Street|South Road|-37.93372,145.03961
Redholme Street|Tuck Street|-37.93594,145.03822
Redington Drive|Silverton Drive|-37.94941,145.19292
Redington Drive|Templewood Avenue|-37.95127,145.19238
Redleaf Close|Rivergum Rise|-38.03059,145.27761
Redleaf Way|Sunnybrook Drive|-37.90040,145.18305
Redleap Court|Showjump Crescent|-37.96571,145.27353
Redpath Close|Scotsburn Avenue|-37.92434,145.10808
Redwood Avenue|The Parkway|-38.05053,145.27354
Redwood Drive|Westwood Boulevard|-38.00564,145.17495
Reema Boulevard|Renee Avenue|-37.97509,145.27509
Reema Boulevard|Samaher Court|-37.96971,145.27381
Reema Boulevard|Stacey Court|-37.97225,145.27787
Regans Road|Somerville Road|-38.03016,145.25197
Regatta Court|The Sands|-38.01779,145.11815
Regent Avenue|Villa Road|-37.94835,145.14409
Regent Place|Springswood Drive|-37.93678,145.10689
Regina Street|Sandra Court|-37.90970,145.16909
Regina Street|Tereva Crescent|-37.91059,145.16893
Reginald Street|Richard Street|-37.96781,145.15602
Reid Street|Reserve Road|-37.99131,145.03191
Reid Street|Stayner Street|-37.99156,145.03433
Reid Street|Vera Street|-37.90390,145.07307
Reid Street|Wallace Avenue|-37.90482,145.07288
Reid Street|Ward Street|-37.99170,145.03555
Reid Street|Warren Road|-37.98585,145.09407
Reid Street|Warrigal Road|-37.91080,145.08509
Rembrandt Drive|Reynolds Avenue|-37.90810,145.18487
Remington Drive|Ventura Place|-38.02821,145.23156
Remo Street|Venice Street|-37.98565,145.06202
Remuera Street|Spring Road|-37.90141,145.02944
Remus Circuit|Romulus Crescent|-38.10346,145.25053
Rendell Place|Strabane Way|-38.04132,145.26357
Rene Street|Spicer Street|-37.97533,145.04913
Renfree Street|Stanhope Street|-37.99664,145.20544
Rennison Street|Royal Parade|-37.99976,145.07951
Rennison Street|Tramway Parade|-37.99334,145.03825
Renown Street|Wood Street|-37.92138,145.04658
Renver Road|Wellington Road Service Road|-37.91689,145.14356
Reserve Road|Riviera Street|-38.08601,145.12587
Reserve Road|Talinga Road|-37.96159,145.03769
Reserve Road|Tibbles Street|-37.97227,145.03566
Reserve Road|Tulip Street|-37.96424,145.03716
Reserve Road|Victor Street|-37.98357,145.03337
Reserve Road|Wangara Road|-37.95872,145.03830
Reserve Road|Wanrua Street|-37.95678,145.03871
Reserve Road|Weatherall Road|-37.97018,145.03603
Reserve Road|White Street|-37.98936,145.03228
Reserve Road|Woff Street|-37.97534,145.03512
Reserve Road|Wood Street|-37.97430,145.03530
Resplendent Avenue|Sanctum Parade|-38.11949,145.23579
Retreat Avenue|Station Street|-38.02031,145.09774
Retreat Road|Sargood Street|-37.94033,145.01142
Reuben Street|Weymar Street|-37.96215,145.06208
Reumah Court|Walnut Crescent|-37.97903,145.16369
Rhoden Grove|Stanis Street|-38.00045,145.24483
Rhodes Street|Virginia Street|-37.94772,145.15790
Rhone Grove|Sanoma Drive|-38.12381,145.19558
Rhur Street|Stephen Road|-38.00926,145.21268
Riana Loop|Roma Court|-37.99770,145.25026
Ribbon Gum Drive|Saltbush Avenue|-38.06636,145.24462
Rice Street|Rodney Street|-37.94172,145.04889
Rice Street|Rosebud Avenue|-37.94024,145.04915
Rich Street|Thomas Street|-37.97342,145.17747
Rich Walk|Strathaird Drive|-38.06065,145.28695
Richard Court|Scarlet Street|-37.98905,145.09732
Richard Court|Turramurra Drive|-37.92579,145.23941
Richmond Avenue|Ridley Close|-38.11136,145.16634
Richmond Avenue|Solley Court|-38.11054,145.16650
Richmond Circuit|Tivoli Road|-37.93326,145.19264
Riddell Street|Weist Court|-37.94956,145.21459
Ridge Avenue|Summit Avenue|-37.93975,145.02572
Rigby Mews|Waradgery Drive|-37.92489,145.23231
Riley Street|Terrigal Avenue|-37.92299,145.09361
Rimes Close|Scarborough Avenue|-38.10515,145.26120
Ring Road East|Scenic Boulevard|-37.91387,145.13513
Risdon Drive|Westerfield Drive|-37.90778,145.14726
Riseley Court|Sunnyvale Crescent|-37.99666,145.16435
Riverend Road|Thames Promenade|-38.04187,145.14580
Rivergum Place|Serpentine Road|-37.98657,145.15300
Riversdale Avenue|Seaford Place|-38.11044,145.13931
Riverside Drive|Springside Drive|-38.09574,145.24759
Riverside West|Wetland Drive|-38.06190,145.14128
Rivette Street|Scarlet Street|-37.98903,145.09532
Rivette Street|Steven Court|-37.98818,145.09548
Rivette Street|Susan Street|-37.98671,145.09576
Rivette Street|Temora Street|-37.98589,145.09591
Rivette Way|Sandarra Boulevard|-38.08578,145.19660
Riviera Street|Voltri Street|-37.97497,145.07391
Rivoli Court|Shannon Court|-37.97502,145.12035
Rivulet Boulevard|Talara Close|-37.94681,145.13988
Robbins Way|Wynette Close|-38.03895,145.26400
Robert Molyneux Avenue|Rossiter Avenue|-37.98979,145.26147
Robert Molyneux Avenue|Stephens Close|-37.98969,145.26053
Robert Street|Taylor Street|-37.98620,145.08073
Roberta Street|Suzanne Street|-37.97186,145.21485
Roberta Street|Woodlee Street|-37.97173,145.21382
Roberts Road|Roma Avenue|-38.09451,145.27139
Roberts Road|Sidney Street|-38.09401,145.27034
Robertson Parade|Station Street|-38.02553,145.10135
Robina Court|Westminster Drive|-37.93016,145.24366
Robinson Crescent|Stuart Avenue|-38.03255,145.26412
Robinson Crescent|Tatterson Street|-38.03362,145.26196
Robinson Road|Wadsley Road|-38.07550,145.15361
Robinson Street|Rodd Street|-37.98536,145.21133
Robjant Street|Somerville Road|-38.02958,145.24745
Robjant Street|Tadstan Drive|-38.03185,145.24773
Robjant Street|Topaz Way|-38.03419,145.24790
Robjant Street|Willis Close|-38.02882,145.24732
Robusta Avenue|Silky Oak Drive|-38.08769,145.28868
Robusta Avenue|Tulip Grove|-38.08764,145.28737
Robyn Court|Washington Drive|-37.93597,145.08186
Roche Court|Seccull Drive|-38.04689,145.13894
Rochelle Court|Springvalley Way|-38.04525,145.28479
Rochelle Court|Wildoer Drive|-38.02705,145.12857
Rockleigh Park Road|Springbank Rise|-37.97561,145.28670
Rodina Terrace|Selo Mews|-38.00112,145.19942
Rodina Terrace|Willum Way|-37.99844,145.19994
Rodney Court|Ross Crescent|-38.09595,145.20262
Rodney Street|Wendy Street|-37.94178,145.04920
Rogers Road|Small Road|-37.93045,145.04312
Rogers Street|Stanis Street|-38.00034,145.24395
Rogers Street|Stawell Street|-37.98498,145.06824
Rokeby Place|Southampton Drive|-37.92822,145.18483
Rolland Court|Sydney Parkinson Avenue|-37.98351,145.26354
Roma Avenue|Rosalie Avenue|-38.09465,145.27258
Roma Avenue|Virginia Street|-38.09481,145.27378
Roma Court|Tivoli Court|-37.99783,145.25139
Ronald Street|Sheppard Street|-37.93524,145.04489
Roosevelt Court|Timms Crescent|-37.98159,145.12331
Ropley Grange|Walbundry Avenue|-38.12848,145.13547
Rosalie Street|Springvale Road|-37.94478,145.15368
Rosalie Street|Wales Street|-37.94521,145.15716
Roscoe Court|Silverton Drive|-37.94919,145.19499
Rose Bush Court|Tuscan Court|-38.06506,145.24373
Rose Drive|Stenocarpus Drive|-37.99337,145.23223
Rose Street|Sterling Avenue|-37.95149,145.03312
Rose Street|Victoria Street|-37.95699,145.01798
Rosebank Avenue|Tennyson Avenue|-37.93913,145.12912
Rosebank Avenue|Westall Road|-37.94105,145.14016
Rosebank Avenue|Wordsworth Avenue|-37.93943,145.13153
Rosebank Drive|Springhill Drive|-38.08313,145.28319
Rosebank Drive|Thompsons Road|-38.08313,145.28319
Rosebank Drive|Yorkshire Drive|-38.07631,145.29433
Rosella Avenue|Tammany Drive|-37.94416,145.09984
Rosella Avenue|Tatra Close|-37.94261,145.10031
Rosella Road|Royal Parade|-38.00040,145.08067
Rosella Road|Thomson Rise|-38.00090,145.08058
Roslyn Street|South Road|-37.92897,145.00164
Roslyn Street|Weatherly Grove|-37.91746,145.00375
Roslyn Street|Were Street|-37.92593,145.00225
Roslyn Street|Yuille Street|-37.92749,145.00192
Ross Court|Woodward Street|-37.95962,145.16198
Ross Crescent|Seaberry Promenade|-38.09539,145.20379
Ross Street|Sarona Street|-37.98534,145.22560
Ross Street|Station Street|-38.02875,145.10323
Ross Street|Turner Court|-37.97562,145.22740
Rossiter Road|Thompson Road|-38.06872,145.16709
Rosslyn Avenue|Rosslyn Court|-38.12488,145.12913
Rossmith Avenue|Wallace Crescent|-37.97820,145.05066
Rossmith Avenue|Wilkins Avenue|-37.97837,145.05203
Rotorua Street|Spring Road|-37.90036,145.02964
Round Tower Road|South Gippsland Highway|-38.01698,145.23353
Rowan Road|Spring Road|-37.98185,145.13894
Rowan Road|Westall Road Extension|-37.97996,145.14271
Rowans Road|South Court|-37.94859,145.05103
Rowans Road|South Road|-37.93569,145.05629
Rowans Road|Wickham Road|-37.94624,145.05151
Rowell Drive|Streeton Drive|-37.97641,145.07135
Rowellyn Avenue|Saltram Court|-38.10282,145.19242
Rowland Street|Schulz Street|-37.93437,145.05978
Rowland Street|South Road|-37.93610,145.05941
Rowland Street|Wingate Street|-37.93526,145.05959
Rowlands Avenue|St Leonards Close|-37.97358,145.16222
Rowson Grove|Tully Road|-37.94711,145.11440
Royal Avenue|St James Avenue|-37.95392,145.14806
Royal Avenue|Windsor Avenue|-37.95149,145.14853
Royal Palms|Wells Road|-38.02190,145.12427
Royal Place|Springswood Drive|-37.93644,145.10611
Royal Road|Scotch Parade|-38.05923,145.13127
Royal Terrace|Wickham Road|-37.94547,145.04566
Royalty Street|Whitburn Street|-37.91599,145.12335
Roydon Street|Wishart Street|-37.93525,145.02709
Royena Road|South Road|-37.93610,145.05779
Ruby Street|Wheatley Road|-37.90642,145.03432
Rudyard Street|Warrigal Road|-37.92723,145.08180
Ruffy Drive|Tongola Court|-38.09898,145.27591
Rundle Drive|Spencer Drive|-38.09089,145.19272
Rundle Drive|Wedge Road|-38.08720,145.19357
Rupert Street|Tibrockney Street|-37.94967,145.03475
Rupicola Court|Timbertop Drive|-37.93254,145.22494
Russell Street|Sladen Street|-38.11350,145.28721
Russell Street|Sussex Road|-37.90084,145.02294
Russlie Court|View Mount Road|-37.90091,145.17431
Rutherford Road|Stephenson Road|-38.09904,145.15194
Rutherglen Court|Victoria Knox Avenue|-37.90524,145.27158
Ruthven Way|Yorkshire Drive|-38.07496,145.29460
Rutland Court|Serpentine Road|-37.98389,145.15227
Ruvina Street|Station Street|-38.01574,145.09405
Ryan Street|Schmidt Court|-38.10469,145.15140
Ryder Street|Stringer Avenue|-38.11313,145.26030
Ryder Street|Titch Street|-38.11634,145.25944
Rylands Road|Sutherland Road|-37.97614,145.20073
Rylands Road|Wilma Avenue|-37.97698,145.20331
Rymada Street|Thompsons Road|-38.07859,145.24818
Sabina Park Drive|Waterside Crescent|-37.93031,145.19011
Sabina Park Drive|Windy Hill Drive|-37.93087,145.18987
Sabine Avenue|Samaria Street|-37.95471,145.20663
Saddle Crescent|Scotsdale Drive|-38.10169,145.29596
Saffron Drive|Susan Close|-38.00563,145.28936
Saffron Drive|Wynen Court|-38.00730,145.28967
Sahra Grove|Tova Drive|-38.10337,145.16351
Saint Clair Avenue|Sawgrass Way|-38.09874,145.25111
Saint Clair Avenue|Stableford Drive|-38.10015,145.25125
Saint Cloud Court|St Cloud Court|-38.07294,145.29397
Saint Lawrance Way|St Lawrance Way|-37.91495,145.25789
Salford Court|Tiverton Drive|-37.92453,145.17471
Sallys Run|Tiarne Crescent|-38.05131,145.28047
Salmon Bay|Snapper Point Drive|-38.07429,145.13883
Saltair Street|Wickham Road|-37.94310,145.02561
Saltair Street|Widdop Crescent|-37.94124,145.02596
Saltbush Avenue|Tuscan Court|-38.06519,145.24477
Saltbush Avenue|Wild Sage Court|-38.06603,145.24421
Salway Close|Valencia Circuit|-38.09278,145.28377
Samada Street|Westerfield Drive|-37.90608,145.14975
Sanctuary Drive|William Road|-38.09860,145.18301
Sanctuary Place|Wells Road|-38.01602,145.10600
Sanctum Parade|Vanguard Avenue|-38.11928,145.23404
Sandalwood Grove|Sarah Place|-38.09234,145.18840
Sandarra Boulevard|Tarcoola Way|-38.08477,145.19579
Sandarra Boulevard|Wedge Road|-38.08771,145.19789
Sandarra Boulevard|Wotan Way|-38.08172,145.19786
Sandfield Drive|Tandarra Court|-38.10718,145.18835
Sandfield Drive|Treherne Court|-38.10742,145.19155
Sandfield Drive|Woodvale Drive|-38.10777,145.18713
Sandhurst Boulevard|Torres Parade|-38.08433,145.21556
Sandhurst Boulevard|Verdant Avenue|-38.08652,145.21062
Sandhurst Boulevard|Warrego Circuit|-38.08667,145.20300
Sandhurst Boulevard|Wills Court|-38.08701,145.21600
Sandown Road|Springvale Road|-37.94871,145.15293
Sandown Road|Wattle Street|-37.95079,145.15695
Sandpiper Close|Snipe Close|-38.05296,145.13695
Sandra Grove|South Road|-37.93434,145.04622
Sandringham Road|Trentham Street|-37.95054,145.00607
Sandringham Road|Victory Street|-37.95114,145.01109
Sandview Place|Scioto Street|-38.11126,145.26118
Sandy Court|Vitis Avenue|-37.98053,145.15910
Saniky Street|Trent Court|-37.90364,145.14688
Saniky Street|Westerfield Drive|-37.90309,145.15005
Sanoma Drive|Santa Clara Mews|-38.12305,145.19579
Sanoma Drive|St Austell Court|-38.12365,145.19487
Sanoma Drive|Triumph Way|-38.12301,145.19222
Sansom Close|Tilly Place|-38.05610,145.25993
Santaram Street|Waratah Street|-37.91298,145.08250
Santed Court|Waradgery Drive|-37.92338,145.22826
Sapling Street|Summer Lane|-37.93917,145.13675
Sara Court|Vitis Avenue|-37.97986,145.16051
Sara Place|Winners Circle|-38.01489,145.10836
Sarah Close|Watton Close|-37.95560,145.13373
Sarah Place|Strong Drive|-38.03471,145.27251
Sargasso Avenue|Tundra Way|-37.99485,145.17081
Sargood Street|Service Street|-37.94063,145.01137
Sargood Street|Thomas Street|-37.93947,145.01159
Sarose Court|Village Drive|-37.97688,145.12145
Sarton Road|Wellington Road|-37.91692,145.14474
Sarton Road|Wellington Road Service Road|-37.91703,145.14472
Sarzana Street|Tambo Court|-37.97703,145.07582
Sarzana Street|Warrigal Road|-37.97663,145.07243
Sasha Place|Watson Road|-37.94525,145.18957
Sassella Street|Veronica Street|-37.92616,145.07576
Satin Street|Violet Way|-38.08905,145.29137
Saunders Close|Sullivan Avenue|-37.91884,145.27176
Saunders Street|Westall Road Service Road|-37.94171,145.13992
Saurin Lane|Wellington Road|-37.92629,145.28936
Savona Street|Warrigal Road|-37.98021,145.07175
Saxony Court|Whitehaven Crescent|-37.92745,145.17666
Scanlan Street|South Road|-37.93736,145.06979
Scarborough Grove|Wells Road|-37.98114,145.05022
Scarlet Street|Warren Road|-37.98882,145.09350
Scarlett Avenue|Wedge Road|-38.08780,145.19852
Scenic Boulevard|Wellington Road|-37.91544,145.13461
Schneider Crescent|Viney Street|-37.93969,145.10204
Schneider Crescent|Watson Court|-37.93941,145.09920
Scholar Lane|Teacher Lane|-38.10537,145.25040
Scholar Lane|Wanstead Way|-38.10480,145.25039
Schoolhall Street|Warrigal Road|-37.90682,145.08558
Schooner Bay Drive|Snapper Point Drive|-38.07477,145.13912
Scioto Street|Silver Banksia Boulevard|-38.11111,145.25997
Scioto Street|Willow Glen Boulevard|-38.11074,145.25813
Scone Street|Strathfield Court|-38.12930,145.29592
Scotch Lane|Stanford Street|-38.09560,145.25309
Scotch Parade|Sherwood Avenue|-38.05111,145.12638
Scotch Parade|Sturdee Street|-38.05185,145.12678
Scotch Parade|Thames Promenade|-38.04800,145.12474
Scotch Parade|Troy Street|-38.05783,145.13070
Scotch Parade|Woodbine Grove|-38.05204,145.12688
Scotland Circuit|Strathlea Drive|-38.10681,145.24563
Scotsburn Avenue|View Street|-37.92109,145.10873
Scotsburn Close|Windermere Crescent|-37.93569,145.19788
Scotsmore Road|Shaw Street|-37.97646,145.15497
Scott Avenue|Westall Road|-37.94894,145.13870
Scott Street|Sladen Street|-38.11257,145.27965
Scott Street|Thomas Street|-37.98620,145.21251
Scott Street|Wickham Road|-37.94439,145.03642
Sea Parade|Sea Terrace|-37.98530,145.05310
Sea Parade|View Street|-37.98349,145.05345
Sea Parade|Wakool Avenue|-37.98256,145.05363
Seaberry Promenade|Tashinny Road|-38.09240,145.20485
Seaberry Promenade|Wedge Road|-38.08873,145.20625
Seaberry Promenade|Zamia Way|-38.09134,145.20488
Seaford Grove|Wells Road|-38.10962,145.13690
Seaford Place|Sunderland Court|-38.11081,145.14215
Seaford Road|Sussex Crescent|-38.11222,145.15372
Seaford Road|Ti-Tree Crescent|-38.11241,145.15618
Seaford Road|Wells Road|-38.10885,145.13625
Seaford Road|Wicklow Street|-38.11122,145.14562
Season Grove|Tyers Lane|-38.00783,145.16339
Seaton Drive|Spring Road|-37.97695,145.13486
Seaton Drive|Wolbers Road|-37.97813,145.13301
Seaton Road|Wickham Road|-37.94408,145.03384
Seaview Court|Seventh Avenue|-38.04310,145.13083
Seaview Crescent|Springvale Road|-37.92925,145.15656
Seccull Drive|Smyth Street|-38.04889,145.14002
Seccull Drive|Sutton Street|-38.04589,145.13946
Seccull Drive|Wells Road|-38.04559,145.14035
Second Avenue|Seventh Avenue|-38.04273,145.13186
Second Avenue|Sixth Avenue|-38.03041,145.10687
Second Avenue|Station Street|-38.03116,145.10466
Second Avenue|Thames Promenade|-38.04619,145.13373
Second Street|Third Street|-37.98706,145.07198
Second Street|Tippet Street|-37.93276,145.13359
Seebeck Road|Stud Road|-37.94060,145.23059
Seebeck Road|Tanglewood Road|-37.93927,145.22811
Seebeck Road|Winalla Avenue|-37.93915,145.22798
Selkirk Avenue|Windsor Avenue|-37.91361,145.04854
Selma Close|St Bernards Crescent|-38.05506,145.26184
Selsey Street|Torquay Avenue|-38.09626,145.13039
Selwood Retreat|Woodland Drive|-37.95355,145.06056
Serpentine Court|The Boardwalk|-38.01594,145.13215
Serpentine Road|Sloane Court|-37.98342,145.15193
Seventh Avenue|Third Avenue|-38.04237,145.13294
Severn Crescent|Shady Grove|-37.91682,145.25914
Shadwell Street|Silver Street|-37.96466,145.06630
Shady Close|Terrapin Drive|-38.04891,145.28437
Shady Grove|Tattlar Place|-37.91661,145.26064
Shady Grove|Wentworth Avenue|-37.91651,145.26157
Shaftsbury Drive|Stratford Court|-37.92056,145.16571
Shaftsbury Drive|Thames Court|-37.92067,145.16661
Shaftsbury Drive|Wanda Street|-37.92277,145.16550
Shalimar Crescent|Third Avenue|-37.95579,145.21264
Shanahan Crescent|Tucker Road|-37.91203,145.05231
Shands Street|Towers Street|-37.97508,145.05177
Sharan Avenue|Southern Road|-37.98233,145.08764
Sharman Court|Theresa Street|-37.92163,145.04971
Sharra Court|Tammany Drive|-37.94347,145.09894
Shasta Avenue|Talofa Avenue|-37.91611,145.01174
Shawnee Court|Springfield Drive|-38.01562,145.28792
Sheales Street|Suzanne Street|-37.97311,145.21461
Sheales Street|Vizard Street|-37.97323,145.21566
Sheales Street|Woodlee Street|-37.97299,145.21358
Shearman Court|Thurbro Drive|-37.98755,145.18521
Shearson Crescent|Voltri Street|-37.97583,145.08256
Shearwater Drive|Whimbrel Crescent|-38.10826,145.17143
Sheehan Court|Simpson Drive|-37.96791,145.22011
Sheffield Street|Tambet Street|-37.91881,145.07069
Sheffield Street|Warwick Street|-37.92090,145.07031
Sheffield Street|York Street|-37.91960,145.07057
Shelburn Way|Sinatra Way|-38.11538,145.29357
Shelly Street|Simon Avenue|-37.97530,145.16245
Shepherd Court|Toorak Drive|-37.97872,145.13468
Sheppard Street|South Road|-37.93438,145.04506
Sherbourne Drive|Tolga Close|-38.08835,145.18758
Sherbourne Drive|Wendel Court|-38.08821,145.18664
Sherbrooke Avenue|Silvan Street|-37.93885,145.08660
Sherbrooke Avenue|Washington Drive|-37.93585,145.08101
Sheridan Court|Village Drive|-37.97680,145.11990
Sheringham Drive|The Woodland|-37.90482,145.18250
Sherwood Avenue|Station Street|-38.05411,145.11748
Sherwood Road|St Georges Road|-38.06011,145.28518
Sherwood Road|The Common|-38.06191,145.28592
Sherwood Street|Thomas Street|-37.90432,145.02560
Sherwood Street|Thompson Street|-37.90459,145.02804
Shetland Street|Struan Avenue|-37.96286,145.27033
Shipston Road|Ward Street|-37.97146,145.06803
Shipton Court|Templewood Avenue|-37.95201,145.19462
Shiraz Court|Whitehaven Crescent|-37.94255,145.19669
Shoreline Crescent|Surfers Crescent|-38.09694,145.19220
Short Road|Tekarra Drive|-38.04444,145.25931
Short Street|Virginia Street|-37.94800,145.16029
Short Street|Wauchope Lane|-37.98858,145.20124
Short Street|Wishart Street|-37.93712,145.02673
Shorthorn Walk|William Clarke Wynd|-38.06124,145.29358
Shower Road|Sustain Circuit|-38.06862,145.25456
Shrives Road|The Grove|-38.03048,145.28406
Shrives Road|Uddin Lane|-38.03018,145.28198
Shrives Road|Wethersdane Drive|-38.03053,145.28450
Siddeley Court|Village Drive|-37.97666,145.12057
Sidney Street|Valma Avenue|-38.09316,145.27051
Siede Court|Tulip Grove|-37.95799,145.04731
Sienna Crescent|Thomas Mitchell Drive|-37.98383,145.27090
Sigvard Boulevard|Winterton Court|-38.00098,145.27803
Silkwood Way|Wellington Road|-37.92722,145.25178
Silky Oak Drive|Tulip Grove|-38.08735,145.28824
Silvan Grove|Somerville Road|-38.03197,145.26598
Silvan Street|Washington Drive|-37.93654,145.08703
Silver Avenue|Tamarisk Drive|-38.11558,145.16356
Silver Avenue|Wallowa Crescent|-38.11682,145.16058
Silver Creek Drive|Sugar Bush Drive|-38.04635,145.25905
Silver Street|Wilson Street|-37.96407,145.06112
Silverstone Drive|Wicklow Drive|-38.12187,145.25602
Silvertop Close|Sugarloaf Avenue|-38.04990,145.26084
Silvertop Crescent|Silvertop Street|-38.12657,145.14828
Silvertop Crescent|Timbertop Court|-38.12816,145.14996
Silverwattle Drive|Tetrabine Way|-38.06208,145.25076
Silverwattle Drive|Tobin Way|-38.06378,145.25161
Silverwattle Drive|Westbury Way|-38.06055,145.25015
Silverwattle Drive|Wodalla Place|-38.06291,145.25122
Simmonds Court|Stockdale Avenue|-37.91715,145.06581
Simon Avenue|Turramurra Drive|-37.92388,145.24352
Simon Court|Tereva Crescent|-37.91066,145.16838
Simpson Street|Walsh Street|-37.96518,145.16687
Sinclair Road|Wayne Court|-37.98898,145.19672
Sinclair Street|Talbot Avenue|-37.92081,145.10415
Singleton Drive|Suemar Street|-37.93184,145.17121
Singleton Drive|Terara Court|-37.98076,145.26914
Singleton Drive|Thomas Mitchell Drive|-37.98331,145.27172
Singleton Drive|Waruka Close|-37.98117,145.26987
Sir Kenneth Luke Boulevard|Wellington Road|-37.92209,145.18616
Sixth Avenue|Third Avenue|-38.03112,145.10733
Sky Way|Trafford Road|-38.09067,145.17420
Skyline Way|Viewline Drive|-37.90783,145.28427
Sladen Street|Sladen Street Service Road|-38.11240,145.27578
Sladen Street|South Gippsland Highway|-38.11307,145.28287
Sladen Street|Taylor Street|-38.11157,145.27249
Sladen Street Service Road|Valepark Crescent|-38.11125,145.27028
Smethurst Street|Station Street|-38.10382,145.28657
Smith Street|South Road|-37.93163,145.02281
Smith Street|Terry Street|-37.96469,145.18885
Smith Street|Walkers Road|-38.07674,145.12902
Smithson Court|Tarene Street|-37.99868,145.20199
Smyth Street|Sutton Street|-38.04859,145.14091
Snead Boulevard|Sparrow Street|-38.11475,145.25279
Snead Boulevard|Stringer Avenue|-38.11213,145.25663
Snead Boulevard|Willow Glen Boulevard|-38.11186,145.25658
Snow Gum Court|Wellington Road|-37.92346,145.19736
Snowdon Drive|Tatura Street|-37.97311,145.08179
Snowdonia Road|Sussex Avenue|-38.07310,145.28861
Snowdonia Road|Westmoreland Avenue|-38.07414,145.28955
Snowdrop Drive|Tulip Way|-38.00010,145.16519
Snowgum Close|Willow Avenue|-37.91555,145.27074
Society Avenue|Southern Cross Circuit|-38.07698,145.25039
Sokleng Close|Turramurra Drive|-37.92447,145.23527
Solferino Way|Spencer Drive|-38.09139,145.19732
Somers Street|Thomas Street|-37.91481,145.02353
Somers Street|Whitmuir Road|-37.91546,145.02872
Somers Street|Wilson Street|-37.91494,145.02459
Somerset Drive|Suffolk Road|-37.94852,145.22201
Somerset Drive|Surrey Road|-37.95114,145.22386
Somerset Drive|Thames Street|-37.95014,145.22178
Somerset Drive|Thurbro Drive|-37.98731,145.18325
Somerset Drive|Valley Court|-37.94713,145.21998
Somerset Drive|Westminster Avenue|-37.94707,145.21921
Somerset Drive|York Court|-37.98719,145.18226
Somerville Road|Stuart Avenue|-38.03178,145.26428
Somerville Road|The Fairway|-38.03087,145.25761
Somerville Road|Vanessa Drive|-38.02978,145.24962
Somerville Road|View Street|-38.03074,145.25658
Somerville Road|Winnima Avenue|-38.03063,145.25575
Somerville Road|Wren Street|-38.03128,145.26061
Songlark Crescent|Teal Avenue|-38.09959,145.19508
Sophi Court|Suemar Street|-37.93132,145.16748
Sophia Grove|The Corso|-37.99404,145.07389
Sottile Drive|Stevensons Road|-38.11422,145.26824
Soutar Place|Travers Walk|-37.95968,145.08346
Souter Street|Windsor Avenue|-37.95060,145.14067
South Anderson Court|Toirram Crescent|-38.08296,145.27040
South Charles Court|Strafford Avenue|-38.08623,145.27017
South Gippsland Highway|South Gippsland Highway Service Road|-38.09269,145.28102
South Gippsland Highway|South Gippsland Highway service road|-38.00455,145.22714
South Gippsland Highway|South Link|-38.02097,145.23904
South Gippsland Highway|Stirling Avenue|-38.06920,145.26810
South Gippsland Highway|Thompsons Road|-38.08228,145.27661
South Gippsland Highway|Waterview Close|-38.02088,145.23913
South Gippsland Highway|Waverley Park Drive|-38.06858,145.26793
South Gippsland Highway|Wentworth Street|-38.07416,145.27125
South Road|Station Street|-37.93329,145.03739
South Road|Studley Road|-37.93171,145.02454
South Road|Sullivan Street|-37.93693,145.06452
South Road|Taylor Street|-37.93357,145.03849
South Road|The Avenue|-37.92907,145.00164
South Road|Tucker Road|-37.93460,145.04832
South Road|Valerie Street|-37.93499,145.05149
South Road|Walter Street|-37.93708,145.06572
South Road|Warrigal Road|-37.93879,145.07952
South Road|Welwyn Avenue|-37.93126,145.02111
South Road|Yarra Links Way|-37.93774,145.07352
Southbourne Avenue|Stanhope Street|-37.99668,145.20609
Southdean Street|Woodlee Street|-37.97243,145.21369
Southey Street|Warriston Street|-37.90744,145.00692
Southpark Close|Springvale Road|-37.98672,145.14544
Sovereign Crest Boulevard|Victoria Knox Avenue|-37.90421,145.27634
Spencer Drive|Thomas Place|-38.09136,145.19672
Spice Rise|Weeden Crescent|-38.00917,145.28205
Spicer Street|Towers Street|-37.97514,145.04917
Spicer Street|Welton Street|-37.97451,145.04929
Spray Avenue|Wells Road|-38.01114,145.10189
Spray Circuit|Watergardens Circuit|-38.06872,145.25134
Spring Road|Springfield Road|-37.96367,145.14438
Spring Road|Springvale Road|-37.98633,145.14528
Spring Road|Sunlit Court|-37.94317,145.03296
Spring Road|Teralba Close|-37.98435,145.14104
Spring Road|Tintern Drive|-37.96487,145.14283
Spring Road|Toorak Drive|-37.97788,145.13563
Spring Road|Westall Road Extension|-37.96880,145.13558
Spring Road|Willoby Street|-38.12960,145.28855
Spring Street|Wentworth Avenue|-37.96027,145.02639
Spring Valley Drive|Westall Road|-37.94733,145.13881
Springfield Drive|Wilkes Street|-38.01763,145.29279
Springfield Drive|Wittenberg Court|-38.01754,145.28826
Springhill Drive|Thompsons Road|-38.08328,145.28316
Springhill Drive|Waterbury Street|-38.08435,145.29096
Springlands Street|Watergardens Circuit|-38.06948,145.24976
Springs Road|Springswood Drive|-37.93714,145.10802
Springs Road|Wandoo Avenue|-37.92971,145.10947
Springs Road|Welwood Court|-37.93595,145.10825
Springside Crescent|Thurbro Drive|-37.98766,145.18617
Springswood Drive|Windsor Court|-37.93671,145.10601
Springvale Road|Springvale Road Service Road|-37.91099,145.16015
Springvale Road|St James Avenue|-37.95437,145.15181
Springvale Road|Stephenson Street|-37.94174,145.15410
Springvale Road|Sullivan Street|-37.93930,145.15450
Springvale Road|Tamarisk Avenue|-37.90074,145.16211
Springvale Road|The Waterways Boulevard|-38.01615,145.13960
Springvale Road|Trevethic Road|-37.94281,145.15389
Springvale Road|Union Grove|-37.95242,145.15231
Springvale Road|Village Court|-37.90652,145.16078
Springvale Road|Virginia Street|-37.94713,145.15307
Springvale Road|Wareham Street|-37.93865,145.15484
Springvale Road|Watt Street|-37.94425,145.15362
Springvale Road|Wellington Road|-37.91868,145.15859
Springvale Road|Wells Road|-38.02798,145.13118
Springvale Road|Westall Road Extension|-37.98242,145.14610
Springvale Road|Whiteside Street|-37.93572,145.15518
Springvale Road|Whitworth Avenue|-37.94081,145.15443
Springvale Road|Wilma Avenue|-37.93029,145.15639
Springvale Road|Windsor Avenue|-37.95193,145.15229
Springvale Road|Winmalee Drive|-37.90106,145.16174
Springvale Road|Young Street|-37.93401,145.15551
Springvalley Way|Terrapin Drive|-38.04606,145.28478
Springwood Avenue|Valley Fair Drive|-38.02363,145.29758
Springwood Avenue|Western Way|-38.02182,145.29859
Spruce Court|Sweet Gum Avenue|-38.01054,145.29672
Spruce Drive|Wattle Close|-37.91628,145.26684
St Agnes Court|Tyntynder Drive|-38.11165,145.18692
St Andrews Drive|Warrigal Road|-37.95864,145.07576
St Andrews Street|William Street|-37.90776,144.99943
St Aubin Street|Wells Road|-37.98514,145.04947
St Bernards Crescent|Tembie Rise|-38.05433,145.26130
St Finbars Crescent|Ward Street|-37.91661,145.01580
St Georges Road|The Common|-38.06008,145.28477
St James Avenue|Tucker Road|-37.91688,145.05151
St James Avenue|Victoria Avenue|-37.95377,145.14683
St James Avenue|Victoria Court|-37.95377,145.14683
St Johns Avenue|The Crescent|-37.95463,145.14919
St Kilian Street|The Avenue|-37.93084,145.00133
St Peters Close|Victory Way|-38.08911,145.18977
Stadium Circuit|Trentbridge Road|-37.92658,145.19050
Staffordshire Place|Tobin Way|-38.06381,145.25100
Standish Way|Stanley Road|-38.00547,145.16686
Stanford Avenue|Trinity Lane|-38.00114,145.14672
Stanis Street|Theyer Street|-38.00013,145.24178
Stanley Avenue|Station Road|-37.96708,145.05650
Stanley Road|Sunnyvale Crescent|-37.99590,145.16890
Stanley Road|Trafalgar Walk|-37.99859,145.16829
Stanley Road|Tyers Lane|-38.00820,145.16634
Stanley Road|Verde Lane|-38.00336,145.16727
Star Crescent|Wedgewood Road|-38.01573,145.26249
Star Crescent|Westpool Drive|-38.01573,145.26249
Statham View|Trueman Street|-38.11029,145.24034
Station Street|Swan Walk|-38.05006,145.11536
Station Street|Swanpool Avenue|-38.04734,145.11407
Station Street|Tarella Road|-38.04630,145.11357
Station Street|Thames Promenade|-38.05063,145.11562
Station Street|Third Avenue|-38.03188,145.10508
Station Street|View Street|-37.95139,145.04477
Station Street|Walkers Road|-38.07836,145.12365
Station Street|Waltham Street|-37.94990,145.00410
Station Street|Woodbine Grove|-38.05506,145.11792
Station Street|York Street|-38.06201,145.11985
Stawell Street|Stephen Street|-38.11459,145.14587
Stawell Street|Surf Avenue|-37.98257,145.02484
Stawell Street|Tabby Street|-38.10888,145.29070
Stawell Street|Warrigal Road|-37.98528,145.07077
Stawell Street|Wellington Avenue|-37.98273,145.02582
Stayner Grove|Worthing Road|-37.94389,145.03950
Stayner Street|Tramway Parade|-37.99349,145.03442
Steele Court|Voltri Street|-37.97606,145.08397
Stefans Court|Veronica Drive|-38.11360,145.19662
Stephen Street|Webb Street|-38.11622,145.14549
Sterling Avenue|Tibrockney Street|-37.95160,145.03409
Stevens Street|Tennyson Street|-37.95288,145.05271
Stirling Avenue|Terrence Drive|-38.06994,145.26666
Stirling Court|William Hovell Drive|-37.98251,145.26160
Stockade Drive|Trooper Court|-37.90533,145.19101
Stockdale Avenue|Stratford Avenue|-37.91672,145.06454
Stone Hill Circuit|Winton Retreat|-38.10465,145.30010
Storey Avenue|Thomas Street|-37.93962,145.01276
Strada Crescent|Tereva Crescent|-37.91129,145.16811
Strada Crescent|Watsons Road|-37.90427,145.16763
Strada Crescent|Wayne Court|-37.91101,145.16720
Stradbroke Crescent|Woolwich Drive|-37.92313,145.16309
Stradbrook Court|Tattler Street|-38.10459,145.18837
Strathearn Court|Woodvale Drive|-38.10537,145.18755
Strathlea Drive|Tony Way|-38.10707,145.24763
Straughan Close|The Terrace|-37.92757,145.26943
Strawbent Rise|Valley Fair Drive|-38.02315,145.29666
Strawbent Rise|Western Way|-38.02133,145.29782
Streeton Drive|Withers Way|-37.97561,145.07073
Strelden Avenue|Tullius Avenue|-37.90481,145.12003
Stringer Avenue|Topp Street|-38.11233,145.25844
Strong Drive|Sue Court|-38.03255,145.27152
Strong Drive|Victor Court|-38.03523,145.27465
Strong Drive|Warana Drive|-38.03269,145.27717
Stuart Avenue|Tatterson Street|-38.03386,145.26384
Stud Road|Stud Road Service Road|-37.95552,145.22619
Stud Road|Sunshine Street|-37.93344,145.23195
Stud Road|Tampe Road|-37.90630,145.23739
Stud Road|Timbertop Drive|-37.93625,145.23160
Stud Road|Turramurra Drive|-37.92279,145.23415
Stud Road|Waradgery Drive|-37.92461,145.23360
Stud Road|Wellington Road|-37.92794,145.23317
Studley Street|Vincent Street|-37.93242,145.16257
Studley Street|Wanda Street|-37.93283,145.16610
Sturt Court|Wentworth Street|-38.07422,145.26730
Suemar Street|Wanda Street|-37.93115,145.16637
Suffolk Court|Von Nida Drive|-38.07163,145.28950
Suffolk Road|Warwick Court|-37.94842,145.22099
Suffolk Road|Westminster Avenue|-37.94816,145.21894
Sugarloaf Avenue|Towerhill Boulevard|-38.05045,145.25986
Summerlea Road|Trentwood Road|-38.01120,145.29961
Summit Avenue|Tarwin Avenue|-37.93962,145.02463
Summit Road|Wellington Road|-37.92930,145.26890
Sunbird Crescent|Weebill Place|-38.11393,145.17799
Sunburst Court|Tomasetti Crescent|-38.00946,145.28997
Sunlight Crescent|Welwyn Avenue|-37.92798,145.02168
Sunline Avenue|Terry Street|-37.96349,145.19069
Sunline Avenue|Tudor Crescent|-37.96174,145.19364
Sunline Avenue|Wimpole Street|-37.96207,145.19336
Sunningdale Court|Waradgery Drive|-37.92179,145.22427
Sunningdale Crescent|The Belfry|-38.11748,145.25617
Sunningdale Crescent|Whitcombe Mews|-38.11892,145.25828
Sunnyside Avenue|Union Street|-37.90805,145.01273
Sunnyvale Crescent|Willow Court|-37.99555,145.16604
Sunray Avenue|Wilson Street|-37.96300,145.06035
Sunrise Drive|Tiverton Drive|-37.92458,145.17737
Sunrise Drive|Whitehaven Crescent|-37.92721,145.17467
Sunrise Drive|Worthing Court|-37.92632,145.17521
Superior Avenue|Yellowstone Close|-37.91512,145.23929
Surrey Street|Tucker Road|-37.92784,145.04950
Susan Court|Valerie Drive|-38.10902,145.27069
Susan Court|Wingrove Street|-37.95227,145.06125
Susan Street|Warren Road|-37.98647,145.09395
Sussex Avenue|Tusmore Grove|-38.07327,145.29017
Sussex Avenue|Von Nida Drive|-38.07150,145.28847
Sussex Avenue|Westmoreland Avenue|-38.07323,145.28972
Sussex Avenue|Yorkshire Drive|-38.07383,145.29480
Sutherland Avenue|Wells Road|-38.01792,145.11400
Sutton Crescent|Tucker Boulevard|-38.09613,145.17690
Sven Street|Veronica Drive|-38.11678,145.19589
Sven Street|Wesley Close|-38.11694,145.19697
Swan Court|Whimbrel Crescent|-38.10830,145.16897
Swanston Street|Teague Avenue|-37.97912,145.06600
Swanston Street|Williams Street|-37.97912,145.06600
Sweet Gum Avenue|Wallaroo Avenue|-38.01295,145.29626
Swinden Avenue|Ward Street|-37.97179,145.06792
Sydney Parkinson Avenue|Throsby Court|-37.98273,145.26367
Sylvander Street|Yongala Court|-37.93905,145.11590
Sylvanwood Crescent|Tinks Road|-38.00720,145.29198
Talbot Avenue|Tovan Akas Avenue|-37.92294,145.02780
Talinga Road|Wandarri Court|-37.96094,145.03202
Tamala Avenue|Westerfield Drive|-37.90701,145.14883
Tamarisk Drive|Whitewood Street|-38.12055,145.16578
Tambo Close|Tarago Crescent|-37.94103,145.10843
Tamboon Drive|Tarwin Court|-37.91435,145.24949
Tamboon Drive|Taylors Lane|-37.91438,145.24651
Tamboon Drive|Wartook Way|-37.91439,145.24844
Tammany Drive|Travis Close|-37.94384,145.09937
Tammany Drive|Trees Court|-37.94305,145.09835
Tammany Drive|Wisteria Court|-37.94334,145.09876
Tamworth Court|Toirram Crescent|-38.08262,145.26723
Tanjil Court|Waranga Street|-37.94323,145.21205
Tanti Street|Warrigal Road|-37.96630,145.07439
Tanya Court|Tully Road|-37.94658,145.11027
Taponga Way|Yukon Avenue|-38.11083,145.25079
Tarene Street|Usher Court|-38.00034,145.20307
Tarnook Court|Wolbers Road|-37.97875,145.13347
Taro Place|Timberglade Drive|-37.95105,145.18975
Tarongo Drive|Tyabb Grove|-38.02332,145.11051
Tarrawarra Terrace|Verdant Avenue|-38.08398,145.21098
Tarwin Court|Waranga Street|-37.94279,145.21213
Tasma Place|Walnut Crescent|-37.98014,145.16166
Tasman Place|Wilkinson Way|-37.98107,145.25347
Tate Court|Timberglade Drive|-37.95159,145.18943
Tatong Road|Tuxen Court|-37.92980,145.02841
Tatong Road|Valdemar Court|-37.92936,145.02736
Tatterson Road|Zilla Court|-38.01268,145.20982
Tattler Street|Woodvale Drive|-38.10481,145.18763
Tatura Street|Tiffany Avenue|-37.97317,145.08050
Taylor Street|Weber Street|-37.90414,145.02088
Taylors Lane|Turramurra Drive|-37.91946,145.24554
Taylors Lane|Wellington Road|-37.92649,145.24425
Taylors Road|Thompsons Road|-38.07550,145.22151
Taylors Road|Wedge Road|-38.09020,145.21838
Teague Avenue|Williams Street|-37.97912,145.06600
Telfer Court|Woodside Drive|-37.92264,145.26278
Telford Street|Wickham Road|-37.94339,145.02806
Temora Street|Warren Road|-37.98566,145.09410
Templer Avenue|Warana Drive|-38.03205,145.27504
Tennyson Court|Wanda Street|-37.92011,145.16472
Tennyson Street|Turner Road|-37.95163,145.05294
Teofilo Drive|The Gables|-37.92537,145.26962
Teofilo Drive|The Strand|-37.92630,145.26867
Terrigal Drive|Whitehaven Crescent|-37.94198,145.19432
Tess Court|Tomasetti Crescent|-38.00931,145.28882
Teton Court|Wickham Road|-37.94654,145.05376
Tetragona Quadrant|Timbertop Drive|-37.93591,145.23010
Thames Avenue|Westall Road|-37.95220,145.13826
Thames Court|Trafalgar Way|-38.09808,145.29452
Thames Promenade|Third Avenue|-38.04583,145.13481
Thames Promenade|Wells Road|-38.04400,145.13971
Thana Street|Waratah Street|-37.91310,145.08349
The Belfry|Tramore Terrace|-38.11832,145.25598
The Belfry|Waterville Vista|-38.11819,145.25603
The Briars|The Terrace|-37.92771,145.26753
The Corso|Warrigal Road|-37.99112,145.06967
The Crescent|Wickham Road|-37.94586,145.04862
The Croft|The Terrace|-37.92831,145.26651
The Fairway|Waradgery Drive|-37.92188,145.22527
The Fairway|Watson Close|-37.92039,145.22557
The Glade|The Retreat|-38.04237,145.25348
The Glade|Ti Tree Avenue|-38.06726,145.11947
The Glade|Wedge Street|-37.99205,145.22491
The Grange|Urquhart Court|-38.02719,145.26802
The Grove|Watervale Way|-38.00472,145.15666
The Lookout|The Terrace|-37.92754,145.26837
The Outlook|Waterlilly Court|-38.01730,145.13112
The Parkway|Tiller Lane|-38.05609,145.14043
The Parkway|Wells Road|-38.05463,145.14499
The Retreat|Yaraan Court|-38.04201,145.25458
The Strand|The Terrace|-37.92753,145.26877
The Water Course|Waterford Terrace|-37.99251,145.15245
The Waterways Boulevard|Waterside Drive|-38.01621,145.13638
Thelma Street|Whatley Street|-38.07932,145.12962
Theresa Street|Tucker Road|-37.92176,145.05065
Third Avenue|Victor Avenue|-37.95566,145.21157
Third Street|Tippet Street|-37.93262,145.13245
Thomas Crescent|Wallace Road|-38.10721,145.26873
Thomas Street|Union Street|-37.91042,145.02428
Thomas Street|Victor Road|-37.91853,145.02287
Thomas Street|Walker Street|-37.98822,145.21272
Thomas Street|Wave Street|-37.93865,145.00511
Thomas Street|Yawla Street|-37.91322,145.02380
Thompson Road|Thompsons Road|-38.07213,145.19489
Thompson Road|Worsley Road|-38.07014,145.17846
Thompsons Road|Waterbury Street|-38.08338,145.28401
Thompsons Road|Western Port Highway|-38.07764,145.23947
Thompsons Road|Whitfield Boulevard|-38.07829,145.24398
Thompsons Road|Woodbine Road|-38.08247,145.27901
Thornbill Drive|Tremaine Court|-38.11075,145.18041
Thornbill Drive|Wildcroft Court|-38.11115,145.18132
Thornton Street|Victor Road|-37.93013,145.07828
Thornton Street|Warrigal Road|-37.93045,145.08119
Threadbow Crescent|Timmins Court|-37.90112,145.17955
Thurra Court|Wingham Street|-37.94366,145.21855
Ti-Tree Drive|Tristania Street|-37.99150,145.24244
Timberglade Drive|Wara Close|-37.95017,145.18813
Tinks Road|Tully Crescent|-38.00578,145.29227
Tinks Road|Valewood Court|-38.01038,145.29133
Tintern Grove|Tintern Mews|-37.95222,145.05967
Tirhatuan Drive|Turramurra Drive|-37.92566,145.23835
Tirhatuan Drive|Wellington Road|-37.92835,145.23615
Tiverton Drive|Tresco Court|-37.93001,145.18378
Tobin Way|Wodalla Place|-38.06267,145.24809
Toirram Crescent|Valda Court|-38.08195,145.26911
Tolls Avenue|Warrigal Road|-37.97829,145.07211
Tomasetti Crescent|Troups Creek Promenade|-38.00915,145.28773
Tomintoul Court|Viney Street|-37.93770,145.10249
Tonbridge Street|Walkers Road|-38.07819,145.12482
Toorak Drive|Wolbers Road|-37.97929,145.13414
Tootal Road|Wyndarra Crescent|-37.96968,145.12373
Toporoa Court|Wodalla Circuit|-38.08473,145.19971
Torquay Avenue|Whitby Way|-38.09426,145.13039
Torquay Close|Village Drive|-37.98221,145.11888
Torrens Terrace|Warrego Circuit|-38.08618,145.20565
Tourmaline Crescent|Whalley Drive|-37.92144,145.19824
Tournament Place|Von Nida Drive|-38.07214,145.29390
Town Lane|Wetland Drive|-38.06089,145.14071
Towong Street|Waranga Street|-37.94233,145.21705
Trafalgar Walk|Trebilco Avenue|-37.99928,145.17092
Tramway Parade|Ward Street|-37.99307,145.03559
Treeby Boulevard|White Street|-38.00060,145.10248
Trentbridge Road|Wootoona Court|-37.92787,145.19259
Trentwood Road|Wallaroo Avenue|-38.01322,145.29959
Trinity Court|Union Street|-37.90968,145.02087
Troon Court|Waradgery Drive|-37.91898,145.22301
Troups Creek Promenade|Weymouth Grange|-38.00865,145.28701
Tucker Avenue|William Street|-37.91212,145.00429
Tucker Boulevard|William Road|-38.09654,145.17665
Tucker Road|Valkstone Street|-37.91381,145.05202
Tucker Road|Walnut Street|-37.90873,145.05290
Tucker Street|Walter Street|-38.10219,145.27834
Tucker Street|William Street|-38.10309,145.27817
Tudor Street|Warrigal Road|-37.91919,145.08339
Tular Avenue|Warrigal Road|-37.92644,145.08196
Tulip Street|Wentworth Avenue|-37.96294,145.02589
Turnberry Avenue|Walcott Place|-38.06337,145.29985
Turnberry Court|Waradgery Drive|-37.92046,145.22170
Turramurra Drive|Waitara Avenue|-37.98591,145.16533
Turramurra Drive|Wingala Avenue|-37.98661,145.16715
Tweed Street|Wickham Road|-37.94366,145.03033
Tyers Lane|Unity Drive|-38.00859,145.16976
Tyers Lane|Waterfront Way|-38.00772,145.16248
Tyers Lane|Yellowbox Drive|-38.00760,145.16151
Tyrone Street|Wicklow Street|-37.90583,145.04644
Union Street|Wrixon Avenue|-37.91021,145.02322
Units 54-62|Units 54-74|-37.91733,145.16580
Unity Drive|Weston Street|-38.00787,145.16990
Valanne Street|Weber Street|-37.90345,145.02101
Valepark Close|Watson Road|-37.94621,145.19061
Valepark Crescent|Valerie Drive|-38.11063,145.27015
Valepark Crescent|Wallace Road|-38.10814,145.26896
Valerie Street|Wamba Road|-37.93267,145.05193
Valerie Street|Yarraman Road|-37.97689,145.17895
Valley Street|Vivian Court|-37.91825,145.11109
Valley Street|Wallace Avenue|-37.91739,145.10410
Vallota Crescent|Vega Close|-37.97783,145.16230
Vallota Crescent|Veronica Court|-37.97749,145.16224
Vallota Crescent|Violet Court|-37.97825,145.16249
Vallota Crescent|Walnut Crescent|-37.97914,145.16276
Valmont Avenue|Wells Road|-37.98429,145.04963
Van-Wyk Court|Wardale Road|-37.96929,145.15547
Vanner Lane|Willum Way|-37.99928,145.19558
Vardon Street|View Road|-37.95902,145.15716
Vardon Street|Woodward Street|-37.95902,145.15716
Venture Court|Williams Road|-38.00925,145.22374
Vera Street|Victor Road|-37.92450,145.07933
Vera Street|Warrigal Road|-37.92483,145.08228
Verbena Crescent|Walnut Crescent|-37.97932,145.16243
Verve Circuit|Wheaton Lane|-38.11060,145.24882
Verve Circuit|Wilton Street|-38.11120,145.25186
Verve Circuit|Yukon Avenue|-38.11037,145.25064
Vickery Street|Ward Street|-37.91574,145.03915
Victor Avenue|Weatherall Road|-37.97156,145.04716
Victoria Avenue|Victoria Court|-37.95377,145.14683
Victoria Street|Wild Street|-37.99145,145.08640
Victory Street|Vincent Street|-37.94889,145.01154
View Road|Woodward Street|-37.95902,145.15716
Viewgrand Rise|Viewline Drive|-37.90617,145.28204
Viewtech Place|Wellington Road|-37.92677,145.22219
Villa Road|Westall Road|-37.94772,145.13914
Village Drive|Westbury Court|-37.97807,145.11947
Vincent Street|Wood Street|-37.94896,145.01209
Virgilia Street|Wattle Drive|-37.99775,145.23454
Virginia Street|Wales Street|-37.94758,145.15669
Virginia Street|Warner Way|-37.94802,145.16045
Vitis Avenue|Walnut Crescent|-37.97959,145.16197
Voltri Street|Warrigal Road|-37.97483,145.07277
Von Nida Drive|Yorkshire Drive|-38.07228,145.29510
Voumard Street|Windsor Avenue|-37.91424,145.09828
Waddington Crescent|Wyton Court|-37.97579,145.14888
Wagga Court|Woollahra Avenue|-37.98204,145.16671
Wakefield Rise|William Hovell Drive|-37.98283,145.26195
Walden Court|Yorkshire Drive|-38.07468,145.29465
Walkers Road|Whatley Street|-38.07716,145.12793
Walkers Road|Wright Street|-38.07698,145.12840
Wallara Road|Yackatoon Avenue|-38.02673,145.10909
Wallaroo Avenue|Westleigh Crescent|-38.01310,145.29752
Wallen Road|Wild Cherry Road|-37.90354,145.05045
Wallen Street|Ward Street|-37.91651,145.01582
Wallingford Street|Ward Street|-37.97100,145.06812
Walnut Court|Woolwich Drive|-37.92383,145.16296
Walsh Avenue|Welwyn Court|-37.94334,145.04988
Walsh Avenue|Wickham Road|-37.94596,145.04938
Walstab Street|Waverley Street|-37.91946,145.00790
Walter Street|Yarraman Road|-37.97710,145.18080
Wanda Street|Wellington Road|-37.91944,145.16485
Wanda Street|Woolwich Drive|-37.92155,145.16470
Wannan Street|Wickham Road|-37.94636,145.05241
Waranga Street|Wingham Street|-37.94345,145.21791
Waratah Street|Warrigal Road|-37.91320,145.08458
Warburton Court|William Hovell Drive|-37.98137,145.25889
Ward Avenue|Warrigal Road|-37.91258,145.08471
Waring Street|Waterfront Way|-38.00689,145.16264
Warragamba Court|Wingala Avenue|-37.98878,145.16673
Warren Court|Worrell Street|-37.96583,145.22306
Warren Road|Willen Street|-37.95520,145.07108
Warren Road|Woodlands Court|-38.00005,145.09137
Warrigal Road|Wren Road|-37.93989,145.07932
Waterbush Crescent|Yellowbox Crescent|-38.05804,145.24563
Waterside Crescent|Windy Hill Drive|-37.93058,145.18752
Waterside Drive|Woodhenge Close|-38.10297,145.29463
Waterville Vista|Whitcombe Mews|-38.11903,145.25719
Watson Road|Wren Drive|-37.94463,145.18958
Wattleseed Way|Westwood Boulevard|-38.00456,145.16517
Wattlewoods Place|William Road|-38.09887,145.18392
Wave Street|Willis Street|-37.93686,145.00543
Waverley Park Drive|Wellington Road|-37.92245,145.18897
Waverley Park Drive|Wildwood Court|-38.07301,145.27588
Wayside Court|Winnima Avenue|-38.02762,145.25597
Webster Drive|Wetland Drive|-38.06152,145.14110
Webster Street|William Avenue|-37.99345,145.21329
Wedgewood Road|Westpool Drive|-38.01573,145.26249
Wellington Road|Wellington Road Service Road|-37.91580,145.13559
Wellington Road|Westminster Drive|-37.92769,145.24066
Wellington Road|Yardley Drive|-37.92152,145.18333
Wells Road|Winners Circle|-38.01621,145.10721
Wentworth Avenue|Woodside Drive|-37.92156,145.26353
Werona Court|Withers Avenue|-37.93205,145.17609
Wesley Court|Wickham Road|-37.94571,145.04745
Wesley Court|Xavier Drive|-37.91848,145.18495
Westall Road|Westall Road Extension|-37.96053,145.13676
Westall Road|Westall Road Service Road|-37.94145,145.14015
Westall Road|Windsor Avenue|-37.95033,145.13842
Westall Road Service Road|Yiannis Court|-37.93316,145.14194
Westmoreland Avenue|Yorkshire Drive|-38.07550,145.29450
Weymar Street|Wilson Street|-37.96201,145.05969
Whitewood Street|Wirilda Crescent|-38.12135,145.16403
Whitmuir Road|Yawla Street|-37.91387,145.02900
Wickham Road|William Street|-37.94530,145.04442
Wickham Road|Wimmera Street|-37.94610,145.05041
Wilberton Drive|Windsor Avenue|-37.95071,145.14156
Wild Cherry Road|Wimmera Street|-37.90216,145.05089
William Street|York Street|-37.91029,145.00222
Willis Lane|Willis Street|-37.93643,145.00176
Wilson Street|Woodland Drive|-37.95355,145.06107
Windella Crescent|Woodlea Drive|-37.90239,145.15728
Wingala Avenue|Yennora Court|-37.98795,145.16689
Winmalee Drive|Woodlea Drive|-37.90030,145.15855
Winners Circle|Woodcock Walk|-38.01446,145.10843
Wolseley Street|Worthing Road|-37.94677,145.03884
Wongella Court|Yackatoon Avenue|-38.02725,145.10753
Woodington Drive|Woodview Court|-37.91845,145.18804
Wyandra Way|Wyola Court|-37.91163,145.26114
Xavier Drive|Yardley Drive|-37.92009,145.18370
Xavier Drive|Yeovil Court|-37.91697,145.18509
