09-09 19:38:10  com.ubercab.driver  money=true offer_shape=false suburbs= area=NoSuburb chime=none_not_offer_shape
09-09 19:38:15  com.ubercab.driver  money=true offer_shape=false suburbs= area=NoSuburb chime=none_not_offer_shape
09-09 19:38:19  com.ubercab.driver  money=true offer_shape=false suburbs= area=NoSuburb chime=none_not_offer_shape
09-09 19:38:23  com.ubercab.driver  money=true offer_shape=false suburbs= area=NoSuburb chime=none_not_offer_shape
09-09 19:38:28  com.ubercab.driver  money=true offer_shape=false suburbs= area=NoSuburb chime=none_not_offer_shape
09-09 19:38:32  com.ubercab.driver  money=true offer_shape=false suburbs= area=NoSuburb chime=none_not_offer_shape
09-09 19:38:49  com.ubercab.driver  money=true offer_shape=false suburbs=Keysborough area=AllInside chime=none_not_offer_shape
09-09 19:38:51  com.ubercab.driver  money=true offer_shape=false suburbs=Dandenong area=AllInside chime=none_not_offer_shape
09-09 19:38:58  com.ubercab.driver  money=true offer_shape=false suburbs=Dandenong area=AllInside chime=none_not_offer_shape
09-09 19:39:00  com.ubercab.driver  money=true offer_shape=false suburbs=Dandenong area=AllInside chime=none_not_offer_shape
09-09 19:39:02  com.ubercab.driver  money=true offer_shape=false suburbs=Dandenong area=AllInside chime=none_not_offer_shape
09-09 19:39:06  com.ubercab.driver  money=true offer_shape=false suburbs=Dandenong area=AllInside chime=none_not_offer_shape
09-09 19:39:08  com.ubercab.driver  money=true offer_shape=false suburbs= area=NoSuburb chime=none_not_offer_shape
09-09 19:39:10  com.ubercab.driver  money=true offer_shape=false suburbs= area=NoSuburb chime=none_not_offer_shape
09-09 19:39:33  com.ubercab.driver  money=true offer_shape=false suburbs= area=NoSuburb chime=none_not_offer_shape
09-09 19:42:51  com.ubercab.driver  money=true offer_shape=false suburbs= area=NoSuburb chime=none_not_offer_shape
09-09 19:42:52  com.ubercab.driver  money=true offer_shape=false suburbs= area=NoSuburb chime=none_not_offer_shape
09-09 19:42:54  com.ubercab.driver  money=true offer_shape=false suburbs= area=NoSuburb chime=none_not_offer_shape
09-09 19:42:56  com.ubercab.driver  money=true offer_shape=false suburbs= area=NoSuburb chime=none_not_offer_shape
09-09 19:42:58  com.ubercab.driver  money=true offer_shape=false suburbs= area=NoSuburb chime=none_not_offer_shape
09-09 19:43:00  com.ubercab.driver  money=true offer_shape=false suburbs= area=NoSuburb chime=none_not_offer_shape
09-09 19:43:02  com.ubercab.driver  money=true offer_shape=false suburbs= area=NoSuburb chime=none_not_offer_shape
09-09 19:43:04  com.ubercab.driver  money=true offer_shape=false suburbs= area=NoSuburb chime=none_not_offer_shape
09-09 19:43:06  com.ubercab.driver  money=true offer_shape=false suburbs= area=NoSuburb chime=none_not_offer_shape
09-09 19:43:08  com.ubercab.driver  money=true offer_shape=false suburbs= area=NoSuburb chime=none_not_offer_shape
09-09 19:43:10  com.ubercab.driver  money=true offer_shape=false suburbs= area=NoSuburb chime=none_not_offer_shape
09-09 19:43:13  com.ubercab.driver  money=true offer_shape=false suburbs= area=NoSuburb chime=none_not_offer_shape
09-09 19:43:15  com.ubercab.driver  money=true offer_shape=false suburbs= area=NoSuburb chime=none_not_offer_shape
09-09 19:43:17  com.ubercab.driver  money=true offer_shape=false suburbs= area=NoSuburb chime=none_not_offer_shape
09-09 19:43:19  com.ubercab.driver  money=true offer_shape=false suburbs= area=NoSuburb chime=none_not_offer_shape
09-09 19:43:21  com.ubercab.driver  money=true offer_shape=false suburbs= area=NoSuburb chime=none_not_offer_shape
09-09 19:43:23  com.ubercab.driver  money=true offer_shape=false suburbs= area=NoSuburb chime=none_not_offer_shape
09-09 19:43:25  com.ubercab.driver  money=true offer_shape=false suburbs= area=NoSuburb chime=none_not_offer_shape
09-09 19:43:27  com.ubercab.driver  money=true offer_shape=false suburbs= area=NoSuburb chime=none_not_offer_shape
09-09 19:43:29  com.ubercab.driver  money=true offer_shape=false suburbs= area=NoSuburb chime=none_not_offer_shape
09-09 19:43:31  com.ubercab.driver  money=true offer_shape=false suburbs= area=NoSuburb chime=none_not_offer_shape
09-09 19:43:33  com.ubercab.driver  money=true offer_shape=false suburbs= area=NoSuburb chime=none_not_offer_shape
09-09 19:43:35  com.ubercab.driver  money=true offer_shape=false suburbs= area=NoSuburb chime=none_not_offer_shape
09-09 19:43:37  com.ubercab.driver  money=true offer_shape=false suburbs= area=NoSuburb chime=none_not_offer_shape
09-09 19:43:39  com.ubercab.driver  money=true offer_shape=false suburbs= area=NoSuburb chime=none_not_offer_shape
09-09 19:43:41  com.ubercab.driver  money=true offer_shape=false suburbs= area=NoSuburb chime=none_not_offer_shape
09-09 19:43:43  com.ubercab.driver  money=true offer_shape=false suburbs= area=NoSuburb chime=none_not_offer_shape
09-09 19:43:45  com.ubercab.driver  money=true offer_shape=false suburbs= area=NoSuburb chime=none_not_offer_shape
09-09 19:43:47  com.ubercab.driver  money=true offer_shape=false suburbs= area=NoSuburb chime=none_not_offer_shape
09-09 19:43:49  com.ubercab.driver  money=true offer_shape=false suburbs= area=NoSuburb chime=none_not_offer_shape
09-09 19:43:51  com.ubercab.driver  money=true offer_shape=false suburbs= area=NoSuburb chime=none_not_offer_shape
09-09 19:43:53  com.ubercab.driver  money=true offer_shape=false suburbs= area=NoSuburb chime=none_not_offer_shape
09-09 19:43:55  com.ubercab.driver  money=true offer_shape=false suburbs= area=NoSuburb chime=none_not_offer_shape
09-09 19:43:57  com.ubercab.driver  money=true offer_shape=false suburbs= area=NoSuburb chime=none_not_offer_shape
09-09 19:43:59  com.ubercab.driver  money=true offer_shape=false suburbs= area=NoSuburb chime=none_not_offer_shape
09-09 19:44:01  com.ubercab.driver  money=true offer_shape=false suburbs= area=NoSuburb chime=none_not_offer_shape
09-09 19:44:03  com.ubercab.driver  money=true offer_shape=false suburbs= area=NoSuburb chime=none_not_offer_shape
09-09 19:44:05  com.ubercab.driver  money=true offer_shape=false suburbs= area=NoSuburb chime=none_not_offer_shape
09-09 19:44:07  com.ubercab.driver  money=true offer_shape=false suburbs= area=NoSuburb chime=none_not_offer_shape
09-09 19:44:09  com.ubercab.driver  money=true offer_shape=false suburbs= area=NoSuburb chime=none_not_offer_shape
09-09 19:44:11  com.ubercab.driver  money=true offer_shape=false suburbs= area=NoSuburb chime=none_not_offer_shape
09-09 19:44:13  com.ubercab.driver  money=true offer_shape=false suburbs= area=NoSuburb chime=none_not_offer_shape
09-09 19:44:15  com.ubercab.driver  money=true offer_shape=false suburbs= area=NoSuburb chime=none_not_offer_shape
09-09 19:44:18  com.ubercab.driver  money=true offer_shape=false suburbs= area=NoSuburb chime=none_not_offer_shape
09-09 19:44:20  com.ubercab.driver  money=true offer_shape=false suburbs= area=NoSuburb chime=none_not_offer_shape
09-09 19:44:22  com.ubercab.driver  money=true offer_shape=false suburbs= area=NoSuburb chime=none_not_offer_shape
09-09 19:44:24  com.ubercab.driver  money=true offer_shape=false suburbs= area=NoSuburb chime=none_not_offer_shape
09-09 19:44:26  com.ubercab.driver  money=true offer_shape=false suburbs= area=NoSuburb chime=none_not_offer_shape
09-09 19:44:28  com.ubercab.driver  money=true offer_shape=false suburbs= area=NoSuburb chime=none_not_offer_shape
09-09 19:44:30  com.ubercab.driver  money=true offer_shape=false suburbs= area=NoSuburb chime=none_not_offer_shape
09-09 19:44:32  com.ubercab.driver  money=true offer_shape=false suburbs= area=NoSuburb chime=none_not_offer_shape
09-09 19:44:34  com.ubercab.driver  money=true offer_shape=false suburbs= area=NoSuburb chime=none_not_offer_shape
09-09 19:44:36  com.ubercab.driver  money=true offer_shape=false suburbs= area=NoSuburb chime=none_not_offer_shape
09-09 19:44:38  com.ubercab.driver  money=true offer_shape=false suburbs= area=NoSuburb chime=none_not_offer_shape
09-09 19:44:40  com.ubercab.driver  money=true offer_shape=false suburbs= area=NoSuburb chime=none_not_offer_shape
09-09 19:44:42  com.ubercab.driver  money=true offer_shape=false suburbs= area=NoSuburb chime=none_not_offer_shape
09-09 19:44:44  com.ubercab.driver  money=true offer_shape=false suburbs= area=NoSuburb chime=none_not_offer_shape
09-09 19:44:46  com.ubercab.driver  money=true offer_shape=false suburbs= area=NoSuburb chime=none_not_offer_shape
09-09 19:44:48  com.ubercab.driver  money=true offer_shape=false suburbs= area=NoSuburb chime=none_not_offer_shape
09-09 19:44:50  com.ubercab.driver  money=true offer_shape=false suburbs= area=NoSuburb chime=none_not_offer_shape
09-09 19:44:53  com.ubercab.driver  money=true offer_shape=false suburbs= area=NoSuburb chime=none_not_offer_shape
09-09 19:44:55  com.ubercab.driver  money=true offer_shape=false suburbs= area=NoSuburb chime=none_not_offer_shape
09-09 19:44:57  com.ubercab.driver  money=true offer_shape=false suburbs= area=NoSuburb chime=none_not_offer_shape
09-09 19:44:59  com.ubercab.driver  money=true offer_shape=false suburbs= area=NoSuburb chime=none_not_offer_shape
09-09 19:45:02  com.ubercab.driver  money=true offer_shape=false suburbs= area=NoSuburb chime=none_not_offer_shape
09-09 19:45:04  com.ubercab.driver  money=true offer_shape=false suburbs= area=NoSuburb chime=none_not_offer_shape
09-09 19:45:06  com.ubercab.driver  money=true offer_shape=false suburbs= area=NoSuburb chime=none_not_offer_shape
09-09 19:45:08  com.ubercab.driver  money=true offer_shape=false suburbs= area=NoSuburb chime=none_not_offer_shape
09-09 19:45:10  com.ubercab.driver  money=true offer_shape=false suburbs= area=NoSuburb chime=none_not_offer_shape
09-09 19:45:12  com.ubercab.driver  money=true offer_shape=false suburbs= area=NoSuburb chime=none_not_offer_shape
09-10 09:14:07  com.ubercab.driver  card=false money=false offer_shape=false suburbs= area=NoSuburb chime=none_not_offer_shape
09-10 09:14:09  com.ubercab.driver  card=false money=false offer_shape=false suburbs=Aspendale area=AllInside chime=none_not_offer_shape
09-10 09:14:12  com.ubercab.driver  card=false money=false offer_shape=false suburbs= area=NoSuburb chime=none_not_offer_shape
09-10 09:14:14  com.ubercab.driver  card=false money=false offer_shape=false suburbs=Patterson Lakes,Aspendale,Frankston area=SomeOutside:Frankston chime=none_not_offer_shape
09-10 09:14:16  com.ubercab.driver  card=false money=false offer_shape=false suburbs=Patterson Lakes,Aspendale,Frankston area=SomeOutside:Frankston chime=none_not_offer_shape
09-10 09:14:19  com.ubercab.driver  card=false money=false offer_shape=false suburbs= area=NoSuburb chime=none_not_offer_shape
09-10 09:14:21  com.ubercab.driver  card=false money=false offer_shape=false suburbs= area=NoSuburb chime=none_not_offer_shape
09-10 09:14:23  com.ubercab.driver  card=false money=false offer_shape=false suburbs= area=NoSuburb chime=none_not_offer_shape
09-10 09:14:26  com.ubercab.driver  card=false money=false offer_shape=false suburbs= area=NoSuburb chime=none_not_offer_shape
09-10 09:14:33  com.ubercab.driver  card=false money=false offer_shape=false suburbs= area=NoSuburb chime=none_not_offer_shape
09-10 09:14:39  com.ubercab.driver  card=false money=false offer_shape=false suburbs= area=NoSuburb chime=none_not_offer_shape
09-10 09:14:41  com.ubercab.driver  card=false money=false offer_shape=false suburbs= area=NoSuburb chime=none_not_offer_shape
09-10 09:14:44  com.ubercab.driver  card=false money=false offer_shape=false suburbs= area=NoSuburb chime=none_not_offer_shape
09-10 09:14:46  com.ubercab.driver  card=false money=false offer_shape=false suburbs= area=NoSuburb chime=none_not_offer_shape
09-10 09:14:49  com.ubercab.driver  card=false money=false offer_shape=false suburbs= area=NoSuburb chime=none_not_offer_shape
09-10 09:14:51  com.ubercab.driver  card=false money=false offer_shape=false suburbs= area=NoSuburb chime=none_not_offer_shape
09-10 09:14:54  com.ubercab.driver  card=false money=false offer_shape=false suburbs= area=NoSuburb chime=none_not_offer_shape
09-10 09:14:57  com.ubercab.driver  card=false money=false offer_shape=false suburbs= area=NoSuburb chime=none_not_offer_shape
09-10 09:14:59  com.ubercab.driver  card=false money=false offer_shape=false suburbs= area=NoSuburb chime=none_not_offer_shape
09-10 09:15:02  com.ubercab.driver  card=false money=false offer_shape=false suburbs= area=NoSuburb chime=none_not_offer_shape
09-10 09:15:04  com.ubercab.driver  card=false money=false offer_shape=false suburbs= area=NoSuburb chime=none_not_offer_shape
09-10 09:15:07  com.ubercab.driver  card=false money=false offer_shape=false suburbs= area=NoSuburb chime=none_not_offer_shape
09-10 09:15:09  com.ubercab.driver  card=false money=false offer_shape=false suburbs= area=NoSuburb chime=none_not_offer_shape
09-10 09:15:12  com.ubercab.driver  card=false money=false offer_shape=false suburbs= area=NoSuburb chime=none_not_offer_shape
09-10 09:15:14  com.ubercab.driver  card=false money=false offer_shape=false suburbs= area=NoSuburb chime=none_not_offer_shape
09-10 09:15:16  com.ubercab.driver  card=false money=false offer_shape=false suburbs= area=NoSuburb chime=none_not_offer_shape
09-10 09:15:18  com.ubercab.driver  card=false money=false offer_shape=false suburbs= area=NoSuburb chime=none_not_offer_shape
09-10 09:15:20  com.ubercab.driver  card=false money=false offer_shape=false suburbs= area=NoSuburb chime=none_not_offer_shape
09-10 09:15:22  com.ubercab.driver  card=false money=false offer_shape=false suburbs= area=NoSuburb chime=none_not_offer_shape
09-10 09:15:25  com.ubercab.driver  card=false money=false offer_shape=false suburbs= area=NoSuburb chime=none_not_offer_shape
09-10 09:15:27  com.ubercab.driver  card=false money=false offer_shape=false suburbs= area=NoSuburb chime=none_not_offer_shape
09-10 09:15:29  com.ubercab.driver  card=false money=false offer_shape=false suburbs= area=NoSuburb chime=none_not_offer_shape
09-10 09:17:18  com.ubercab.driver  card=false money=false offer_shape=false suburbs= area=NoSuburb chime=none_not_offer_shape
09-10 09:17:19  com.ubercab.driver  card=false money=false offer_shape=false suburbs= area=NoSuburb chime=none_not_offer_shape
09-10 09:17:22  com.ubercab.driver  card=false money=false offer_shape=false suburbs= area=NoSuburb chime=none_not_offer_shape
09-10 09:17:24  com.ubercab.driver  card=false money=false offer_shape=false suburbs= area=NoSuburb chime=none_not_offer_shape
09-10 09:17:26  com.ubercab.driver  card=false money=false offer_shape=false suburbs=Edithvale,Braeside area=AllInside chime=none_not_offer_shape
09-10 09:17:28  com.ubercab.driver  card=false money=false offer_shape=false suburbs=Braeside area=AllInside chime=none_not_offer_shape
09-10 09:17:31  com.ubercab.driver  card=false money=false offer_shape=false suburbs=Braeside area=AllInside chime=none_not_offer_shape
09-10 09:17:33  com.ubercab.driver  card=false money=false offer_shape=false suburbs=Braeside area=AllInside chime=none_not_offer_shape
09-10 09:17:36  com.ubercab.driver  card=false money=false offer_shape=false suburbs=Braeside area=AllInside chime=none_not_offer_shape
09-10 09:17:38  com.ubercab.driver  card=false money=false offer_shape=false suburbs=Braeside area=AllInside chime=none_not_offer_shape
09-10 09:17:40  com.ubercab.driver  card=false money=false offer_shape=false suburbs=Braeside area=AllInside chime=none_not_offer_shape
09-10 09:17:42  com.ubercab.driver  card=false money=false offer_shape=false suburbs=Braeside area=AllInside chime=none_not_offer_shape
09-10 09:17:44  com.ubercab.driver  card=false money=false offer_shape=false suburbs=Braeside area=AllInside chime=none_not_offer_shape
09-10 09:17:47  com.ubercab.driver  card=false money=false offer_shape=false suburbs=Braeside area=AllInside chime=none_not_offer_shape
09-10 09:17:49  com.ubercab.driver  card=false money=false offer_shape=false suburbs=Braeside area=AllInside chime=none_not_offer_shape
09-10 09:17:52  com.ubercab.driver  card=false money=false offer_shape=false suburbs=Braeside area=AllInside chime=none_not_offer_shape
09-10 09:17:54  com.ubercab.driver  card=false money=false offer_shape=false suburbs=Braeside area=AllInside chime=none_not_offer_shape
09-10 09:17:56  com.ubercab.driver  card=false money=false offer_shape=false suburbs=Braeside area=AllInside chime=none_not_offer_shape
09-10 09:17:59  com.ubercab.driver  card=false money=false offer_shape=false suburbs=Braeside area=AllInside chime=none_not_offer_shape
09-10 09:18:01  com.ubercab.driver  card=false money=false offer_shape=false suburbs=Braeside area=AllInside chime=none_not_offer_shape
09-10 09:18:03  com.ubercab.driver  card=false money=false offer_shape=false suburbs=Braeside area=AllInside chime=none_not_offer_shape
09-10 09:18:06  com.ubercab.driver  card=false money=false offer_shape=false suburbs=Braeside area=AllInside chime=none_not_offer_shape
09-10 09:18:08  com.ubercab.driver  card=false money=false offer_shape=false suburbs=Braeside area=AllInside chime=none_not_offer_shape
09-10 09:18:10  com.ubercab.driver  card=false money=false offer_shape=false suburbs=Braeside area=AllInside chime=none_not_offer_shape
09-10 09:18:12  com.ubercab.driver  card=false money=false offer_shape=false suburbs=Braeside area=AllInside chime=none_not_offer_shape
09-10 09:18:15  com.ubercab.driver  card=false money=false offer_shape=false suburbs=Braeside area=AllInside chime=none_not_offer_shape
09-10 09:18:17  com.ubercab.driver  card=false money=false offer_shape=false suburbs=Braeside area=AllInside chime=none_not_offer_shape
09-10 09:18:19  com.ubercab.driver  card=false money=false offer_shape=false suburbs=Braeside area=AllInside chime=none_not_offer_shape
09-10 09:18:22  com.ubercab.driver  card=false money=false offer_shape=false suburbs=Braeside area=AllInside chime=none_not_offer_shape
09-10 09:18:32  com.ubercab.driver  card=false money=false offer_shape=false suburbs=Patterson Lakes area=AllInside chime=none_not_offer_shape
09-10 09:18:34  com.ubercab.driver  card=false money=false offer_shape=false suburbs=Patterson Lakes area=AllInside chime=none_not_offer_shape
09-10 09:18:36  com.ubercab.driver  card=false money=false offer_shape=false suburbs=Patterson Lakes area=AllInside chime=none_not_offer_shape
09-10 09:18:38  com.ubercab.driver  card=false money=false offer_shape=false suburbs=Patterson Lakes area=AllInside chime=none_not_offer_shape
09-10 09:18:40  com.ubercab.driver  card=false money=false offer_shape=false suburbs=Patterson Lakes area=AllInside chime=none_not_offer_shape
09-10 09:18:43  com.ubercab.driver  card=false money=false offer_shape=false suburbs=Patterson Lakes area=AllInside chime=none_not_offer_shape
09-10 09:18:45  com.ubercab.driver  card=false money=false offer_shape=false suburbs=Patterson Lakes area=AllInside chime=none_not_offer_shape
09-10 09:18:48  com.ubercab.driver  card=false money=false offer_shape=false suburbs=Patterson Lakes area=AllInside chime=none_not_offer_shape
09-10 09:18:51  com.ubercab.driver  card=false money=false offer_shape=false suburbs=Patterson Lakes area=AllInside chime=none_not_offer_shape
09-10 09:18:53  com.ubercab.driver  card=false money=false offer_shape=false suburbs=Patterson Lakes area=AllInside chime=none_not_offer_shape
09-10 09:18:56  com.ubercab.driver  card=false money=false offer_shape=false suburbs=Patterson Lakes area=AllInside chime=none_not_offer_shape
09-10 09:18:58  com.ubercab.driver  card=false money=false offer_shape=false suburbs=Patterson Lakes area=AllInside chime=none_not_offer_shape
09-10 09:19:00  com.ubercab.driver  card=false money=false offer_shape=false suburbs=Patterson Lakes area=AllInside chime=none_not_offer_shape
09-10 09:19:02  com.ubercab.driver  card=false money=false offer_shape=false suburbs=Patterson Lakes area=AllInside chime=none_not_offer_shape
09-10 09:19:05  com.ubercab.driver  card=false money=false offer_shape=false suburbs=Patterson Lakes area=AllInside chime=none_not_offer_shape
09-10 09:19:07  com.ubercab.driver  card=false money=false offer_shape=false suburbs=Patterson Lakes area=AllInside chime=none_not_offer_shape
09-10 09:19:09  com.ubercab.driver  card=false money=false offer_shape=false suburbs=Patterson Lakes area=AllInside chime=none_not_offer_shape
09-10 09:19:11  com.ubercab.driver  card=false money=false offer_shape=false suburbs=Patterson Lakes area=AllInside chime=none_not_offer_shape
09-10 09:19:13  com.ubercab.driver  card=false money=false offer_shape=false suburbs=Patterson Lakes area=AllInside chime=none_not_offer_shape
09-10 09:19:16  com.ubercab.driver  card=false money=false offer_shape=false suburbs=Patterson Lakes area=AllInside chime=none_not_offer_shape
09-10 09:19:18  com.ubercab.driver  card=false money=false offer_shape=false suburbs=Patterson Lakes area=AllInside chime=none_not_offer_shape
09-10 09:19:20  com.ubercab.driver  card=false money=false offer_shape=false suburbs=Patterson Lakes area=AllInside chime=none_not_offer_shape
09-10 09:19:22  com.ubercab.driver  card=false money=false offer_shape=false suburbs=Patterson Lakes area=AllInside chime=none_not_offer_shape
09-10 09:19:24  com.ubercab.driver  card=false money=false offer_shape=false suburbs=Patterson Lakes area=AllInside chime=none_not_offer_shape
09-10 09:19:27  com.ubercab.driver  card=false money=false offer_shape=false suburbs= area=NoSuburb chime=none_not_offer_shape
09-10 09:19:29  com.ubercab.driver  card=false money=false offer_shape=false suburbs=Aspendale area=AllInside chime=none_not_offer_shape
09-10 09:19:31  com.ubercab.driver  card=false money=false offer_shape=false suburbs=Aspendale area=AllInside chime=none_not_offer_shape
09-10 09:19:33  com.ubercab.driver  card=false money=false offer_shape=false suburbs=Aspendale area=AllInside chime=none_not_offer_shape
09-10 09:19:36  com.ubercab.driver  card=false money=false offer_shape=false suburbs=Aspendale area=AllInside chime=none_not_offer_shape
09-10 09:19:38  com.ubercab.driver  card=false money=false offer_shape=false suburbs=Aspendale area=AllInside chime=none_not_offer_shape
09-10 09:19:40  com.ubercab.driver  card=false money=false offer_shape=false suburbs=Aspendale area=AllInside chime=none_not_offer_shape
09-10 09:19:42  com.ubercab.driver  card=false money=false offer_shape=false suburbs=Aspendale area=AllInside chime=none_not_offer_shape
09-10 09:19:44  com.ubercab.driver  card=false money=false offer_shape=false suburbs=Aspendale area=AllInside chime=none_not_offer_shape
09-10 09:19:46  com.ubercab.driver  card=false money=false offer_shape=false suburbs=Aspendale area=AllInside chime=none_not_offer_shape
09-10 09:19:48  com.ubercab.driver  card=false money=false offer_shape=false suburbs=Aspendale area=AllInside chime=none_not_offer_shape
09-10 09:19:50  com.ubercab.driver  card=false money=false offer_shape=false suburbs=Patterson Lakes area=AllInside chime=none_not_offer_shape
09-10 09:19:53  com.ubercab.driver  card=false money=false offer_shape=false suburbs=Patterson Lakes area=AllInside chime=none_not_offer_shape
09-10 09:19:55  com.ubercab.driver  card=false money=false offer_shape=false suburbs=Patterson Lakes area=AllInside chime=none_not_offer_shape
09-10 09:20:08  com.ubercab.driver  card=false money=false offer_shape=false suburbs=Patterson Lakes area=AllInside chime=none_not_offer_shape
09-10 09:20:10  com.ubercab.driver  card=false money=false offer_shape=false suburbs=Patterson Lakes area=AllInside chime=none_not_offer_shape
09-10 09:20:12  com.ubercab.driver  card=false money=false offer_shape=false suburbs=Patterson Lakes area=AllInside chime=none_not_offer_shape
09-10 09:20:14  com.ubercab.driver  card=false money=false offer_shape=false suburbs=Patterson Lakes area=AllInside chime=none_not_offer_shape
09-10 09:20:17  com.ubercab.driver  card=false money=false offer_shape=false suburbs=Patterson Lakes area=AllInside chime=none_not_offer_shape
09-10 09:20:19  com.ubercab.driver  card=false money=false offer_shape=false suburbs=Patterson Lakes area=AllInside chime=none_not_offer_shape
09-10 09:20:21  com.ubercab.driver  card=false money=false offer_shape=false suburbs=Patterson Lakes area=AllInside chime=none_not_offer_shape
09-10 09:20:24  com.ubercab.driver  card=false money=false offer_shape=false suburbs=Patterson Lakes area=AllInside chime=none_not_offer_shape
09-10 09:20:26  com.ubercab.driver  card=false money=false offer_shape=false suburbs=Patterson Lakes area=AllInside chime=none_not_offer_shape
09-10 09:20:28  com.ubercab.driver  card=false money=false offer_shape=false suburbs=Patterson Lakes area=AllInside chime=none_not_offer_shape
09-10 09:20:31  com.ubercab.driver  card=false money=false offer_shape=false suburbs=Patterson Lakes area=AllInside chime=none_not_offer_shape
09-10 09:20:33  com.ubercab.driver  card=false money=false offer_shape=false suburbs=Patterson Lakes area=AllInside chime=none_not_offer_shape
09-10 09:20:35  com.ubercab.driver  card=false money=false offer_shape=false suburbs=Patterson Lakes area=AllInside chime=none_not_offer_shape
09-10 09:20:38  com.ubercab.driver  card=false money=false offer_shape=false suburbs=Patterson Lakes area=AllInside chime=none_not_offer_shape
09-10 09:20:41  com.ubercab.driver  card=false money=false offer_shape=false suburbs=Patterson Lakes area=AllInside chime=none_not_offer_shape
09-10 09:20:43  com.ubercab.driver  card=false money=false offer_shape=false suburbs=Patterson Lakes area=AllInside chime=none_not_offer_shape
09-10 09:20:45  com.ubercab.driver  card=false money=false offer_shape=false suburbs=Patterson Lakes area=AllInside chime=none_not_offer_shape
09-10 09:20:48  com.ubercab.driver  card=false money=false offer_shape=false suburbs=Patterson Lakes area=AllInside chime=none_not_offer_shape
09-10 09:20:50  com.ubercab.driver  card=false money=false offer_shape=false suburbs=Patterson Lakes area=AllInside chime=none_not_offer_shape
09-10 09:20:52  com.ubercab.driver  card=false money=false offer_shape=false suburbs=Patterson Lakes area=AllInside chime=none_not_offer_shape
09-10 09:20:55  com.ubercab.driver  card=false money=false offer_shape=false suburbs=Patterson Lakes area=AllInside chime=none_not_offer_shape
09-10 09:20:57  com.ubercab.driver  card=false money=false offer_shape=false suburbs=Patterson Lakes area=AllInside chime=none_not_offer_shape
09-10 09:20:59  com.ubercab.driver  card=false money=false offer_shape=false suburbs=Patterson Lakes area=AllInside chime=none_not_offer_shape
09-10 09:21:02  com.ubercab.driver  card=false money=false offer_shape=false suburbs=Patterson Lakes area=AllInside chime=none_not_offer_shape
09-10 09:21:04  com.ubercab.driver  card=false money=false offer_shape=false suburbs=Patterson Lakes area=AllInside chime=none_not_offer_shape
09-10 09:21:06  com.ubercab.driver  card=false money=false offer_shape=false suburbs=Patterson Lakes area=AllInside chime=none_not_offer_shape
09-10 09:21:09  com.ubercab.driver  card=false money=false offer_shape=false suburbs=Patterson Lakes area=AllInside chime=none_not_offer_shape
09-10 09:21:11  com.ubercab.driver  card=false money=false offer_shape=false suburbs=Patterson Lakes area=AllInside chime=none_not_offer_shape
09-10 09:21:13  com.ubercab.driver  card=false money=false offer_shape=false suburbs=Patterson Lakes area=AllInside chime=none_not_offer_shape
09-10 09:21:16  com.ubercab.driver  card=false money=false offer_shape=false suburbs=Patterson Lakes area=AllInside chime=none_not_offer_shape
09-10 09:21:18  com.ubercab.driver  card=false money=false offer_shape=false suburbs=Patterson Lakes area=AllInside chime=none_not_offer_shape
09-10 09:21:20  com.ubercab.driver  card=false money=false offer_shape=false suburbs=Patterson Lakes area=AllInside chime=none_not_offer_shape
09-10 09:21:23  com.ubercab.driver  card=false money=false offer_shape=false suburbs=Patterson Lakes area=AllInside chime=none_not_offer_shape
09-10 09:21:25  com.ubercab.driver  card=false money=false offer_shape=false suburbs=Patterson Lakes area=AllInside chime=none_not_offer_shape
09-10 09:21:27  com.ubercab.driver  card=false money=false offer_shape=false suburbs=Patterson Lakes area=AllInside chime=none_not_offer_shape
09-10 09:21:30  com.ubercab.driver  card=false money=false offer_shape=false suburbs=Patterson Lakes area=AllInside chime=none_not_offer_shape
09-10 09:21:32  com.ubercab.driver  card=false money=false offer_shape=false suburbs=Patterson Lakes area=AllInside chime=none_not_offer_shape
09-10 09:21:35  com.ubercab.driver  card=false money=false offer_shape=false suburbs=Patterson Lakes area=AllInside chime=none_not_offer_shape
09-10 09:21:37  com.ubercab.driver  card=false money=false offer_shape=false suburbs=Patterson Lakes area=AllInside chime=none_not_offer_shape
09-10 09:21:40  com.ubercab.driver  card=false money=false offer_shape=false suburbs=Patterson Lakes area=AllInside chime=none_not_offer_shape
09-10 09:21:42  com.ubercab.driver  card=false money=false offer_shape=false suburbs=Patterson Lakes area=AllInside chime=none_not_offer_shape
09-10 09:21:44  com.ubercab.driver  card=false money=false offer_shape=false suburbs=Patterson Lakes area=AllInside chime=none_not_offer_shape
09-10 09:21:47  com.ubercab.driver  card=false money=false offer_shape=false suburbs=Patterson Lakes area=AllInside chime=none_not_offer_shape
09-10 09:21:49  com.ubercab.driver  card=false money=false offer_shape=false suburbs=Patterson Lakes area=AllInside chime=none_not_offer_shape
09-10 09:21:51  com.ubercab.driver  card=false money=false offer_shape=false suburbs=Patterson Lakes area=AllInside chime=none_not_offer_shape
09-10 09:21:54  com.ubercab.driver  card=false money=false offer_shape=false suburbs=Patterson Lakes area=AllInside chime=none_not_offer_shape
09-10 09:21:56  com.ubercab.driver  card=false money=false offer_shape=false suburbs=Patterson Lakes area=AllInside chime=none_not_offer_shape
09-10 09:21:58  com.ubercab.driver  card=false money=false offer_shape=false suburbs=Patterson Lakes area=AllInside chime=none_not_offer_shape
09-10 09:22:01  com.ubercab.driver  card=false money=false offer_shape=false suburbs=Patterson Lakes area=AllInside chime=none_not_offer_shape
09-10 09:22:03  com.ubercab.driver  card=false money=false offer_shape=false suburbs=Patterson Lakes area=AllInside chime=none_not_offer_shape
09-10 09:22:05  com.ubercab.driver  card=false money=false offer_shape=false suburbs=Patterson Lakes area=AllInside chime=none_not_offer_shape
09-10 09:22:07  com.ubercab.driver  card=false money=false offer_shape=false suburbs=Patterson Lakes area=AllInside chime=none_not_offer_shape
09-10 09:22:09  com.ubercab.driver  card=false money=false offer_shape=false suburbs=Patterson Lakes area=AllInside chime=none_not_offer_shape
09-10 09:22:11  com.ubercab.driver  card=false money=false offer_shape=false suburbs=Patterson Lakes area=AllInside chime=none_not_offer_shape
09-10 09:22:13  com.ubercab.driver  card=false money=false offer_shape=false suburbs=Patterson Lakes area=AllInside chime=none_not_offer_shape
09-10 09:22:16  com.ubercab.driver  card=false money=false offer_shape=false suburbs=Patterson Lakes area=AllInside chime=none_not_offer_shape
09-10 09:22:18  com.ubercab.driver  card=false money=false offer_shape=false suburbs=Patterson Lakes area=AllInside chime=none_not_offer_shape
09-10 09:22:20  com.ubercab.driver  card=false money=false offer_shape=false suburbs=Patterson Lakes area=AllInside chime=none_not_offer_shape
09-10 09:22:22  com.ubercab.driver  card=false money=false offer_shape=false suburbs=Patterson Lakes,Springvale area=SomeOutside:Springvale chime=none_not_offer_shape
09-10 09:22:24  com.ubercab.driver  card=false money=false offer_shape=false suburbs=Patterson Lakes,Springvale area=SomeOutside:Springvale chime=none_not_offer_shape
09-10 09:22:26  com.ubercab.driver  card=false money=false offer_shape=false suburbs=Patterson Lakes,Springvale area=SomeOutside:Springvale chime=none_not_offer_shape
09-10 09:22:29  com.ubercab.driver  card=false money=false offer_shape=false suburbs=Patterson Lakes,Springvale area=SomeOutside:Springvale chime=none_not_offer_shape
09-10 09:22:32  com.ubercab.driver  card=false money=false offer_shape=false suburbs=Patterson Lakes,Springvale area=SomeOutside:Springvale chime=none_not_offer_shape
09-10 09:22:35  com.ubercab.driver  card=false money=false offer_shape=false suburbs=Patterson Lakes,Springvale area=SomeOutside:Springvale chime=none_not_offer_shape
09-10 09:22:37  com.ubercab.driver  card=false money=false offer_shape=false suburbs=Patterson Lakes,Springvale area=SomeOutside:Springvale chime=none_not_offer_shape
09-10 09:22:40  com.ubercab.driver  card=false money=false offer_shape=false suburbs=Patterson Lakes,Springvale area=SomeOutside:Springvale chime=none_not_offer_shape
09-10 09:22:43  com.ubercab.driver  card=false money=false offer_shape=false suburbs=Patterson Lakes,Springvale area=SomeOutside:Springvale chime=none_not_offer_shape
09-10 09:22:46  com.ubercab.driver  card=false money=false offer_shape=false suburbs=Patterson Lakes,Springvale area=SomeOutside:Springvale chime=none_not_offer_shape
09-10 09:22:48  com.ubercab.driver  card=false money=false offer_shape=false suburbs=Patterson Lakes,Springvale area=SomeOutside:Springvale chime=none_not_offer_shape
09-10 09:22:51  com.ubercab.driver  card=false money=false offer_shape=false suburbs=Patterson Lakes,Springvale area=SomeOutside:Springvale chime=none_not_offer_shape
09-10 09:22:53  com.ubercab.driver  card=false money=false offer_shape=false suburbs=Patterson Lakes,Springvale area=SomeOutside:Springvale chime=none_not_offer_shape
09-10 09:22:56  com.ubercab.driver  card=false money=false offer_shape=false suburbs=Patterson Lakes,Springvale area=SomeOutside:Springvale chime=none_not_offer_shape
09-10 09:22:58  com.ubercab.driver  card=false money=false offer_shape=false suburbs=Patterson Lakes,Springvale area=SomeOutside:Springvale chime=none_not_offer_shape
09-10 09:23:00  com.ubercab.driver  card=false money=false offer_shape=false suburbs=Patterson Lakes,Springvale area=SomeOutside:Springvale chime=none_not_offer_shape
09-10 09:23:02  com.ubercab.driver  card=false money=false offer_shape=false suburbs=Patterson Lakes,Springvale area=SomeOutside:Springvale chime=none_not_offer_shape
09-10 09:23:05  com.ubercab.driver  card=false money=false offer_shape=false suburbs=Patterson Lakes,Springvale area=SomeOutside:Springvale chime=none_not_offer_shape
09-10 09:23:07  com.ubercab.driver  card=false money=false offer_shape=false suburbs=Patterson Lakes,Springvale area=SomeOutside:Springvale chime=none_not_offer_shape
09-10 09:23:10  com.ubercab.driver  card=false money=false offer_shape=false suburbs=Patterson Lakes,Springvale area=SomeOutside:Springvale chime=none_not_offer_shape
09-10 09:23:13  com.ubercab.driver  card=false money=false offer_shape=false suburbs=Patterson Lakes,Springvale area=SomeOutside:Springvale chime=none_not_offer_shape
09-10 09:23:15  com.ubercab.driver  card=false money=false offer_shape=false suburbs=Patterson Lakes,Springvale area=SomeOutside:Springvale chime=none_not_offer_shape
09-10 09:23:18  com.ubercab.driver  card=false money=false offer_shape=false suburbs=Patterson Lakes,Springvale area=SomeOutside:Springvale chime=none_not_offer_shape
09-10 09:23:20  com.ubercab.driver  card=false money=false offer_shape=false suburbs=Patterson Lakes,Springvale area=SomeOutside:Springvale chime=none_not_offer_shape
09-10 09:23:23  com.ubercab.driver  card=false money=false offer_shape=false suburbs=Patterson Lakes,Springvale area=SomeOutside:Springvale chime=none_not_offer_shape
09-10 09:23:25  com.ubercab.driver  card=false money=false offer_shape=false suburbs=Patterson Lakes,Springvale area=SomeOutside:Springvale chime=none_not_offer_shape
09-10 09:23:27  com.ubercab.driver  card=false money=false offer_shape=false suburbs=Patterson Lakes,Springvale area=SomeOutside:Springvale chime=none_not_offer_shape
09-10 09:23:29  com.ubercab.driver  card=false money=false offer_shape=false suburbs=Patterson Lakes,Springvale area=SomeOutside:Springvale chime=none_not_offer_shape
09-10 09:23:32  com.ubercab.driver  card=false money=false offer_shape=false suburbs=Patterson Lakes,Springvale area=SomeOutside:Springvale chime=none_not_offer_shape
09-10 09:23:34  com.ubercab.driver  card=false money=false offer_shape=false suburbs=Patterson Lakes,Springvale area=SomeOutside:Springvale chime=none_not_offer_shape
09-10 09:23:36  com.ubercab.driver  card=false money=false offer_shape=false suburbs=Patterson Lakes,Springvale area=SomeOutside:Springvale chime=none_not_offer_shape
09-10 09:23:38  com.ubercab.driver  card=false money=false offer_shape=false suburbs=Patterson Lakes,Springvale area=SomeOutside:Springvale chime=none_not_offer_shape
09-10 09:23:41  com.ubercab.driver  card=false money=false offer_shape=false suburbs=Patterson Lakes,Springvale area=SomeOutside:Springvale chime=none_not_offer_shape
09-10 09:23:43  com.ubercab.driver  card=false money=false offer_shape=false suburbs=Patterson Lakes,Springvale area=SomeOutside:Springvale chime=none_not_offer_shape
09-10 09:23:45  com.ubercab.driver  card=false money=false offer_shape=false suburbs=Patterson Lakes,Springvale area=SomeOutside:Springvale chime=none_not_offer_shape
09-10 09:23:48  com.ubercab.driver  card=false money=false offer_shape=false suburbs=Patterson Lakes,Springvale area=SomeOutside:Springvale chime=none_not_offer_shape
09-10 09:23:50  com.ubercab.driver  card=false money=false offer_shape=false suburbs=Patterson Lakes,Springvale area=SomeOutside:Springvale chime=none_not_offer_shape
09-10 09:23:52  com.ubercab.driver  card=false money=false offer_shape=false suburbs=Patterson Lakes,Springvale area=SomeOutside:Springvale chime=none_not_offer_shape
09-10 09:23:55  com.ubercab.driver  card=false money=false offer_shape=false suburbs=Patterson Lakes,Springvale area=SomeOutside:Springvale chime=none_not_offer_shape
09-10 09:23:57  com.ubercab.driver  card=false money=false offer_shape=false suburbs=Patterson Lakes,Springvale area=SomeOutside:Springvale chime=none_not_offer_shape
09-10 09:23:59  com.ubercab.driver  card=false money=false offer_shape=false suburbs=Patterson Lakes,Springvale area=SomeOutside:Springvale chime=none_not_offer_shape
09-10 09:24:02  com.ubercab.driver  card=false money=false offer_shape=false suburbs=Patterson Lakes,Springvale area=SomeOutside:Springvale chime=none_not_offer_shape
09-10 09:24:04  com.ubercab.driver  card=false money=false offer_shape=false suburbs=Patterson Lakes,Springvale area=SomeOutside:Springvale chime=none_not_offer_shape
09-10 09:24:06  com.ubercab.driver  card=false money=false offer_shape=false suburbs=Patterson Lakes,Springvale area=SomeOutside:Springvale chime=none_not_offer_shape
09-10 09:24:08  com.ubercab.driver  card=false money=false offer_shape=false suburbs=Patterson Lakes,Springvale area=SomeOutside:Springvale chime=none_not_offer_shape
09-10 09:24:11  com.ubercab.driver  card=false money=false offer_shape=false suburbs=Patterson Lakes,Springvale area=SomeOutside:Springvale chime=none_not_offer_shape
09-10 09:24:13  com.ubercab.driver  card=false money=false offer_shape=false suburbs=Patterson Lakes,Springvale area=SomeOutside:Springvale chime=none_not_offer_shape
09-10 09:24:16  com.ubercab.driver  card=false money=false offer_shape=false suburbs=Patterson Lakes,Springvale area=SomeOutside:Springvale chime=none_not_offer_shape
09-10 09:24:18  com.ubercab.driver  card=false money=false offer_shape=false suburbs=Patterson Lakes,Springvale area=SomeOutside:Springvale chime=none_not_offer_shape
09-10 09:24:21  com.ubercab.driver  card=false money=false offer_shape=false suburbs=Patterson Lakes,Springvale area=SomeOutside:Springvale chime=none_not_offer_shape
09-10 09:24:23  com.ubercab.driver  card=false money=false offer_shape=false suburbs=Patterson Lakes area=AllInside chime=none_not_offer_shape
09-10 09:24:25  com.ubercab.driver  card=false money=false offer_shape=false suburbs=Patterson Lakes area=AllInside chime=none_not_offer_shape
09-10 09:24:27  com.ubercab.driver  card=false money=false offer_shape=false suburbs=Patterson Lakes area=AllInside chime=none_not_offer_shape
09-10 09:24:29  com.ubercab.driver  card=false money=false offer_shape=false suburbs=Patterson Lakes area=AllInside chime=none_not_offer_shape
09-10 09:24:31  com.ubercab.driver  card=false money=false offer_shape=false suburbs=Patterson Lakes area=AllInside chime=none_not_offer_shape
09-10 09:24:33  com.ubercab.driver  card=false money=false offer_shape=false suburbs=Patterson Lakes area=AllInside chime=none_not_offer_shape
09-10 09:24:35  com.ubercab.driver  card=false money=false offer_shape=false suburbs=Patterson Lakes area=AllInside chime=none_not_offer_shape
09-10 09:24:37  com.ubercab.driver  card=false money=false offer_shape=false suburbs=Patterson Lakes area=AllInside chime=none_not_offer_shape
09-10 09:24:39  com.ubercab.driver  card=false money=false offer_shape=false suburbs=Patterson Lakes area=AllInside chime=none_not_offer_shape
09-10 09:24:41  com.ubercab.driver  card=false money=false offer_shape=false suburbs=Patterson Lakes area=AllInside chime=none_not_offer_shape
09-10 09:24:44  com.ubercab.driver  card=false money=false offer_shape=false suburbs=Patterson Lakes area=AllInside chime=none_not_offer_shape
09-10 09:24:46  com.ubercab.driver  card=false money=false offer_shape=false suburbs=Patterson Lakes area=AllInside chime=none_not_offer_shape
09-10 09:24:48  com.ubercab.driver  card=false money=false offer_shape=false suburbs=Patterson Lakes area=AllInside chime=none_not_offer_shape
09-10 09:24:51  com.ubercab.driver  card=false money=false offer_shape=false suburbs=Patterson Lakes area=AllInside chime=none_not_offer_shape
09-10 09:24:53  com.ubercab.driver  card=false money=false offer_shape=false suburbs=Patterson Lakes area=AllInside chime=none_not_offer_shape
09-10 09:24:56  com.ubercab.driver  card=false money=false offer_shape=false suburbs=Patterson Lakes area=AllInside chime=none_not_offer_shape
09-10 09:24:58  com.ubercab.driver  card=false money=false offer_shape=false suburbs=Patterson Lakes area=AllInside chime=none_not_offer_shape
09-10 09:25:01  com.ubercab.driver  card=false money=false offer_shape=false suburbs=Patterson Lakes area=AllInside chime=none_not_offer_shape
09-10 09:25:03  com.ubercab.driver  card=false money=false offer_shape=false suburbs=Patterson Lakes area=AllInside chime=none_not_offer_shape
09-10 09:25:05  com.ubercab.driver  card=false money=false offer_shape=false suburbs=Patterson Lakes area=AllInside chime=none_not_offer_shape
09-10 09:25:07  com.ubercab.driver  card=false money=false offer_shape=false suburbs=Patterson Lakes area=AllInside chime=none_not_offer_shape
09-10 09:25:09  com.ubercab.driver  card=false money=false offer_shape=false suburbs=Patterson Lakes area=AllInside chime=none_not_offer_shape
09-10 09:25:11  com.ubercab.driver  card=false money=false offer_shape=false suburbs=Patterson Lakes area=AllInside chime=none_not_offer_shape
09-10 09:25:13  com.ubercab.driver  card=false money=false offer_shape=false suburbs=Patterson Lakes area=AllInside chime=none_not_offer_shape
09-10 09:25:16  com.ubercab.driver  card=false money=false offer_shape=false suburbs=Patterson Lakes area=AllInside chime=none_not_offer_shape
09-10 09:25:18  com.ubercab.driver  card=false money=false offer_shape=false suburbs=Patterson Lakes area=AllInside chime=none_not_offer_shape
09-10 09:25:20  com.ubercab.driver  card=false money=false offer_shape=false suburbs=Patterson Lakes area=AllInside chime=none_not_offer_shape
09-10 09:25:22  com.ubercab.driver  card=false money=false offer_shape=false suburbs=Patterson Lakes area=AllInside chime=none_not_offer_shape
09-10 09:25:25  com.ubercab.driver  card=false money=false offer_shape=false suburbs=Patterson Lakes area=AllInside chime=none_not_offer_shape
09-10 09:25:27  com.ubercab.driver  card=false money=false offer_shape=false suburbs=Patterson Lakes area=AllInside chime=none_not_offer_shape
09-10 09:25:30  com.ubercab.driver  card=false money=false offer_shape=false suburbs=Patterson Lakes area=AllInside chime=none_not_offer_shape
09-10 09:25:32  com.ubercab.driver  card=false money=false offer_shape=false suburbs=Patterson Lakes area=AllInside chime=none_not_offer_shape
09-10 09:25:34  com.ubercab.driver  card=false money=false offer_shape=false suburbs=Patterson Lakes area=AllInside chime=none_not_offer_shape
09-10 09:25:37  com.ubercab.driver  card=false money=false offer_shape=false suburbs=Patterson Lakes area=AllInside chime=none_not_offer_shape
09-10 09:25:39  com.ubercab.driver  card=false money=false offer_shape=false suburbs=Patterson Lakes area=AllInside chime=none_not_offer_shape
09-10 09:25:42  com.ubercab.driver  card=false money=false offer_shape=false suburbs=Patterson Lakes area=AllInside chime=none_not_offer_shape
09-10 09:25:44  com.ubercab.driver  card=false money=false offer_shape=false suburbs=Patterson Lakes area=AllInside chime=none_not_offer_shape
09-10 09:25:47  com.ubercab.driver  card=false money=false offer_shape=false suburbs=Patterson Lakes area=AllInside chime=none_not_offer_shape
09-10 09:25:49  com.ubercab.driver  card=false money=false offer_shape=false suburbs=Patterson Lakes area=AllInside chime=none_not_offer_shape
09-10 09:25:51  com.ubercab.driver  card=false money=false offer_shape=false suburbs=Patterson Lakes area=AllInside chime=none_not_offer_shape
09-10 09:25:54  com.ubercab.driver  card=false money=false offer_shape=false suburbs=Patterson Lakes area=AllInside chime=none_not_offer_shape
09-10 09:25:56  com.ubercab.driver  card=false money=false offer_shape=false suburbs=Patterson Lakes area=AllInside chime=none_not_offer_shape
09-10 09:25:59  com.ubercab.driver  card=false money=false offer_shape=false suburbs=Patterson Lakes area=AllInside chime=none_not_offer_shape
09-10 09:26:01  com.ubercab.driver  card=false money=false offer_shape=false suburbs=Patterson Lakes area=AllInside chime=none_not_offer_shape
09-10 09:26:04  com.ubercab.driver  card=false money=false offer_shape=false suburbs=Patterson Lakes area=AllInside chime=none_not_offer_shape
09-10 09:26:06  com.ubercab.driver  card=false money=false offer_shape=false suburbs=Patterson Lakes area=AllInside chime=none_not_offer_shape
09-10 09:26:08  com.ubercab.driver  card=false money=false offer_shape=false suburbs=Patterson Lakes,Mornington area=SomeOutside:Mornington chime=none_not_offer_shape
09-10 09:26:11  com.ubercab.driver  card=false money=false offer_shape=false suburbs=Patterson Lakes,Mornington area=SomeOutside:Mornington chime=none_not_offer_shape
09-10 09:26:13  com.ubercab.driver  card=false money=false offer_shape=false suburbs=Patterson Lakes,Mornington area=SomeOutside:Mornington chime=none_not_offer_shape
09-10 09:26:16  com.ubercab.driver  card=false money=false offer_shape=false suburbs=Patterson Lakes,Mornington area=SomeOutside:Mornington chime=none_not_offer_shape
09-10 09:26:18  com.ubercab.driver  card=false money=false offer_shape=false suburbs=Patterson Lakes,Mornington area=SomeOutside:Mornington chime=none_not_offer_shape
09-10 09:26:21  com.ubercab.driver  card=false money=false offer_shape=false suburbs=Patterson Lakes,Mornington area=SomeOutside:Mornington chime=none_not_offer_shape
09-10 09:26:23  com.ubercab.driver  card=false money=false offer_shape=false suburbs=Patterson Lakes,Mornington area=SomeOutside:Mornington chime=none_not_offer_shape
09-10 09:26:25  com.ubercab.driver  card=false money=false offer_shape=false suburbs=Patterson Lakes,Mornington area=SomeOutside:Mornington chime=none_not_offer_shape
09-10 09:26:27  com.ubercab.driver  card=false money=false offer_shape=false suburbs=Patterson Lakes,Mornington area=SomeOutside:Mornington chime=none_not_offer_shape
09-10 09:26:29  com.ubercab.driver  card=false money=false offer_shape=false suburbs=Patterson Lakes,Mornington area=SomeOutside:Mornington chime=none_not_offer_shape
09-10 09:26:32  com.ubercab.driver  card=false money=false offer_shape=false suburbs=Patterson Lakes,Mornington area=SomeOutside:Mornington chime=none_not_offer_shape
09-10 09:26:34  com.ubercab.driver  card=false money=false offer_shape=false suburbs=Patterson Lakes,Mornington area=SomeOutside:Mornington chime=none_not_offer_shape
09-10 09:26:36  com.ubercab.driver  card=false money=false offer_shape=false suburbs=Patterson Lakes,Mornington area=SomeOutside:Mornington chime=none_not_offer_shape
09-10 09:26:38  com.ubercab.driver  card=false money=false offer_shape=false suburbs=Patterson Lakes,Mornington area=SomeOutside:Mornington chime=none_not_offer_shape
09-10 09:26:40  com.ubercab.driver  card=false money=false offer_shape=false suburbs=Patterson Lakes,Mornington area=SomeOutside:Mornington chime=none_not_offer_shape
09-10 09:26:42  com.ubercab.driver  card=false money=false offer_shape=false suburbs=Patterson Lakes area=AllInside chime=none_not_offer_shape
09-10 09:26:44  com.ubercab.driver  card=false money=false offer_shape=false suburbs=Patterson Lakes area=AllInside chime=none_not_offer_shape
09-10 09:26:46  com.ubercab.driver  card=false money=false offer_shape=false suburbs=Patterson Lakes area=AllInside chime=none_not_offer_shape
09-10 09:26:48  com.ubercab.driver  card=false money=false offer_shape=false suburbs=Patterson Lakes area=AllInside chime=none_not_offer_shape
09-10 09:26:50  com.ubercab.driver  card=false money=false offer_shape=false suburbs=Patterson Lakes area=AllInside chime=none_not_offer_shape
09-10 09:26:52  com.ubercab.driver  card=false money=false offer_shape=false suburbs=Patterson Lakes area=AllInside chime=none_not_offer_shape
09-10 09:26:54  com.ubercab.driver  card=false money=false offer_shape=false suburbs=Patterson Lakes area=AllInside chime=none_not_offer_shape
09-10 09:26:56  com.ubercab.driver  card=false money=false offer_shape=false suburbs=Patterson Lakes area=AllInside chime=none_not_offer_shape
09-10 09:26:58  com.ubercab.driver  card=false money=false offer_shape=false suburbs=Patterson Lakes area=AllInside chime=none_not_offer_shape
09-10 09:27:00  com.ubercab.driver  card=false money=false offer_shape=false suburbs=Patterson Lakes area=AllInside chime=none_not_offer_shape
09-10 09:27:02  com.ubercab.driver  card=false money=false offer_shape=false suburbs=Patterson Lakes area=AllInside chime=none_not_offer_shape
09-10 09:27:05  com.ubercab.driver  card=false money=false offer_shape=false suburbs=Patterson Lakes area=AllInside chime=none_not_offer_shape
09-10 09:27:07  com.ubercab.driver  card=false money=false offer_shape=false suburbs=Patterson Lakes area=AllInside chime=none_not_offer_shape
09-10 09:27:09  com.ubercab.driver  card=false money=false offer_shape=false suburbs=Patterson Lakes area=AllInside chime=none_not_offer_shape
09-10 09:27:11  com.ubercab.driver  card=false money=false offer_shape=false suburbs=Patterson Lakes area=AllInside chime=none_not_offer_shape
09-10 09:27:13  com.ubercab.driver  card=false money=false offer_shape=false suburbs=Patterson Lakes area=AllInside chime=none_not_offer_shape
09-10 09:27:15  com.ubercab.driver  card=false money=false offer_shape=false suburbs=Patterson Lakes area=AllInside chime=none_not_offer_shape
09-10 09:27:17  com.ubercab.driver  card=false money=false offer_shape=false suburbs=Patterson Lakes area=AllInside chime=none_not_offer_shape
09-10 09:27:19  com.ubercab.driver  card=false money=false offer_shape=false suburbs=Patterson Lakes area=AllInside chime=none_not_offer_shape
09-10 09:27:21  com.ubercab.driver  card=false money=false offer_shape=false suburbs=Patterson Lakes area=AllInside chime=none_not_offer_shape
09-10 09:27:23  com.ubercab.driver  card=false money=false offer_shape=false suburbs=Patterson Lakes area=AllInside chime=none_not_offer_shape
09-10 09:27:25  com.ubercab.driver  card=false money=false offer_shape=false suburbs=Patterson Lakes area=AllInside chime=none_not_offer_shape
09-10 09:27:27  com.ubercab.driver  card=false money=false offer_shape=false suburbs=Patterson Lakes area=AllInside chime=none_not_offer_shape
09-10 09:27:29  com.ubercab.driver  card=false money=false offer_shape=false suburbs=Patterson Lakes area=AllInside chime=none_not_offer_shape
09-10 09:27:31  com.ubercab.driver  card=false money=false offer_shape=false suburbs=Patterson Lakes area=AllInside chime=none_not_offer_shape
09-10 09:27:34  com.ubercab.driver  card=false money=false offer_shape=false suburbs=Patterson Lakes area=AllInside chime=none_not_offer_shape
09-10 09:27:36  com.ubercab.driver  card=false money=false offer_shape=false suburbs=Patterson Lakes area=AllInside chime=none_not_offer_shape
09-10 09:27:38  com.ubercab.driver  card=false money=false offer_shape=false suburbs=Patterson Lakes area=AllInside chime=none_not_offer_shape
09-10 09:27:40  com.ubercab.driver  card=false money=false offer_shape=false suburbs=Patterson Lakes area=AllInside chime=none_not_offer_shape
09-10 09:27:42  com.ubercab.driver  card=false money=false offer_shape=false suburbs=Patterson Lakes area=AllInside chime=none_not_offer_shape
09-10 09:27:44  com.ubercab.driver  card=false money=false offer_shape=false suburbs=Patterson Lakes area=AllInside chime=none_not_offer_shape
09-10 09:27:46  com.ubercab.driver  card=false money=false offer_shape=false suburbs=Patterson Lakes area=AllInside chime=none_not_offer_shape
09-10 09:27:48  com.ubercab.driver  card=false money=false offer_shape=false suburbs=Patterson Lakes area=AllInside chime=none_not_offer_shape
09-10 09:27:50  com.ubercab.driver  card=false money=false offer_shape=false suburbs=Patterson Lakes area=AllInside chime=none_not_offer_shape
09-10 09:27:52  com.ubercab.driver  card=false money=false offer_shape=false suburbs=Patterson Lakes area=AllInside chime=none_not_offer_shape
09-10 09:27:54  com.ubercab.driver  card=false money=false offer_shape=false suburbs=Patterson Lakes area=AllInside chime=none_not_offer_shape
09-10 09:27:56  com.ubercab.driver  card=false money=false offer_shape=false suburbs=Patterson Lakes area=AllInside chime=none_not_offer_shape
09-10 09:27:58  com.ubercab.driver  card=false money=false offer_shape=false suburbs=Patterson Lakes area=AllInside chime=none_not_offer_shape
09-10 09:28:00  com.ubercab.driver  card=false money=false offer_shape=false suburbs=Patterson Lakes area=AllInside chime=none_not_offer_shape
09-10 09:28:02  com.ubercab.driver  card=false money=false offer_shape=false suburbs=Patterson Lakes area=AllInside chime=none_not_offer_shape
09-10 09:28:04  com.ubercab.driver  card=false money=false offer_shape=false suburbs=Patterson Lakes area=AllInside chime=none_not_offer_shape
09-10 09:28:06  com.ubercab.driver  card=false money=false offer_shape=false suburbs=Patterson Lakes area=AllInside chime=none_not_offer_shape
09-10 09:28:08  com.ubercab.driver  card=false money=false offer_shape=false suburbs=Patterson Lakes area=AllInside chime=none_not_offer_shape
09-10 09:28:11  com.ubercab.driver  card=false money=false offer_shape=false suburbs=Patterson Lakes area=AllInside chime=none_not_offer_shape
09-10 09:28:13  com.ubercab.driver  card=false money=false offer_shape=false suburbs=Patterson Lakes area=AllInside chime=none_not_offer_shape
09-10 09:28:15  com.ubercab.driver  card=false money=false offer_shape=false suburbs=Patterson Lakes area=AllInside chime=none_not_offer_shape
09-10 09:28:17  com.ubercab.driver  card=false money=false offer_shape=false suburbs=Patterson Lakes area=AllInside chime=none_not_offer_shape
09-10 09:28:19  com.ubercab.driver  card=false money=false offer_shape=false suburbs=Patterson Lakes area=AllInside chime=none_not_offer_shape
09-10 09:28:21  com.ubercab.driver  card=false money=false offer_shape=false suburbs=Patterson Lakes area=AllInside chime=none_not_offer_shape
09-10 09:28:23  com.ubercab.driver  card=false money=false offer_shape=false suburbs=Patterson Lakes area=AllInside chime=none_not_offer_shape
09-10 09:28:25  com.ubercab.driver  card=false money=false offer_shape=false suburbs=Patterson Lakes area=AllInside chime=none_not_offer_shape
09-10 09:28:27  com.ubercab.driver  card=false money=false offer_shape=false suburbs=Patterson Lakes area=AllInside chime=none_not_offer_shape
09-10 09:28:29  com.ubercab.driver  card=false money=false offer_shape=false suburbs=Patterson Lakes area=AllInside chime=none_not_offer_shape
09-10 09:28:31  com.ubercab.driver  card=false money=false offer_shape=false suburbs=Patterson Lakes area=AllInside chime=none_not_offer_shape
09-10 09:28:33  com.ubercab.driver  card=false money=false offer_shape=false suburbs=Patterson Lakes area=AllInside chime=none_not_offer_shape
09-10 09:28:35  com.ubercab.driver  card=false money=false offer_shape=false suburbs=Patterson Lakes area=AllInside chime=none_not_offer_shape
09-10 09:28:37  com.ubercab.driver  card=false money=false offer_shape=false suburbs=Patterson Lakes area=AllInside chime=none_not_offer_shape
09-10 09:28:39  com.ubercab.driver  card=false money=false offer_shape=false suburbs=Patterson Lakes area=AllInside chime=none_not_offer_shape
09-10 09:28:41  com.ubercab.driver  card=false money=false offer_shape=false suburbs=Patterson Lakes area=AllInside chime=none_not_offer_shape
09-10 09:28:44  com.ubercab.driver  card=false money=false offer_shape=false suburbs=Patterson Lakes area=AllInside chime=none_not_offer_shape
09-10 09:28:46  com.ubercab.driver  card=false money=false offer_shape=false suburbs=Patterson Lakes area=AllInside chime=none_not_offer_shape
09-10 09:28:49  com.ubercab.driver  card=false money=false offer_shape=false suburbs=Patterson Lakes area=AllInside chime=none_not_offer_shape
09-10 09:28:51  com.ubercab.driver  card=false money=false offer_shape=false suburbs=Patterson Lakes area=AllInside chime=none_not_offer_shape
09-10 09:28:53  com.ubercab.driver  card=false money=false offer_shape=false suburbs=Patterson Lakes area=AllInside chime=none_not_offer_shape
09-10 09:28:55  com.ubercab.driver  card=false money=false offer_shape=false suburbs=Patterson Lakes area=AllInside chime=none_not_offer_shape
09-10 09:28:57  com.ubercab.driver  card=false money=false offer_shape=false suburbs=Patterson Lakes area=AllInside chime=none_not_offer_shape
09-10 09:28:59  com.ubercab.driver  card=false money=false offer_shape=false suburbs=Patterson Lakes area=AllInside chime=none_not_offer_shape
09-10 09:29:01  com.ubercab.driver  card=false money=false offer_shape=false suburbs=Patterson Lakes area=AllInside chime=none_not_offer_shape
09-10 09:29:03  com.ubercab.driver  card=false money=false offer_shape=false suburbs=Patterson Lakes area=AllInside chime=none_not_offer_shape
09-10 09:29:05  com.ubercab.driver  card=false money=false offer_shape=false suburbs=Patterson Lakes area=AllInside chime=none_not_offer_shape
09-10 09:29:07  com.ubercab.driver  card=false money=false offer_shape=false suburbs=Patterson Lakes area=AllInside chime=none_not_offer_shape
09-10 09:29:09  com.ubercab.driver  card=false money=false offer_shape=false suburbs=Patterson Lakes area=AllInside chime=none_not_offer_shape
09-10 09:29:11  com.ubercab.driver  card=false money=false offer_shape=false suburbs=Patterson Lakes area=AllInside chime=none_not_offer_shape
09-10 09:29:14  com.ubercab.driver  card=false money=false offer_shape=false suburbs=Patterson Lakes area=AllInside chime=none_not_offer_shape
09-10 09:29:16  com.ubercab.driver  card=false money=false offer_shape=false suburbs=Patterson Lakes area=AllInside chime=none_not_offer_shape
09-10 09:29:19  com.ubercab.driver  card=false money=false offer_shape=false suburbs=Patterson Lakes area=AllInside chime=none_not_offer_shape
09-10 09:29:22  com.ubercab.driver  card=false money=false offer_shape=false suburbs=Patterson Lakes area=AllInside chime=none_not_offer_shape
09-10 09:29:24  com.ubercab.driver  card=false money=false offer_shape=false suburbs=Patterson Lakes area=AllInside chime=none_not_offer_shape
09-10 09:29:27  com.ubercab.driver  card=false money=false offer_shape=false suburbs=Patterson Lakes area=AllInside chime=none_not_offer_shape
09-10 09:29:29  com.ubercab.driver  card=false money=false offer_shape=false suburbs=Patterson Lakes area=AllInside chime=none_not_offer_shape
09-10 09:29:32  com.ubercab.driver  card=false money=false offer_shape=false suburbs=Patterson Lakes area=AllInside chime=none_not_offer_shape
09-10 09:29:34  com.ubercab.driver  card=false money=false offer_shape=false suburbs=Patterson Lakes area=AllInside chime=none_not_offer_shape
09-10 09:29:36  com.ubercab.driver  card=false money=false offer_shape=false suburbs=Patterson Lakes area=AllInside chime=none_not_offer_shape
09-10 09:29:38  com.ubercab.driver  card=false money=false offer_shape=false suburbs=Patterson Lakes area=AllInside chime=none_not_offer_shape
09-10 09:29:40  com.ubercab.driver  card=false money=false offer_shape=false suburbs=Patterson Lakes area=AllInside chime=none_not_offer_shape
09-10 09:29:43  com.ubercab.driver  card=false money=false offer_shape=false suburbs=Patterson Lakes area=AllInside chime=none_not_offer_shape
09-10 09:29:45  com.ubercab.driver  card=false money=false offer_shape=false suburbs=Patterson Lakes area=AllInside chime=none_not_offer_shape
09-10 09:29:47  com.ubercab.driver  card=false money=false offer_shape=false suburbs=Patterson Lakes area=AllInside chime=none_not_offer_shape
09-10 09:29:49  com.ubercab.driver  card=false money=false offer_shape=false suburbs=Patterson Lakes area=AllInside chime=none_not_offer_shape
09-10 09:29:52  com.ubercab.driver  card=false money=false offer_shape=false suburbs=Patterson Lakes area=AllInside chime=none_not_offer_shape
09-10 09:29:54  com.ubercab.driver  card=false money=false offer_shape=false suburbs=Patterson Lakes area=AllInside chime=none_not_offer_shape
09-10 09:29:56  com.ubercab.driver  card=false money=false offer_shape=false suburbs=Patterson Lakes area=AllInside chime=none_not_offer_shape
09-10 09:29:58  com.ubercab.driver  card=false money=false offer_shape=false suburbs=Patterson Lakes area=AllInside chime=none_not_offer_shape
09-10 09:30:00  com.ubercab.driver  card=false money=false offer_shape=false suburbs=Patterson Lakes area=AllInside chime=none_not_offer_shape
09-10 09:30:03  com.ubercab.driver  card=false money=false offer_shape=false suburbs=Patterson Lakes area=AllInside chime=none_not_offer_shape
09-10 09:30:05  com.ubercab.driver  card=false money=false offer_shape=false suburbs=Patterson Lakes area=AllInside chime=none_not_offer_shape
09-10 09:30:07  com.ubercab.driver  card=false money=false offer_shape=false suburbs=Patterson Lakes area=AllInside chime=none_not_offer_shape
09-10 09:30:09  com.ubercab.driver  card=false money=false offer_shape=false suburbs=Patterson Lakes area=AllInside chime=none_not_offer_shape
09-10 09:30:11  com.ubercab.driver  card=false money=false offer_shape=false suburbs=Patterson Lakes area=AllInside chime=none_not_offer_shape
09-10 09:30:13  com.ubercab.driver  card=false money=false offer_shape=false suburbs=Patterson Lakes area=AllInside chime=none_not_offer_shape
09-10 09:30:15  com.ubercab.driver  card=false money=false offer_shape=false suburbs=Patterson Lakes area=AllInside chime=none_not_offer_shape
09-10 09:30:17  com.ubercab.driver  card=false money=false offer_shape=false suburbs=Patterson Lakes area=AllInside chime=none_not_offer_shape
09-10 09:30:19  com.ubercab.driver  card=false money=false offer_shape=false suburbs=Patterson Lakes area=AllInside chime=none_not_offer_shape
09-10 09:30:21  com.ubercab.driver  card=false money=false offer_shape=false suburbs=Patterson Lakes area=AllInside chime=none_not_offer_shape
09-10 09:30:23  com.ubercab.driver  card=false money=false offer_shape=false suburbs=Patterson Lakes area=AllInside chime=none_not_offer_shape
09-10 09:30:25  com.ubercab.driver  card=false money=false offer_shape=false suburbs=Patterson Lakes area=AllInside chime=none_not_offer_shape
09-10 09:30:27  com.ubercab.driver  card=false money=false offer_shape=false suburbs=Patterson Lakes area=AllInside chime=none_not_offer_shape
09-10 09:30:29  com.ubercab.driver  card=false money=false offer_shape=false suburbs=Patterson Lakes area=AllInside chime=none_not_offer_shape
09-10 09:30:31  com.ubercab.driver  card=false money=false offer_shape=false suburbs=Patterson Lakes area=AllInside chime=none_not_offer_shape
09-10 09:30:33  com.ubercab.driver  card=false money=false offer_shape=false suburbs=Patterson Lakes area=AllInside chime=none_not_offer_shape
09-10 09:30:35  com.ubercab.driver  card=false money=false offer_shape=false suburbs=Patterson Lakes area=AllInside chime=none_not_offer_shape
09-10 09:30:37  com.ubercab.driver  card=false money=false offer_shape=false suburbs=Patterson Lakes area=AllInside chime=none_not_offer_shape
09-10 09:30:39  com.ubercab.driver  card=false money=false offer_shape=false suburbs=Patterson Lakes area=AllInside chime=none_not_offer_shape
09-10 09:30:41  com.ubercab.driver  card=false money=false offer_shape=false suburbs=Patterson Lakes area=AllInside chime=none_not_offer_shape
09-10 09:30:44  com.ubercab.driver  card=false money=false offer_shape=false suburbs=Patterson Lakes area=AllInside chime=none_not_offer_shape
09-10 09:30:46  com.ubercab.driver  card=false money=false offer_shape=false suburbs=Patterson Lakes area=AllInside chime=none_not_offer_shape
09-10 09:30:48  com.ubercab.driver  card=false money=false offer_shape=false suburbs=Patterson Lakes area=AllInside chime=none_not_offer_shape
09-10 09:30:50  com.ubercab.driver  card=false money=false offer_shape=false suburbs=Patterson Lakes area=AllInside chime=none_not_offer_shape
09-10 09:30:52  com.ubercab.driver  card=false money=false offer_shape=false suburbs=Patterson Lakes area=AllInside chime=none_not_offer_shape
09-10 09:30:54  com.ubercab.driver  card=false money=false offer_shape=false suburbs=Patterson Lakes area=AllInside chime=none_not_offer_shape
09-10 09:30:56  com.ubercab.driver  card=false money=false offer_shape=false suburbs=Patterson Lakes area=AllInside chime=none_not_offer_shape
09-10 09:30:58  com.ubercab.driver  card=false money=false offer_shape=false suburbs=Patterson Lakes area=AllInside chime=none_not_offer_shape
09-10 09:31:00  com.ubercab.driver  card=false money=false offer_shape=false suburbs=Patterson Lakes area=AllInside chime=none_not_offer_shape
09-10 09:31:02  com.ubercab.driver  card=false money=false offer_shape=false suburbs=Patterson Lakes area=AllInside chime=none_not_offer_shape
09-10 09:31:04  com.ubercab.driver  card=false money=false offer_shape=false suburbs=Patterson Lakes area=AllInside chime=none_not_offer_shape
09-10 09:31:06  com.ubercab.driver  card=false money=false offer_shape=false suburbs=Patterson Lakes area=AllInside chime=none_not_offer_shape
09-10 09:31:08  com.ubercab.driver  card=false money=false offer_shape=false suburbs=Patterson Lakes area=AllInside chime=none_not_offer_shape
09-10 09:31:11  com.ubercab.driver  card=false money=false offer_shape=false suburbs=Patterson Lakes area=AllInside chime=none_not_offer_shape
09-10 09:31:14  com.ubercab.driver  card=false money=false offer_shape=false suburbs=Patterson Lakes area=AllInside chime=none_not_offer_shape
09-10 09:31:16  com.ubercab.driver  card=false money=false offer_shape=false suburbs=Patterson Lakes area=AllInside chime=none_not_offer_shape
09-10 09:31:19  com.ubercab.driver  card=false money=false offer_shape=false suburbs=Patterson Lakes area=AllInside chime=none_not_offer_shape
09-10 09:31:22  com.ubercab.driver  card=false money=false offer_shape=false suburbs=Patterson Lakes area=AllInside chime=none_not_offer_shape
09-10 09:31:25  com.ubercab.driver  card=false money=false offer_shape=false suburbs=Patterson Lakes area=AllInside chime=none_not_offer_shape
09-10 09:31:27  com.ubercab.driver  card=false money=false offer_shape=false suburbs=Patterson Lakes area=AllInside chime=none_not_offer_shape
09-10 09:31:29  com.ubercab.driver  card=false money=false offer_shape=false suburbs=Patterson Lakes area=AllInside chime=none_not_offer_shape
09-10 09:31:31  com.ubercab.driver  card=false money=false offer_shape=false suburbs=Patterson Lakes area=AllInside chime=none_not_offer_shape
09-10 09:31:33  com.ubercab.driver  card=false money=false offer_shape=false suburbs=Patterson Lakes area=AllInside chime=none_not_offer_shape
09-10 09:31:35  com.ubercab.driver  card=false money=false offer_shape=false suburbs=Patterson Lakes area=AllInside chime=none_not_offer_shape
09-10 09:31:38  com.ubercab.driver  card=false money=false offer_shape=false suburbs=Patterson Lakes area=AllInside chime=none_not_offer_shape
09-10 09:31:40  com.ubercab.driver  card=false money=false offer_shape=false suburbs=Patterson Lakes area=AllInside chime=none_not_offer_shape
09-10 09:31:42  com.ubercab.driver  card=false money=false offer_shape=false suburbs=Patterson Lakes area=AllInside chime=none_not_offer_shape
09-10 09:31:44  com.ubercab.driver  card=false money=false offer_shape=false suburbs=Patterson Lakes area=AllInside chime=none_not_offer_shape
09-10 09:31:46  com.ubercab.driver  card=false money=false offer_shape=false suburbs=Patterson Lakes area=AllInside chime=none_not_offer_shape
09-10 09:31:48  com.ubercab.driver  card=false money=false offer_shape=false suburbs=Patterson Lakes area=AllInside chime=none_not_offer_shape
09-10 09:31:50  com.ubercab.driver  card=false money=false offer_shape=false suburbs=Patterson Lakes area=AllInside chime=none_not_offer_shape
09-10 09:31:52  com.ubercab.driver  card=false money=false offer_shape=false suburbs=Patterson Lakes area=AllInside chime=none_not_offer_shape
09-10 09:31:54  com.ubercab.driver  card=false money=false offer_shape=false suburbs=Patterson Lakes area=AllInside chime=none_not_offer_shape
09-10 09:31:56  com.ubercab.driver  card=false money=false offer_shape=false suburbs=Patterson Lakes area=AllInside chime=none_not_offer_shape
09-10 09:31:58  com.ubercab.driver  card=false money=false offer_shape=false suburbs=Patterson Lakes area=AllInside chime=none_not_offer_shape
09-10 09:32:00  com.ubercab.driver  card=false money=false offer_shape=false suburbs=Patterson Lakes area=AllInside chime=none_not_offer_shape
09-10 09:32:02  com.ubercab.driver  card=false money=false offer_shape=false suburbs=Patterson Lakes area=AllInside chime=none_not_offer_shape
09-10 09:32:04  com.ubercab.driver  card=false money=false offer_shape=false suburbs=Patterson Lakes area=AllInside chime=none_not_offer_shape
09-10 09:32:06  com.ubercab.driver  card=false money=false offer_shape=false suburbs=Patterson Lakes area=AllInside chime=none_not_offer_shape
09-10 09:32:08  com.ubercab.driver  card=false money=false offer_shape=false suburbs=Patterson Lakes area=AllInside chime=none_not_offer_shape
09-10 09:32:10  com.ubercab.driver  card=false money=false offer_shape=false suburbs=Patterson Lakes area=AllInside chime=none_not_offer_shape
09-10 09:32:12  com.ubercab.driver  card=false money=false offer_shape=false suburbs=Patterson Lakes area=AllInside chime=none_not_offer_shape
09-10 09:32:14  com.ubercab.driver  card=false money=false offer_shape=false suburbs=Patterson Lakes area=AllInside chime=none_not_offer_shape
09-10 09:32:16  com.ubercab.driver  card=false money=false offer_shape=false suburbs=Patterson Lakes area=AllInside chime=none_not_offer_shape
09-10 09:32:18  com.ubercab.driver  card=false money=false offer_shape=false suburbs=Patterson Lakes area=AllInside chime=none_not_offer_shape
09-10 09:32:21  com.ubercab.driver  card=false money=false offer_shape=false suburbs=Patterson Lakes area=AllInside chime=none_not_offer_shape
09-10 09:32:23  com.ubercab.driver  card=false money=false offer_shape=false suburbs=Patterson Lakes area=AllInside chime=none_not_offer_shape
09-10 09:32:25  com.ubercab.driver  card=false money=false offer_shape=false suburbs=Patterson Lakes area=AllInside chime=none_not_offer_shape
09-10 09:32:27  com.ubercab.driver  card=false money=false offer_shape=false suburbs=Patterson Lakes area=AllInside chime=none_not_offer_shape
09-10 09:32:29  com.ubercab.driver  card=false money=false offer_shape=false suburbs=Patterson Lakes area=AllInside chime=none_not_offer_shape
09-10 09:32:31  com.ubercab.driver  card=false money=false offer_shape=false suburbs=Patterson Lakes area=AllInside chime=none_not_offer_shape
09-10 09:32:34  com.ubercab.driver  card=false money=false offer_shape=false suburbs=Patterson Lakes area=AllInside chime=none_not_offer_shape
09-10 09:32:36  com.ubercab.driver  card=false money=false offer_shape=false suburbs=Patterson Lakes area=AllInside chime=none_not_offer_shape
09-10 09:32:38  com.ubercab.driver  card=false money=false offer_shape=false suburbs=Patterson Lakes area=AllInside chime=none_not_offer_shape
09-10 09:32:40  com.ubercab.driver  card=false money=false offer_shape=false suburbs=Patterson Lakes area=AllInside chime=none_not_offer_shape
09-10 09:32:42  com.ubercab.driver  card=false money=false offer_shape=false suburbs=Patterson Lakes area=AllInside chime=none_not_offer_shape
09-10 09:32:44  com.ubercab.driver  card=false money=false offer_shape=false suburbs=Patterson Lakes area=AllInside chime=none_not_offer_shape
09-10 09:32:46  com.ubercab.driver  card=false money=false offer_shape=false suburbs=Patterson Lakes area=AllInside chime=none_not_offer_shape
09-10 09:32:49  com.ubercab.driver  card=false money=false offer_shape=false suburbs=Patterson Lakes area=AllInside chime=none_not_offer_shape
09-10 09:32:51  com.ubercab.driver  card=false money=false offer_shape=false suburbs=Patterson Lakes area=AllInside chime=none_not_offer_shape
09-10 09:32:53  com.ubercab.driver  card=false money=false offer_shape=false suburbs=Patterson Lakes area=AllInside chime=none_not_offer_shape
09-10 09:32:55  com.ubercab.driver  card=false money=false offer_shape=false suburbs=Patterson Lakes area=AllInside chime=none_not_offer_shape
09-10 09:32:57  com.ubercab.driver  card=false money=false offer_shape=false suburbs=Patterson Lakes area=AllInside chime=none_not_offer_shape
09-10 09:32:59  com.ubercab.driver  card=false money=false offer_shape=false suburbs=Patterson Lakes area=AllInside chime=none_not_offer_shape
09-10 09:33:01  com.ubercab.driver  card=false money=false offer_shape=false suburbs=Patterson Lakes area=AllInside chime=none_not_offer_shape
09-10 09:33:04  com.ubercab.driver  card=false money=false offer_shape=false suburbs=Patterson Lakes area=AllInside chime=none_not_offer_shape
09-10 09:33:07  com.ubercab.driver  card=false money=false offer_shape=false suburbs=Patterson Lakes area=AllInside chime=none_not_offer_shape
09-10 09:33:09  com.ubercab.driver  card=false money=false offer_shape=false suburbs=Patterson Lakes area=AllInside chime=none_not_offer_shape
09-10 09:33:11  com.ubercab.driver  card=false money=false offer_shape=false suburbs=Patterson Lakes area=AllInside chime=none_not_offer_shape
09-10 09:33:13  com.ubercab.driver  card=false money=false offer_shape=false suburbs=Patterson Lakes area=AllInside chime=none_not_offer_shape
09-10 09:33:15  com.ubercab.driver  card=false money=false offer_shape=false suburbs=Patterson Lakes area=AllInside chime=none_not_offer_shape
09-10 09:33:17  com.ubercab.driver  card=false money=false offer_shape=false suburbs=Patterson Lakes area=AllInside chime=none_not_offer_shape
09-10 09:33:19  com.ubercab.driver  card=false money=false offer_shape=false suburbs=Patterson Lakes area=AllInside chime=none_not_offer_shape
09-10 09:33:22  com.ubercab.driver  card=false money=false offer_shape=false suburbs=Patterson Lakes area=AllInside chime=none_not_offer_shape
09-10 09:33:30  com.ubercab.driver  card=false money=false offer_shape=false suburbs=Patterson Lakes area=AllInside chime=none_not_offer_shape
09-10 09:33:32  com.ubercab.driver  card=false money=false offer_shape=false suburbs=Patterson Lakes area=AllInside chime=none_not_offer_shape
09-10 09:33:34  com.ubercab.driver  card=false money=false offer_shape=false suburbs=Patterson Lakes area=AllInside chime=none_not_offer_shape
09-10 09:33:37  com.ubercab.driver  card=false money=false offer_shape=false suburbs=Patterson Lakes area=AllInside chime=none_not_offer_shape
09-10 09:33:39  com.ubercab.driver  card=false money=false offer_shape=false suburbs=Patterson Lakes area=AllInside chime=none_not_offer_shape
09-10 09:33:41  com.ubercab.driver  card=false money=false offer_shape=false suburbs=Patterson Lakes area=AllInside chime=none_not_offer_shape
09-10 09:33:43  com.ubercab.driver  card=false money=false offer_shape=false suburbs=Patterson Lakes area=AllInside chime=none_not_offer_shape
09-10 09:33:46  com.ubercab.driver  card=false money=false offer_shape=false suburbs=Patterson Lakes area=AllInside chime=none_not_offer_shape
09-10 09:33:52  com.ubercab.driver  card=false money=false offer_shape=false suburbs=Patterson Lakes area=AllInside chime=none_not_offer_shape
09-10 09:33:53  com.ubercab.driver  card=false money=false offer_shape=false suburbs=Patterson Lakes area=AllInside chime=none_not_offer_shape
09-10 09:33:55  com.ubercab.driver  card=false money=false offer_shape=false suburbs=Patterson Lakes area=AllInside chime=none_not_offer_shape
09-10 09:33:57  com.ubercab.driver  card=false money=false offer_shape=false suburbs=Patterson Lakes area=AllInside chime=none_not_offer_shape
09-10 09:34:00  com.ubercab.driver  card=false money=false offer_shape=false suburbs=Patterson Lakes area=AllInside chime=none_not_offer_shape
09-10 09:34:02  com.ubercab.driver  card=false money=false offer_shape=false suburbs=Patterson Lakes area=AllInside chime=none_not_offer_shape
09-10 09:34:04  com.ubercab.driver  card=false money=false offer_shape=false suburbs=Patterson Lakes area=AllInside chime=none_not_offer_shape
09-10 09:34:06  com.ubercab.driver  card=false money=false offer_shape=false suburbs=Patterson Lakes area=AllInside chime=none_not_offer_shape
09-10 09:34:08  com.ubercab.driver  card=false money=false offer_shape=false suburbs=Patterson Lakes area=AllInside chime=none_not_offer_shape
09-10 09:34:10  com.ubercab.driver  card=false money=false offer_shape=false suburbs=Patterson Lakes area=AllInside chime=none_not_offer_shape
09-10 09:34:12  com.ubercab.driver  card=false money=false offer_shape=false suburbs=Patterson Lakes area=AllInside chime=none_not_offer_shape
09-10 09:34:15  com.ubercab.driver  card=false money=false offer_shape=false suburbs=Patterson Lakes area=AllInside chime=none_not_offer_shape
09-10 09:34:17  com.ubercab.driver  card=false money=false offer_shape=false suburbs=Patterson Lakes area=AllInside chime=none_not_offer_shape
09-10 09:34:19  com.ubercab.driver  card=false money=false offer_shape=false suburbs=Patterson Lakes area=AllInside chime=none_not_offer_shape
09-10 09:34:21  com.ubercab.driver  card=false money=false offer_shape=false suburbs=Patterson Lakes area=AllInside chime=none_not_offer_shape
09-10 09:34:23  com.ubercab.driver  card=false money=false offer_shape=false suburbs=Patterson Lakes area=AllInside chime=none_not_offer_shape
09-10 09:34:25  com.ubercab.driver  card=false money=false offer_shape=false suburbs=Patterson Lakes area=AllInside chime=none_not_offer_shape
09-10 09:34:28  com.ubercab.driver  card=false money=false offer_shape=false suburbs=Patterson Lakes area=AllInside chime=none_not_offer_shape
09-10 09:34:30  com.ubercab.driver  card=false money=false offer_shape=false suburbs=Patterson Lakes area=AllInside chime=none_not_offer_shape
09-10 09:34:32  com.ubercab.driver  card=false money=false offer_shape=false suburbs=Patterson Lakes area=AllInside chime=none_not_offer_shape
09-10 09:34:34  com.ubercab.driver  card=false money=false offer_shape=false suburbs=Patterson Lakes area=AllInside chime=none_not_offer_shape
09-10 09:34:36  com.ubercab.driver  card=false money=false offer_shape=false suburbs=Patterson Lakes area=AllInside chime=none_not_offer_shape
09-10 09:34:38  com.ubercab.driver  card=false money=false offer_shape=false suburbs=Patterson Lakes area=AllInside chime=none_not_offer_shape
09-10 09:34:40  com.ubercab.driver  card=false money=false offer_shape=false suburbs=Patterson Lakes area=AllInside chime=none_not_offer_shape
09-10 09:34:43  com.ubercab.driver  card=false money=false offer_shape=false suburbs=Patterson Lakes area=AllInside chime=none_not_offer_shape
09-10 09:34:45  com.ubercab.driver  card=false money=false offer_shape=false suburbs=Patterson Lakes area=AllInside chime=none_not_offer_shape
09-10 09:34:47  com.ubercab.driver  card=false money=false offer_shape=false suburbs=Patterson Lakes area=AllInside chime=none_not_offer_shape
09-10 09:34:49  com.ubercab.driver  card=false money=false offer_shape=false suburbs=Patterson Lakes area=AllInside chime=none_not_offer_shape
09-10 09:34:51  com.ubercab.driver  card=false money=false offer_shape=false suburbs=Patterson Lakes area=AllInside chime=none_not_offer_shape
09-10 09:34:53  com.ubercab.driver  card=false money=false offer_shape=false suburbs=Patterson Lakes area=AllInside chime=none_not_offer_shape
09-10 09:34:55  com.ubercab.driver  card=false money=false offer_shape=false suburbs=Patterson Lakes area=AllInside chime=none_not_offer_shape
09-10 09:34:58  com.ubercab.driver  card=false money=false offer_shape=false suburbs=Patterson Lakes area=AllInside chime=none_not_offer_shape
09-10 09:35:00  com.ubercab.driver  card=false money=false offer_shape=false suburbs=Patterson Lakes area=AllInside chime=none_not_offer_shape
09-10 09:35:02  com.ubercab.driver  card=false money=false offer_shape=false suburbs=Patterson Lakes area=AllInside chime=none_not_offer_shape
09-10 09:35:04  com.ubercab.driver  card=false money=false offer_shape=false suburbs=Patterson Lakes area=AllInside chime=none_not_offer_shape
09-10 09:35:06  com.ubercab.driver  card=false money=false offer_shape=false suburbs=Patterson Lakes area=AllInside chime=none_not_offer_shape
09-10 09:35:08  com.ubercab.driver  card=false money=false offer_shape=false suburbs=Patterson Lakes area=AllInside chime=none_not_offer_shape
09-10 09:35:13  com.ubercab.driver  card=false money=false offer_shape=false suburbs=Patterson Lakes area=AllInside chime=none_not_offer_shape
09-10 09:35:14  com.ubercab.driver  card=false money=false offer_shape=false suburbs=Patterson Lakes area=AllInside chime=none_not_offer_shape
09-10 09:35:16  com.ubercab.driver  card=false money=false offer_shape=false suburbs=Patterson Lakes area=AllInside chime=none_not_offer_shape
09-10 09:35:19  com.ubercab.driver  card=false money=false offer_shape=false suburbs=Patterson Lakes area=AllInside chime=none_not_offer_shape
09-10 09:35:21  com.ubercab.driver  card=false money=false offer_shape=false suburbs=Patterson Lakes area=AllInside chime=none_not_offer_shape
09-10 09:35:23  com.ubercab.driver  card=false money=false offer_shape=false suburbs=Patterson Lakes area=AllInside chime=none_not_offer_shape
09-10 09:35:25  com.ubercab.driver  card=false money=false offer_shape=false suburbs=Patterson Lakes area=AllInside chime=none_not_offer_shape
09-10 09:35:27  com.ubercab.driver  card=false money=false offer_shape=false suburbs=Patterson Lakes area=AllInside chime=none_not_offer_shape
09-10 09:35:30  com.ubercab.driver  card=false money=false offer_shape=false suburbs=Patterson Lakes area=AllInside chime=none_not_offer_shape
09-10 09:35:32  com.ubercab.driver  card=false money=false offer_shape=false suburbs=Patterson Lakes area=AllInside chime=none_not_offer_shape
09-10 09:35:34  com.ubercab.driver  card=false money=false offer_shape=false suburbs=Patterson Lakes area=AllInside chime=none_not_offer_shape
09-10 09:35:35  com.ubercab.driver  card=false money=false offer_shape=false suburbs=Patterson Lakes area=AllInside chime=none_not_offer_shape
09-10 09:35:38  com.ubercab.driver  card=false money=false offer_shape=false suburbs=Patterson Lakes area=AllInside chime=none_not_offer_shape
09-10 09:35:40  com.ubercab.driver  card=false money=false offer_shape=false suburbs=Patterson Lakes area=AllInside chime=none_not_offer_shape
09-10 09:35:42  com.ubercab.driver  card=false money=false offer_shape=false suburbs=Patterson Lakes area=AllInside chime=none_not_offer_shape
09-10 09:35:45  com.ubercab.driver  card=false money=false offer_shape=false suburbs=Patterson Lakes area=AllInside chime=none_not_offer_shape
09-10 09:35:48  com.ubercab.driver  card=false money=false offer_shape=false suburbs=Patterson Lakes area=AllInside chime=none_not_offer_shape
09-10 09:35:51  com.ubercab.driver  card=false money=false offer_shape=false suburbs=Patterson Lakes area=AllInside chime=none_not_offer_shape
09-10 09:35:53  com.ubercab.driver  card=false money=false offer_shape=false suburbs=Patterson Lakes area=AllInside chime=none_not_offer_shape
09-10 09:35:55  com.ubercab.driver  card=false money=false offer_shape=false suburbs=Patterson Lakes area=AllInside chime=none_not_offer_shape
09-10 09:35:57  com.ubercab.driver  card=false money=false offer_shape=false suburbs=Patterson Lakes area=AllInside chime=none_not_offer_shape
09-10 09:35:59  com.ubercab.driver  card=false money=false offer_shape=false suburbs=Patterson Lakes area=AllInside chime=none_not_offer_shape
09-10 09:36:02  com.ubercab.driver  card=false money=false offer_shape=false suburbs=Patterson Lakes area=AllInside chime=none_not_offer_shape
09-10 09:36:04  com.ubercab.driver  card=false money=false offer_shape=false suburbs=Patterson Lakes area=AllInside chime=none_not_offer_shape
09-10 09:36:06  com.ubercab.driver  card=false money=false offer_shape=false suburbs=Patterson Lakes area=AllInside chime=none_not_offer_shape
09-10 09:36:09  com.ubercab.driver  card=false money=false offer_shape=false suburbs=Patterson Lakes area=AllInside chime=none_not_offer_shape
09-10 09:36:11  com.ubercab.driver  card=false money=false offer_shape=false suburbs=Patterson Lakes area=AllInside chime=none_not_offer_shape
09-10 09:36:13  com.ubercab.driver  card=false money=false offer_shape=false suburbs=Patterson Lakes area=AllInside chime=none_not_offer_shape
09-10 09:36:24  com.ubercab.driver  card=false money=false offer_shape=false suburbs=Patterson Lakes area=AllInside chime=none_not_offer_shape
09-10 09:36:25  com.ubercab.driver  card=false money=false offer_shape=false suburbs=Patterson Lakes area=AllInside chime=none_not_offer_shape
09-10 09:36:27  com.ubercab.driver  card=false money=false offer_shape=false suburbs=Patterson Lakes area=AllInside chime=none_not_offer_shape
09-10 09:36:29  com.ubercab.driver  card=false money=false offer_shape=false suburbs=Patterson Lakes area=AllInside chime=none_not_offer_shape
09-10 09:36:31  com.ubercab.driver  card=false money=false offer_shape=false suburbs=Patterson Lakes area=AllInside chime=none_not_offer_shape
09-10 09:36:34  com.ubercab.driver  card=false money=false offer_shape=false suburbs=Patterson Lakes area=AllInside chime=none_not_offer_shape
09-10 09:36:36  com.ubercab.driver  card=false money=false offer_shape=false suburbs=Patterson Lakes area=AllInside chime=none_not_offer_shape
09-10 09:36:38  com.ubercab.driver  card=false money=false offer_shape=false suburbs=Patterson Lakes area=AllInside chime=none_not_offer_shape
09-10 09:36:41  com.ubercab.driver  card=false money=false offer_shape=false suburbs=Patterson Lakes area=AllInside chime=none_not_offer_shape
09-10 09:36:43  com.ubercab.driver  card=false money=false offer_shape=false suburbs=Patterson Lakes area=AllInside chime=none_not_offer_shape
09-10 09:36:45  com.ubercab.driver  card=false money=false offer_shape=false suburbs=Patterson Lakes area=AllInside chime=none_not_offer_shape
09-10 09:36:47  com.ubercab.driver  card=false money=false offer_shape=false suburbs=Patterson Lakes area=AllInside chime=none_not_offer_shape
09-10 09:36:50  com.ubercab.driver  card=false money=false offer_shape=false suburbs=Patterson Lakes area=AllInside chime=none_not_offer_shape
09-10 09:36:52  com.ubercab.driver  card=false money=false offer_shape=false suburbs=Patterson Lakes area=AllInside chime=none_not_offer_shape
09-10 09:36:55  com.ubercab.driver  card=false money=false offer_shape=false suburbs=Patterson Lakes area=AllInside chime=none_not_offer_shape
09-10 09:36:57  com.ubercab.driver  card=false money=false offer_shape=false suburbs=Patterson Lakes area=AllInside chime=none_not_offer_shape
09-10 09:36:59  com.ubercab.driver  card=false money=false offer_shape=false suburbs=Patterson Lakes area=AllInside chime=none_not_offer_shape
09-10 09:37:01  com.ubercab.driver  card=false money=false offer_shape=false suburbs=Patterson Lakes area=AllInside chime=none_not_offer_shape
09-10 09:37:03  com.ubercab.driver  card=false money=false offer_shape=false suburbs=Patterson Lakes area=AllInside chime=none_not_offer_shape
09-10 09:37:05  com.ubercab.driver  card=false money=false offer_shape=false suburbs=Patterson Lakes area=AllInside chime=none_not_offer_shape
09-10 09:37:07  com.ubercab.driver  card=false money=false offer_shape=false suburbs=Patterson Lakes area=AllInside chime=none_not_offer_shape
09-10 09:37:09  com.ubercab.driver  card=false money=false offer_shape=false suburbs=Patterson Lakes area=AllInside chime=none_not_offer_shape
09-10 09:37:12  com.ubercab.driver  card=false money=false offer_shape=false suburbs=Patterson Lakes area=AllInside chime=none_not_offer_shape
09-10 09:37:14  com.ubercab.driver  card=false money=false offer_shape=false suburbs=Patterson Lakes area=AllInside chime=none_not_offer_shape
09-10 09:37:16  com.ubercab.driver  card=false money=false offer_shape=false suburbs=Patterson Lakes area=AllInside chime=none_not_offer_shape
09-10 09:37:18  com.ubercab.driver  card=false money=false offer_shape=false suburbs=Patterson Lakes area=AllInside chime=none_not_offer_shape
09-10 09:37:20  com.ubercab.driver  card=false money=false offer_shape=false suburbs=Patterson Lakes area=AllInside chime=none_not_offer_shape
09-10 09:37:22  com.ubercab.driver  card=false money=false offer_shape=false suburbs=Patterson Lakes area=AllInside chime=none_not_offer_shape
09-10 09:37:25  com.ubercab.driver  card=false money=false offer_shape=false suburbs=Patterson Lakes area=AllInside chime=none_not_offer_shape
09-10 09:37:28  com.ubercab.driver  card=false money=false offer_shape=false suburbs=Patterson Lakes area=AllInside chime=none_not_offer_shape
09-10 09:37:31  com.ubercab.driver  card=false money=false offer_shape=false suburbs=Patterson Lakes area=AllInside chime=none_not_offer_shape
09-10 09:37:33  com.ubercab.driver  card=false money=false offer_shape=false suburbs=Patterson Lakes area=AllInside chime=none_not_offer_shape
09-10 09:37:35  com.ubercab.driver  card=false money=false offer_shape=false suburbs=Patterson Lakes area=AllInside chime=none_not_offer_shape
09-10 09:37:37  com.ubercab.driver  card=false money=false offer_shape=false suburbs=Patterson Lakes area=AllInside chime=none_not_offer_shape
09-10 09:37:40  com.ubercab.driver  card=false money=false offer_shape=false suburbs=Patterson Lakes area=AllInside chime=none_not_offer_shape
09-10 09:37:42  com.ubercab.driver  card=false money=false offer_shape=false suburbs=Patterson Lakes area=AllInside chime=none_not_offer_shape
09-10 09:37:44  com.ubercab.driver  card=false money=false offer_shape=false suburbs=Patterson Lakes area=AllInside chime=none_not_offer_shape
09-10 09:37:47  com.ubercab.driver  card=false money=false offer_shape=false suburbs=Patterson Lakes area=AllInside chime=none_not_offer_shape
09-10 09:37:49  com.ubercab.driver  card=false money=false offer_shape=false suburbs=Patterson Lakes area=AllInside chime=none_not_offer_shape
09-10 09:37:51  com.ubercab.driver  card=false money=false offer_shape=false suburbs=Patterson Lakes area=AllInside chime=none_not_offer_shape
09-10 09:37:53  com.ubercab.driver  card=false money=false offer_shape=false suburbs=Patterson Lakes area=AllInside chime=none_not_offer_shape
09-10 09:37:56  com.ubercab.driver  card=false money=false offer_shape=false suburbs=Patterson Lakes area=AllInside chime=none_not_offer_shape
09-10 09:38:33  com.ubercab.driver  card=false money=false offer_shape=false suburbs=Patterson Lakes area=AllInside chime=none_not_offer_shape
09-10 09:38:33  com.ubercab.driver  card=false money=false offer_shape=false suburbs=Patterson Lakes area=AllInside chime=none_not_offer_shape
09-10 09:38:35  com.ubercab.driver  card=false money=false offer_shape=false suburbs=Patterson Lakes area=AllInside chime=none_not_offer_shape
09-10 09:38:37  com.ubercab.driver  card=false money=false offer_shape=false suburbs=Patterson Lakes area=AllInside chime=none_not_offer_shape
09-10 09:38:40  com.ubercab.driver  card=false money=false offer_shape=false suburbs=Patterson Lakes area=AllInside chime=none_not_offer_shape
09-10 09:38:43  com.ubercab.driver  card=false money=false offer_shape=false suburbs=Patterson Lakes area=AllInside chime=none_not_offer_shape
09-10 09:38:45  com.ubercab.driver  card=false money=false offer_shape=false suburbs=Patterson Lakes area=AllInside chime=none_not_offer_shape
09-10 09:40:40  com.ubercab.driver  card=false money=false offer_shape=false suburbs=Patterson Lakes area=AllInside chime=none_not_offer_shape
09-10 09:40:41  com.ubercab.driver  card=false money=false offer_shape=false suburbs=Patterson Lakes area=AllInside chime=none_not_offer_shape
09-10 09:40:43  com.ubercab.driver  card=false money=false offer_shape=false suburbs=Patterson Lakes area=AllInside chime=none_not_offer_shape
09-10 09:40:45  com.ubercab.driver  card=false money=false offer_shape=false suburbs=Patterson Lakes area=AllInside chime=none_not_offer_shape
09-10 09:40:48  com.ubercab.driver  card=false money=false offer_shape=false suburbs=Patterson Lakes area=AllInside chime=none_not_offer_shape
09-10 09:40:50  com.ubercab.driver  card=false money=false offer_shape=false suburbs=Patterson Lakes,Sandhurst area=SomeOutside:Sandhurst chime=none_not_offer_shape
09-10 09:40:52  com.ubercab.driver  card=false money=false offer_shape=false suburbs=Patterson Lakes,Sandhurst area=SomeOutside:Sandhurst chime=none_not_offer_shape
09-10 09:40:54  com.ubercab.driver  card=false money=false offer_shape=false suburbs=Patterson Lakes,Sandhurst area=SomeOutside:Sandhurst chime=none_not_offer_shape
09-10 09:40:56  com.ubercab.driver  card=false money=false offer_shape=false suburbs=Patterson Lakes,Sandhurst area=SomeOutside:Sandhurst chime=none_not_offer_shape
09-10 09:40:58  com.ubercab.driver  card=false money=false offer_shape=false suburbs=Patterson Lakes,Sandhurst area=SomeOutside:Sandhurst chime=none_not_offer_shape
09-10 09:41:00  com.ubercab.driver  card=false money=false offer_shape=false suburbs=Patterson Lakes,Sandhurst area=SomeOutside:Sandhurst chime=none_not_offer_shape
09-10 09:41:05  com.ubercab.driver  card=false money=false offer_shape=false suburbs=Patterson Lakes,Sandhurst area=SomeOutside:Sandhurst chime=none_not_offer_shape
09-10 09:41:06  com.ubercab.driver  card=false money=false offer_shape=false suburbs=Patterson Lakes,Sandhurst area=SomeOutside:Sandhurst chime=none_not_offer_shape
09-10 09:41:09  com.android.systemui  card=false money=false offer_shape=false suburbs= area=NoSuburb chime=none_not_offer_shape
09-10 09:41:09  com.android.systemui  card=false money=false offer_shape=false suburbs=Sandhurst area=SomeOutside:Sandhurst chime=none_not_offer_shape
09-10 09:41:10  com.ubercab.driver  card=false money=false offer_shape=false suburbs=Patterson Lakes,Sandhurst area=SomeOutside:Sandhurst chime=none_not_offer_shape
09-10 09:41:11  com.ubercab.driver  card=false money=false offer_shape=false suburbs=Patterson Lakes,Sandhurst area=SomeOutside:Sandhurst chime=none_not_offer_shape
09-10 09:41:11  com.ubercab.driver  card=false money=false offer_shape=false suburbs=Patterson Lakes,Sandhurst area=SomeOutside:Sandhurst chime=none_not_offer_shape
09-10 09:41:12  com.ubercab.driver  card=false money=false offer_shape=false suburbs=Patterson Lakes,Sandhurst area=SomeOutside:Sandhurst chime=none_not_offer_shape
09-10 09:41:13  com.ubercab.driver  card=false money=false offer_shape=false suburbs=Patterson Lakes,Sandhurst area=SomeOutside:Sandhurst chime=none_not_offer_shape
09-10 09:41:13  com.ubercab.driver  card=false money=false offer_shape=false suburbs=Patterson Lakes,Sandhurst area=SomeOutside:Sandhurst chime=none_not_offer_shape
09-10 09:41:14  com.ubercab.driver  card=false money=false offer_shape=false suburbs=Patterson Lakes,Sandhurst area=SomeOutside:Sandhurst chime=none_not_offer_shape
09-10 09:41:15  com.ubercab.driver  card=false money=false offer_shape=false suburbs=Patterson Lakes,Sandhurst area=SomeOutside:Sandhurst chime=none_not_offer_shape
09-10 09:41:16  com.ubercab.driver  card=false money=false offer_shape=false suburbs=Patterson Lakes,Sandhurst area=SomeOutside:Sandhurst chime=none_not_offer_shape
09-10 09:41:17  com.ubercab.driver  card=false money=false offer_shape=false suburbs=Patterson Lakes,Sandhurst area=SomeOutside:Sandhurst chime=none_not_offer_shape
09-10 09:41:18  com.ubercab.driver  card=false money=false offer_shape=false suburbs=Patterson Lakes,Sandhurst area=SomeOutside:Sandhurst chime=none_not_offer_shape
09-10 09:41:19  com.ubercab.driver  card=false money=false offer_shape=false suburbs=Patterson Lakes,Sandhurst area=SomeOutside:Sandhurst chime=none_not_offer_shape
09-10 09:41:19  com.ubercab.driver  card=false money=false offer_shape=false suburbs=Patterson Lakes,Sandhurst area=SomeOutside:Sandhurst chime=none_not_offer_shape
09-10 09:41:21  com.ubercab.driver  card=false money=false offer_shape=false suburbs=Patterson Lakes,Sandhurst area=SomeOutside:Sandhurst chime=none_not_offer_shape
09-10 09:41:22  com.ubercab.driver  card=false money=false offer_shape=false suburbs=Patterson Lakes,Sandhurst area=SomeOutside:Sandhurst chime=none_not_offer_shape
09-10 09:41:22  com.ubercab.driver  card=false money=false offer_shape=false suburbs=Patterson Lakes,Sandhurst area=SomeOutside:Sandhurst chime=none_not_offer_shape
09-10 09:41:23  com.ubercab.driver  card=false money=false offer_shape=false suburbs=Patterson Lakes,Sandhurst area=SomeOutside:Sandhurst chime=none_not_offer_shape
09-10 09:41:24  com.ubercab.driver  card=false money=false offer_shape=false suburbs=Patterson Lakes,Sandhurst area=SomeOutside:Sandhurst chime=none_not_offer_shape
09-10 09:41:25  com.ubercab.driver  card=false money=false offer_shape=false suburbs=Patterson Lakes,Sandhurst area=SomeOutside:Sandhurst chime=none_not_offer_shape
09-10 09:41:25  com.ubercab.driver  card=false money=false offer_shape=false suburbs=Patterson Lakes,Sandhurst area=SomeOutside:Sandhurst chime=none_not_offer_shape
09-10 09:41:26  com.ubercab.driver  card=false money=false offer_shape=false suburbs=Patterson Lakes,Sandhurst area=SomeOutside:Sandhurst chime=none_not_offer_shape
09-10 09:41:27  com.ubercab.driver  card=false money=false offer_shape=false suburbs=Patterson Lakes,Sandhurst area=SomeOutside:Sandhurst chime=none_not_offer_shape
09-10 09:41:28  com.ubercab.driver  card=false money=false offer_shape=false suburbs=Patterson Lakes,Sandhurst area=SomeOutside:Sandhurst chime=none_not_offer_shape
09-10 09:41:29  com.ubercab.driver  card=false money=false offer_shape=false suburbs=Patterson Lakes,Sandhurst area=SomeOutside:Sandhurst chime=none_not_offer_shape
09-10 09:41:30  com.ubercab.driver  card=false money=false offer_shape=false suburbs=Patterson Lakes,Sandhurst area=SomeOutside:Sandhurst chime=none_not_offer_shape
09-10 09:41:31  com.ubercab.driver  card=false money=false offer_shape=false suburbs=Patterson Lakes,Sandhurst area=SomeOutside:Sandhurst chime=none_not_offer_shape
09-10 09:41:32  com.ubercab.driver  card=false money=false offer_shape=false suburbs=Patterson Lakes,Sandhurst area=SomeOutside:Sandhurst chime=none_not_offer_shape
09-10 09:41:34  com.ubercab.driver  card=false money=false offer_shape=false suburbs=Patterson Lakes,Sandhurst area=SomeOutside:Sandhurst chime=none_not_offer_shape
09-10 09:41:34  com.ubercab.driver  card=false money=false offer_shape=false suburbs=Patterson Lakes,Sandhurst area=SomeOutside:Sandhurst chime=none_not_offer_shape
09-10 09:41:35  com.ubercab.driver  card=false money=false offer_shape=false suburbs=Patterson Lakes,Sandhurst area=SomeOutside:Sandhurst chime=none_not_offer_shape
09-10 09:41:36  com.ubercab.driver  card=false money=false offer_shape=false suburbs=Patterson Lakes,Sandhurst area=SomeOutside:Sandhurst chime=none_not_offer_shape
09-10 09:41:37  com.ubercab.driver  card=false money=false offer_shape=false suburbs=Patterson Lakes,Sandhurst area=SomeOutside:Sandhurst chime=none_not_offer_shape
09-10 09:41:38  com.ubercab.driver  card=false money=false offer_shape=false suburbs=Patterson Lakes,Sandhurst area=SomeOutside:Sandhurst chime=none_not_offer_shape
09-10 09:41:40  com.ubercab.driver  card=false money=false offer_shape=false suburbs=Patterson Lakes,Sandhurst area=SomeOutside:Sandhurst chime=none_not_offer_shape
09-10 09:41:41  com.ubercab.driver  card=false money=false offer_shape=false suburbs=Patterson Lakes,Sandhurst area=SomeOutside:Sandhurst chime=none_not_offer_shape
09-10 09:41:43  com.ubercab.driver  card=false money=false offer_shape=false suburbs=Patterson Lakes,Sandhurst area=SomeOutside:Sandhurst chime=none_not_offer_shape
09-10 09:41:43  com.ubercab.driver  card=false money=false offer_shape=false suburbs=Patterson Lakes,Sandhurst area=SomeOutside:Sandhurst chime=none_not_offer_shape
09-10 09:41:44  com.ubercab.driver  card=false money=false offer_shape=false suburbs=Patterson Lakes,Sandhurst area=SomeOutside:Sandhurst chime=none_not_offer_shape
09-10 09:41:45  com.ubercab.driver  card=false money=false offer_shape=false suburbs=Patterson Lakes,Sandhurst area=SomeOutside:Sandhurst chime=none_not_offer_shape
09-10 09:41:46  com.ubercab.driver  card=false money=false offer_shape=false suburbs=Patterson Lakes,Sandhurst area=SomeOutside:Sandhurst chime=none_not_offer_shape
09-10 09:41:47  com.ubercab.driver  card=false money=false offer_shape=false suburbs=Patterson Lakes,Sandhurst area=SomeOutside:Sandhurst chime=none_not_offer_shape
09-10 09:41:48  com.ubercab.driver  card=false money=false offer_shape=false suburbs=Patterson Lakes,Sandhurst area=SomeOutside:Sandhurst chime=none_not_offer_shape
09-10 09:41:49  com.ubercab.driver  card=false money=false offer_shape=false suburbs=Patterson Lakes,Sandhurst area=SomeOutside:Sandhurst chime=none_not_offer_shape
09-10 09:41:49  com.ubercab.driver  card=false money=false offer_shape=false suburbs=Patterson Lakes,Sandhurst area=SomeOutside:Sandhurst chime=none_not_offer_shape
09-10 09:41:50  com.ubercab.driver  card=false money=false offer_shape=false suburbs=Patterson Lakes,Sandhurst area=SomeOutside:Sandhurst chime=none_not_offer_shape
09-10 09:41:51  com.ubercab.driver  card=false money=false offer_shape=false suburbs=Patterson Lakes,Sandhurst area=SomeOutside:Sandhurst chime=none_not_offer_shape
09-10 09:41:51  com.ubercab.driver  card=false money=false offer_shape=false suburbs=Patterson Lakes,Sandhurst area=SomeOutside:Sandhurst chime=none_not_offer_shape
09-10 09:41:52  com.ubercab.driver  card=false money=false offer_shape=false suburbs=Patterson Lakes,Sandhurst area=SomeOutside:Sandhurst chime=none_not_offer_shape
09-10 09:41:53  com.ubercab.driver  card=false money=false offer_shape=false suburbs=Patterson Lakes,Sandhurst area=SomeOutside:Sandhurst chime=none_not_offer_shape
09-10 09:41:54  com.ubercab.driver  card=false money=false offer_shape=false suburbs=Patterson Lakes,Sandhurst area=SomeOutside:Sandhurst chime=none_not_offer_shape
09-10 09:41:55  com.ubercab.driver  card=false money=false offer_shape=false suburbs=Patterson Lakes,Sandhurst area=SomeOutside:Sandhurst chime=none_not_offer_shape
09-10 09:41:55  com.ubercab.driver  card=false money=false offer_shape=false suburbs=Patterson Lakes,Sandhurst area=SomeOutside:Sandhurst chime=none_not_offer_shape
09-10 09:41:56  com.ubercab.driver  card=false money=false offer_shape=false suburbs=Patterson Lakes,Sandhurst area=SomeOutside:Sandhurst chime=none_not_offer_shape
09-10 09:41:58  com.ubercab.driver  card=false money=false offer_shape=false suburbs=Patterson Lakes,Sandhurst area=SomeOutside:Sandhurst chime=none_not_offer_shape
09-10 09:41:58  com.ubercab.driver  card=false money=false offer_shape=false suburbs=Patterson Lakes,Sandhurst area=SomeOutside:Sandhurst chime=none_not_offer_shape
09-10 09:42:00  com.ubercab.driver  card=false money=false offer_shape=false suburbs=Patterson Lakes,Sandhurst area=SomeOutside:Sandhurst chime=none_not_offer_shape
09-10 09:42:00  com.ubercab.driver  card=false money=false offer_shape=false suburbs=Patterson Lakes,Sandhurst area=SomeOutside:Sandhurst chime=none_not_offer_shape
09-10 09:42:01  com.ubercab.driver  card=false money=false offer_shape=false suburbs=Patterson Lakes,Sandhurst area=SomeOutside:Sandhurst chime=none_not_offer_shape
09-10 09:42:01  com.ubercab.driver  card=false money=false offer_shape=false suburbs=Patterson Lakes,Sandhurst area=SomeOutside:Sandhurst chime=none_not_offer_shape
09-10 09:42:03  com.ubercab.driver  card=false money=false offer_shape=false suburbs=Patterson Lakes,Sandhurst area=SomeOutside:Sandhurst chime=none_not_offer_shape
09-10 09:42:04  com.ubercab.driver  card=false money=false offer_shape=false suburbs=Patterson Lakes,Sandhurst area=SomeOutside:Sandhurst chime=none_not_offer_shape
09-10 09:42:04  com.ubercab.driver  card=false money=false offer_shape=false suburbs=Patterson Lakes,Sandhurst area=SomeOutside:Sandhurst chime=none_not_offer_shape
09-10 09:42:05  com.ubercab.driver  card=false money=false offer_shape=false suburbs=Patterson Lakes,Sandhurst area=SomeOutside:Sandhurst chime=none_not_offer_shape
09-10 09:42:06  com.ubercab.driver  card=false money=false offer_shape=false suburbs=Patterson Lakes,Sandhurst area=SomeOutside:Sandhurst chime=none_not_offer_shape
09-10 09:42:07  com.ubercab.driver  card=false money=false offer_shape=false suburbs=Patterson Lakes,Sandhurst area=SomeOutside:Sandhurst chime=none_not_offer_shape
09-10 09:42:08  com.ubercab.driver  card=false money=false offer_shape=false suburbs=Patterson Lakes,Sandhurst area=SomeOutside:Sandhurst chime=none_not_offer_shape
09-10 09:42:09  com.ubercab.driver  card=false money=false offer_shape=false suburbs=Patterson Lakes,Sandhurst area=SomeOutside:Sandhurst chime=none_not_offer_shape
09-10 09:42:10  com.ubercab.driver  card=false money=false offer_shape=false suburbs=Patterson Lakes,Sandhurst area=SomeOutside:Sandhurst chime=none_not_offer_shape
09-10 09:42:11  com.ubercab.driver  card=false money=false offer_shape=false suburbs=Patterson Lakes,Sandhurst area=SomeOutside:Sandhurst chime=none_not_offer_shape
09-10 09:42:13  com.ubercab.driver  card=false money=false offer_shape=false suburbs=Patterson Lakes,Sandhurst area=SomeOutside:Sandhurst chime=none_not_offer_shape
09-10 09:42:16  com.ubercab.driver  card=false money=false offer_shape=false suburbs=Patterson Lakes,Sandhurst area=SomeOutside:Sandhurst chime=none_not_offer_shape
09-10 09:42:19  com.ubercab.driver  card=false money=false offer_shape=false suburbs=Patterson Lakes,Sandhurst area=SomeOutside:Sandhurst chime=none_not_offer_shape
09-10 09:42:22  com.ubercab.driver  card=false money=false offer_shape=false suburbs=Patterson Lakes,Sandhurst area=SomeOutside:Sandhurst chime=none_not_offer_shape
09-10 09:42:24  com.ubercab.driver  card=false money=false offer_shape=false suburbs=Patterson Lakes,Sandhurst area=SomeOutside:Sandhurst chime=none_not_offer_shape
09-10 09:42:27  com.ubercab.driver  card=false money=false offer_shape=false suburbs=Patterson Lakes,Sandhurst area=SomeOutside:Sandhurst chime=none_not_offer_shape
09-10 09:42:29  com.ubercab.driver  card=false money=false offer_shape=false suburbs=Patterson Lakes,Sandhurst area=SomeOutside:Sandhurst chime=none_not_offer_shape
09-10 09:42:31  com.ubercab.driver  card=false money=false offer_shape=false suburbs=Patterson Lakes,Sandhurst area=SomeOutside:Sandhurst chime=none_not_offer_shape
09-10 09:42:34  com.ubercab.driver  card=false money=false offer_shape=false suburbs=Patterson Lakes,Sandhurst area=SomeOutside:Sandhurst chime=none_not_offer_shape
09-10 09:42:36  com.ubercab.driver  card=false money=false offer_shape=false suburbs=Patterson Lakes,Sandhurst area=SomeOutside:Sandhurst chime=none_not_offer_shape
09-10 09:42:38  com.ubercab.driver  card=false money=false offer_shape=false suburbs=Patterson Lakes,Sandhurst area=SomeOutside:Sandhurst chime=none_not_offer_shape
09-10 09:42:40  com.ubercab.driver  card=false money=false offer_shape=false suburbs=Patterson Lakes,Sandhurst area=SomeOutside:Sandhurst chime=none_not_offer_shape
09-10 09:42:42  com.ubercab.driver  card=false money=false offer_shape=false suburbs=Patterson Lakes,Sandhurst area=SomeOutside:Sandhurst chime=none_not_offer_shape
09-10 09:42:44  com.ubercab.driver  card=false money=false offer_shape=false suburbs=Patterson Lakes,Sandhurst area=SomeOutside:Sandhurst chime=none_not_offer_shape
09-10 09:42:46  com.ubercab.driver  card=false money=false offer_shape=false suburbs=Patterson Lakes,Sandhurst area=SomeOutside:Sandhurst chime=none_not_offer_shape
09-10 09:42:48  com.ubercab.driver  card=false money=false offer_shape=false suburbs=Patterson Lakes,Sandhurst area=SomeOutside:Sandhurst chime=none_not_offer_shape
09-10 09:42:50  com.ubercab.driver  card=false money=false offer_shape=false suburbs=Patterson Lakes,Sandhurst area=SomeOutside:Sandhurst chime=none_not_offer_shape
09-10 09:42:52  com.ubercab.driver  card=false money=false offer_shape=false suburbs=Patterson Lakes,Sandhurst area=SomeOutside:Sandhurst chime=none_not_offer_shape
09-10 09:42:54  com.ubercab.driver  card=false money=false offer_shape=false suburbs=Patterson Lakes,Sandhurst area=SomeOutside:Sandhurst chime=none_not_offer_shape
09-10 09:42:56  com.ubercab.driver  card=false money=false offer_shape=false suburbs=Patterson Lakes,Sandhurst area=SomeOutside:Sandhurst chime=none_not_offer_shape
09-10 09:42:58  com.ubercab.driver  card=false money=false offer_shape=false suburbs=Patterson Lakes,Sandhurst area=SomeOutside:Sandhurst chime=none_not_offer_shape
09-10 09:43:00  com.ubercab.driver  card=false money=false offer_shape=false suburbs=Patterson Lakes,Sandhurst area=SomeOutside:Sandhurst chime=none_not_offer_shape
09-10 09:43:02  com.ubercab.driver  card=false money=false offer_shape=false suburbs=Patterson Lakes,Sandhurst area=SomeOutside:Sandhurst chime=none_not_offer_shape
09-10 09:43:04  com.ubercab.driver  card=false money=false offer_shape=false suburbs=Patterson Lakes,Sandhurst area=SomeOutside:Sandhurst chime=none_not_offer_shape
09-10 09:43:07  com.ubercab.driver  card=false money=false offer_shape=false suburbs=Patterson Lakes,Sandhurst area=SomeOutside:Sandhurst chime=none_not_offer_shape
09-10 09:43:09  com.ubercab.driver  card=false money=false offer_shape=false suburbs=Patterson Lakes,Sandhurst area=SomeOutside:Sandhurst chime=none_not_offer_shape
09-10 09:43:11  com.ubercab.driver  card=false money=false offer_shape=false suburbs=Patterson Lakes,Sandhurst area=SomeOutside:Sandhurst chime=none_not_offer_shape
09-10 09:43:13  com.ubercab.driver  card=false money=false offer_shape=false suburbs=Patterson Lakes,Sandhurst area=SomeOutside:Sandhurst chime=none_not_offer_shape
09-10 09:43:15  com.ubercab.driver  card=false money=false offer_shape=false suburbs=Patterson Lakes,Sandhurst area=SomeOutside:Sandhurst chime=none_not_offer_shape
09-10 09:43:17  com.ubercab.driver  card=false money=false offer_shape=false suburbs=Patterson Lakes,Sandhurst area=SomeOutside:Sandhurst chime=none_not_offer_shape
09-10 09:43:19  com.ubercab.driver  card=false money=false offer_shape=false suburbs=Patterson Lakes,Sandhurst area=SomeOutside:Sandhurst chime=none_not_offer_shape
09-10 09:43:21  com.ubercab.driver  card=false money=false offer_shape=false suburbs=Patterson Lakes,Sandhurst area=SomeOutside:Sandhurst chime=none_not_offer_shape
09-10 09:43:24  com.ubercab.driver  card=false money=false offer_shape=false suburbs=Patterson Lakes,Sandhurst area=SomeOutside:Sandhurst chime=none_not_offer_shape
09-10 09:43:27  com.ubercab.driver  card=false money=false offer_shape=false suburbs=Patterson Lakes,Sandhurst area=SomeOutside:Sandhurst chime=none_not_offer_shape
09-10 09:43:29  com.ubercab.driver  card=false money=false offer_shape=false suburbs=Patterson Lakes,Sandhurst area=SomeOutside:Sandhurst chime=none_not_offer_shape
09-10 09:43:32  com.ubercab.driver  card=false money=false offer_shape=false suburbs=Patterson Lakes,Sandhurst area=SomeOutside:Sandhurst chime=none_not_offer_shape
09-10 09:43:35  com.ubercab.driver  card=false money=false offer_shape=false suburbs=Patterson Lakes,Sandhurst area=SomeOutside:Sandhurst chime=none_not_offer_shape
09-10 09:43:37  com.ubercab.driver  card=false money=false offer_shape=false suburbs=Patterson Lakes,Sandhurst area=SomeOutside:Sandhurst chime=none_not_offer_shape
09-10 09:43:39  com.ubercab.driver  card=false money=false offer_shape=false suburbs=Patterson Lakes,Sandhurst area=SomeOutside:Sandhurst chime=none_not_offer_shape
09-10 09:43:41  com.ubercab.driver  card=false money=false offer_shape=false suburbs=Patterson Lakes,Sandhurst area=SomeOutside:Sandhurst chime=none_not_offer_shape
09-10 09:43:44  com.ubercab.driver  card=false money=false offer_shape=false suburbs=Patterson Lakes,Sandhurst area=SomeOutside:Sandhurst chime=none_not_offer_shape
09-10 09:43:46  com.ubercab.driver  card=false money=false offer_shape=false suburbs=Patterson Lakes,Sandhurst area=SomeOutside:Sandhurst chime=none_not_offer_shape
09-10 09:43:49  com.ubercab.driver  card=false money=false offer_shape=false suburbs=Patterson Lakes,Sandhurst area=SomeOutside:Sandhurst chime=none_not_offer_shape
09-10 09:43:51  com.ubercab.driver  card=false money=false offer_shape=false suburbs=Patterson Lakes,Sandhurst area=SomeOutside:Sandhurst chime=none_not_offer_shape
09-10 09:43:54  com.ubercab.driver  card=false money=false offer_shape=false suburbs=Patterson Lakes,Sandhurst area=SomeOutside:Sandhurst chime=none_not_offer_shape
09-10 09:43:56  com.ubercab.driver  card=false money=false offer_shape=false suburbs=Patterson Lakes,Sandhurst area=SomeOutside:Sandhurst chime=none_not_offer_shape
09-10 09:43:58  com.ubercab.driver  card=false money=false offer_shape=false suburbs=Patterson Lakes,Sandhurst area=SomeOutside:Sandhurst chime=none_not_offer_shape
09-10 09:44:00  com.ubercab.driver  card=false money=false offer_shape=false suburbs=Patterson Lakes,Sandhurst area=SomeOutside:Sandhurst chime=none_not_offer_shape
09-10 09:44:02  com.ubercab.driver  card=false money=false offer_shape=false suburbs=Patterson Lakes,Sandhurst area=SomeOutside:Sandhurst chime=none_not_offer_shape
09-10 09:44:04  com.ubercab.driver  card=false money=false offer_shape=false suburbs=Patterson Lakes,Sandhurst area=SomeOutside:Sandhurst chime=none_not_offer_shape
09-10 09:44:06  com.ubercab.driver  card=false money=false offer_shape=false suburbs=Patterson Lakes,Sandhurst area=SomeOutside:Sandhurst chime=none_not_offer_shape
09-10 09:44:08  com.ubercab.driver  card=false money=false offer_shape=false suburbs=Patterson Lakes,Sandhurst area=SomeOutside:Sandhurst chime=none_not_offer_shape
09-10 09:44:10  com.ubercab.driver  card=false money=false offer_shape=false suburbs=Patterson Lakes,Sandhurst area=SomeOutside:Sandhurst chime=none_not_offer_shape
09-10 09:44:12  com.ubercab.driver  card=false money=false offer_shape=false suburbs=Patterson Lakes,Sandhurst area=SomeOutside:Sandhurst chime=none_not_offer_shape
09-10 09:44:15  com.ubercab.driver  card=false money=false offer_shape=false suburbs=Patterson Lakes,Sandhurst area=SomeOutside:Sandhurst chime=none_not_offer_shape
09-10 09:44:17  com.ubercab.driver  card=false money=false offer_shape=false suburbs=Patterson Lakes,Sandhurst area=SomeOutside:Sandhurst chime=none_not_offer_shape
09-10 09:44:19  com.ubercab.driver  card=false money=false offer_shape=false suburbs=Patterson Lakes,Sandhurst area=SomeOutside:Sandhurst chime=none_not_offer_shape
09-10 09:44:21  com.ubercab.driver  card=false money=false offer_shape=false suburbs=Patterson Lakes,Sandhurst area=SomeOutside:Sandhurst chime=none_not_offer_shape
09-10 09:44:23  com.ubercab.driver  card=false money=false offer_shape=false suburbs=Patterson Lakes,Sandhurst area=SomeOutside:Sandhurst chime=none_not_offer_shape
09-10 09:44:25  com.ubercab.driver  card=false money=false offer_shape=false suburbs=Patterson Lakes,Sandhurst area=SomeOutside:Sandhurst chime=none_not_offer_shape
09-10 09:44:27  com.ubercab.driver  card=false money=false offer_shape=false suburbs=Patterson Lakes,Sandhurst area=SomeOutside:Sandhurst chime=none_not_offer_shape
09-10 09:44:29  com.ubercab.driver  card=false money=false offer_shape=false suburbs=Patterson Lakes,Sandhurst area=SomeOutside:Sandhurst chime=none_not_offer_shape
09-10 09:44:31  com.ubercab.driver  card=false money=false offer_shape=false suburbs=Patterson Lakes,Sandhurst area=SomeOutside:Sandhurst chime=none_not_offer_shape
09-10 09:44:33  com.ubercab.driver  card=false money=false offer_shape=false suburbs=Patterson Lakes,Sandhurst area=SomeOutside:Sandhurst chime=none_not_offer_shape
09-10 09:44:35  com.ubercab.driver  card=false money=false offer_shape=false suburbs=Patterson Lakes,Sandhurst area=SomeOutside:Sandhurst chime=none_not_offer_shape
09-10 09:44:37  com.ubercab.driver  card=false money=false offer_shape=false suburbs=Patterson Lakes,Sandhurst area=SomeOutside:Sandhurst chime=none_not_offer_shape
09-10 09:44:39  com.ubercab.driver  card=false money=false offer_shape=false suburbs=Patterson Lakes,Sandhurst area=SomeOutside:Sandhurst chime=none_not_offer_shape
09-10 09:44:41  com.ubercab.driver  card=false money=false offer_shape=false suburbs=Patterson Lakes,Sandhurst area=SomeOutside:Sandhurst chime=none_not_offer_shape
09-10 09:44:43  com.ubercab.driver  card=false money=false offer_shape=false suburbs=Patterson Lakes,Sandhurst area=SomeOutside:Sandhurst chime=none_not_offer_shape
09-10 09:44:45  com.ubercab.driver  card=false money=false offer_shape=false suburbs=Patterson Lakes,Sandhurst area=SomeOutside:Sandhurst chime=none_not_offer_shape
09-10 09:44:47  com.ubercab.driver  card=false money=false offer_shape=false suburbs=Patterson Lakes,Sandhurst area=SomeOutside:Sandhurst chime=none_not_offer_shape
09-10 09:44:49  com.ubercab.driver  card=false money=false offer_shape=false suburbs=Patterson Lakes,Sandhurst area=SomeOutside:Sandhurst chime=none_not_offer_shape
09-10 09:44:51  com.ubercab.driver  card=false money=false offer_shape=false suburbs=Patterson Lakes,Sandhurst area=SomeOutside:Sandhurst chime=none_not_offer_shape
09-10 09:44:53  com.ubercab.driver  card=false money=false offer_shape=false suburbs=Patterson Lakes,Sandhurst area=SomeOutside:Sandhurst chime=none_not_offer_shape
09-10 09:44:55  com.ubercab.driver  card=false money=false offer_shape=false suburbs=Patterson Lakes,Sandhurst area=SomeOutside:Sandhurst chime=none_not_offer_shape
09-10 09:44:57  com.ubercab.driver  card=false money=false offer_shape=false suburbs=Patterson Lakes,Sandhurst area=SomeOutside:Sandhurst chime=none_not_offer_shape
09-10 09:44:59  com.ubercab.driver  card=false money=false offer_shape=false suburbs=Patterson Lakes,Sandhurst area=SomeOutside:Sandhurst chime=none_not_offer_shape
09-10 09:45:01  com.ubercab.driver  card=false money=false offer_shape=false suburbs=Patterson Lakes,Sandhurst area=SomeOutside:Sandhurst chime=none_not_offer_shape
09-10 09:45:03  com.ubercab.driver  card=false money=false offer_shape=false suburbs=Patterson Lakes,Sandhurst area=SomeOutside:Sandhurst chime=none_not_offer_shape
09-10 09:45:05  com.ubercab.driver  card=false money=false offer_shape=false suburbs=Patterson Lakes,Sandhurst area=SomeOutside:Sandhurst chime=none_not_offer_shape
09-10 09:45:07  com.ubercab.driver  card=false money=false offer_shape=false suburbs=Patterson Lakes,Sandhurst area=SomeOutside:Sandhurst chime=none_not_offer_shape
09-10 09:45:10  com.ubercab.driver  card=false money=false offer_shape=false suburbs=Patterson Lakes,Sandhurst area=SomeOutside:Sandhurst chime=none_not_offer_shape
09-10 09:45:12  com.ubercab.driver  card=false money=false offer_shape=false suburbs=Patterson Lakes,Sandhurst area=SomeOutside:Sandhurst chime=none_not_offer_shape
09-10 09:45:14  com.ubercab.driver  card=false money=false offer_shape=false suburbs=Patterson Lakes,Sandhurst area=SomeOutside:Sandhurst chime=none_not_offer_shape
09-10 09:45:16  com.ubercab.driver  card=false money=false offer_shape=false suburbs=Patterson Lakes,Sandhurst area=SomeOutside:Sandhurst chime=none_not_offer_shape
09-10 09:45:18  com.ubercab.driver  card=false money=false offer_shape=false suburbs=Patterson Lakes,Sandhurst area=SomeOutside:Sandhurst chime=none_not_offer_shape
09-10 09:45:20  com.ubercab.driver  card=false money=false offer_shape=false suburbs=Patterson Lakes,Sandhurst area=SomeOutside:Sandhurst chime=none_not_offer_shape
09-10 09:45:22  com.ubercab.driver  card=false money=false offer_shape=false suburbs=Patterson Lakes,Sandhurst area=SomeOutside:Sandhurst chime=none_not_offer_shape
09-10 09:45:24  com.ubercab.driver  card=false money=false offer_shape=false suburbs=Patterson Lakes,Sandhurst area=SomeOutside:Sandhurst chime=none_not_offer_shape
09-10 09:45:26  com.ubercab.driver  card=false money=false offer_shape=false suburbs=Patterson Lakes,Sandhurst area=SomeOutside:Sandhurst chime=none_not_offer_shape
09-10 09:45:28  com.ubercab.driver  card=false money=false offer_shape=false suburbs=Patterson Lakes,Sandhurst area=SomeOutside:Sandhurst chime=none_not_offer_shape
09-10 09:45:30  com.ubercab.driver  card=false money=false offer_shape=false suburbs=Patterson Lakes,Sandhurst area=SomeOutside:Sandhurst chime=none_not_offer_shape
09-10 09:45:33  com.ubercab.driver  card=false money=false offer_shape=false suburbs=Patterson Lakes,Sandhurst area=SomeOutside:Sandhurst chime=none_not_offer_shape
09-10 09:45:35  com.ubercab.driver  card=false money=false offer_shape=false suburbs=Patterson Lakes,Sandhurst area=SomeOutside:Sandhurst chime=none_not_offer_shape
09-10 09:45:38  com.ubercab.driver  card=false money=false offer_shape=false suburbs=Patterson Lakes,Sandhurst area=SomeOutside:Sandhurst chime=none_not_offer_shape
09-10 09:45:40  com.ubercab.driver  card=false money=false offer_shape=false suburbs=Patterson Lakes,Sandhurst area=SomeOutside:Sandhurst chime=none_not_offer_shape
09-10 09:45:42  com.ubercab.driver  card=false money=false offer_shape=false suburbs=Patterson Lakes,Sandhurst area=SomeOutside:Sandhurst chime=none_not_offer_shape
09-10 09:45:44  com.ubercab.driver  card=false money=false offer_shape=false suburbs=Patterson Lakes,Sandhurst area=SomeOutside:Sandhurst chime=none_not_offer_shape
09-10 09:45:46  com.ubercab.driver  card=false money=false offer_shape=false suburbs=Patterson Lakes,Sandhurst area=SomeOutside:Sandhurst chime=none_not_offer_shape
09-10 09:45:48  com.ubercab.driver  card=false money=false offer_shape=false suburbs=Patterson Lakes,Sandhurst area=SomeOutside:Sandhurst chime=none_not_offer_shape
09-10 09:45:50  com.ubercab.driver  card=false money=false offer_shape=false suburbs=Patterson Lakes,Sandhurst area=SomeOutside:Sandhurst chime=none_not_offer_shape
09-10 09:45:52  com.ubercab.driver  card=false money=false offer_shape=false suburbs=Patterson Lakes,Sandhurst area=SomeOutside:Sandhurst chime=none_not_offer_shape
09-10 09:45:54  com.ubercab.driver  card=false money=false offer_shape=false suburbs=Patterson Lakes,Sandhurst area=SomeOutside:Sandhurst chime=none_not_offer_shape
09-10 09:45:56  com.ubercab.driver  card=false money=false offer_shape=false suburbs=Patterson Lakes,Sandhurst area=SomeOutside:Sandhurst chime=none_not_offer_shape
09-10 09:45:58  com.ubercab.driver  card=false money=false offer_shape=false suburbs=Patterson Lakes,Sandhurst area=SomeOutside:Sandhurst chime=none_not_offer_shape
09-10 09:46:00  com.ubercab.driver  card=false money=false offer_shape=false suburbs=Patterson Lakes,Sandhurst area=SomeOutside:Sandhurst chime=none_not_offer_shape
09-10 09:46:02  com.ubercab.driver  card=false money=false offer_shape=false suburbs=Patterson Lakes,Sandhurst area=SomeOutside:Sandhurst chime=none_not_offer_shape
09-10 09:46:04  com.ubercab.driver  card=false money=false offer_shape=false suburbs=Patterson Lakes,Sandhurst area=SomeOutside:Sandhurst chime=none_not_offer_shape
09-10 09:46:06  com.ubercab.driver  card=false money=false offer_shape=false suburbs=Patterson Lakes,Sandhurst area=SomeOutside:Sandhurst chime=none_not_offer_shape
09-10 09:46:08  com.ubercab.driver  card=false money=false offer_shape=false suburbs=Patterson Lakes,Sandhurst area=SomeOutside:Sandhurst chime=none_not_offer_shape
09-10 09:46:10  com.ubercab.driver  card=false money=false offer_shape=false suburbs=Patterson Lakes,Sandhurst area=SomeOutside:Sandhurst chime=none_not_offer_shape
09-10 09:46:12  com.ubercab.driver  card=false money=false offer_shape=false suburbs=Patterson Lakes,Sandhurst area=SomeOutside:Sandhurst chime=none_not_offer_shape
09-10 09:46:14  com.ubercab.driver  card=false money=false offer_shape=false suburbs=Patterson Lakes,Sandhurst area=SomeOutside:Sandhurst chime=none_not_offer_shape
09-10 09:46:16  com.ubercab.driver  card=false money=false offer_shape=false suburbs=Patterson Lakes,Sandhurst area=SomeOutside:Sandhurst chime=none_not_offer_shape
09-10 09:46:18  com.ubercab.driver  card=false money=false offer_shape=false suburbs=Patterson Lakes,Sandhurst area=SomeOutside:Sandhurst chime=none_not_offer_shape
09-10 09:46:20  com.ubercab.driver  card=false money=false offer_shape=false suburbs=Patterson Lakes,Sandhurst area=SomeOutside:Sandhurst chime=none_not_offer_shape
09-10 09:46:22  com.ubercab.driver  card=false money=false offer_shape=false suburbs=Patterson Lakes,Sandhurst area=SomeOutside:Sandhurst chime=none_not_offer_shape
09-10 09:46:25  com.ubercab.driver  card=false money=false offer_shape=false suburbs=Patterson Lakes,Sandhurst area=SomeOutside:Sandhurst chime=none_not_offer_shape
09-10 09:46:27  com.ubercab.driver  card=false money=false offer_shape=false suburbs=Patterson Lakes,Sandhurst area=SomeOutside:Sandhurst chime=none_not_offer_shape
09-10 09:46:29  com.ubercab.driver  card=false money=false offer_shape=false suburbs=Patterson Lakes,Sandhurst area=SomeOutside:Sandhurst chime=none_not_offer_shape
09-10 09:46:31  com.ubercab.driver  card=false money=false offer_shape=false suburbs=Patterson Lakes,Sandhurst area=SomeOutside:Sandhurst chime=none_not_offer_shape
09-10 09:46:33  com.ubercab.driver  card=false money=false offer_shape=false suburbs=Patterson Lakes,Sandhurst area=SomeOutside:Sandhurst chime=none_not_offer_shape
09-10 09:46:35  com.ubercab.driver  card=false money=false offer_shape=false suburbs=Patterson Lakes,Sandhurst area=SomeOutside:Sandhurst chime=none_not_offer_shape
09-10 09:46:37  com.ubercab.driver  card=false money=false offer_shape=false suburbs=Patterson Lakes,Sandhurst area=SomeOutside:Sandhurst chime=none_not_offer_shape
09-10 09:46:39  com.ubercab.driver  card=false money=false offer_shape=false suburbs=Patterson Lakes,Sandhurst area=SomeOutside:Sandhurst chime=none_not_offer_shape
09-10 09:46:41  com.ubercab.driver  card=false money=false offer_shape=false suburbs=Patterson Lakes,Sandhurst area=SomeOutside:Sandhurst chime=none_not_offer_shape
09-10 09:46:43  com.ubercab.driver  card=false money=false offer_shape=false suburbs=Patterson Lakes,Sandhurst area=SomeOutside:Sandhurst chime=none_not_offer_shape
09-10 09:46:45  com.ubercab.driver  card=false money=false offer_shape=false suburbs=Patterson Lakes,Sandhurst area=SomeOutside:Sandhurst chime=none_not_offer_shape
09-10 09:46:47  com.ubercab.driver  card=false money=false offer_shape=false suburbs=Patterson Lakes,Sandhurst area=SomeOutside:Sandhurst chime=none_not_offer_shape
09-10 09:46:49  com.ubercab.driver  card=false money=false offer_shape=false suburbs=Patterson Lakes,Sandhurst area=SomeOutside:Sandhurst chime=none_not_offer_shape
09-10 09:46:51  com.ubercab.driver  card=false money=false offer_shape=false suburbs=Patterson Lakes,Sandhurst area=SomeOutside:Sandhurst chime=none_not_offer_shape
09-10 09:46:53  com.ubercab.driver  card=false money=false offer_shape=false suburbs=Patterson Lakes,Sandhurst area=SomeOutside:Sandhurst chime=none_not_offer_shape
09-10 09:46:55  com.ubercab.driver  card=false money=false offer_shape=false suburbs=Patterson Lakes,Sandhurst area=SomeOutside:Sandhurst chime=none_not_offer_shape
09-10 09:46:57  com.ubercab.driver  card=false money=false offer_shape=false suburbs=Patterson Lakes,Sandhurst area=SomeOutside:Sandhurst chime=none_not_offer_shape
09-10 09:46:59  com.ubercab.driver  card=false money=false offer_shape=false suburbs=Patterson Lakes,Sandhurst area=SomeOutside:Sandhurst chime=none_not_offer_shape
09-10 09:47:01  com.ubercab.driver  card=false money=false offer_shape=false suburbs=Patterson Lakes,Sandhurst area=SomeOutside:Sandhurst chime=none_not_offer_shape
09-10 09:47:03  com.ubercab.driver  card=false money=false offer_shape=false suburbs=Patterson Lakes,Sandhurst area=SomeOutside:Sandhurst chime=none_not_offer_shape
09-10 09:47:05  com.ubercab.driver  card=false money=false offer_shape=false suburbs=Patterson Lakes,Sandhurst area=SomeOutside:Sandhurst chime=none_not_offer_shape
09-10 09:47:07  com.ubercab.driver  card=false money=false offer_shape=false suburbs=Patterson Lakes,Sandhurst area=SomeOutside:Sandhurst chime=none_not_offer_shape
09-10 09:47:09  com.ubercab.driver  card=false money=false offer_shape=false suburbs=Patterson Lakes,Sandhurst area=SomeOutside:Sandhurst chime=none_not_offer_shape
09-10 09:47:11  com.ubercab.driver  card=false money=false offer_shape=false suburbs=Patterson Lakes,Sandhurst area=SomeOutside:Sandhurst chime=none_not_offer_shape
09-10 09:47:14  com.ubercab.driver  card=false money=false offer_shape=false suburbs=Patterson Lakes,Sandhurst area=SomeOutside:Sandhurst chime=none_not_offer_shape
09-10 09:47:16  com.ubercab.driver  card=false money=false offer_shape=false suburbs=Patterson Lakes,Sandhurst area=SomeOutside:Sandhurst chime=none_not_offer_shape
09-10 09:47:18  com.ubercab.driver  card=false money=false offer_shape=false suburbs=Patterson Lakes,Sandhurst area=SomeOutside:Sandhurst chime=none_not_offer_shape
09-10 09:47:20  com.ubercab.driver  card=false money=false offer_shape=false suburbs=Patterson Lakes,Sandhurst area=SomeOutside:Sandhurst chime=none_not_offer_shape
09-10 09:47:22  com.ubercab.driver  card=false money=false offer_shape=false suburbs=Patterson Lakes,Sandhurst area=SomeOutside:Sandhurst chime=none_not_offer_shape
09-10 09:47:24  com.ubercab.driver  card=false money=false offer_shape=false suburbs=Patterson Lakes,Sandhurst area=SomeOutside:Sandhurst chime=none_not_offer_shape
09-10 09:47:26  com.ubercab.driver  card=false money=false offer_shape=false suburbs=Patterson Lakes,Sandhurst area=SomeOutside:Sandhurst chime=none_not_offer_shape
09-10 09:47:28  com.ubercab.driver  card=false money=false offer_shape=false suburbs=Patterson Lakes,Sandhurst area=SomeOutside:Sandhurst chime=none_not_offer_shape
09-10 09:47:30  com.ubercab.driver  card=false money=false offer_shape=false suburbs=Patterson Lakes,Sandhurst area=SomeOutside:Sandhurst chime=none_not_offer_shape
09-10 09:47:32  com.ubercab.driver  card=false money=false offer_shape=false suburbs=Patterson Lakes,Sandhurst area=SomeOutside:Sandhurst chime=none_not_offer_shape
09-10 09:47:34  com.ubercab.driver  card=false money=false offer_shape=false suburbs=Patterson Lakes,Sandhurst area=SomeOutside:Sandhurst chime=none_not_offer_shape
09-10 09:47:36  com.ubercab.driver  card=false money=false offer_shape=false suburbs=Patterson Lakes,Sandhurst area=SomeOutside:Sandhurst chime=none_not_offer_shape
09-10 09:47:38  com.ubercab.driver  card=false money=false offer_shape=false suburbs=Patterson Lakes,Sandhurst area=SomeOutside:Sandhurst chime=none_not_offer_shape
09-10 09:47:40  com.ubercab.driver  card=false money=false offer_shape=false suburbs=Patterson Lakes,Sandhurst area=SomeOutside:Sandhurst chime=none_not_offer_shape
09-10 09:47:42  com.ubercab.driver  card=false money=false offer_shape=false suburbs=Patterson Lakes,Sandhurst area=SomeOutside:Sandhurst chime=none_not_offer_shape
09-10 09:47:44  com.ubercab.driver  card=false money=false offer_shape=false suburbs=Patterson Lakes,Sandhurst area=SomeOutside:Sandhurst chime=none_not_offer_shape
09-10 09:47:47  com.ubercab.driver  card=false money=false offer_shape=false suburbs=Patterson Lakes,Sandhurst area=SomeOutside:Sandhurst chime=none_not_offer_shape
09-10 09:47:49  com.ubercab.driver  card=false money=false offer_shape=false suburbs=Patterson Lakes,Sandhurst area=SomeOutside:Sandhurst chime=none_not_offer_shape
09-10 09:47:51  com.ubercab.driver  card=false money=false offer_shape=false suburbs=Patterson Lakes,Sandhurst area=SomeOutside:Sandhurst chime=none_not_offer_shape
09-10 09:47:53  com.ubercab.driver  card=false money=false offer_shape=false suburbs=Patterson Lakes,Sandhurst area=SomeOutside:Sandhurst chime=none_not_offer_shape
09-10 09:47:55  com.ubercab.driver  card=false money=false offer_shape=false suburbs=Patterson Lakes,Sandhurst area=SomeOutside:Sandhurst chime=none_not_offer_shape
09-10 09:47:57  com.ubercab.driver  card=false money=false offer_shape=false suburbs=Patterson Lakes,Sandhurst area=SomeOutside:Sandhurst chime=none_not_offer_shape
09-10 09:47:59  com.ubercab.driver  card=false money=false offer_shape=false suburbs=Patterson Lakes,Sandhurst area=SomeOutside:Sandhurst chime=none_not_offer_shape
09-10 09:48:01  com.ubercab.driver  card=false money=false offer_shape=false suburbs=Patterson Lakes,Sandhurst area=SomeOutside:Sandhurst chime=none_not_offer_shape
09-10 09:48:03  com.ubercab.driver  card=false money=false offer_shape=false suburbs=Patterson Lakes,Sandhurst area=SomeOutside:Sandhurst chime=none_not_offer_shape
09-10 09:48:05  com.ubercab.driver  card=false money=false offer_shape=false suburbs=Patterson Lakes,Sandhurst area=SomeOutside:Sandhurst chime=none_not_offer_shape
09-10 09:48:07  com.ubercab.driver  card=false money=false offer_shape=false suburbs=Patterson Lakes,Sandhurst area=SomeOutside:Sandhurst chime=none_not_offer_shape
09-10 09:48:09  com.ubercab.driver  card=false money=false offer_shape=false suburbs=Patterson Lakes,Sandhurst area=SomeOutside:Sandhurst chime=none_not_offer_shape
09-10 09:48:11  com.ubercab.driver  card=false money=false offer_shape=false suburbs=Patterson Lakes,Sandhurst area=SomeOutside:Sandhurst chime=none_not_offer_shape
09-10 09:48:13  com.ubercab.driver  card=false money=false offer_shape=false suburbs=Patterson Lakes,Sandhurst area=SomeOutside:Sandhurst chime=none_not_offer_shape
09-10 09:48:15  com.ubercab.driver  card=false money=false offer_shape=false suburbs=Patterson Lakes,Sandhurst area=SomeOutside:Sandhurst chime=none_not_offer_shape
09-10 09:48:17  com.ubercab.driver  card=false money=false offer_shape=false suburbs=Patterson Lakes,Sandhurst area=SomeOutside:Sandhurst chime=none_not_offer_shape
09-10 09:48:19  com.ubercab.driver  card=false money=false offer_shape=false suburbs=Patterson Lakes,Sandhurst area=SomeOutside:Sandhurst chime=none_not_offer_shape
09-10 09:48:21  com.ubercab.driver  card=false money=false offer_shape=false suburbs=Patterson Lakes,Sandhurst area=SomeOutside:Sandhurst chime=none_not_offer_shape
09-10 09:48:23  com.ubercab.driver  card=false money=false offer_shape=false suburbs=Patterson Lakes,Sandhurst area=SomeOutside:Sandhurst chime=none_not_offer_shape
09-10 09:48:25  com.ubercab.driver  card=false money=false offer_shape=false suburbs=Patterson Lakes,Sandhurst area=SomeOutside:Sandhurst chime=none_not_offer_shape
09-10 09:48:28  com.ubercab.driver  card=false money=false offer_shape=false suburbs=Patterson Lakes,Sandhurst area=SomeOutside:Sandhurst chime=none_not_offer_shape
09-10 09:48:30  com.ubercab.driver  card=false money=false offer_shape=false suburbs=Patterson Lakes,Sandhurst area=SomeOutside:Sandhurst chime=none_not_offer_shape
09-10 09:48:33  com.ubercab.driver  card=false money=false offer_shape=false suburbs=Patterson Lakes,Sandhurst area=SomeOutside:Sandhurst chime=none_not_offer_shape
09-10 09:48:35  com.ubercab.driver  card=false money=false offer_shape=false suburbs=Patterson Lakes,Sandhurst area=SomeOutside:Sandhurst chime=none_not_offer_shape
09-10 09:48:37  com.ubercab.driver  card=false money=false offer_shape=false suburbs=Patterson Lakes,Sandhurst area=SomeOutside:Sandhurst chime=none_not_offer_shape
09-10 09:48:40  com.ubercab.driver  card=false money=false offer_shape=false suburbs=Patterson Lakes,Sandhurst area=SomeOutside:Sandhurst chime=none_not_offer_shape
09-10 09:48:42  com.ubercab.driver  card=false money=false offer_shape=false suburbs=Patterson Lakes,Sandhurst area=SomeOutside:Sandhurst chime=none_not_offer_shape
09-10 09:48:44  com.ubercab.driver  card=false money=false offer_shape=false suburbs=Patterson Lakes,Sandhurst area=SomeOutside:Sandhurst chime=none_not_offer_shape
09-10 09:48:47  com.ubercab.driver  card=false money=false offer_shape=false suburbs=Patterson Lakes,Sandhurst area=SomeOutside:Sandhurst chime=none_not_offer_shape
09-10 09:48:49  com.ubercab.driver  card=false money=false offer_shape=false suburbs=Patterson Lakes,Sandhurst area=SomeOutside:Sandhurst chime=none_not_offer_shape
09-10 09:48:52  com.ubercab.driver  card=false money=false offer_shape=false suburbs=Patterson Lakes,Sandhurst area=SomeOutside:Sandhurst chime=none_not_offer_shape
09-10 09:48:54  com.ubercab.driver  card=false money=false offer_shape=false suburbs=Patterson Lakes,Sandhurst area=SomeOutside:Sandhurst chime=none_not_offer_shape
09-10 09:48:56  com.ubercab.driver  card=false money=false offer_shape=false suburbs=Patterson Lakes,Sandhurst area=SomeOutside:Sandhurst chime=none_not_offer_shape
09-10 09:48:59  com.ubercab.driver  card=false money=false offer_shape=false suburbs=Patterson Lakes,Sandhurst area=SomeOutside:Sandhurst chime=none_not_offer_shape
09-10 09:49:01  com.ubercab.driver  card=false money=false offer_shape=false suburbs=Patterson Lakes,Sandhurst area=SomeOutside:Sandhurst chime=none_not_offer_shape
09-10 09:49:03  com.ubercab.driver  card=false money=false offer_shape=false suburbs=Patterson Lakes,Sandhurst area=SomeOutside:Sandhurst chime=none_not_offer_shape
09-10 09:49:05  com.ubercab.driver  card=false money=false offer_shape=false suburbs=Patterson Lakes,Sandhurst area=SomeOutside:Sandhurst chime=none_not_offer_shape
09-10 09:49:08  com.ubercab.driver  card=false money=false offer_shape=false suburbs=Patterson Lakes,Sandhurst area=SomeOutside:Sandhurst chime=none_not_offer_shape
09-10 09:49:11  com.ubercab.driver  card=false money=false offer_shape=false suburbs=Patterson Lakes,Sandhurst area=SomeOutside:Sandhurst chime=none_not_offer_shape
09-10 09:49:13  com.ubercab.driver  card=false money=false offer_shape=false suburbs=Patterson Lakes,Sandhurst area=SomeOutside:Sandhurst chime=none_not_offer_shape
09-10 09:49:15  com.ubercab.driver  card=false money=false offer_shape=false suburbs=Patterson Lakes,Sandhurst area=SomeOutside:Sandhurst chime=none_not_offer_shape
09-10 09:49:18  com.ubercab.driver  card=false money=false offer_shape=false suburbs=Patterson Lakes,Sandhurst area=SomeOutside:Sandhurst chime=none_not_offer_shape
09-10 09:49:21  com.ubercab.driver  card=false money=false offer_shape=false suburbs=Patterson Lakes,Sandhurst area=SomeOutside:Sandhurst chime=none_not_offer_shape
09-10 09:49:23  com.ubercab.driver  card=false money=false offer_shape=false suburbs=Patterson Lakes,Sandhurst area=SomeOutside:Sandhurst chime=none_not_offer_shape
09-10 09:49:26  com.ubercab.driver  card=false money=false offer_shape=false suburbs=Patterson Lakes,Sandhurst area=SomeOutside:Sandhurst chime=none_not_offer_shape
09-10 09:49:28  com.ubercab.driver  card=false money=false offer_shape=false suburbs=Patterson Lakes,Sandhurst area=SomeOutside:Sandhurst chime=none_not_offer_shape
09-10 09:49:30  com.ubercab.driver  card=false money=false offer_shape=false suburbs=Patterson Lakes,Sandhurst area=SomeOutside:Sandhurst chime=none_not_offer_shape
09-10 09:49:33  com.ubercab.driver  card=false money=false offer_shape=false suburbs= area=NoSuburb chime=none_not_offer_shape
09-10 09:49:38  com.ubercab.driver  card=false money=false offer_shape=false suburbs=Patterson Lakes,Sandhurst area=SomeOutside:Sandhurst chime=none_not_offer_shape
09-10 09:49:40  com.ubercab.driver  card=false money=false offer_shape=false suburbs=Patterson Lakes,Sandhurst area=SomeOutside:Sandhurst chime=none_not_offer_shape
09-10 09:49:42  com.ubercab.driver  card=false money=false offer_shape=false suburbs=Patterson Lakes,Sandhurst area=SomeOutside:Sandhurst chime=none_not_offer_shape
09-10 09:49:44  com.ubercab.driver  card=false money=false offer_shape=false suburbs=Patterson Lakes,Sandhurst area=SomeOutside:Sandhurst chime=none_not_offer_shape
09-10 09:49:47  com.ubercab.driver  card=false money=false offer_shape=false suburbs=Patterson Lakes,Sandhurst area=SomeOutside:Sandhurst chime=none_not_offer_shape
09-10 09:49:49  com.ubercab.driver  card=false money=false offer_shape=false suburbs=Patterson Lakes,Sandhurst area=SomeOutside:Sandhurst chime=none_not_offer_shape
09-10 09:49:51  com.ubercab.driver  card=false money=false offer_shape=false suburbs=Patterson Lakes,Sandhurst area=SomeOutside:Sandhurst chime=none_not_offer_shape
09-10 09:49:54  com.ubercab.driver  card=false money=false offer_shape=false suburbs=Patterson Lakes,Sandhurst area=SomeOutside:Sandhurst chime=none_not_offer_shape
09-10 09:49:57  com.ubercab.driver  card=false money=false offer_shape=false suburbs=Patterson Lakes,Sandhurst area=SomeOutside:Sandhurst chime=none_not_offer_shape
09-10 09:49:59  com.ubercab.driver  card=false money=false offer_shape=false suburbs=Patterson Lakes,Sandhurst area=SomeOutside:Sandhurst chime=none_not_offer_shape
09-10 09:50:02  com.ubercab.driver  card=false money=false offer_shape=false suburbs=Patterson Lakes,Sandhurst area=SomeOutside:Sandhurst chime=none_not_offer_shape
09-10 09:50:04  com.ubercab.driver  card=false money=false offer_shape=false suburbs=Patterson Lakes,Sandhurst area=SomeOutside:Sandhurst chime=none_not_offer_shape
09-10 09:50:06  com.ubercab.driver  card=false money=false offer_shape=false suburbs=Patterson Lakes,Sandhurst area=SomeOutside:Sandhurst chime=none_not_offer_shape
09-10 09:50:09  com.ubercab.driver  card=false money=false offer_shape=false suburbs=Patterson Lakes,Sandhurst area=SomeOutside:Sandhurst chime=none_not_offer_shape
09-10 09:50:11  com.ubercab.driver  card=false money=false offer_shape=false suburbs=Patterson Lakes,Sandhurst area=SomeOutside:Sandhurst chime=none_not_offer_shape
09-10 09:50:13  com.ubercab.driver  card=false money=false offer_shape=false suburbs=Patterson Lakes,Sandhurst area=SomeOutside:Sandhurst chime=none_not_offer_shape
09-10 09:50:15  com.ubercab.driver  card=false money=false offer_shape=false suburbs=Patterson Lakes,Sandhurst area=SomeOutside:Sandhurst chime=none_not_offer_shape
09-10 09:50:17  com.ubercab.driver  card=false money=false offer_shape=false suburbs=Patterson Lakes,Sandhurst area=SomeOutside:Sandhurst chime=none_not_offer_shape
09-10 09:50:19  com.ubercab.driver  card=false money=false offer_shape=false suburbs=Patterson Lakes,Sandhurst area=SomeOutside:Sandhurst chime=none_not_offer_shape
09-10 09:50:21  com.ubercab.driver  card=false money=false offer_shape=false suburbs=Patterson Lakes,Sandhurst area=SomeOutside:Sandhurst chime=none_not_offer_shape
09-10 09:50:23  com.ubercab.driver  card=false money=false offer_shape=false suburbs=Patterson Lakes,Sandhurst area=SomeOutside:Sandhurst chime=none_not_offer_shape
09-10 09:50:25  com.ubercab.driver  card=false money=false offer_shape=false suburbs=Patterson Lakes,Sandhurst area=SomeOutside:Sandhurst chime=none_not_offer_shape
09-10 09:50:27  com.ubercab.driver  card=false money=false offer_shape=false suburbs=Patterson Lakes,Sandhurst area=SomeOutside:Sandhurst chime=none_not_offer_shape
09-10 09:50:30  com.ubercab.driver  card=false money=false offer_shape=false suburbs=Patterson Lakes,Sandhurst area=SomeOutside:Sandhurst chime=none_not_offer_shape
09-10 09:50:32  com.ubercab.driver  card=false money=false offer_shape=false suburbs=Patterson Lakes,Sandhurst area=SomeOutside:Sandhurst chime=none_not_offer_shape
09-10 09:50:34  com.ubercab.driver  card=false money=false offer_shape=false suburbs=Patterson Lakes,Sandhurst area=SomeOutside:Sandhurst chime=none_not_offer_shape
09-10 09:50:36  com.ubercab.driver  card=false money=false offer_shape=false suburbs=Patterson Lakes,Sandhurst area=SomeOutside:Sandhurst chime=none_not_offer_shape
09-10 09:50:38  com.ubercab.driver  card=false money=false offer_shape=false suburbs=Patterson Lakes,Sandhurst area=SomeOutside:Sandhurst chime=none_not_offer_shape
09-10 09:50:40  com.ubercab.driver  card=false money=false offer_shape=false suburbs=Patterson Lakes,Sandhurst area=SomeOutside:Sandhurst chime=none_not_offer_shape
09-10 09:50:42  com.ubercab.driver  card=false money=false offer_shape=false suburbs=Patterson Lakes,Sandhurst area=SomeOutside:Sandhurst chime=none_not_offer_shape
09-10 09:50:44  com.ubercab.driver  card=false money=false offer_shape=false suburbs=Patterson Lakes,Sandhurst area=SomeOutside:Sandhurst chime=none_not_offer_shape
09-10 09:50:46  com.ubercab.driver  card=false money=false offer_shape=false suburbs=Patterson Lakes,Sandhurst area=SomeOutside:Sandhurst chime=none_not_offer_shape
09-10 09:50:48  com.ubercab.driver  card=false money=false offer_shape=false suburbs=Patterson Lakes,Sandhurst area=SomeOutside:Sandhurst chime=none_not_offer_shape
09-10 09:50:50  com.ubercab.driver  card=false money=false offer_shape=false suburbs=Patterson Lakes,Sandhurst area=SomeOutside:Sandhurst chime=none_not_offer_shape
09-10 09:50:52  com.ubercab.driver  card=false money=false offer_shape=false suburbs=Patterson Lakes,Sandhurst area=SomeOutside:Sandhurst chime=none_not_offer_shape
09-10 09:50:54  com.ubercab.driver  card=false money=false offer_shape=false suburbs=Patterson Lakes,Sandhurst area=SomeOutside:Sandhurst chime=none_not_offer_shape
09-10 09:50:56  com.ubercab.driver  card=false money=false offer_shape=false suburbs=Patterson Lakes,Sandhurst area=SomeOutside:Sandhurst chime=none_not_offer_shape
09-10 09:50:58  com.ubercab.driver  card=false money=false offer_shape=false suburbs=Patterson Lakes,Sandhurst area=SomeOutside:Sandhurst chime=none_not_offer_shape
09-10 09:51:00  com.ubercab.driver  card=false money=false offer_shape=false suburbs=Patterson Lakes,Sandhurst area=SomeOutside:Sandhurst chime=none_not_offer_shape
09-10 09:51:02  com.ubercab.driver  card=false money=false offer_shape=false suburbs=Patterson Lakes,Sandhurst area=SomeOutside:Sandhurst chime=none_not_offer_shape
09-10 09:51:04  com.ubercab.driver  card=false money=false offer_shape=false suburbs=Patterson Lakes,Sandhurst area=SomeOutside:Sandhurst chime=none_not_offer_shape
09-10 09:51:06  com.ubercab.driver  card=false money=false offer_shape=false suburbs=Patterson Lakes,Sandhurst area=SomeOutside:Sandhurst chime=none_not_offer_shape
09-10 09:51:09  com.ubercab.driver  card=false money=false offer_shape=false suburbs=Patterson Lakes,Sandhurst area=SomeOutside:Sandhurst chime=none_not_offer_shape
09-10 09:51:11  com.ubercab.driver  card=false money=false offer_shape=false suburbs=Patterson Lakes,Sandhurst area=SomeOutside:Sandhurst chime=none_not_offer_shape
09-10 09:51:13  com.ubercab.driver  card=false money=false offer_shape=false suburbs=Patterson Lakes,Sandhurst area=SomeOutside:Sandhurst chime=none_not_offer_shape
09-10 09:51:15  com.ubercab.driver  card=false money=false offer_shape=false suburbs=Patterson Lakes,Sandhurst area=SomeOutside:Sandhurst chime=none_not_offer_shape
09-10 09:51:17  com.ubercab.driver  card=false money=false offer_shape=false suburbs=Patterson Lakes,Sandhurst area=SomeOutside:Sandhurst chime=none_not_offer_shape
09-10 09:51:19  com.ubercab.driver  card=false money=false offer_shape=false suburbs=Patterson Lakes,Sandhurst area=SomeOutside:Sandhurst chime=none_not_offer_shape
09-10 09:51:21  com.ubercab.driver  card=false money=false offer_shape=false suburbs=Patterson Lakes,Sandhurst area=SomeOutside:Sandhurst chime=none_not_offer_shape
09-10 09:51:23  com.ubercab.driver  card=false money=false offer_shape=false suburbs=Patterson Lakes,Sandhurst area=SomeOutside:Sandhurst chime=none_not_offer_shape
09-10 09:51:25  com.ubercab.driver  card=false money=false offer_shape=false suburbs=Patterson Lakes,Sandhurst area=SomeOutside:Sandhurst chime=none_not_offer_shape
09-10 09:51:27  com.ubercab.driver  card=false money=false offer_shape=false suburbs=Patterson Lakes,Sandhurst area=SomeOutside:Sandhurst chime=none_not_offer_shape
09-10 09:51:29  com.ubercab.driver  card=false money=false offer_shape=false suburbs=Patterson Lakes,Sandhurst area=SomeOutside:Sandhurst chime=none_not_offer_shape
09-10 09:51:31  com.ubercab.driver  card=false money=false offer_shape=false suburbs=Patterson Lakes,Sandhurst area=SomeOutside:Sandhurst chime=none_not_offer_shape
09-10 09:51:33  com.ubercab.driver  card=false money=false offer_shape=false suburbs=Patterson Lakes,Sandhurst area=SomeOutside:Sandhurst chime=none_not_offer_shape
09-10 09:51:35  com.ubercab.driver  card=false money=false offer_shape=false suburbs=Patterson Lakes,Sandhurst area=SomeOutside:Sandhurst chime=none_not_offer_shape
09-10 09:51:37  com.ubercab.driver  card=false money=false offer_shape=false suburbs=Patterson Lakes,Sandhurst area=SomeOutside:Sandhurst chime=none_not_offer_shape
09-10 09:51:39  com.ubercab.driver  card=false money=false offer_shape=false suburbs=Patterson Lakes,Sandhurst area=SomeOutside:Sandhurst chime=none_not_offer_shape
09-10 09:51:41  com.ubercab.driver  card=false money=false offer_shape=false suburbs=Patterson Lakes,Sandhurst area=SomeOutside:Sandhurst chime=none_not_offer_shape
09-10 09:51:43  com.ubercab.driver  card=false money=false offer_shape=false suburbs=Patterson Lakes,Sandhurst area=SomeOutside:Sandhurst chime=none_not_offer_shape
09-10 09:51:45  com.ubercab.driver  card=false money=false offer_shape=false suburbs=Patterson Lakes,Sandhurst area=SomeOutside:Sandhurst chime=none_not_offer_shape
09-10 09:51:47  com.ubercab.driver  card=false money=false offer_shape=false suburbs=Patterson Lakes,Sandhurst area=SomeOutside:Sandhurst chime=none_not_offer_shape
09-10 09:51:49  com.ubercab.driver  card=false money=false offer_shape=false suburbs=Patterson Lakes,Sandhurst area=SomeOutside:Sandhurst chime=none_not_offer_shape
09-10 09:51:52  com.ubercab.driver  card=false money=false offer_shape=false suburbs=Patterson Lakes,Sandhurst area=SomeOutside:Sandhurst chime=none_not_offer_shape
09-10 09:51:54  com.ubercab.driver  card=false money=false offer_shape=false suburbs=Patterson Lakes,Sandhurst area=SomeOutside:Sandhurst chime=none_not_offer_shape
09-10 09:51:56  com.ubercab.driver  card=false money=false offer_shape=false suburbs=Patterson Lakes,Sandhurst area=SomeOutside:Sandhurst chime=none_not_offer_shape
09-10 09:51:58  com.ubercab.driver  card=false money=false offer_shape=false suburbs=Patterson Lakes,Sandhurst area=SomeOutside:Sandhurst chime=none_not_offer_shape
09-10 09:52:00  com.ubercab.driver  card=false money=false offer_shape=false suburbs=Patterson Lakes,Sandhurst area=SomeOutside:Sandhurst chime=none_not_offer_shape
09-10 09:52:02  com.ubercab.driver  card=false money=false offer_shape=false suburbs=Patterson Lakes,Sandhurst area=SomeOutside:Sandhurst chime=none_not_offer_shape
09-10 09:52:04  com.ubercab.driver  card=false money=false offer_shape=false suburbs=Patterson Lakes,Sandhurst area=SomeOutside:Sandhurst chime=none_not_offer_shape
09-10 09:52:06  com.ubercab.driver  card=false money=false offer_shape=false suburbs=Patterson Lakes,Sandhurst area=SomeOutside:Sandhurst chime=none_not_offer_shape
09-10 09:52:08  com.ubercab.driver  card=false money=false offer_shape=false suburbs=Patterson Lakes,Sandhurst area=SomeOutside:Sandhurst chime=none_not_offer_shape
09-10 09:52:10  com.ubercab.driver  card=false money=false offer_shape=false suburbs=Patterson Lakes,Sandhurst area=SomeOutside:Sandhurst chime=none_not_offer_shape
09-10 09:52:12  com.ubercab.driver  card=false money=false offer_shape=false suburbs=Patterson Lakes,Sandhurst area=SomeOutside:Sandhurst chime=none_not_offer_shape
09-10 09:52:14  com.ubercab.driver  card=false money=false offer_shape=false suburbs=Patterson Lakes,Sandhurst area=SomeOutside:Sandhurst chime=none_not_offer_shape
09-10 09:52:16  com.ubercab.driver  card=false money=false offer_shape=false suburbs=Patterson Lakes,Sandhurst area=SomeOutside:Sandhurst chime=none_not_offer_shape
09-10 09:52:19  com.ubercab.driver  card=false money=false offer_shape=false suburbs=Patterson Lakes,Sandhurst area=SomeOutside:Sandhurst chime=none_not_offer_shape
09-10 09:52:21  com.ubercab.driver  card=false money=false offer_shape=false suburbs=Patterson Lakes,Sandhurst area=SomeOutside:Sandhurst chime=none_not_offer_shape
09-10 09:52:23  com.ubercab.driver  card=false money=false offer_shape=false suburbs=Patterson Lakes,Sandhurst area=SomeOutside:Sandhurst chime=none_not_offer_shape
09-10 09:52:25  com.ubercab.driver  card=false money=false offer_shape=false suburbs=Patterson Lakes,Sandhurst area=SomeOutside:Sandhurst chime=none_not_offer_shape
09-10 09:52:27  com.ubercab.driver  card=false money=false offer_shape=false suburbs=Patterson Lakes,Sandhurst area=SomeOutside:Sandhurst chime=none_not_offer_shape
09-10 09:52:29  com.ubercab.driver  card=false money=false offer_shape=false suburbs=Patterson Lakes,Sandhurst area=SomeOutside:Sandhurst chime=none_not_offer_shape
09-10 09:52:32  com.ubercab.driver  card=false money=false offer_shape=false suburbs=Patterson Lakes,Sandhurst area=SomeOutside:Sandhurst chime=none_not_offer_shape
09-10 09:52:34  com.ubercab.driver  card=false money=false offer_shape=false suburbs=Patterson Lakes,Sandhurst area=SomeOutside:Sandhurst chime=none_not_offer_shape
09-10 09:52:36  com.ubercab.driver  card=false money=false offer_shape=false suburbs=Patterson Lakes,Sandhurst area=SomeOutside:Sandhurst chime=none_not_offer_shape
09-10 09:52:38  com.ubercab.driver  card=false money=false offer_shape=false suburbs=Patterson Lakes,Sandhurst area=SomeOutside:Sandhurst chime=none_not_offer_shape
09-10 09:52:40  com.ubercab.driver  card=false money=false offer_shape=false suburbs=Patterson Lakes,Sandhurst area=SomeOutside:Sandhurst chime=none_not_offer_shape
09-10 09:52:42  com.ubercab.driver  card=false money=false offer_shape=false suburbs=Patterson Lakes,Sandhurst area=SomeOutside:Sandhurst chime=none_not_offer_shape
09-10 09:52:44  com.ubercab.driver  card=false money=false offer_shape=false suburbs=Patterson Lakes,Sandhurst area=SomeOutside:Sandhurst chime=none_not_offer_shape
09-10 09:52:46  com.ubercab.driver  card=false money=false offer_shape=false suburbs=Patterson Lakes,Sandhurst area=SomeOutside:Sandhurst chime=none_not_offer_shape
09-10 09:52:49  com.ubercab.driver  card=false money=false offer_shape=false suburbs=Patterson Lakes,Sandhurst area=SomeOutside:Sandhurst chime=none_not_offer_shape
09-10 09:52:51  com.ubercab.driver  card=false money=false offer_shape=false suburbs=Patterson Lakes,Sandhurst area=SomeOutside:Sandhurst chime=none_not_offer_shape
09-10 09:52:53  com.ubercab.driver  card=false money=false offer_shape=false suburbs=Patterson Lakes,Sandhurst area=SomeOutside:Sandhurst chime=none_not_offer_shape
09-10 09:52:55  com.ubercab.driver  card=false money=false offer_shape=false suburbs=Patterson Lakes,Sandhurst area=SomeOutside:Sandhurst chime=none_not_offer_shape
09-10 09:52:57  com.ubercab.driver  card=false money=false offer_shape=false suburbs=Patterson Lakes,Sandhurst area=SomeOutside:Sandhurst chime=none_not_offer_shape
09-10 09:52:59  com.ubercab.driver  card=false money=false offer_shape=false suburbs=Patterson Lakes,Sandhurst area=SomeOutside:Sandhurst chime=none_not_offer_shape
09-10 09:53:01  com.ubercab.driver  card=false money=false offer_shape=false suburbs=Patterson Lakes,Sandhurst area=SomeOutside:Sandhurst chime=none_not_offer_shape
09-10 09:53:03  com.ubercab.driver  card=false money=false offer_shape=false suburbs=Patterson Lakes,Sandhurst area=SomeOutside:Sandhurst chime=none_not_offer_shape
09-10 09:53:05  com.ubercab.driver  card=false money=false offer_shape=false suburbs=Patterson Lakes,Sandhurst area=SomeOutside:Sandhurst chime=none_not_offer_shape
09-10 09:53:07  com.ubercab.driver  card=false money=false offer_shape=false suburbs=Patterson Lakes,Sandhurst area=SomeOutside:Sandhurst chime=none_not_offer_shape
09-10 09:53:10  com.ubercab.driver  card=false money=false offer_shape=false suburbs=Patterson Lakes,Sandhurst area=SomeOutside:Sandhurst chime=none_not_offer_shape
09-10 09:53:12  com.ubercab.driver  card=false money=false offer_shape=false suburbs=Patterson Lakes,Sandhurst area=SomeOutside:Sandhurst chime=none_not_offer_shape
09-10 09:53:14  com.ubercab.driver  card=false money=false offer_shape=false suburbs=Sandhurst area=SomeOutside:Sandhurst chime=none_not_offer_shape
09-10 09:53:16  com.ubercab.driver  card=false money=false offer_shape=false suburbs=Sandhurst area=SomeOutside:Sandhurst chime=none_not_offer_shape
09-10 09:53:18  com.ubercab.driver  card=false money=false offer_shape=false suburbs=Patterson Lakes,Sandhurst area=SomeOutside:Sandhurst chime=none_not_offer_shape
09-10 09:53:20  com.ubercab.driver  card=false money=false offer_shape=false suburbs=Sandhurst area=SomeOutside:Sandhurst chime=none_not_offer_shape
09-10 09:53:22  com.ubercab.driver  card=false money=false offer_shape=false suburbs=Patterson Lakes,Sandhurst area=SomeOutside:Sandhurst chime=none_not_offer_shape
09-10 09:53:24  com.ubercab.driver  card=false money=false offer_shape=false suburbs=Patterson Lakes,Sandhurst area=SomeOutside:Sandhurst chime=none_not_offer_shape
09-10 09:53:27  com.ubercab.driver  card=false money=false offer_shape=false suburbs=Patterson Lakes,Sandhurst area=SomeOutside:Sandhurst chime=none_not_offer_shape
09-10 09:53:29  com.ubercab.driver  card=false money=false offer_shape=false suburbs=Patterson Lakes,Sandhurst area=SomeOutside:Sandhurst chime=none_not_offer_shape
09-10 09:53:31  com.ubercab.driver  card=false money=false offer_shape=false suburbs=Patterson Lakes,Sandhurst area=SomeOutside:Sandhurst chime=none_not_offer_shape
09-10 09:53:33  com.ubercab.driver  card=false money=false offer_shape=false suburbs=Patterson Lakes,Sandhurst area=SomeOutside:Sandhurst chime=none_not_offer_shape
09-10 09:53:35  com.ubercab.driver  card=false money=false offer_shape=false suburbs=Patterson Lakes,Sandhurst area=SomeOutside:Sandhurst chime=none_not_offer_shape
09-10 09:53:37  com.ubercab.driver  card=false money=false offer_shape=false suburbs=Patterson Lakes,Sandhurst area=SomeOutside:Sandhurst chime=none_not_offer_shape
09-10 09:53:39  com.ubercab.driver  card=false money=false offer_shape=false suburbs=Sandhurst area=SomeOutside:Sandhurst chime=none_not_offer_shape
09-10 09:53:41  com.ubercab.driver  card=false money=false offer_shape=false suburbs=Sandhurst area=SomeOutside:Sandhurst chime=none_not_offer_shape
09-10 09:53:56  locked_or_unknown  card=false money=false offer_shape=false suburbs= area=NoSuburb chime=none_not_offer_shape
09-10 09:53:56  com.android.systemui  card=false money=false offer_shape=false suburbs= area=NoSuburb chime=none_not_offer_shape
09-10 09:53:57  com.android.systemui  card=false money=false offer_shape=false suburbs= area=NoSuburb chime=none_not_offer_shape
09-10 09:53:58  com.android.systemui  card=false money=false offer_shape=false suburbs= area=NoSuburb chime=none_not_offer_shape
09-10 09:53:59  com.android.systemui  card=false money=false offer_shape=false suburbs= area=NoSuburb chime=none_not_offer_shape
09-10 09:54:00  com.android.systemui  card=false money=false offer_shape=false suburbs= area=NoSuburb chime=none_not_offer_shape
09-10 09:54:01  com.android.systemui  card=false money=false offer_shape=false suburbs= area=NoSuburb chime=none_not_offer_shape
09-10 09:54:02  com.android.systemui  card=false money=false offer_shape=false suburbs= area=NoSuburb chime=none_not_offer_shape
09-10 09:54:03  com.android.systemui  card=false money=false offer_shape=false suburbs= area=NoSuburb chime=none_not_offer_shape
09-10 09:54:04  com.android.systemui  card=false money=false offer_shape=false suburbs= area=NoSuburb chime=none_not_offer_shape
09-10 09:54:05  com.android.systemui  card=false money=false offer_shape=false suburbs= area=NoSuburb chime=none_not_offer_shape
09-10 09:54:06  com.android.systemui  card=false money=false offer_shape=false suburbs= area=NoSuburb chime=none_not_offer_shape
09-10 09:54:08  com.android.systemui  card=false money=false offer_shape=false suburbs= area=NoSuburb chime=none_not_offer_shape
09-10 09:54:09  com.android.systemui  card=false money=false offer_shape=false suburbs= area=NoSuburb chime=none_not_offer_shape
09-10 09:54:10  com.android.systemui  card=false money=false offer_shape=false suburbs= area=NoSuburb chime=none_not_offer_shape
09-10 09:54:11  com.android.systemui  card=false money=false offer_shape=false suburbs= area=NoSuburb chime=none_not_offer_shape
09-10 09:54:12  com.android.systemui  card=false money=false offer_shape=false suburbs= area=NoSuburb chime=none_not_offer_shape
09-10 09:54:13  com.android.systemui  card=false money=false offer_shape=false suburbs= area=NoSuburb chime=none_not_offer_shape
09-10 09:54:14  com.android.systemui  card=false money=false offer_shape=false suburbs= area=NoSuburb chime=none_not_offer_shape
09-10 09:54:15  com.android.systemui  card=false money=false offer_shape=false suburbs= area=NoSuburb chime=none_not_offer_shape
09-10 09:54:16  com.android.systemui  card=false money=false offer_shape=false suburbs= area=NoSuburb chime=none_not_offer_shape
09-10 09:54:17  com.android.systemui  card=false money=false offer_shape=false suburbs= area=NoSuburb chime=none_not_offer_shape
09-10 09:54:18  com.android.systemui  card=false money=false offer_shape=false suburbs= area=NoSuburb chime=none_not_offer_shape
09-10 09:54:19  com.android.systemui  card=false money=false offer_shape=false suburbs= area=NoSuburb chime=none_not_offer_shape
09-10 09:54:20  com.android.systemui  card=false money=false offer_shape=false suburbs= area=NoSuburb chime=none_not_offer_shape
09-10 09:54:21  com.android.systemui  card=false money=false offer_shape=false suburbs= area=NoSuburb chime=none_not_offer_shape
09-10 09:54:22  com.android.systemui  card=false money=false offer_shape=false suburbs= area=NoSuburb chime=none_not_offer_shape
09-10 09:54:23  com.android.systemui  card=false money=false offer_shape=false suburbs= area=NoSuburb chime=none_not_offer_shape
09-10 09:54:23  com.android.systemui  card=false money=false offer_shape=false suburbs= area=NoSuburb chime=none_not_offer_shape
09-10 09:54:24  com.android.systemui  card=false money=false offer_shape=false suburbs= area=NoSuburb chime=none_not_offer_shape
09-10 09:54:24  com.android.systemui  card=false money=false offer_shape=false suburbs= area=NoSuburb chime=none_not_offer_shape
09-10 09:54:25  com.android.systemui  card=false money=false offer_shape=false suburbs= area=NoSuburb chime=none_not_offer_shape
09-10 09:54:25  com.android.systemui  card=false money=false offer_shape=false suburbs= area=NoSuburb chime=none_not_offer_shape
09-10 09:54:26  locked_or_unknown  card=false money=false offer_shape=false suburbs= area=NoSuburb chime=none_not_offer_shape
09-10 09:54:26  com.android.systemui  card=false money=false offer_shape=false suburbs= area=NoSuburb chime=none_not_offer_shape
09-10 09:54:27  com.ubercab.driver  card=false money=false offer_shape=false suburbs=Sandhurst area=SomeOutside:Sandhurst chime=none_not_offer_shape
09-10 09:54:28  com.ubercab.driver  card=false money=false offer_shape=false suburbs=Sandhurst area=SomeOutside:Sandhurst chime=none_not_offer_shape
09-10 09:54:28  com.ubercab.driver  card=false money=false offer_shape=false suburbs=Sandhurst area=SomeOutside:Sandhurst chime=none_not_offer_shape
09-10 09:54:29  com.ubercab.driver  card=false money=false offer_shape=false suburbs=Patterson Lakes,Sandhurst area=SomeOutside:Sandhurst chime=none_not_offer_shape
09-10 09:54:30  com.ubercab.driver  card=false money=false offer_shape=false suburbs=Patterson Lakes,Sandhurst area=SomeOutside:Sandhurst chime=none_not_offer_shape
09-10 09:54:30  com.ubercab.driver  card=false money=false offer_shape=false suburbs=Sandhurst area=SomeOutside:Sandhurst chime=none_not_offer_shape
09-10 09:54:31  com.ubercab.driver  card=false money=false offer_shape=false suburbs=Sandhurst area=SomeOutside:Sandhurst chime=none_not_offer_shape
09-10 09:54:31  com.ubercab.driver  card=false money=false offer_shape=false suburbs= area=NoSuburb chime=none_not_offer_shape
09-10 09:54:32  com.ubercab.driver  card=false money=false offer_shape=false suburbs= area=NoSuburb chime=none_not_offer_shape
09-10 09:54:32  com.ubercab.driver  card=false money=false offer_shape=false suburbs= area=NoSuburb chime=none_not_offer_shape
09-10 09:54:33  com.ubercab.driver  card=false money=false offer_shape=false suburbs= area=NoSuburb chime=none_not_offer_shape
09-10 09:54:33  com.ubercab.driver  card=false money=false offer_shape=false suburbs= area=NoSuburb chime=none_not_offer_shape
09-10 09:54:34  com.ubercab.driver  card=false money=false offer_shape=false suburbs= area=NoSuburb chime=none_not_offer_shape
09-10 09:54:34  com.ubercab.driver  card=false money=false offer_shape=false suburbs= area=NoSuburb chime=none_not_offer_shape
09-10 09:54:35  com.ubercab.driver  card=false money=false offer_shape=false suburbs= area=NoSuburb chime=none_not_offer_shape
09-10 09:54:36  com.ubercab.driver  card=false money=false offer_shape=false suburbs= area=NoSuburb chime=none_not_offer_shape
09-10 09:54:36  com.ubercab.driver  card=false money=false offer_shape=false suburbs= area=NoSuburb chime=none_not_offer_shape
09-10 09:54:36  com.ubercab.driver  card=false money=false offer_shape=false suburbs= area=NoSuburb chime=none_not_offer_shape
09-10 09:54:37  com.ubercab.driver  card=false money=false offer_shape=false suburbs= area=NoSuburb chime=none_not_offer_shape
09-10 09:54:38  com.ubercab.driver  card=false money=false offer_shape=false suburbs= area=NoSuburb chime=none_not_offer_shape
09-10 09:54:39  com.ubercab.driver  card=false money=false offer_shape=false suburbs= area=NoSuburb chime=none_not_offer_shape
09-10 09:54:39  com.ubercab.driver  card=false money=false offer_shape=false suburbs= area=NoSuburb chime=none_not_offer_shape
09-10 09:54:40  com.ubercab.driver  card=false money=false offer_shape=false suburbs= area=NoSuburb chime=none_not_offer_shape
09-10 09:54:40  com.ubercab.driver  card=false money=false offer_shape=false suburbs= area=NoSuburb chime=none_not_offer_shape
09-10 09:54:41  com.ubercab.driver  card=false money=false offer_shape=false suburbs= area=NoSuburb chime=none_not_offer_shape
09-10 09:54:41  com.ubercab.driver  card=false money=false offer_shape=false suburbs= area=NoSuburb chime=none_not_offer_shape
09-10 09:54:42  com.ubercab.driver  card=false money=false offer_shape=false suburbs= area=NoSuburb chime=none_not_offer_shape
09-10 09:54:42  com.ubercab.driver  card=false money=false offer_shape=false suburbs= area=NoSuburb chime=none_not_offer_shape
09-10 09:54:43  com.ubercab.driver  card=false money=false offer_shape=false suburbs= area=NoSuburb chime=none_not_offer_shape
09-10 09:54:43  com.ubercab.driver  card=false money=false offer_shape=false suburbs= area=NoSuburb chime=none_not_offer_shape
09-10 09:54:44  com.ubercab.driver  card=false money=false offer_shape=false suburbs= area=NoSuburb chime=none_not_offer_shape
09-10 09:54:44  com.ubercab.driver  card=false money=false offer_shape=false suburbs= area=NoSuburb chime=none_not_offer_shape
09-10 09:54:45  com.ubercab.driver  card=false money=false offer_shape=false suburbs= area=NoSuburb chime=none_not_offer_shape
09-10 09:54:45  com.ubercab.driver  card=false money=false offer_shape=false suburbs= area=NoSuburb chime=none_not_offer_shape
09-10 09:54:46  com.ubercab.driver  card=false money=false offer_shape=false suburbs= area=NoSuburb chime=none_not_offer_shape
09-10 09:54:46  com.ubercab.driver  card=false money=false offer_shape=false suburbs= area=NoSuburb chime=none_not_offer_shape
09-10 09:54:47  com.ubercab.driver  card=false money=false offer_shape=false suburbs= area=NoSuburb chime=none_not_offer_shape
09-10 09:54:47  com.ubercab.driver  card=false money=false offer_shape=false suburbs= area=NoSuburb chime=none_not_offer_shape
09-10 09:54:47  com.ubercab.driver  card=false money=false offer_shape=false suburbs= area=NoSuburb chime=none_not_offer_shape
09-10 09:54:48  com.ubercab.driver  card=false money=false offer_shape=false suburbs= area=NoSuburb chime=none_not_offer_shape
09-10 09:54:48  com.ubercab.driver  card=false money=false offer_shape=false suburbs= area=NoSuburb chime=none_not_offer_shape
09-10 09:54:49  com.ubercab.driver  card=false money=false offer_shape=false suburbs= area=NoSuburb chime=none_not_offer_shape
09-10 09:54:50  com.ubercab.driver  card=false money=false offer_shape=false suburbs= area=NoSuburb chime=none_not_offer_shape
09-10 09:54:50  com.ubercab.driver  card=false money=false offer_shape=false suburbs= area=NoSuburb chime=none_not_offer_shape
09-10 09:54:51  com.ubercab.driver  card=false money=false offer_shape=false suburbs= area=NoSuburb chime=none_not_offer_shape
09-10 09:54:51  com.ubercab.driver  card=false money=false offer_shape=false suburbs= area=NoSuburb chime=none_not_offer_shape
09-10 09:54:52  com.ubercab.driver  card=false money=false offer_shape=false suburbs= area=NoSuburb chime=none_not_offer_shape
09-10 09:54:52  com.ubercab.driver  card=false money=false offer_shape=false suburbs= area=NoSuburb chime=none_not_offer_shape
09-10 09:54:53  com.ubercab.driver  card=false money=false offer_shape=false suburbs=Sandhurst area=SomeOutside:Sandhurst chime=none_not_offer_shape
09-10 09:54:53  com.ubercab.driver  card=false money=false offer_shape=false suburbs=Sandhurst area=SomeOutside:Sandhurst chime=none_not_offer_shape
09-10 09:54:54  com.ubercab.driver  card=false money=false offer_shape=false suburbs=Sandhurst area=SomeOutside:Sandhurst chime=none_not_offer_shape
09-10 09:54:54  com.ubercab.driver  card=false money=false offer_shape=false suburbs=Sandhurst area=SomeOutside:Sandhurst chime=none_not_offer_shape
09-10 09:54:55  com.ubercab.driver  card=false money=false offer_shape=false suburbs=Sandhurst area=SomeOutside:Sandhurst chime=none_not_offer_shape
09-10 09:54:55  com.ubercab.driver  card=false money=false offer_shape=false suburbs=Sandhurst area=SomeOutside:Sandhurst chime=none_not_offer_shape
09-10 09:54:56  com.ubercab.driver  card=false money=false offer_shape=false suburbs=Sandhurst area=SomeOutside:Sandhurst chime=none_not_offer_shape
09-10 09:54:57  com.ubercab.driver  card=false money=false offer_shape=false suburbs=Patterson Lakes,Bangholme area=AllInside chime=none_not_offer_shape
09-10 09:54:59  com.ubercab.driver  card=false money=false offer_shape=false suburbs=Patterson Lakes,Bangholme area=AllInside chime=none_not_offer_shape
09-10 09:54:59  com.ubercab.driver  card=false money=false offer_shape=false suburbs=Patterson Lakes,Bangholme area=AllInside chime=none_not_offer_shape
09-10 09:55:00  com.ubercab.driver  card=false money=false offer_shape=false suburbs=Patterson Lakes,Bangholme area=AllInside chime=none_not_offer_shape
09-10 09:55:00  com.ubercab.driver  card=false money=false offer_shape=false suburbs=Patterson Lakes,Bangholme area=AllInside chime=none_not_offer_shape
09-10 09:55:01  com.ubercab.driver  card=false money=false offer_shape=false suburbs=Patterson Lakes,Bangholme area=AllInside chime=none_not_offer_shape
09-10 09:55:02  com.ubercab.driver  card=false money=false offer_shape=false suburbs=Patterson Lakes,Bangholme area=AllInside chime=none_not_offer_shape
09-10 09:55:02  com.ubercab.driver  card=false money=false offer_shape=false suburbs=Patterson Lakes,Bangholme area=AllInside chime=none_not_offer_shape
09-10 09:55:03  com.ubercab.driver  card=false money=false offer_shape=false suburbs=Patterson Lakes,Bangholme area=AllInside chime=none_not_offer_shape
09-10 09:55:03  com.ubercab.driver  card=false money=false offer_shape=false suburbs=Patterson Lakes,Bangholme area=AllInside chime=none_not_offer_shape
09-10 09:55:04  com.ubercab.driver  card=false money=false offer_shape=false suburbs=Patterson Lakes,Bangholme area=AllInside chime=none_not_offer_shape
09-10 09:55:04  com.ubercab.driver  card=false money=false offer_shape=false suburbs=Patterson Lakes,Bangholme,Sandhurst area=SomeOutside:Sandhurst chime=none_not_offer_shape
09-10 09:55:05  com.ubercab.driver  card=false money=false offer_shape=false suburbs=Patterson Lakes,Bangholme,Sandhurst area=SomeOutside:Sandhurst chime=none_not_offer_shape
09-10 09:55:06  com.ubercab.driver  card=false money=false offer_shape=false suburbs=Patterson Lakes,Bangholme,Sandhurst area=SomeOutside:Sandhurst chime=none_not_offer_shape
09-10 09:55:07  com.ubercab.driver  card=false money=false offer_shape=false suburbs=Patterson Lakes,Bangholme,Sandhurst area=SomeOutside:Sandhurst chime=none_not_offer_shape
09-10 09:55:08  com.ubercab.driver  card=false money=false offer_shape=false suburbs=Patterson Lakes,Bangholme,Sandhurst area=SomeOutside:Sandhurst chime=none_not_offer_shape
09-10 09:55:09  com.ubercab.driver  card=false money=false offer_shape=false suburbs=Patterson Lakes,Bangholme,Sandhurst area=SomeOutside:Sandhurst chime=none_not_offer_shape
09-10 09:55:10  com.ubercab.driver  card=false money=false offer_shape=false suburbs=Patterson Lakes,Bangholme,Sandhurst area=SomeOutside:Sandhurst chime=none_not_offer_shape
09-10 09:55:11  com.ubercab.driver  card=false money=false offer_shape=false suburbs=Patterson Lakes,Bangholme,Sandhurst area=SomeOutside:Sandhurst chime=none_not_offer_shape
09-10 09:55:11  com.ubercab.driver  card=false money=false offer_shape=false suburbs=Patterson Lakes,Bangholme,Sandhurst area=SomeOutside:Sandhurst chime=none_not_offer_shape
09-10 09:55:11  com.ubercab.driver  card=false money=false offer_shape=false suburbs=Patterson Lakes,Bangholme,Sandhurst area=SomeOutside:Sandhurst chime=none_not_offer_shape
09-10 09:55:12  com.ubercab.driver  card=false money=false offer_shape=false suburbs=Patterson Lakes,Bangholme,Sandhurst area=SomeOutside:Sandhurst chime=none_not_offer_shape
09-10 09:55:12  com.ubercab.driver  card=false money=false offer_shape=false suburbs=Patterson Lakes,Bangholme,Sandhurst area=SomeOutside:Sandhurst chime=none_not_offer_shape
09-10 09:55:13  com.ubercab.driver  card=false money=false offer_shape=false suburbs=Patterson Lakes,Bangholme,Sandhurst area=SomeOutside:Sandhurst chime=none_not_offer_shape
09-10 09:55:13  com.ubercab.driver  card=false money=false offer_shape=false suburbs=Patterson Lakes,Bangholme,Sandhurst area=SomeOutside:Sandhurst chime=none_not_offer_shape
09-10 09:55:14  com.ubercab.driver  card=false money=false offer_shape=false suburbs=Patterson Lakes,Bangholme,Sandhurst area=SomeOutside:Sandhurst chime=none_not_offer_shape
09-10 09:55:14  com.ubercab.driver  card=false money=false offer_shape=false suburbs=Patterson Lakes,Bangholme,Sandhurst area=SomeOutside:Sandhurst chime=none_not_offer_shape
09-10 09:55:15  com.ubercab.driver  card=false money=false offer_shape=false suburbs=Patterson Lakes,Bangholme,Sandhurst area=SomeOutside:Sandhurst chime=none_not_offer_shape
09-10 09:55:16  com.ubercab.driver  card=false money=false offer_shape=false suburbs=Patterson Lakes,Bangholme,Sandhurst area=SomeOutside:Sandhurst chime=none_not_offer_shape
09-10 09:55:17  com.ubercab.driver  card=false money=false offer_shape=false suburbs=Patterson Lakes,Bangholme,Sandhurst area=SomeOutside:Sandhurst chime=none_not_offer_shape
09-10 09:55:18  com.ubercab.driver  card=false money=false offer_shape=false suburbs=Patterson Lakes,Bangholme,Sandhurst area=SomeOutside:Sandhurst chime=none_not_offer_shape
09-10 09:55:19  com.ubercab.driver  card=false money=false offer_shape=false suburbs=Patterson Lakes,Bangholme,Sandhurst area=SomeOutside:Sandhurst chime=none_not_offer_shape
09-10 09:55:20  com.ubercab.driver  card=false money=false offer_shape=false suburbs=Patterson Lakes,Bangholme,Sandhurst area=SomeOutside:Sandhurst chime=none_not_offer_shape
09-10 09:55:21  com.ubercab.driver  card=false money=false offer_shape=false suburbs=Patterson Lakes,Bangholme,Sandhurst area=SomeOutside:Sandhurst chime=none_not_offer_shape
09-10 09:55:22  com.ubercab.driver  card=false money=false offer_shape=false suburbs=Patterson Lakes,Bangholme,Sandhurst area=SomeOutside:Sandhurst chime=none_not_offer_shape
09-10 09:55:23  com.ubercab.driver  card=false money=false offer_shape=false suburbs=Patterson Lakes,Bangholme,Sandhurst area=SomeOutside:Sandhurst chime=none_not_offer_shape
09-10 09:55:24  com.ubercab.driver  card=false money=false offer_shape=false suburbs=Patterson Lakes,Bangholme,Sandhurst area=SomeOutside:Sandhurst chime=none_not_offer_shape
09-10 09:55:25  com.ubercab.driver  card=false money=false offer_shape=false suburbs=Patterson Lakes,Bangholme,Sandhurst area=SomeOutside:Sandhurst chime=none_not_offer_shape
09-10 09:55:26  com.ubercab.driver  card=false money=false offer_shape=false suburbs=Patterson Lakes,Bangholme,Sandhurst area=SomeOutside:Sandhurst chime=none_not_offer_shape
09-10 09:55:26  com.ubercab.driver  card=false money=false offer_shape=false suburbs=Patterson Lakes,Bangholme,Sandhurst area=SomeOutside:Sandhurst chime=none_not_offer_shape
09-10 09:55:27  com.ubercab.driver  card=false money=false offer_shape=false suburbs=Patterson Lakes,Bangholme,Sandhurst area=SomeOutside:Sandhurst chime=none_not_offer_shape
09-10 09:55:28  com.ubercab.driver  card=false money=false offer_shape=false suburbs=Patterson Lakes,Bangholme,Sandhurst area=SomeOutside:Sandhurst chime=none_not_offer_shape
09-10 09:55:29  com.ubercab.driver  card=false money=false offer_shape=false suburbs=Patterson Lakes,Bangholme,Sandhurst area=SomeOutside:Sandhurst chime=none_not_offer_shape
09-10 09:55:30  com.ubercab.driver  card=false money=false offer_shape=false suburbs=Patterson Lakes,Bangholme,Sandhurst area=SomeOutside:Sandhurst chime=none_not_offer_shape
09-10 09:55:32  com.ubercab.driver  card=false money=false offer_shape=false suburbs=Patterson Lakes,Bangholme,Sandhurst area=SomeOutside:Sandhurst chime=none_not_offer_shape
09-10 09:55:34  com.ubercab.driver  card=false money=false offer_shape=false suburbs=Patterson Lakes,Bangholme,Sandhurst area=SomeOutside:Sandhurst chime=none_not_offer_shape
09-10 09:55:36  com.ubercab.driver  card=false money=false offer_shape=false suburbs=Patterson Lakes,Bangholme,Sandhurst area=SomeOutside:Sandhurst chime=none_not_offer_shape
09-10 09:55:38  com.ubercab.driver  card=false money=false offer_shape=false suburbs=Patterson Lakes,Bangholme,Sandhurst area=SomeOutside:Sandhurst chime=none_not_offer_shape
09-10 09:55:40  com.ubercab.driver  card=false money=false offer_shape=false suburbs=Patterson Lakes,Bangholme,Sandhurst area=SomeOutside:Sandhurst chime=none_not_offer_shape
09-10 09:55:42  com.ubercab.driver  card=false money=false offer_shape=false suburbs=Bangholme,Sandhurst area=SomeOutside:Sandhurst chime=none_not_offer_shape
09-10 09:55:45  com.ubercab.driver  card=false money=false offer_shape=false suburbs=Bangholme,Sandhurst area=SomeOutside:Sandhurst chime=none_not_offer_shape
09-10 09:55:47  com.ubercab.driver  card=false money=false offer_shape=false suburbs=Patterson Lakes,Bangholme,Sandhurst area=SomeOutside:Sandhurst chime=none_not_offer_shape
09-10 09:55:49  com.ubercab.driver  card=false money=false offer_shape=false suburbs=Patterson Lakes,Bangholme,Sandhurst area=SomeOutside:Sandhurst chime=none_not_offer_shape
09-10 09:55:51  com.ubercab.driver  card=false money=false offer_shape=false suburbs=Patterson Lakes,Bangholme,Sandhurst area=SomeOutside:Sandhurst chime=none_not_offer_shape
09-10 09:55:53  com.ubercab.driver  card=false money=false offer_shape=false suburbs=Patterson Lakes,Bangholme,Sandhurst area=SomeOutside:Sandhurst chime=none_not_offer_shape
09-10 09:55:55  com.ubercab.driver  card=false money=false offer_shape=false suburbs=Patterson Lakes,Bangholme,Sandhurst area=SomeOutside:Sandhurst chime=none_not_offer_shape
09-10 09:55:57  com.ubercab.driver  card=false money=false offer_shape=false suburbs=Patterson Lakes,Bangholme,Sandhurst area=SomeOutside:Sandhurst chime=none_not_offer_shape
09-10 09:55:59  com.ubercab.driver  card=false money=false offer_shape=false suburbs=Patterson Lakes,Bangholme,Sandhurst area=SomeOutside:Sandhurst chime=none_not_offer_shape
09-10 09:56:01  com.ubercab.driver  card=false money=false offer_shape=false suburbs=Patterson Lakes,Bangholme,Sandhurst area=SomeOutside:Sandhurst chime=none_not_offer_shape
09-10 09:56:04  com.ubercab.driver  card=false money=false offer_shape=false suburbs=Patterson Lakes,Bangholme,Sandhurst area=SomeOutside:Sandhurst chime=none_not_offer_shape
09-10 09:56:06  com.ubercab.driver  card=false money=false offer_shape=false suburbs=Patterson Lakes,Bangholme,Sandhurst area=SomeOutside:Sandhurst chime=none_not_offer_shape
09-10 09:56:09  com.ubercab.driver  card=false money=false offer_shape=false suburbs=Patterson Lakes,Bangholme,Sandhurst area=SomeOutside:Sandhurst chime=none_not_offer_shape
09-10 09:56:11  com.ubercab.driver  card=false money=false offer_shape=false suburbs=Patterson Lakes,Bangholme,Sandhurst area=SomeOutside:Sandhurst chime=none_not_offer_shape
09-10 09:56:13  com.ubercab.driver  card=false money=false offer_shape=false suburbs=Patterson Lakes,Bangholme,Sandhurst area=SomeOutside:Sandhurst chime=none_not_offer_shape
09-10 09:56:15  com.ubercab.driver  card=false money=false offer_shape=false suburbs=Patterson Lakes,Bangholme,Sandhurst area=SomeOutside:Sandhurst chime=none_not_offer_shape
09-10 09:56:17  com.ubercab.driver  card=false money=false offer_shape=false suburbs=Patterson Lakes,Bangholme,Sandhurst area=SomeOutside:Sandhurst chime=none_not_offer_shape
09-10 09:56:19  com.ubercab.driver  card=false money=false offer_shape=false suburbs=Patterson Lakes,Bangholme,Sandhurst area=SomeOutside:Sandhurst chime=none_not_offer_shape
09-10 09:56:21  com.ubercab.driver  card=false money=false offer_shape=false suburbs=Patterson Lakes,Bangholme,Sandhurst area=SomeOutside:Sandhurst chime=none_not_offer_shape
09-10 09:56:24  com.ubercab.driver  card=false money=false offer_shape=false suburbs=Patterson Lakes,Bangholme,Sandhurst area=SomeOutside:Sandhurst chime=none_not_offer_shape
09-10 09:56:26  com.ubercab.driver  card=false money=false offer_shape=false suburbs=Patterson Lakes,Bangholme,Sandhurst area=SomeOutside:Sandhurst chime=none_not_offer_shape
09-10 09:56:29  com.ubercab.driver  card=false money=false offer_shape=false suburbs=Patterson Lakes,Bangholme,Sandhurst area=SomeOutside:Sandhurst chime=none_not_offer_shape
09-10 09:56:31  com.ubercab.driver  card=false money=false offer_shape=false suburbs=Patterson Lakes,Bangholme,Sandhurst area=SomeOutside:Sandhurst chime=none_not_offer_shape
09-10 09:56:33  com.ubercab.driver  card=false money=false offer_shape=false suburbs=Patterson Lakes,Bangholme,Sandhurst area=SomeOutside:Sandhurst chime=none_not_offer_shape
09-10 09:56:35  com.ubercab.driver  card=false money=false offer_shape=false suburbs=Patterson Lakes,Bangholme,Sandhurst area=SomeOutside:Sandhurst chime=none_not_offer_shape
09-10 09:56:37  com.ubercab.driver  card=false money=false offer_shape=false suburbs=Patterson Lakes,Bangholme,Sandhurst area=SomeOutside:Sandhurst chime=none_not_offer_shape
09-10 09:56:39  com.ubercab.driver  card=false money=false offer_shape=false suburbs=Patterson Lakes,Bangholme,Sandhurst area=SomeOutside:Sandhurst chime=none_not_offer_shape
09-10 09:56:42  com.ubercab.driver  card=false money=false offer_shape=false suburbs=Patterson Lakes,Bangholme area=AllInside chime=none_not_offer_shape
09-10 09:56:44  com.ubercab.driver  card=false money=false offer_shape=false suburbs=Patterson Lakes,Bangholme area=AllInside chime=none_not_offer_shape
09-10 09:56:46  com.ubercab.driver  card=false money=false offer_shape=false suburbs=Patterson Lakes,Bangholme area=AllInside chime=none_not_offer_shape
09-10 09:56:48  com.ubercab.driver  card=false money=false offer_shape=false suburbs=Patterson Lakes,Bangholme area=AllInside chime=none_not_offer_shape
09-10 09:56:51  com.ubercab.driver  card=false money=false offer_shape=false suburbs=Patterson Lakes,Bangholme area=AllInside chime=none_not_offer_shape
09-10 09:56:53  com.ubercab.driver  card=false money=false offer_shape=false suburbs=Patterson Lakes,Bangholme area=AllInside chime=none_not_offer_shape
09-10 09:56:55  com.ubercab.driver  card=false money=false offer_shape=false suburbs=Patterson Lakes,Bangholme area=AllInside chime=none_not_offer_shape
09-10 09:56:57  com.ubercab.driver  card=false money=false offer_shape=false suburbs=Patterson Lakes,Bangholme area=AllInside chime=none_not_offer_shape
09-10 09:56:59  com.ubercab.driver  card=false money=false offer_shape=false suburbs=Patterson Lakes,Bangholme,Dandenong,Frankston area=SomeOutside:Frankston chime=none_not_offer_shape
09-10 09:57:01  com.ubercab.driver  card=false money=false offer_shape=false suburbs=Patterson Lakes,Bangholme,Dandenong,Frankston area=SomeOutside:Frankston chime=none_not_offer_shape
09-10 09:57:03  com.ubercab.driver  card=false money=false offer_shape=false suburbs=Patterson Lakes,Bangholme,Dandenong,Frankston area=SomeOutside:Frankston chime=none_not_offer_shape
09-10 09:57:05  com.ubercab.driver  card=false money=false offer_shape=false suburbs=Patterson Lakes,Bangholme,Dandenong,Frankston area=SomeOutside:Frankston chime=none_not_offer_shape
09-10 09:57:07  com.ubercab.driver  card=false money=false offer_shape=false suburbs=Patterson Lakes,Bangholme,Dandenong,Frankston area=SomeOutside:Frankston chime=none_not_offer_shape
09-10 09:57:09  com.ubercab.driver  card=false money=false offer_shape=false suburbs=Patterson Lakes,Bangholme,Dandenong,Frankston area=SomeOutside:Frankston chime=none_not_offer_shape
09-10 09:57:11  com.ubercab.driver  card=false money=false offer_shape=false suburbs=Patterson Lakes,Bangholme,Dandenong,Frankston area=SomeOutside:Frankston chime=none_not_offer_shape
09-10 09:57:13  com.ubercab.driver  card=false money=false offer_shape=false suburbs=Patterson Lakes,Bangholme,Dandenong,Frankston area=SomeOutside:Frankston chime=none_not_offer_shape
09-10 09:57:15  com.ubercab.driver  card=false money=false offer_shape=false suburbs=Patterson Lakes,Bangholme,Dandenong,Frankston area=SomeOutside:Frankston chime=none_not_offer_shape
09-10 09:57:17  com.ubercab.driver  card=false money=false offer_shape=false suburbs=Patterson Lakes,Bangholme,Dandenong,Frankston area=SomeOutside:Frankston chime=none_not_offer_shape
09-10 09:57:19  com.ubercab.driver  card=false money=false offer_shape=false suburbs=Patterson Lakes,Bangholme,Dandenong,Frankston area=SomeOutside:Frankston chime=none_not_offer_shape
09-10 09:57:21  com.ubercab.driver  card=false money=false offer_shape=false suburbs=Patterson Lakes,Bangholme,Dandenong,Frankston area=SomeOutside:Frankston chime=none_not_offer_shape
09-10 09:57:23  com.ubercab.driver  card=false money=false offer_shape=false suburbs=Patterson Lakes,Bangholme,Dandenong,Frankston area=SomeOutside:Frankston chime=none_not_offer_shape
09-10 09:57:25  com.ubercab.driver  card=false money=false offer_shape=false suburbs=Patterson Lakes,Bangholme,Dandenong,Frankston area=SomeOutside:Frankston chime=none_not_offer_shape
09-10 09:57:27  com.ubercab.driver  card=false money=false offer_shape=false suburbs=Patterson Lakes,Bangholme,Dandenong,Frankston area=SomeOutside:Frankston chime=none_not_offer_shape
09-10 09:57:29  com.ubercab.driver  card=false money=false offer_shape=false suburbs=Patterson Lakes,Bangholme,Dandenong,Frankston area=SomeOutside:Frankston chime=none_not_offer_shape
09-10 09:57:31  com.ubercab.driver  card=false money=false offer_shape=false suburbs=Patterson Lakes,Bangholme,Dandenong,Frankston area=SomeOutside:Frankston chime=none_not_offer_shape
09-10 09:57:34  com.ubercab.driver  card=false money=false offer_shape=false suburbs=Patterson Lakes,Bangholme,Dandenong,Frankston area=SomeOutside:Frankston chime=none_not_offer_shape
09-10 09:57:36  com.ubercab.driver  card=false money=false offer_shape=false suburbs=Patterson Lakes,Bangholme,Dandenong,Frankston area=SomeOutside:Frankston chime=none_not_offer_shape
09-10 09:57:38  com.ubercab.driver  card=false money=false offer_shape=false suburbs=Patterson Lakes,Bangholme,Dandenong,Frankston area=SomeOutside:Frankston chime=none_not_offer_shape
09-10 09:57:40  com.ubercab.driver  card=false money=false offer_shape=false suburbs=Patterson Lakes,Bangholme,Dandenong,Frankston area=SomeOutside:Frankston chime=none_not_offer_shape
09-10 09:57:42  com.ubercab.driver  card=false money=false offer_shape=false suburbs=Patterson Lakes,Bangholme,Dandenong,Frankston area=SomeOutside:Frankston chime=none_not_offer_shape
09-10 09:57:44  com.ubercab.driver  card=false money=false offer_shape=false suburbs=Patterson Lakes,Bangholme,Dandenong,Frankston area=SomeOutside:Frankston chime=none_not_offer_shape
09-10 09:57:46  com.ubercab.driver  card=false money=false offer_shape=false suburbs=Patterson Lakes,Bangholme,Dandenong,Frankston area=SomeOutside:Frankston chime=none_not_offer_shape
09-10 09:57:49  com.ubercab.driver  card=false money=false offer_shape=false suburbs=Patterson Lakes,Bangholme,Dandenong,Frankston area=SomeOutside:Frankston chime=none_not_offer_shape
09-10 09:57:51  com.ubercab.driver  card=false money=false offer_shape=false suburbs=Patterson Lakes,Bangholme,Dandenong,Frankston area=SomeOutside:Frankston chime=none_not_offer_shape
09-10 09:57:53  com.ubercab.driver  card=false money=false offer_shape=false suburbs=Patterson Lakes,Bangholme,Dandenong,Frankston area=SomeOutside:Frankston chime=none_not_offer_shape
09-10 09:57:55  com.ubercab.driver  card=false money=false offer_shape=false suburbs=Patterson Lakes,Bangholme,Dandenong,Frankston area=SomeOutside:Frankston chime=none_not_offer_shape
09-10 09:57:57  com.ubercab.driver  card=false money=false offer_shape=false suburbs=Patterson Lakes,Bangholme,Dandenong,Frankston area=SomeOutside:Frankston chime=none_not_offer_shape
09-10 09:57:59  com.ubercab.driver  card=false money=false offer_shape=false suburbs=Patterson Lakes,Bangholme,Dandenong,Frankston area=SomeOutside:Frankston chime=none_not_offer_shape
09-10 09:58:01  com.ubercab.driver  card=false money=false offer_shape=false suburbs=Patterson Lakes,Bangholme,Dandenong,Frankston area=SomeOutside:Frankston chime=none_not_offer_shape
09-10 09:58:03  com.ubercab.driver  card=false money=false offer_shape=false suburbs=Patterson Lakes,Bangholme,Dandenong,Frankston area=SomeOutside:Frankston chime=none_not_offer_shape
09-10 09:58:05  com.ubercab.driver  card=false money=false offer_shape=false suburbs=Patterson Lakes,Bangholme,Dandenong,Frankston area=SomeOutside:Frankston chime=none_not_offer_shape
09-10 09:58:07  com.ubercab.driver  card=false money=false offer_shape=false suburbs=Patterson Lakes,Bangholme,Dandenong,Frankston area=SomeOutside:Frankston chime=none_not_offer_shape
09-10 09:58:09  com.ubercab.driver  card=false money=false offer_shape=false suburbs=Patterson Lakes,Bangholme,Dandenong,Frankston area=SomeOutside:Frankston chime=none_not_offer_shape
09-10 09:58:11  com.ubercab.driver  card=false money=false offer_shape=false suburbs=Patterson Lakes,Bangholme,Dandenong,Frankston area=SomeOutside:Frankston chime=none_not_offer_shape
09-10 09:58:13  com.ubercab.driver  card=false money=false offer_shape=false suburbs=Patterson Lakes,Bangholme,Dandenong,Frankston area=SomeOutside:Frankston chime=none_not_offer_shape
09-10 09:58:15  com.ubercab.driver  card=false money=false offer_shape=false suburbs=Patterson Lakes,Bangholme,Dandenong,Frankston area=SomeOutside:Frankston chime=none_not_offer_shape
09-10 09:58:17  com.ubercab.driver  card=false money=false offer_shape=false suburbs=Patterson Lakes,Bangholme,Dandenong,Frankston area=SomeOutside:Frankston chime=none_not_offer_shape
09-10 09:58:19  com.ubercab.driver  card=false money=false offer_shape=false suburbs=Patterson Lakes,Bangholme,Dandenong,Frankston area=SomeOutside:Frankston chime=none_not_offer_shape
09-10 09:58:21  com.ubercab.driver  card=false money=false offer_shape=false suburbs=Patterson Lakes,Bangholme,Dandenong,Frankston area=SomeOutside:Frankston chime=none_not_offer_shape
09-10 09:58:24  com.ubercab.driver  card=false money=false offer_shape=false suburbs=Patterson Lakes,Bangholme,Dandenong,Frankston area=SomeOutside:Frankston chime=none_not_offer_shape
09-10 09:58:26  com.ubercab.driver  card=false money=false offer_shape=false suburbs=Patterson Lakes,Bangholme,Dandenong,Frankston area=SomeOutside:Frankston chime=none_not_offer_shape
09-10 09:58:28  com.ubercab.driver  card=false money=false offer_shape=false suburbs=Patterson Lakes,Bangholme,Dandenong,Frankston area=SomeOutside:Frankston chime=none_not_offer_shape
09-10 09:58:31  com.ubercab.driver  card=false money=false offer_shape=false suburbs=Patterson Lakes,Bangholme,Dandenong,Frankston area=SomeOutside:Frankston chime=none_not_offer_shape
09-10 09:58:33  com.ubercab.driver  card=false money=false offer_shape=false suburbs=Patterson Lakes,Bangholme,Dandenong,Frankston area=SomeOutside:Frankston chime=none_not_offer_shape
09-10 09:58:36  com.ubercab.driver  card=false money=false offer_shape=false suburbs=Patterson Lakes,Bangholme,Dandenong,Frankston area=SomeOutside:Frankston chime=none_not_offer_shape
09-10 09:58:38  com.ubercab.driver  card=false money=false offer_shape=false suburbs=Patterson Lakes,Bangholme,Dandenong,Frankston area=SomeOutside:Frankston chime=none_not_offer_shape
09-10 09:58:40  com.ubercab.driver  card=false money=false offer_shape=false suburbs=Patterson Lakes,Bangholme,Dandenong,Frankston area=SomeOutside:Frankston chime=none_not_offer_shape
09-10 09:58:43  com.ubercab.driver  card=false money=false offer_shape=false suburbs=Patterson Lakes,Bangholme,Dandenong,Frankston area=SomeOutside:Frankston chime=none_not_offer_shape
09-10 09:58:45  com.ubercab.driver  card=false money=false offer_shape=false suburbs=Patterson Lakes,Bangholme,Dandenong,Frankston area=SomeOutside:Frankston chime=none_not_offer_shape
09-10 09:58:47  com.ubercab.driver  card=false money=false offer_shape=false suburbs=Patterson Lakes,Bangholme,Dandenong,Frankston area=SomeOutside:Frankston chime=none_not_offer_shape
09-10 09:58:50  com.ubercab.driver  card=false money=false offer_shape=false suburbs=Patterson Lakes,Bangholme,Dandenong,Frankston area=SomeOutside:Frankston chime=none_not_offer_shape
09-10 09:58:52  com.ubercab.driver  card=false money=false offer_shape=false suburbs=Patterson Lakes,Bangholme,Dandenong,Frankston area=SomeOutside:Frankston chime=none_not_offer_shape
09-10 09:58:54  com.ubercab.driver  card=false money=false offer_shape=false suburbs=Patterson Lakes,Bangholme,Dandenong,Frankston area=SomeOutside:Frankston chime=none_not_offer_shape
09-10 09:58:57  com.ubercab.driver  card=false money=false offer_shape=false suburbs=Patterson Lakes,Bangholme,Dandenong,Frankston area=SomeOutside:Frankston chime=none_not_offer_shape
09-10 09:58:59  com.ubercab.driver  card=false money=false offer_shape=false suburbs=Patterson Lakes,Bangholme,Dandenong,Frankston area=SomeOutside:Frankston chime=none_not_offer_shape
09-10 09:59:02  com.ubercab.driver  card=false money=false offer_shape=false suburbs=Patterson Lakes,Bangholme,Dandenong,Frankston area=SomeOutside:Frankston chime=none_not_offer_shape
09-10 09:59:04  com.ubercab.driver  card=false money=false offer_shape=false suburbs=Patterson Lakes,Bangholme,Dandenong,Frankston area=SomeOutside:Frankston chime=none_not_offer_shape
09-10 09:59:06  com.ubercab.driver  card=false money=false offer_shape=false suburbs=Patterson Lakes,Bangholme,Dandenong,Frankston area=SomeOutside:Frankston chime=none_not_offer_shape
09-10 09:59:08  com.ubercab.driver  card=false money=false offer_shape=false suburbs=Patterson Lakes,Bangholme,Dandenong,Frankston area=SomeOutside:Frankston chime=none_not_offer_shape
09-10 09:59:10  com.ubercab.driver  card=false money=false offer_shape=false suburbs=Patterson Lakes,Bangholme,Dandenong,Frankston area=SomeOutside:Frankston chime=none_not_offer_shape
09-10 09:59:13  com.ubercab.driver  card=false money=false offer_shape=false suburbs=Patterson Lakes,Bangholme,Dandenong,Frankston area=SomeOutside:Frankston chime=none_not_offer_shape
09-10 09:59:15  com.ubercab.driver  card=false money=false offer_shape=false suburbs=Patterson Lakes,Bangholme,Dandenong,Frankston area=SomeOutside:Frankston chime=none_not_offer_shape
09-10 09:59:17  com.ubercab.driver  card=false money=false offer_shape=false suburbs=Patterson Lakes,Bangholme,Dandenong,Frankston area=SomeOutside:Frankston chime=none_not_offer_shape
09-10 09:59:20  com.ubercab.driver  card=false money=false offer_shape=false suburbs=Patterson Lakes,Bangholme,Dandenong,Frankston area=SomeOutside:Frankston chime=none_not_offer_shape
09-10 09:59:22  com.ubercab.driver  card=false money=false offer_shape=false suburbs=Patterson Lakes,Bangholme,Dandenong,Frankston area=SomeOutside:Frankston chime=none_not_offer_shape
09-10 09:59:25  com.ubercab.driver  card=false money=false offer_shape=false suburbs=Patterson Lakes,Bangholme,Dandenong,Frankston area=SomeOutside:Frankston chime=none_not_offer_shape
09-10 09:59:27  com.ubercab.driver  card=false money=false offer_shape=false suburbs=Patterson Lakes,Bangholme,Dandenong,Frankston area=SomeOutside:Frankston chime=none_not_offer_shape
09-10 09:59:30  com.ubercab.driver  card=false money=false offer_shape=false suburbs=Patterson Lakes,Bangholme,Dandenong,Frankston area=SomeOutside:Frankston chime=none_not_offer_shape
09-10 09:59:32  com.ubercab.driver  card=false money=false offer_shape=false suburbs=Patterson Lakes,Bangholme,Dandenong,Frankston area=SomeOutside:Frankston chime=none_not_offer_shape
09-10 09:59:34  com.ubercab.driver  card=false money=false offer_shape=false suburbs=Patterson Lakes,Bangholme,Dandenong,Frankston area=SomeOutside:Frankston chime=none_not_offer_shape
09-10 09:59:37  com.ubercab.driver  card=false money=false offer_shape=false suburbs=Patterson Lakes,Bangholme,Dandenong,Frankston area=SomeOutside:Frankston chime=none_not_offer_shape
09-10 09:59:39  com.ubercab.driver  card=false money=false offer_shape=false suburbs=Patterson Lakes,Bangholme area=AllInside chime=none_not_offer_shape
09-10 09:59:41  com.ubercab.driver  card=false money=false offer_shape=false suburbs=Patterson Lakes,Bangholme area=AllInside chime=none_not_offer_shape
09-10 09:59:43  com.ubercab.driver  card=false money=false offer_shape=false suburbs=Patterson Lakes,Bangholme area=AllInside chime=none_not_offer_shape
09-10 09:59:45  com.ubercab.driver  card=false money=false offer_shape=false suburbs=Patterson Lakes,Bangholme area=AllInside chime=none_not_offer_shape
09-10 09:59:47  com.ubercab.driver  card=false money=false offer_shape=false suburbs=Patterson Lakes,Bangholme area=AllInside chime=none_not_offer_shape
09-10 09:59:49  com.ubercab.driver  card=false money=false offer_shape=false suburbs=Patterson Lakes,Bangholme area=AllInside chime=none_not_offer_shape
09-10 09:59:51  com.ubercab.driver  card=false money=false offer_shape=false suburbs=Patterson Lakes,Bangholme area=AllInside chime=none_not_offer_shape
09-10 09:59:53  com.ubercab.driver  card=false money=false offer_shape=false suburbs=Patterson Lakes,Bangholme area=AllInside chime=none_not_offer_shape
09-10 09:59:55  com.ubercab.driver  card=false money=false offer_shape=false suburbs=Patterson Lakes,Bangholme area=AllInside chime=none_not_offer_shape
09-10 09:59:58  com.ubercab.driver  card=false money=false offer_shape=false suburbs=Patterson Lakes,Bangholme area=AllInside chime=none_not_offer_shape
09-10 10:00:00  com.ubercab.driver  card=false money=false offer_shape=false suburbs=Patterson Lakes,Bangholme area=AllInside chime=none_not_offer_shape
09-10 10:00:02  com.ubercab.driver  card=false money=false offer_shape=false suburbs=Patterson Lakes,Bangholme area=AllInside chime=none_not_offer_shape
09-10 10:00:03  com.ubercab.driver  card=false money=false offer_shape=false suburbs=Patterson Lakes,Bangholme area=AllInside chime=none_not_offer_shape
09-10 10:00:05  com.ubercab.driver  card=false money=false offer_shape=false suburbs=Patterson Lakes,Bangholme area=AllInside chime=none_not_offer_shape
09-10 10:00:07  com.ubercab.driver  card=false money=false offer_shape=false suburbs=Patterson Lakes,Bangholme area=AllInside chime=none_not_offer_shape
09-10 10:00:09  com.ubercab.driver  card=false money=false offer_shape=false suburbs=Patterson Lakes,Bangholme area=AllInside chime=none_not_offer_shape
09-10 10:00:11  com.ubercab.driver  card=false money=false offer_shape=false suburbs=Patterson Lakes,Bangholme area=AllInside chime=none_not_offer_shape
09-10 10:00:13  com.ubercab.driver  card=false money=false offer_shape=false suburbs=Patterson Lakes,Bangholme area=AllInside chime=none_not_offer_shape
09-10 10:00:15  com.ubercab.driver  card=false money=false offer_shape=false suburbs=Patterson Lakes,Bangholme area=AllInside chime=none_not_offer_shape
09-10 10:00:17  com.ubercab.driver  card=false money=false offer_shape=false suburbs=Patterson Lakes,Bangholme area=AllInside chime=none_not_offer_shape
09-10 10:00:19  com.ubercab.driver  card=false money=false offer_shape=false suburbs=Patterson Lakes,Bangholme area=AllInside chime=none_not_offer_shape
09-10 10:00:21  com.ubercab.driver  card=false money=false offer_shape=false suburbs=Patterson Lakes,Bangholme area=AllInside chime=none_not_offer_shape
09-10 10:00:23  com.ubercab.driver  card=false money=false offer_shape=false suburbs=Patterson Lakes,Bangholme area=AllInside chime=none_not_offer_shape
09-10 10:00:25  com.ubercab.driver  card=false money=false offer_shape=false suburbs=Patterson Lakes,Bangholme area=AllInside chime=none_not_offer_shape
09-10 10:00:27  com.ubercab.driver  card=false money=false offer_shape=false suburbs=Patterson Lakes,Bangholme area=AllInside chime=none_not_offer_shape
09-10 10:00:29  com.ubercab.driver  card=false money=false offer_shape=false suburbs=Patterson Lakes,Bangholme area=AllInside chime=none_not_offer_shape
09-10 10:00:31  com.ubercab.driver  card=false money=false offer_shape=false suburbs=Patterson Lakes,Bangholme area=AllInside chime=none_not_offer_shape
09-10 10:00:33  com.ubercab.driver  card=false money=false offer_shape=false suburbs=Patterson Lakes,Bangholme area=AllInside chime=none_not_offer_shape
09-10 10:00:35  com.ubercab.driver  card=false money=false offer_shape=false suburbs=Patterson Lakes,Bangholme area=AllInside chime=none_not_offer_shape
09-10 10:00:37  com.ubercab.driver  card=false money=false offer_shape=false suburbs=Patterson Lakes,Bangholme area=AllInside chime=none_not_offer_shape
09-10 10:00:39  com.ubercab.driver  card=false money=false offer_shape=false suburbs=Patterson Lakes,Bangholme area=AllInside chime=none_not_offer_shape
09-10 10:00:41  com.ubercab.driver  card=false money=false offer_shape=false suburbs=Patterson Lakes,Bangholme area=AllInside chime=none_not_offer_shape
09-10 10:00:44  com.ubercab.driver  card=false money=false offer_shape=false suburbs=Patterson Lakes,Bangholme area=AllInside chime=none_not_offer_shape
09-10 10:00:46  com.ubercab.driver  card=false money=false offer_shape=false suburbs=Patterson Lakes,Bangholme area=AllInside chime=none_not_offer_shape
09-10 10:00:48  com.ubercab.driver  card=false money=false offer_shape=false suburbs=Patterson Lakes,Bangholme area=AllInside chime=none_not_offer_shape
09-10 10:00:50  com.ubercab.driver  card=false money=false offer_shape=false suburbs=Patterson Lakes,Bangholme area=AllInside chime=none_not_offer_shape
09-10 10:00:52  com.ubercab.driver  card=false money=false offer_shape=false suburbs=Patterson Lakes,Bangholme area=AllInside chime=none_not_offer_shape
09-10 10:00:54  com.ubercab.driver  card=false money=false offer_shape=false suburbs=Patterson Lakes,Bangholme area=AllInside chime=none_not_offer_shape
09-10 10:00:56  com.ubercab.driver  card=false money=false offer_shape=false suburbs=Patterson Lakes,Bangholme area=AllInside chime=none_not_offer_shape
09-10 10:00:58  com.ubercab.driver  card=false money=false offer_shape=false suburbs=Patterson Lakes,Bangholme area=AllInside chime=none_not_offer_shape
09-10 10:01:00  com.ubercab.driver  card=false money=false offer_shape=false suburbs=Patterson Lakes,Bangholme area=AllInside chime=none_not_offer_shape
09-10 10:01:02  com.ubercab.driver  card=false money=false offer_shape=false suburbs=Patterson Lakes,Bangholme area=AllInside chime=none_not_offer_shape
09-10 10:01:04  com.ubercab.driver  card=false money=false offer_shape=false suburbs=Patterson Lakes,Bangholme area=AllInside chime=none_not_offer_shape
09-10 10:01:06  com.ubercab.driver  card=false money=false offer_shape=false suburbs=Patterson Lakes,Bangholme area=AllInside chime=none_not_offer_shape
09-10 10:01:08  com.ubercab.driver  card=false money=false offer_shape=false suburbs=Patterson Lakes,Bangholme area=AllInside chime=none_not_offer_shape
09-10 10:01:10  com.ubercab.driver  card=false money=false offer_shape=false suburbs=Patterson Lakes,Bangholme area=AllInside chime=none_not_offer_shape
09-10 10:01:12  com.ubercab.driver  card=false money=false offer_shape=false suburbs=Patterson Lakes,Bangholme area=AllInside chime=none_not_offer_shape
09-10 10:01:14  com.ubercab.driver  card=false money=false offer_shape=false suburbs=Patterson Lakes,Bangholme area=AllInside chime=none_not_offer_shape
09-10 10:01:16  com.ubercab.driver  card=false money=false offer_shape=false suburbs=Patterson Lakes,Bangholme area=AllInside chime=none_not_offer_shape
09-10 10:01:18  com.ubercab.driver  card=false money=false offer_shape=false suburbs=Patterson Lakes,Bangholme area=AllInside chime=none_not_offer_shape
09-10 10:01:20  com.ubercab.driver  card=false money=false offer_shape=false suburbs=Patterson Lakes,Bangholme area=AllInside chime=none_not_offer_shape
09-10 10:01:22  com.ubercab.driver  card=false money=false offer_shape=false suburbs=Patterson Lakes,Bangholme area=AllInside chime=none_not_offer_shape
09-10 10:01:24  com.ubercab.driver  card=false money=false offer_shape=false suburbs=Patterson Lakes,Bangholme area=AllInside chime=none_not_offer_shape
09-10 10:01:27  com.ubercab.driver  card=false money=false offer_shape=false suburbs=Patterson Lakes,Bangholme area=AllInside chime=none_not_offer_shape
09-10 10:01:29  com.ubercab.driver  card=false money=false offer_shape=false suburbs=Patterson Lakes,Bangholme area=AllInside chime=none_not_offer_shape
09-10 10:01:31  com.ubercab.driver  card=false money=false offer_shape=false suburbs=Patterson Lakes,Bangholme area=AllInside chime=none_not_offer_shape
09-10 10:01:33  com.ubercab.driver  card=false money=false offer_shape=false suburbs=Patterson Lakes,Bangholme area=AllInside chime=none_not_offer_shape
09-10 10:01:35  com.ubercab.driver  card=false money=false offer_shape=false suburbs=Patterson Lakes,Bangholme area=AllInside chime=none_not_offer_shape
09-10 10:01:37  com.ubercab.driver  card=false money=false offer_shape=false suburbs=Patterson Lakes,Bangholme area=AllInside chime=none_not_offer_shape
09-10 10:01:39  com.ubercab.driver  card=false money=false offer_shape=false suburbs=Patterson Lakes,Bangholme area=AllInside chime=none_not_offer_shape
09-10 10:01:41  com.ubercab.driver  card=false money=false offer_shape=false suburbs=Patterson Lakes,Bangholme area=AllInside chime=none_not_offer_shape
09-10 10:01:43  com.ubercab.driver  card=false money=false offer_shape=false suburbs=Patterson Lakes,Bangholme area=AllInside chime=none_not_offer_shape
09-10 10:01:45  com.ubercab.driver  card=false money=false offer_shape=false suburbs=Patterson Lakes,Bangholme area=AllInside chime=none_not_offer_shape
09-10 10:01:47  com.ubercab.driver  card=false money=false offer_shape=false suburbs=Patterson Lakes,Bangholme area=AllInside chime=none_not_offer_shape
09-10 10:01:49  com.ubercab.driver  card=false money=false offer_shape=false suburbs=Patterson Lakes,Bangholme area=AllInside chime=none_not_offer_shape
09-10 10:01:51  com.ubercab.driver  card=false money=false offer_shape=false suburbs=Patterson Lakes,Bangholme area=AllInside chime=none_not_offer_shape
09-10 10:01:53  com.ubercab.driver  card=false money=false offer_shape=false suburbs=Patterson Lakes,Bangholme area=AllInside chime=none_not_offer_shape
09-10 10:01:55  com.ubercab.driver  card=false money=false offer_shape=false suburbs=Patterson Lakes,Bangholme area=AllInside chime=none_not_offer_shape
09-10 10:01:57  com.ubercab.driver  card=false money=false offer_shape=false suburbs=Patterson Lakes,Bangholme area=AllInside chime=none_not_offer_shape
09-10 10:01:59  com.ubercab.driver  card=false money=false offer_shape=false suburbs=Patterson Lakes,Bangholme area=AllInside chime=none_not_offer_shape
09-10 10:02:01  com.ubercab.driver  card=false money=false offer_shape=false suburbs=Patterson Lakes,Bangholme area=AllInside chime=none_not_offer_shape
09-10 10:02:03  com.ubercab.driver  card=false money=false offer_shape=false suburbs=Patterson Lakes,Bangholme area=AllInside chime=none_not_offer_shape
09-10 10:02:05  com.ubercab.driver  card=false money=false offer_shape=false suburbs=Patterson Lakes,Bangholme area=AllInside chime=none_not_offer_shape
09-10 10:02:07  com.ubercab.driver  card=false money=false offer_shape=false suburbs=Patterson Lakes,Bangholme area=AllInside chime=none_not_offer_shape
09-10 10:02:10  com.ubercab.driver  card=false money=false offer_shape=false suburbs=Patterson Lakes,Bangholme area=AllInside chime=none_not_offer_shape
09-10 10:02:12  com.ubercab.driver  card=false money=false offer_shape=false suburbs=Patterson Lakes,Bangholme area=AllInside chime=none_not_offer_shape
09-10 10:02:14  com.ubercab.driver  card=false money=false offer_shape=false suburbs=Patterson Lakes,Bangholme area=AllInside chime=none_not_offer_shape
09-10 10:02:16  com.ubercab.driver  card=false money=false offer_shape=false suburbs=Patterson Lakes,Bangholme area=AllInside chime=none_not_offer_shape
09-10 10:02:18  com.ubercab.driver  card=false money=false offer_shape=false suburbs=Patterson Lakes,Bangholme area=AllInside chime=none_not_offer_shape
09-10 10:02:20  com.ubercab.driver  card=false money=false offer_shape=false suburbs=Patterson Lakes,Bangholme area=AllInside chime=none_not_offer_shape
09-10 10:02:22  com.ubercab.driver  card=false money=false offer_shape=false suburbs=Patterson Lakes,Bangholme area=AllInside chime=none_not_offer_shape
09-10 10:02:24  com.ubercab.driver  card=false money=false offer_shape=false suburbs=Patterson Lakes,Bangholme area=AllInside chime=none_not_offer_shape
09-10 10:02:26  com.ubercab.driver  card=false money=false offer_shape=false suburbs=Patterson Lakes,Bangholme area=AllInside chime=none_not_offer_shape
09-10 10:02:28  com.ubercab.driver  card=false money=false offer_shape=false suburbs=Patterson Lakes,Bangholme area=AllInside chime=none_not_offer_shape
09-10 10:02:30  com.ubercab.driver  card=false money=false offer_shape=false suburbs=Patterson Lakes,Bangholme area=AllInside chime=none_not_offer_shape
09-10 10:02:32  com.ubercab.driver  card=false money=false offer_shape=false suburbs=Patterson Lakes,Bangholme area=AllInside chime=none_not_offer_shape
09-10 10:02:34  com.ubercab.driver  card=false money=false offer_shape=false suburbs=Patterson Lakes,Bangholme area=AllInside chime=none_not_offer_shape
09-10 10:02:36  com.ubercab.driver  card=false money=false offer_shape=false suburbs=Patterson Lakes,Bangholme area=AllInside chime=none_not_offer_shape
09-10 10:02:38  com.ubercab.driver  card=false money=false offer_shape=false suburbs=Patterson Lakes,Bangholme area=AllInside chime=none_not_offer_shape
09-10 10:02:40  com.ubercab.driver  card=false money=false offer_shape=false suburbs=Patterson Lakes,Bangholme area=AllInside chime=none_not_offer_shape
09-10 10:02:42  com.ubercab.driver  card=false money=false offer_shape=false suburbs=Patterson Lakes,Bangholme area=AllInside chime=none_not_offer_shape
09-10 10:02:44  com.ubercab.driver  card=false money=false offer_shape=false suburbs=Patterson Lakes,Bangholme area=AllInside chime=none_not_offer_shape
09-10 10:02:46  com.ubercab.driver  card=false money=false offer_shape=false suburbs=Patterson Lakes,Bangholme area=AllInside chime=none_not_offer_shape
09-10 10:02:48  com.ubercab.driver  card=false money=false offer_shape=false suburbs=Patterson Lakes,Bangholme area=AllInside chime=none_not_offer_shape
09-10 10:02:50  com.ubercab.driver  card=false money=false offer_shape=false suburbs=Patterson Lakes,Bangholme area=AllInside chime=none_not_offer_shape
09-10 10:02:52  com.ubercab.driver  card=false money=false offer_shape=false suburbs=Patterson Lakes,Bangholme area=AllInside chime=none_not_offer_shape
09-10 10:02:55  com.ubercab.driver  card=false money=false offer_shape=false suburbs=Patterson Lakes,Bangholme area=AllInside chime=none_not_offer_shape
09-10 10:02:57  com.ubercab.driver  card=false money=false offer_shape=false suburbs=Patterson Lakes,Bangholme area=AllInside chime=none_not_offer_shape
09-10 10:02:59  com.ubercab.driver  card=false money=false offer_shape=false suburbs=Patterson Lakes,Bangholme area=AllInside chime=none_not_offer_shape
09-10 10:03:01  com.ubercab.driver  card=false money=false offer_shape=false suburbs=Patterson Lakes,Bangholme area=AllInside chime=none_not_offer_shape
09-10 10:03:03  com.ubercab.driver  card=false money=false offer_shape=false suburbs=Patterson Lakes,Bangholme area=AllInside chime=none_not_offer_shape
09-10 10:03:05  com.ubercab.driver  card=false money=false offer_shape=false suburbs=Patterson Lakes,Bangholme area=AllInside chime=none_not_offer_shape
09-10 10:03:07  com.ubercab.driver  card=false money=false offer_shape=false suburbs=Patterson Lakes,Bangholme area=AllInside chime=none_not_offer_shape
09-10 10:03:09  com.ubercab.driver  card=false money=false offer_shape=false suburbs=Patterson Lakes,Bangholme area=AllInside chime=none_not_offer_shape
09-10 10:03:11  com.ubercab.driver  card=false money=false offer_shape=false suburbs=Patterson Lakes,Bangholme area=AllInside chime=none_not_offer_shape
09-10 10:03:13  com.ubercab.driver  card=false money=false offer_shape=false suburbs=Patterson Lakes,Bangholme area=AllInside chime=none_not_offer_shape
09-10 10:03:15  com.ubercab.driver  card=false money=false offer_shape=false suburbs=Patterson Lakes,Bangholme area=AllInside chime=none_not_offer_shape
09-10 10:03:17  com.ubercab.driver  card=false money=false offer_shape=false suburbs=Patterson Lakes,Bangholme area=AllInside chime=none_not_offer_shape
09-10 10:03:19  com.ubercab.driver  card=false money=false offer_shape=false suburbs=Patterson Lakes,Bangholme area=AllInside chime=none_not_offer_shape
09-10 10:03:21  com.ubercab.driver  card=false money=false offer_shape=false suburbs=Patterson Lakes,Bangholme area=AllInside chime=none_not_offer_shape
09-10 10:03:23  com.ubercab.driver  card=false money=false offer_shape=false suburbs=Patterson Lakes,Bangholme area=AllInside chime=none_not_offer_shape
09-10 10:03:25  com.ubercab.driver  card=false money=false offer_shape=false suburbs=Patterson Lakes,Bangholme area=AllInside chime=none_not_offer_shape
09-10 10:03:27  com.ubercab.driver  card=false money=false offer_shape=false suburbs=Patterson Lakes,Bangholme area=AllInside chime=none_not_offer_shape
09-10 10:03:29  com.ubercab.driver  card=false money=false offer_shape=false suburbs=Patterson Lakes,Bangholme area=AllInside chime=none_not_offer_shape
09-10 10:03:31  com.ubercab.driver  card=false money=false offer_shape=false suburbs=Patterson Lakes,Bangholme area=AllInside chime=none_not_offer_shape
09-10 10:03:33  com.ubercab.driver  card=false money=false offer_shape=false suburbs=Patterson Lakes,Bangholme area=AllInside chime=none_not_offer_shape
09-10 10:03:35  com.ubercab.driver  card=false money=false offer_shape=false suburbs=Patterson Lakes,Bangholme area=AllInside chime=none_not_offer_shape
09-10 10:03:38  com.ubercab.driver  card=false money=false offer_shape=false suburbs=Patterson Lakes,Bangholme area=AllInside chime=none_not_offer_shape
09-10 10:03:40  com.ubercab.driver  card=false money=false offer_shape=false suburbs=Patterson Lakes,Bangholme area=AllInside chime=none_not_offer_shape
09-10 10:03:42  com.ubercab.driver  card=false money=false offer_shape=false suburbs=Patterson Lakes,Bangholme area=AllInside chime=none_not_offer_shape
09-10 10:03:44  com.ubercab.driver  card=false money=false offer_shape=false suburbs=Patterson Lakes,Bangholme area=AllInside chime=none_not_offer_shape
09-10 10:03:46  com.ubercab.driver  card=false money=false offer_shape=false suburbs=Patterson Lakes,Bangholme area=AllInside chime=none_not_offer_shape
09-10 10:03:48  com.ubercab.driver  card=false money=false offer_shape=false suburbs=Patterson Lakes,Bangholme area=AllInside chime=none_not_offer_shape
09-10 10:03:50  com.ubercab.driver  card=false money=false offer_shape=false suburbs=Patterson Lakes,Bangholme area=AllInside chime=none_not_offer_shape
09-10 10:03:53  com.ubercab.driver  card=false money=false offer_shape=false suburbs=Patterson Lakes,Bangholme area=AllInside chime=none_not_offer_shape
09-10 10:03:55  com.ubercab.driver  card=false money=false offer_shape=false suburbs=Patterson Lakes,Bangholme area=AllInside chime=none_not_offer_shape
09-10 10:03:57  com.ubercab.driver  card=false money=false offer_shape=false suburbs=Patterson Lakes,Bangholme area=AllInside chime=none_not_offer_shape
09-10 10:03:59  com.ubercab.driver  card=false money=false offer_shape=false suburbs=Patterson Lakes,Bangholme area=AllInside chime=none_not_offer_shape
09-10 10:04:01  com.ubercab.driver  card=false money=false offer_shape=false suburbs=Patterson Lakes,Bangholme area=AllInside chime=none_not_offer_shape
09-10 10:04:03  com.ubercab.driver  card=false money=false offer_shape=false suburbs=Patterson Lakes,Bangholme area=AllInside chime=none_not_offer_shape
09-10 10:04:06  com.ubercab.driver  card=false money=false offer_shape=false suburbs=Patterson Lakes,Bangholme area=AllInside chime=none_not_offer_shape
09-10 10:04:08  com.ubercab.driver  card=false money=false offer_shape=false suburbs=Patterson Lakes,Bangholme area=AllInside chime=none_not_offer_shape
09-10 10:04:10  com.ubercab.driver  card=false money=false offer_shape=false suburbs=Patterson Lakes,Bangholme area=AllInside chime=none_not_offer_shape
09-10 10:04:12  com.ubercab.driver  card=false money=false offer_shape=false suburbs=Patterson Lakes,Bangholme area=AllInside chime=none_not_offer_shape
09-10 10:04:14  com.ubercab.driver  card=false money=false offer_shape=false suburbs=Patterson Lakes,Bangholme area=AllInside chime=none_not_offer_shape
09-10 10:04:16  com.ubercab.driver  card=false money=false offer_shape=false suburbs=Patterson Lakes,Bangholme area=AllInside chime=none_not_offer_shape
09-10 10:04:19  com.ubercab.driver  card=false money=false offer_shape=false suburbs=Patterson Lakes,Bangholme area=AllInside chime=none_not_offer_shape
09-10 10:04:21  com.ubercab.driver  card=false money=false offer_shape=false suburbs=Patterson Lakes,Bangholme area=AllInside chime=none_not_offer_shape
09-10 10:04:23  com.ubercab.driver  card=false money=false offer_shape=false suburbs=Patterson Lakes,Bangholme area=AllInside chime=none_not_offer_shape
09-10 10:04:25  com.ubercab.driver  card=false money=false offer_shape=false suburbs=Patterson Lakes,Bangholme area=AllInside chime=none_not_offer_shape
09-10 10:04:27  com.ubercab.driver  card=false money=false offer_shape=false suburbs=Patterson Lakes,Bangholme area=AllInside chime=none_not_offer_shape
09-10 10:04:29  com.ubercab.driver  card=false money=false offer_shape=false suburbs= area=NoSuburb chime=none_not_offer_shape
09-10 10:04:31  com.ubercab.driver  card=false money=false offer_shape=false suburbs=Bangholme area=AllInside chime=none_not_offer_shape
09-10 10:04:33  com.ubercab.driver  card=false money=false offer_shape=false suburbs=Bangholme area=AllInside chime=none_not_offer_shape
09-10 10:04:35  com.ubercab.driver  card=false money=false offer_shape=false suburbs=Bangholme area=AllInside chime=none_not_offer_shape
09-10 10:04:38  com.ubercab.driver  card=false money=false offer_shape=false suburbs=Bangholme area=AllInside chime=none_not_offer_shape
09-10 10:04:40  com.ubercab.driver  card=false money=false offer_shape=false suburbs=Bangholme area=AllInside chime=none_not_offer_shape
09-10 10:04:42  com.ubercab.driver  card=false money=false offer_shape=false suburbs=Bangholme area=AllInside chime=none_not_offer_shape
09-10 10:04:44  com.ubercab.driver  card=false money=false offer_shape=false suburbs=Bangholme area=AllInside chime=none_not_offer_shape
09-10 10:04:46  com.ubercab.driver  card=false money=false offer_shape=false suburbs=Bangholme area=AllInside chime=none_not_offer_shape
09-10 10:04:48  com.ubercab.driver  card=false money=false offer_shape=false suburbs=Bangholme area=AllInside chime=none_not_offer_shape
09-10 10:04:50  com.ubercab.driver  card=false money=false offer_shape=false suburbs=Bangholme area=AllInside chime=none_not_offer_shape
09-10 10:04:52  com.ubercab.driver  card=false money=false offer_shape=false suburbs=Bangholme area=AllInside chime=none_not_offer_shape
09-10 10:04:54  com.ubercab.driver  card=false money=false offer_shape=false suburbs=Bangholme area=AllInside chime=none_not_offer_shape
09-10 10:04:56  com.ubercab.driver  card=false money=false offer_shape=false suburbs=Bangholme area=AllInside chime=none_not_offer_shape
09-10 10:04:59  com.ubercab.driver  card=false money=false offer_shape=false suburbs=Bangholme area=AllInside chime=none_not_offer_shape
09-10 10:05:01  com.ubercab.driver  card=false money=false offer_shape=false suburbs=Bangholme area=AllInside chime=none_not_offer_shape
09-10 10:05:03  com.ubercab.driver  card=false money=false offer_shape=false suburbs=Bangholme area=AllInside chime=none_not_offer_shape
09-10 10:05:05  com.ubercab.driver  card=false money=false offer_shape=false suburbs=Bangholme area=AllInside chime=none_not_offer_shape
09-10 10:05:07  com.ubercab.driver  card=false money=false offer_shape=false suburbs=Bangholme area=AllInside chime=none_not_offer_shape
09-10 10:05:09  com.ubercab.driver  card=false money=false offer_shape=false suburbs=Bangholme area=AllInside chime=none_not_offer_shape
09-10 10:05:11  com.ubercab.driver  card=false money=false offer_shape=false suburbs=Bangholme area=AllInside chime=none_not_offer_shape
09-10 10:05:13  com.ubercab.driver  card=false money=false offer_shape=false suburbs=Bangholme area=AllInside chime=none_not_offer_shape
09-10 10:05:15  com.ubercab.driver  card=false money=false offer_shape=false suburbs=Bangholme area=AllInside chime=none_not_offer_shape
09-10 10:05:17  com.ubercab.driver  card=false money=false offer_shape=false suburbs=Bangholme area=AllInside chime=none_not_offer_shape
09-10 10:05:20  com.ubercab.driver  card=false money=false offer_shape=false suburbs=Bangholme area=AllInside chime=none_not_offer_shape
09-10 10:05:22  com.ubercab.driver  card=false money=false offer_shape=false suburbs=Bangholme area=AllInside chime=none_not_offer_shape
09-10 10:05:24  com.ubercab.driver  card=false money=false offer_shape=false suburbs=Bangholme area=AllInside chime=none_not_offer_shape
09-10 10:05:26  com.ubercab.driver  card=false money=false offer_shape=false suburbs=Bangholme area=AllInside chime=none_not_offer_shape
09-10 10:05:28  com.ubercab.driver  card=false money=false offer_shape=false suburbs=Bangholme area=AllInside chime=none_not_offer_shape
09-10 10:05:31  com.ubercab.driver  card=false money=false offer_shape=false suburbs=Bangholme area=AllInside chime=none_not_offer_shape
09-10 10:05:33  com.ubercab.driver  card=false money=false offer_shape=false suburbs=Bangholme area=AllInside chime=none_not_offer_shape
09-10 10:06:25  locked_or_unknown  card=false money=false offer_shape=false suburbs= area=NoSuburb chime=none_not_offer_shape
09-10 10:06:25  com.android.systemui  card=false money=false offer_shape=false suburbs= area=NoSuburb chime=none_not_offer_shape
09-10 10:06:26  com.android.systemui  card=false money=false offer_shape=false suburbs= area=NoSuburb chime=none_not_offer_shape
09-10 10:06:27  com.android.systemui  card=false money=false offer_shape=false suburbs= area=NoSuburb chime=none_not_offer_shape
09-10 10:06:29  com.android.systemui  card=false money=false offer_shape=false suburbs= area=NoSuburb chime=none_not_offer_shape
09-10 10:06:30  com.android.systemui  card=false money=false offer_shape=false suburbs= area=NoSuburb chime=none_not_offer_shape
09-10 10:06:30  com.android.systemui  card=false money=false offer_shape=false suburbs= area=NoSuburb chime=none_not_offer_shape
09-10 10:06:31  com.android.systemui  card=false money=false offer_shape=false suburbs= area=NoSuburb chime=none_not_offer_shape
09-10 10:06:32  com.android.systemui  card=false money=false offer_shape=false suburbs= area=NoSuburb chime=none_not_offer_shape
09-10 10:06:33  com.android.systemui  card=false money=false offer_shape=false suburbs= area=NoSuburb chime=none_not_offer_shape
09-10 10:06:34  locked_or_unknown  card=false money=false offer_shape=false suburbs= area=NoSuburb chime=none_not_offer_shape
09-10 10:06:34  com.android.systemui  card=false money=false offer_shape=false suburbs= area=NoSuburb chime=none_not_offer_shape
09-10 10:06:35  com.android.systemui  card=false money=false offer_shape=false suburbs= area=NoSuburb chime=none_not_offer_shape
09-10 10:06:35  com.android.systemui  card=false money=false offer_shape=false suburbs= area=NoSuburb chime=none_not_offer_shape
09-10 10:06:36  com.ubercab.driver  card=false money=false offer_shape=false suburbs=Bangholme area=AllInside chime=none_not_offer_shape
09-10 10:06:36  com.ubercab.driver  card=false money=false offer_shape=false suburbs=Bangholme area=AllInside chime=none_not_offer_shape
09-10 10:06:37  com.ubercab.driver  card=false money=false offer_shape=false suburbs= area=NoSuburb chime=none_not_offer_shape
09-10 10:06:37  com.ubercab.driver  card=false money=false offer_shape=false suburbs= area=NoSuburb chime=none_not_offer_shape
09-10 10:06:38  com.ubercab.driver  card=false money=false offer_shape=false suburbs= area=NoSuburb chime=none_not_offer_shape
09-10 10:06:38  com.ubercab.driver  card=false money=false offer_shape=false suburbs= area=NoSuburb chime=none_not_offer_shape
09-10 10:06:39  com.ubercab.driver  card=false money=false offer_shape=false suburbs= area=NoSuburb chime=none_not_offer_shape
09-10 10:06:39  com.ubercab.driver  card=false money=false offer_shape=false suburbs= area=NoSuburb chime=none_not_offer_shape
09-10 10:06:40  com.ubercab.driver  card=false money=false offer_shape=false suburbs= area=NoSuburb chime=none_not_offer_shape
09-10 10:06:41  com.ubercab.driver  card=false money=false offer_shape=false suburbs= area=NoSuburb chime=none_not_offer_shape
09-10 10:06:41  com.ubercab.driver  card=false money=false offer_shape=false suburbs= area=NoSuburb chime=none_not_offer_shape
09-10 10:06:42  com.ubercab.driver  card=false money=false offer_shape=false suburbs= area=NoSuburb chime=none_not_offer_shape
09-10 10:06:42  com.ubercab.driver  card=false money=false offer_shape=false suburbs= area=NoSuburb chime=none_not_offer_shape
09-10 10:06:43  com.ubercab.driver  card=false money=false offer_shape=false suburbs= area=NoSuburb chime=none_not_offer_shape
09-10 10:06:44  com.ubercab.driver  card=false money=false offer_shape=false suburbs= area=NoSuburb chime=none_not_offer_shape
09-10 10:06:44  com.ubercab.driver  card=false money=false offer_shape=false suburbs= area=NoSuburb chime=none_not_offer_shape
09-10 10:06:45  com.ubercab.driver  card=false money=false offer_shape=false suburbs= area=NoSuburb chime=none_not_offer_shape
09-10 10:06:45  com.ubercab.driver  card=false money=false offer_shape=false suburbs= area=NoSuburb chime=none_not_offer_shape
09-10 10:06:46  com.ubercab.driver  card=false money=false offer_shape=false suburbs= area=NoSuburb chime=none_not_offer_shape
09-10 10:06:46  com.ubercab.driver  card=false money=false offer_shape=false suburbs= area=NoSuburb chime=none_not_offer_shape
09-10 10:06:47  com.ubercab.driver  card=false money=false offer_shape=false suburbs= area=NoSuburb chime=none_not_offer_shape
09-10 10:06:48  com.ubercab.driver  card=false money=false offer_shape=false suburbs= area=NoSuburb chime=none_not_offer_shape
09-10 10:06:48  com.ubercab.driver  card=false money=false offer_shape=false suburbs= area=NoSuburb chime=none_not_offer_shape
09-10 10:06:49  com.ubercab.driver  card=false money=false offer_shape=false suburbs= area=NoSuburb chime=none_not_offer_shape
09-10 10:06:50  com.ubercab.driver  card=false money=false offer_shape=false suburbs= area=NoSuburb chime=none_not_offer_shape
09-10 10:06:50  com.ubercab.driver  card=false money=false offer_shape=false suburbs= area=NoSuburb chime=none_not_offer_shape
09-10 10:06:51  com.ubercab.driver  card=false money=false offer_shape=false suburbs= area=NoSuburb chime=none_not_offer_shape
09-10 10:06:51  com.ubercab.driver  card=false money=false offer_shape=false suburbs= area=NoSuburb chime=none_not_offer_shape
09-10 10:06:52  com.ubercab.driver  card=false money=false offer_shape=false suburbs= area=NoSuburb chime=none_not_offer_shape
09-10 10:06:53  com.ubercab.driver  card=false money=false offer_shape=false suburbs= area=NoSuburb chime=none_not_offer_shape
09-10 10:06:54  com.ubercab.driver  card=false money=false offer_shape=false suburbs= area=NoSuburb chime=none_not_offer_shape
09-10 10:06:54  com.ubercab.driver  card=false money=false offer_shape=false suburbs= area=NoSuburb chime=none_not_offer_shape
09-10 10:06:54  com.ubercab.driver  card=false money=false offer_shape=false suburbs= area=NoSuburb chime=none_not_offer_shape
09-10 10:06:55  com.ubercab.driver  card=false money=false offer_shape=false suburbs= area=NoSuburb chime=none_not_offer_shape
09-10 10:06:56  com.ubercab.driver  card=false money=false offer_shape=false suburbs= area=NoSuburb chime=none_not_offer_shape
09-10 10:06:57  com.ubercab.driver  card=false money=false offer_shape=false suburbs= area=NoSuburb chime=none_not_offer_shape
09-10 10:06:58  com.ubercab.driver  card=false money=false offer_shape=false suburbs= area=NoSuburb chime=none_not_offer_shape
09-10 10:06:58  com.ubercab.driver  card=false money=false offer_shape=false suburbs= area=NoSuburb chime=none_not_offer_shape
09-10 10:06:58  com.ubercab.driver  card=false money=false offer_shape=false suburbs=Bangholme area=AllInside chime=none_not_offer_shape
09-10 10:06:59  com.ubercab.driver  card=false money=false offer_shape=false suburbs=Bangholme area=AllInside chime=none_not_offer_shape
09-10 10:06:59  com.ubercab.driver  card=false money=false offer_shape=false suburbs= area=NoSuburb chime=none_not_offer_shape
09-10 10:07:01  com.ubercab.driver  card=false money=false offer_shape=false suburbs=Dandenong South,Patterson Lakes,South Melbourne area=SomeOutside:Dandenong South/South Melbourne chime=none_not_offer_shape
09-10 10:07:01  com.ubercab.driver  card=false money=false offer_shape=false suburbs=Dandenong South,Patterson Lakes,South Melbourne area=SomeOutside:Dandenong South/South Melbourne chime=none_not_offer_shape
09-10 10:07:02  com.ubercab.driver  card=false money=false offer_shape=false suburbs=Dandenong South,Patterson Lakes,South Melbourne area=SomeOutside:Dandenong South/South Melbourne chime=none_not_offer_shape
09-10 10:07:03  com.ubercab.driver  card=false money=false offer_shape=false suburbs=Dandenong South,Patterson Lakes,South Melbourne area=SomeOutside:Dandenong South/South Melbourne chime=none_not_offer_shape
09-10 10:07:03  com.ubercab.driver  card=false money=false offer_shape=false suburbs=Dandenong South,Patterson Lakes,South Melbourne area=SomeOutside:Dandenong South/South Melbourne chime=none_not_offer_shape
09-10 10:07:04  com.ubercab.driver  card=false money=false offer_shape=false suburbs=Dandenong South,Patterson Lakes,South Melbourne area=SomeOutside:Dandenong South/South Melbourne chime=none_not_offer_shape
09-10 10:07:05  com.ubercab.driver  card=false money=false offer_shape=false suburbs=Dandenong South,Patterson Lakes,South Melbourne area=SomeOutside:Dandenong South/South Melbourne chime=none_not_offer_shape
09-10 10:07:06  com.ubercab.driver  card=false money=false offer_shape=false suburbs=Dandenong South,Patterson Lakes,South Melbourne area=SomeOutside:Dandenong South/South Melbourne chime=none_not_offer_shape
09-10 10:07:07  com.ubercab.driver  card=false money=false offer_shape=false suburbs=Dandenong South,Patterson Lakes,South Melbourne area=SomeOutside:Dandenong South/South Melbourne chime=none_not_offer_shape
09-10 10:07:08  com.ubercab.driver  card=false money=false offer_shape=false suburbs=Dandenong South,Patterson Lakes,South Melbourne area=SomeOutside:Dandenong South/South Melbourne chime=none_not_offer_shape
09-10 10:07:08  com.ubercab.driver  card=false money=false offer_shape=false suburbs=Dandenong South,Patterson Lakes,South Melbourne area=SomeOutside:Dandenong South/South Melbourne chime=none_not_offer_shape
09-10 10:07:09  com.ubercab.driver  card=false money=false offer_shape=false suburbs=Dandenong South,Patterson Lakes,South Melbourne area=SomeOutside:Dandenong South/South Melbourne chime=none_not_offer_shape
09-10 10:07:10  com.ubercab.driver  card=false money=false offer_shape=false suburbs=Dandenong South,Patterson Lakes,South Melbourne area=SomeOutside:Dandenong South/South Melbourne chime=none_not_offer_shape
09-10 10:07:10  com.ubercab.driver  card=false money=false offer_shape=false suburbs=Dandenong South,Patterson Lakes,South Melbourne area=SomeOutside:Dandenong South/South Melbourne chime=none_not_offer_shape
09-10 10:07:11  com.ubercab.driver  card=false money=false offer_shape=false suburbs=Dandenong South,Patterson Lakes,South Melbourne area=SomeOutside:Dandenong South/South Melbourne chime=none_not_offer_shape
09-10 10:07:12  com.ubercab.driver  card=false money=false offer_shape=false suburbs=Dandenong South,Patterson Lakes,South Melbourne area=SomeOutside:Dandenong South/South Melbourne chime=none_not_offer_shape
09-10 10:07:12  com.ubercab.driver  card=false money=false offer_shape=false suburbs=Dandenong South,Patterson Lakes,South Melbourne area=SomeOutside:Dandenong South/South Melbourne chime=none_not_offer_shape
09-10 10:07:13  com.ubercab.driver  card=false money=false offer_shape=false suburbs=Dandenong South,Patterson Lakes,South Melbourne area=SomeOutside:Dandenong South/South Melbourne chime=none_not_offer_shape
09-10 10:07:13  com.ubercab.driver  card=false money=false offer_shape=false suburbs=Dandenong South,Patterson Lakes,South Melbourne area=SomeOutside:Dandenong South/South Melbourne chime=none_not_offer_shape
09-10 10:07:14  com.ubercab.driver  card=false money=false offer_shape=false suburbs=Dandenong South,Patterson Lakes,South Melbourne area=SomeOutside:Dandenong South/South Melbourne chime=none_not_offer_shape
09-10 10:07:14  com.ubercab.driver  card=false money=false offer_shape=false suburbs=Dandenong South,Patterson Lakes,South Melbourne area=SomeOutside:Dandenong South/South Melbourne chime=none_not_offer_shape
09-10 10:07:15  com.ubercab.driver  card=false money=false offer_shape=false suburbs=Dandenong South,Patterson Lakes,South Melbourne area=SomeOutside:Dandenong South/South Melbourne chime=none_not_offer_shape
09-10 10:07:16  com.ubercab.driver  card=false money=false offer_shape=false suburbs=Dandenong South,Patterson Lakes,South Melbourne area=SomeOutside:Dandenong South/South Melbourne chime=none_not_offer_shape
09-10 10:07:16  com.ubercab.driver  card=false money=false offer_shape=false suburbs=Dandenong South,Patterson Lakes,South Melbourne area=SomeOutside:Dandenong South/South Melbourne chime=none_not_offer_shape
09-10 10:07:17  com.ubercab.driver  card=false money=false offer_shape=false suburbs=Dandenong South,Patterson Lakes,South Melbourne area=SomeOutside:Dandenong South/South Melbourne chime=none_not_offer_shape
09-10 10:07:17  com.ubercab.driver  card=false money=false offer_shape=false suburbs=Dandenong South,Patterson Lakes,South Melbourne area=SomeOutside:Dandenong South/South Melbourne chime=none_not_offer_shape
09-10 10:07:18  com.ubercab.driver  card=false money=false offer_shape=false suburbs=Dandenong South,Patterson Lakes,South Melbourne area=SomeOutside:Dandenong South/South Melbourne chime=none_not_offer_shape
09-10 10:07:19  com.ubercab.driver  card=false money=false offer_shape=false suburbs=Dandenong South,Patterson Lakes,South Melbourne area=SomeOutside:Dandenong South/South Melbourne chime=none_not_offer_shape
09-10 10:07:19  com.ubercab.driver  card=false money=false offer_shape=false suburbs=Dandenong South,Patterson Lakes,South Melbourne area=SomeOutside:Dandenong South/South Melbourne chime=none_not_offer_shape
09-10 10:07:21  com.ubercab.driver  card=false money=false offer_shape=false suburbs=Dandenong South,Patterson Lakes,South Melbourne area=SomeOutside:Dandenong South/South Melbourne chime=none_not_offer_shape
09-10 10:07:22  com.ubercab.driver  card=false money=false offer_shape=false suburbs=Dandenong South,Patterson Lakes,South Melbourne area=SomeOutside:Dandenong South/South Melbourne chime=none_not_offer_shape
09-10 10:07:22  com.ubercab.driver  card=false money=false offer_shape=false suburbs=Dandenong South,South Melbourne area=SomeOutside:Dandenong South/South Melbourne chime=none_not_offer_shape
09-10 10:07:22  com.ubercab.driver  card=false money=false offer_shape=false suburbs=Dandenong South,South Melbourne area=SomeOutside:Dandenong South/South Melbourne chime=none_not_offer_shape
09-10 10:07:23  com.ubercab.driver  card=false money=false offer_shape=false suburbs=Dandenong South,South Melbourne area=SomeOutside:Dandenong South/South Melbourne chime=none_not_offer_shape
09-10 10:07:24  com.ubercab.driver  card=false money=false offer_shape=false suburbs=Dandenong South,South Melbourne area=SomeOutside:Dandenong South/South Melbourne chime=none_not_offer_shape
09-10 10:07:24  com.ubercab.driver  card=false money=false offer_shape=false suburbs=Dandenong South,South Melbourne area=SomeOutside:Dandenong South/South Melbourne chime=none_not_offer_shape
09-10 10:07:25  com.ubercab.driver  card=false money=false offer_shape=false suburbs=Dandenong South,South Melbourne area=SomeOutside:Dandenong South/South Melbourne chime=none_not_offer_shape
09-10 10:07:26  com.ubercab.driver  card=false money=false offer_shape=false suburbs=Dandenong South,South Melbourne area=SomeOutside:Dandenong South/South Melbourne chime=none_not_offer_shape
09-10 10:07:27  com.ubercab.driver  card=false money=false offer_shape=false suburbs=Dandenong South,South Melbourne area=SomeOutside:Dandenong South/South Melbourne chime=none_not_offer_shape
09-10 10:07:28  com.ubercab.driver  card=false money=false offer_shape=false suburbs=Dandenong South,South Melbourne area=SomeOutside:Dandenong South/South Melbourne chime=none_not_offer_shape
09-10 10:07:29  com.ubercab.driver  card=false money=false offer_shape=false suburbs=Dandenong South,South Melbourne area=SomeOutside:Dandenong South/South Melbourne chime=none_not_offer_shape
09-10 10:07:30  com.ubercab.driver  card=false money=false offer_shape=false suburbs=Dandenong South,South Melbourne area=SomeOutside:Dandenong South/South Melbourne chime=none_not_offer_shape
09-10 10:07:31  com.ubercab.driver  card=false money=false offer_shape=false suburbs=Dandenong South,South Melbourne area=SomeOutside:Dandenong South/South Melbourne chime=none_not_offer_shape
09-10 10:07:32  com.ubercab.driver  card=false money=false offer_shape=false suburbs=Dandenong South,Patterson Lakes,South Melbourne area=SomeOutside:Dandenong South/South Melbourne chime=none_not_offer_shape
09-10 10:07:33  com.ubercab.driver  card=false money=false offer_shape=false suburbs=Dandenong South,Patterson Lakes,South Melbourne area=SomeOutside:Dandenong South/South Melbourne chime=none_not_offer_shape
09-10 10:07:34  com.ubercab.driver  card=false money=false offer_shape=false suburbs=Dandenong South,Patterson Lakes,South Melbourne area=SomeOutside:Dandenong South/South Melbourne chime=none_not_offer_shape
09-10 10:07:35  com.ubercab.driver  card=false money=false offer_shape=false suburbs=Dandenong South,Patterson Lakes,South Melbourne area=SomeOutside:Dandenong South/South Melbourne chime=none_not_offer_shape
09-10 10:07:36  com.ubercab.driver  card=false money=false offer_shape=false suburbs=Dandenong South,Patterson Lakes,South Melbourne area=SomeOutside:Dandenong South/South Melbourne chime=none_not_offer_shape
09-10 10:07:37  com.ubercab.driver  card=false money=false offer_shape=false suburbs=Dandenong South,Patterson Lakes,South Melbourne area=SomeOutside:Dandenong South/South Melbourne chime=none_not_offer_shape
09-10 10:07:39  com.ubercab.driver  card=false money=false offer_shape=false suburbs=Dandenong South,Patterson Lakes,South Melbourne area=SomeOutside:Dandenong South/South Melbourne chime=none_not_offer_shape
09-10 10:07:41  com.ubercab.driver  card=false money=false offer_shape=false suburbs=Dandenong South,Patterson Lakes,South Melbourne area=SomeOutside:Dandenong South/South Melbourne chime=none_not_offer_shape
09-10 10:07:43  com.ubercab.driver  card=false money=false offer_shape=false suburbs=Dandenong South,Patterson Lakes,South Melbourne area=SomeOutside:Dandenong South/South Melbourne chime=none_not_offer_shape
09-10 10:07:45  com.ubercab.driver  card=false money=false offer_shape=false suburbs=Dandenong South,Patterson Lakes,South Melbourne area=SomeOutside:Dandenong South/South Melbourne chime=none_not_offer_shape
09-10 10:07:47  com.ubercab.driver  card=false money=false offer_shape=false suburbs=Dandenong South,Patterson Lakes,South Melbourne area=SomeOutside:Dandenong South/South Melbourne chime=none_not_offer_shape
09-10 10:07:49  com.ubercab.driver  card=false money=false offer_shape=false suburbs=Dandenong South,Patterson Lakes,South Melbourne area=SomeOutside:Dandenong South/South Melbourne chime=none_not_offer_shape
09-10 10:07:51  com.ubercab.driver  card=false money=false offer_shape=false suburbs=Dandenong South,Patterson Lakes,South Melbourne area=SomeOutside:Dandenong South/South Melbourne chime=none_not_offer_shape
09-10 10:07:54  com.ubercab.driver  card=false money=false offer_shape=false suburbs=Dandenong South,Patterson Lakes,South Melbourne area=SomeOutside:Dandenong South/South Melbourne chime=none_not_offer_shape
09-10 10:07:56  com.ubercab.driver  card=false money=false offer_shape=false suburbs=Dandenong South,Patterson Lakes,South Melbourne area=SomeOutside:Dandenong South/South Melbourne chime=none_not_offer_shape
09-10 10:07:58  com.ubercab.driver  card=false money=false offer_shape=false suburbs=Dandenong South,Patterson Lakes,South Melbourne area=SomeOutside:Dandenong South/South Melbourne chime=none_not_offer_shape
09-10 10:08:00  com.ubercab.driver  card=false money=false offer_shape=false suburbs=Dandenong South,Patterson Lakes,South Melbourne area=SomeOutside:Dandenong South/South Melbourne chime=none_not_offer_shape
09-10 10:08:02  com.ubercab.driver  card=false money=false offer_shape=false suburbs=Dandenong South,Patterson Lakes,South Melbourne area=SomeOutside:Dandenong South/South Melbourne chime=none_not_offer_shape
09-10 10:08:04  com.ubercab.driver  card=false money=false offer_shape=false suburbs=Dandenong South,Patterson Lakes,South Melbourne area=SomeOutside:Dandenong South/South Melbourne chime=none_not_offer_shape
09-10 10:08:06  com.ubercab.driver  card=false money=false offer_shape=false suburbs=Dandenong South,Patterson Lakes,South Melbourne area=SomeOutside:Dandenong South/South Melbourne chime=none_not_offer_shape
09-10 10:08:08  com.ubercab.driver  card=false money=false offer_shape=false suburbs=Dandenong South,Patterson Lakes,South Melbourne area=SomeOutside:Dandenong South/South Melbourne chime=none_not_offer_shape
09-10 10:08:10  com.ubercab.driver  card=false money=false offer_shape=false suburbs=Dandenong South,Patterson Lakes,South Melbourne area=SomeOutside:Dandenong South/South Melbourne chime=none_not_offer_shape
09-10 10:08:12  com.ubercab.driver  card=false money=false offer_shape=false suburbs=Dandenong South,Patterson Lakes,South Melbourne area=SomeOutside:Dandenong South/South Melbourne chime=none_not_offer_shape
09-10 10:08:15  com.ubercab.driver  card=false money=false offer_shape=false suburbs=Dandenong South,Patterson Lakes,South Melbourne area=SomeOutside:Dandenong South/South Melbourne chime=none_not_offer_shape
09-10 10:08:17  com.ubercab.driver  card=false money=false offer_shape=false suburbs=Dandenong South,Patterson Lakes,South Melbourne area=SomeOutside:Dandenong South/South Melbourne chime=none_not_offer_shape
09-10 10:08:19  com.ubercab.driver  card=false money=false offer_shape=false suburbs=Dandenong South,Patterson Lakes,South Melbourne area=SomeOutside:Dandenong South/South Melbourne chime=none_not_offer_shape
09-10 10:08:21  com.ubercab.driver  card=false money=false offer_shape=false suburbs=Dandenong South,Patterson Lakes,South Melbourne area=SomeOutside:Dandenong South/South Melbourne chime=none_not_offer_shape
09-10 10:08:23  com.ubercab.driver  card=false money=false offer_shape=false suburbs=Dandenong South,Patterson Lakes,South Melbourne area=SomeOutside:Dandenong South/South Melbourne chime=none_not_offer_shape
09-10 10:08:25  com.ubercab.driver  card=false money=false offer_shape=false suburbs=Dandenong South,Patterson Lakes,South Melbourne area=SomeOutside:Dandenong South/South Melbourne chime=none_not_offer_shape
09-10 10:08:27  com.ubercab.driver  card=false money=false offer_shape=false suburbs=Dandenong South,Patterson Lakes,South Melbourne area=SomeOutside:Dandenong South/South Melbourne chime=none_not_offer_shape
09-10 10:08:29  com.ubercab.driver  card=false money=false offer_shape=false suburbs=Dandenong South,Patterson Lakes,South Melbourne area=SomeOutside:Dandenong South/South Melbourne chime=none_not_offer_shape
09-10 10:08:31  com.ubercab.driver  card=false money=false offer_shape=false suburbs=Dandenong South,Patterson Lakes,South Melbourne area=SomeOutside:Dandenong South/South Melbourne chime=none_not_offer_shape
09-10 10:08:33  com.ubercab.driver  card=false money=false offer_shape=false suburbs=Dandenong South,Patterson Lakes,South Melbourne area=SomeOutside:Dandenong South/South Melbourne chime=none_not_offer_shape
09-10 10:08:36  com.ubercab.driver  card=false money=false offer_shape=false suburbs=Dandenong South,Patterson Lakes,South Melbourne area=SomeOutside:Dandenong South/South Melbourne chime=none_not_offer_shape
09-10 10:08:38  com.ubercab.driver  card=false money=false offer_shape=false suburbs=Dandenong South,Patterson Lakes,South Melbourne area=SomeOutside:Dandenong South/South Melbourne chime=none_not_offer_shape
09-10 10:08:40  com.ubercab.driver  card=false money=false offer_shape=false suburbs=Dandenong South,Patterson Lakes,South Melbourne area=SomeOutside:Dandenong South/South Melbourne chime=none_not_offer_shape
09-10 10:08:42  com.ubercab.driver  card=false money=false offer_shape=false suburbs=Dandenong South,Patterson Lakes,South Melbourne area=SomeOutside:Dandenong South/South Melbourne chime=none_not_offer_shape
09-10 10:08:44  com.ubercab.driver  card=false money=false offer_shape=false suburbs=Dandenong South,Patterson Lakes,South Melbourne area=SomeOutside:Dandenong South/South Melbourne chime=none_not_offer_shape
09-10 10:08:46  com.ubercab.driver  card=false money=false offer_shape=false suburbs=Dandenong South,Patterson Lakes,South Melbourne area=SomeOutside:Dandenong South/South Melbourne chime=none_not_offer_shape
09-10 10:08:48  com.ubercab.driver  card=false money=false offer_shape=false suburbs=Dandenong South,Patterson Lakes,South Melbourne area=SomeOutside:Dandenong South/South Melbourne chime=none_not_offer_shape
09-10 10:08:50  com.ubercab.driver  card=false money=false offer_shape=false suburbs=Dandenong South,Patterson Lakes,South Melbourne area=SomeOutside:Dandenong South/South Melbourne chime=none_not_offer_shape
09-10 10:08:52  com.ubercab.driver  card=false money=false offer_shape=false suburbs=Dandenong South,Patterson Lakes,South Melbourne area=SomeOutside:Dandenong South/South Melbourne chime=none_not_offer_shape
09-10 10:08:55  com.ubercab.driver  card=false money=false offer_shape=false suburbs=Dandenong South,Patterson Lakes,South Melbourne area=SomeOutside:Dandenong South/South Melbourne chime=none_not_offer_shape
09-10 10:08:57  com.ubercab.driver  card=false money=false offer_shape=false suburbs=Dandenong South,Patterson Lakes,South Melbourne area=SomeOutside:Dandenong South/South Melbourne chime=none_not_offer_shape
09-10 10:08:59  com.ubercab.driver  card=false money=false offer_shape=false suburbs=Dandenong South,Patterson Lakes,South Melbourne area=SomeOutside:Dandenong South/South Melbourne chime=none_not_offer_shape
09-10 10:09:01  com.ubercab.driver  card=false money=false offer_shape=false suburbs=Dandenong South,Patterson Lakes,South Melbourne area=SomeOutside:Dandenong South/South Melbourne chime=none_not_offer_shape
09-10 10:09:03  com.ubercab.driver  card=false money=false offer_shape=false suburbs=Dandenong South,Patterson Lakes,South Melbourne area=SomeOutside:Dandenong South/South Melbourne chime=none_not_offer_shape
09-10 10:09:05  com.ubercab.driver  card=false money=false offer_shape=false suburbs=Dandenong South,Patterson Lakes,South Melbourne area=SomeOutside:Dandenong South/South Melbourne chime=none_not_offer_shape
09-10 10:09:07  com.ubercab.driver  card=false money=false offer_shape=false suburbs=Dandenong South,Patterson Lakes,South Melbourne area=SomeOutside:Dandenong South/South Melbourne chime=none_not_offer_shape
09-10 10:09:09  com.ubercab.driver  card=false money=false offer_shape=false suburbs=Dandenong South,Patterson Lakes,South Melbourne area=SomeOutside:Dandenong South/South Melbourne chime=none_not_offer_shape
09-10 10:09:11  com.ubercab.driver  card=false money=false offer_shape=false suburbs=Dandenong South,Patterson Lakes,South Melbourne area=SomeOutside:Dandenong South/South Melbourne chime=none_not_offer_shape
09-10 10:09:13  com.ubercab.driver  card=false money=false offer_shape=false suburbs=Dandenong South,Patterson Lakes,South Melbourne area=SomeOutside:Dandenong South/South Melbourne chime=none_not_offer_shape
09-10 10:09:15  com.ubercab.driver  card=false money=false offer_shape=false suburbs=Dandenong South,Patterson Lakes,South Melbourne area=SomeOutside:Dandenong South/South Melbourne chime=none_not_offer_shape
09-10 10:09:17  com.ubercab.driver  card=false money=false offer_shape=false suburbs=Dandenong South,Patterson Lakes,South Melbourne area=SomeOutside:Dandenong South/South Melbourne chime=none_not_offer_shape
09-10 10:09:20  com.ubercab.driver  card=false money=false offer_shape=false suburbs=Dandenong South,Patterson Lakes,South Melbourne area=SomeOutside:Dandenong South/South Melbourne chime=none_not_offer_shape
09-10 10:09:22  com.ubercab.driver  card=false money=false offer_shape=false suburbs=Dandenong South,Patterson Lakes,South Melbourne area=SomeOutside:Dandenong South/South Melbourne chime=none_not_offer_shape
09-10 10:09:24  com.ubercab.driver  card=false money=false offer_shape=false suburbs=Dandenong South,Patterson Lakes,South Melbourne area=SomeOutside:Dandenong South/South Melbourne chime=none_not_offer_shape
09-10 10:09:26  com.ubercab.driver  card=false money=false offer_shape=false suburbs=Dandenong South,Patterson Lakes,South Melbourne area=SomeOutside:Dandenong South/South Melbourne chime=none_not_offer_shape
09-10 10:09:28  com.ubercab.driver  card=false money=false offer_shape=false suburbs=Dandenong South,Patterson Lakes,South Melbourne area=SomeOutside:Dandenong South/South Melbourne chime=none_not_offer_shape
09-10 10:09:30  com.ubercab.driver  card=false money=false offer_shape=false suburbs=Dandenong South,Patterson Lakes,South Melbourne area=SomeOutside:Dandenong South/South Melbourne chime=none_not_offer_shape
09-10 10:09:32  com.ubercab.driver  card=false money=false offer_shape=false suburbs=Dandenong South,Patterson Lakes,South Melbourne area=SomeOutside:Dandenong South/South Melbourne chime=none_not_offer_shape
09-10 10:09:34  com.ubercab.driver  card=false money=false offer_shape=false suburbs=Dandenong South,Patterson Lakes,South Melbourne area=SomeOutside:Dandenong South/South Melbourne chime=none_not_offer_shape
09-10 10:09:36  com.ubercab.driver  card=false money=false offer_shape=false suburbs=Dandenong South,Patterson Lakes,South Melbourne area=SomeOutside:Dandenong South/South Melbourne chime=none_not_offer_shape
09-10 10:09:38  com.ubercab.driver  card=false money=false offer_shape=false suburbs=Dandenong South,Patterson Lakes,South Melbourne area=SomeOutside:Dandenong South/South Melbourne chime=none_not_offer_shape
09-10 10:09:40  com.ubercab.driver  card=false money=false offer_shape=false suburbs=Dandenong South,Patterson Lakes,South Melbourne area=SomeOutside:Dandenong South/South Melbourne chime=none_not_offer_shape
09-10 10:09:43  com.ubercab.driver  card=false money=false offer_shape=false suburbs=Dandenong South,Patterson Lakes,South Melbourne area=SomeOutside:Dandenong South/South Melbourne chime=none_not_offer_shape
09-10 10:09:45  com.ubercab.driver  card=false money=false offer_shape=false suburbs=Dandenong South,Patterson Lakes,South Melbourne area=SomeOutside:Dandenong South/South Melbourne chime=none_not_offer_shape
09-10 10:09:47  com.ubercab.driver  card=false money=false offer_shape=false suburbs=Dandenong South,Patterson Lakes,South Melbourne,Frankston area=SomeOutside:Dandenong South/South Melbourne/Frankston chime=none_not_offer_shape
09-10 10:09:49  com.ubercab.driver  card=false money=false offer_shape=false suburbs=Dandenong South,Patterson Lakes,South Melbourne,Frankston area=SomeOutside:Dandenong South/South Melbourne/Frankston chime=none_not_offer_shape
09-10 10:09:51  com.ubercab.driver  card=false money=false offer_shape=false suburbs=Dandenong South,Patterson Lakes,South Melbourne,Frankston area=SomeOutside:Dandenong South/South Melbourne/Frankston chime=none_not_offer_shape
09-10 10:09:53  com.ubercab.driver  card=false money=false offer_shape=false suburbs=Dandenong South,Patterson Lakes,South Melbourne,Frankston area=SomeOutside:Dandenong South/South Melbourne/Frankston chime=none_not_offer_shape
09-10 10:09:55  com.ubercab.driver  card=false money=false offer_shape=false suburbs=Dandenong South,Patterson Lakes,South Melbourne,Frankston area=SomeOutside:Dandenong South/South Melbourne/Frankston chime=none_not_offer_shape
09-10 10:09:57  com.ubercab.driver  card=false money=false offer_shape=false suburbs=Dandenong South,Patterson Lakes,South Melbourne,Frankston area=SomeOutside:Dandenong South/South Melbourne/Frankston chime=none_not_offer_shape
09-10 10:10:00  com.ubercab.driver  card=false money=false offer_shape=false suburbs=Dandenong South,Patterson Lakes,South Melbourne,Frankston area=SomeOutside:Dandenong South/South Melbourne/Frankston chime=none_not_offer_shape
09-10 10:10:02  com.ubercab.driver  card=false money=false offer_shape=false suburbs=Dandenong South,Patterson Lakes,South Melbourne,Frankston area=SomeOutside:Dandenong South/South Melbourne/Frankston chime=none_not_offer_shape
09-10 10:10:05  com.ubercab.driver  card=false money=false offer_shape=false suburbs=Dandenong South,Patterson Lakes,South Melbourne,Frankston area=SomeOutside:Dandenong South/South Melbourne/Frankston chime=none_not_offer_shape
09-10 10:10:07  com.ubercab.driver  card=false money=false offer_shape=false suburbs=Dandenong South,Patterson Lakes,South Melbourne,Frankston area=SomeOutside:Dandenong South/South Melbourne/Frankston chime=none_not_offer_shape
09-10 10:10:09  com.ubercab.driver  card=false money=false offer_shape=false suburbs=Dandenong South,Patterson Lakes,South Melbourne,Frankston area=SomeOutside:Dandenong South/South Melbourne/Frankston chime=none_not_offer_shape
09-10 10:10:11  com.ubercab.driver  card=false money=false offer_shape=false suburbs=Dandenong South,Patterson Lakes,South Melbourne,Frankston area=SomeOutside:Dandenong South/South Melbourne/Frankston chime=none_not_offer_shape
09-10 10:10:13  com.ubercab.driver  card=false money=false offer_shape=false suburbs=Dandenong South,Patterson Lakes,South Melbourne,Frankston area=SomeOutside:Dandenong South/South Melbourne/Frankston chime=none_not_offer_shape
09-10 10:10:15  com.ubercab.driver  card=false money=false offer_shape=false suburbs=Dandenong South,Patterson Lakes,South Melbourne,Frankston area=SomeOutside:Dandenong South/South Melbourne/Frankston chime=none_not_offer_shape
09-10 10:10:17  com.ubercab.driver  card=false money=false offer_shape=false suburbs=Dandenong South,Patterson Lakes,South Melbourne,Frankston area=SomeOutside:Dandenong South/South Melbourne/Frankston chime=none_not_offer_shape
09-10 10:10:19  com.ubercab.driver  card=false money=false offer_shape=false suburbs=Dandenong South,Patterson Lakes,South Melbourne,Frankston area=SomeOutside:Dandenong South/South Melbourne/Frankston chime=none_not_offer_shape
09-10 10:10:21  com.ubercab.driver  card=false money=false offer_shape=false suburbs=Dandenong South,Patterson Lakes,South Melbourne,Frankston area=SomeOutside:Dandenong South/South Melbourne/Frankston chime=none_not_offer_shape
09-10 10:10:23  com.ubercab.driver  card=false money=false offer_shape=false suburbs=Dandenong South,Patterson Lakes,South Melbourne,Frankston area=SomeOutside:Dandenong South/South Melbourne/Frankston chime=none_not_offer_shape
09-10 10:10:25  com.ubercab.driver  card=false money=false offer_shape=false suburbs=Dandenong South,Patterson Lakes,South Melbourne,Frankston area=SomeOutside:Dandenong South/South Melbourne/Frankston chime=none_not_offer_shape
09-10 10:10:27  com.ubercab.driver  card=false money=false offer_shape=false suburbs=Dandenong South,Patterson Lakes,South Melbourne,Frankston area=SomeOutside:Dandenong South/South Melbourne/Frankston chime=none_not_offer_shape
09-10 10:10:29  com.ubercab.driver  card=false money=false offer_shape=false suburbs=Dandenong South,Patterson Lakes,South Melbourne,Frankston area=SomeOutside:Dandenong South/South Melbourne/Frankston chime=none_not_offer_shape
09-10 10:10:31  com.ubercab.driver  card=false money=false offer_shape=false suburbs=Dandenong South,Patterson Lakes,South Melbourne,Frankston area=SomeOutside:Dandenong South/South Melbourne/Frankston chime=none_not_offer_shape
09-10 10:10:33  com.ubercab.driver  card=false money=false offer_shape=false suburbs=Dandenong South,Patterson Lakes,South Melbourne,Frankston area=SomeOutside:Dandenong South/South Melbourne/Frankston chime=none_not_offer_shape
09-10 10:10:35  com.ubercab.driver  card=false money=false offer_shape=false suburbs=Dandenong South,Patterson Lakes,South Melbourne,Frankston area=SomeOutside:Dandenong South/South Melbourne/Frankston chime=none_not_offer_shape
09-10 10:10:37  com.ubercab.driver  card=false money=false offer_shape=false suburbs=Dandenong South,Patterson Lakes,South Melbourne,Frankston area=SomeOutside:Dandenong South/South Melbourne/Frankston chime=none_not_offer_shape
09-10 10:10:39  com.ubercab.driver  card=false money=false offer_shape=false suburbs=Dandenong South,Patterson Lakes,South Melbourne,Frankston area=SomeOutside:Dandenong South/South Melbourne/Frankston chime=none_not_offer_shape
09-10 10:10:42  com.ubercab.driver  card=false money=false offer_shape=false suburbs=Dandenong South,Patterson Lakes,South Melbourne,Frankston area=SomeOutside:Dandenong South/South Melbourne/Frankston chime=none_not_offer_shape
09-10 10:10:44  com.ubercab.driver  card=false money=false offer_shape=false suburbs=Dandenong South,Patterson Lakes,South Melbourne,Frankston area=SomeOutside:Dandenong South/South Melbourne/Frankston chime=none_not_offer_shape
09-10 10:10:47  com.ubercab.driver  card=false money=false offer_shape=false suburbs=Dandenong South,Patterson Lakes,South Melbourne,Frankston area=SomeOutside:Dandenong South/South Melbourne/Frankston chime=none_not_offer_shape
09-10 10:10:49  com.ubercab.driver  card=false money=false offer_shape=false suburbs=Dandenong South,Patterson Lakes,South Melbourne,Frankston area=SomeOutside:Dandenong South/South Melbourne/Frankston chime=none_not_offer_shape
09-10 10:10:51  com.ubercab.driver  card=false money=false offer_shape=false suburbs=Dandenong South,Patterson Lakes,South Melbourne,Frankston area=SomeOutside:Dandenong South/South Melbourne/Frankston chime=none_not_offer_shape
09-10 10:10:54  com.ubercab.driver  card=false money=false offer_shape=false suburbs=Dandenong South,Patterson Lakes,South Melbourne,Frankston area=SomeOutside:Dandenong South/South Melbourne/Frankston chime=none_not_offer_shape
09-10 10:10:56  com.ubercab.driver  card=false money=false offer_shape=false suburbs=Dandenong South,Patterson Lakes,South Melbourne,Frankston area=SomeOutside:Dandenong South/South Melbourne/Frankston chime=none_not_offer_shape
09-10 10:10:58  com.ubercab.driver  card=false money=false offer_shape=false suburbs=Dandenong South,Patterson Lakes,South Melbourne,Frankston area=SomeOutside:Dandenong South/South Melbourne/Frankston chime=none_not_offer_shape
09-10 10:11:00  com.ubercab.driver  card=false money=false offer_shape=false suburbs=Dandenong South,Patterson Lakes,South Melbourne,Frankston area=SomeOutside:Dandenong South/South Melbourne/Frankston chime=none_not_offer_shape
09-10 10:11:03  com.ubercab.driver  card=false money=false offer_shape=false suburbs=Dandenong South,Patterson Lakes,South Melbourne,Frankston area=SomeOutside:Dandenong South/South Melbourne/Frankston chime=none_not_offer_shape
09-10 10:11:05  com.ubercab.driver  card=false money=false offer_shape=false suburbs=Dandenong South,Patterson Lakes,South Melbourne,Frankston area=SomeOutside:Dandenong South/South Melbourne/Frankston chime=none_not_offer_shape
09-10 10:11:07  com.ubercab.driver  card=false money=false offer_shape=false suburbs=Dandenong South,Patterson Lakes,South Melbourne,Frankston area=SomeOutside:Dandenong South/South Melbourne/Frankston chime=none_not_offer_shape
09-10 10:11:09  com.ubercab.driver  card=false money=false offer_shape=false suburbs=Dandenong South,Patterson Lakes,South Melbourne,Frankston area=SomeOutside:Dandenong South/South Melbourne/Frankston chime=none_not_offer_shape
09-10 10:11:12  com.ubercab.driver  card=false money=false offer_shape=false suburbs=Dandenong South,Patterson Lakes,South Melbourne,Frankston area=SomeOutside:Dandenong South/South Melbourne/Frankston chime=none_not_offer_shape
09-10 10:11:14  com.ubercab.driver  card=false money=false offer_shape=false suburbs=Dandenong South,Patterson Lakes,South Melbourne,Frankston area=SomeOutside:Dandenong South/South Melbourne/Frankston chime=none_not_offer_shape
09-10 10:11:16  com.ubercab.driver  card=false money=false offer_shape=false suburbs=Dandenong South,Patterson Lakes,South Melbourne,Frankston area=SomeOutside:Dandenong South/South Melbourne/Frankston chime=none_not_offer_shape
09-10 10:11:19  com.ubercab.driver  card=false money=false offer_shape=false suburbs=Dandenong South,Patterson Lakes,South Melbourne area=SomeOutside:Dandenong South/South Melbourne chime=none_not_offer_shape
09-10 10:11:21  com.ubercab.driver  card=false money=false offer_shape=false suburbs=Dandenong South,Patterson Lakes,South Melbourne area=SomeOutside:Dandenong South/South Melbourne chime=none_not_offer_shape
09-10 10:11:24  com.ubercab.driver  card=false money=false offer_shape=false suburbs=Dandenong South,Patterson Lakes,South Melbourne area=SomeOutside:Dandenong South/South Melbourne chime=none_not_offer_shape
09-10 10:11:26  com.ubercab.driver  card=false money=false offer_shape=false suburbs=Dandenong South,Patterson Lakes,South Melbourne area=SomeOutside:Dandenong South/South Melbourne chime=none_not_offer_shape
09-10 10:11:28  com.ubercab.driver  card=false money=false offer_shape=false suburbs=Dandenong South,Patterson Lakes,South Melbourne area=SomeOutside:Dandenong South/South Melbourne chime=none_not_offer_shape
09-10 10:11:30  com.ubercab.driver  card=false money=false offer_shape=false suburbs=Dandenong South,Patterson Lakes,South Melbourne area=SomeOutside:Dandenong South/South Melbourne chime=none_not_offer_shape
09-10 10:11:32  com.ubercab.driver  card=false money=false offer_shape=false suburbs=Dandenong South,Patterson Lakes,South Melbourne area=SomeOutside:Dandenong South/South Melbourne chime=none_not_offer_shape
09-10 10:11:34  com.ubercab.driver  card=false money=false offer_shape=false suburbs=Dandenong South,Patterson Lakes,South Melbourne area=SomeOutside:Dandenong South/South Melbourne chime=none_not_offer_shape
09-10 10:11:36  com.ubercab.driver  card=false money=false offer_shape=false suburbs=Dandenong South,Patterson Lakes,South Melbourne area=SomeOutside:Dandenong South/South Melbourne chime=none_not_offer_shape
09-10 10:11:38  com.ubercab.driver  card=false money=false offer_shape=false suburbs=Dandenong South,Patterson Lakes,South Melbourne area=SomeOutside:Dandenong South/South Melbourne chime=none_not_offer_shape
09-10 10:11:41  com.ubercab.driver  card=false money=false offer_shape=false suburbs=Dandenong South,Patterson Lakes,South Melbourne area=SomeOutside:Dandenong South/South Melbourne chime=none_not_offer_shape
09-10 10:11:43  com.ubercab.driver  card=false money=false offer_shape=false suburbs=Dandenong South,Patterson Lakes,South Melbourne area=SomeOutside:Dandenong South/South Melbourne chime=none_not_offer_shape
09-10 10:11:45  com.ubercab.driver  card=false money=false offer_shape=false suburbs=Dandenong South,Patterson Lakes,South Melbourne area=SomeOutside:Dandenong South/South Melbourne chime=none_not_offer_shape
09-10 10:11:47  com.ubercab.driver  card=false money=false offer_shape=false suburbs=Dandenong South,Patterson Lakes,South Melbourne area=SomeOutside:Dandenong South/South Melbourne chime=none_not_offer_shape
09-10 10:11:49  com.ubercab.driver  card=false money=false offer_shape=false suburbs=Dandenong South,Patterson Lakes,South Melbourne area=SomeOutside:Dandenong South/South Melbourne chime=none_not_offer_shape
09-10 10:11:51  com.ubercab.driver  card=false money=false offer_shape=false suburbs=Dandenong South,Patterson Lakes,South Melbourne area=SomeOutside:Dandenong South/South Melbourne chime=none_not_offer_shape
09-10 10:11:53  com.ubercab.driver  card=false money=false offer_shape=false suburbs=Dandenong South,Patterson Lakes,South Melbourne area=SomeOutside:Dandenong South/South Melbourne chime=none_not_offer_shape
09-10 10:11:55  com.ubercab.driver  card=false money=false offer_shape=false suburbs=Dandenong South,Patterson Lakes,South Melbourne area=SomeOutside:Dandenong South/South Melbourne chime=none_not_offer_shape
09-10 10:11:57  com.ubercab.driver  card=false money=false offer_shape=false suburbs=Dandenong South,Patterson Lakes,South Melbourne area=SomeOutside:Dandenong South/South Melbourne chime=none_not_offer_shape
09-10 10:11:59  com.ubercab.driver  card=false money=false offer_shape=false suburbs=Dandenong South,Patterson Lakes,South Melbourne area=SomeOutside:Dandenong South/South Melbourne chime=none_not_offer_shape
09-10 10:12:01  com.ubercab.driver  card=false money=false offer_shape=false suburbs=Dandenong South,Patterson Lakes,South Melbourne area=SomeOutside:Dandenong South/South Melbourne chime=none_not_offer_shape
09-10 10:12:03  com.ubercab.driver  card=false money=false offer_shape=false suburbs=Dandenong South,Patterson Lakes,South Melbourne area=SomeOutside:Dandenong South/South Melbourne chime=none_not_offer_shape
09-10 10:12:05  com.ubercab.driver  card=false money=false offer_shape=false suburbs=Dandenong South,Patterson Lakes,South Melbourne area=SomeOutside:Dandenong South/South Melbourne chime=none_not_offer_shape
09-10 10:12:07  com.ubercab.driver  card=false money=false offer_shape=false suburbs=Dandenong South,Patterson Lakes,South Melbourne area=SomeOutside:Dandenong South/South Melbourne chime=none_not_offer_shape
09-10 10:12:09  com.ubercab.driver  card=false money=false offer_shape=false suburbs=Dandenong South,Patterson Lakes,South Melbourne area=SomeOutside:Dandenong South/South Melbourne chime=none_not_offer_shape
09-10 10:12:11  com.ubercab.driver  card=false money=false offer_shape=false suburbs=Dandenong South,Patterson Lakes,South Melbourne area=SomeOutside:Dandenong South/South Melbourne chime=none_not_offer_shape
09-10 10:12:13  com.ubercab.driver  card=false money=false offer_shape=false suburbs=Dandenong South,Patterson Lakes,South Melbourne area=SomeOutside:Dandenong South/South Melbourne chime=none_not_offer_shape
09-10 10:12:15  com.ubercab.driver  card=false money=false offer_shape=false suburbs=Dandenong South,Patterson Lakes,South Melbourne area=SomeOutside:Dandenong South/South Melbourne chime=none_not_offer_shape
09-10 10:12:17  com.ubercab.driver  card=false money=false offer_shape=false suburbs=Dandenong South,Patterson Lakes,South Melbourne area=SomeOutside:Dandenong South/South Melbourne chime=none_not_offer_shape
09-10 10:12:19  com.ubercab.driver  card=false money=false offer_shape=false suburbs=Dandenong South,Patterson Lakes,South Melbourne area=SomeOutside:Dandenong South/South Melbourne chime=none_not_offer_shape
09-10 10:12:21  com.ubercab.driver  card=false money=false offer_shape=false suburbs=Dandenong South,Patterson Lakes,South Melbourne area=SomeOutside:Dandenong South/South Melbourne chime=none_not_offer_shape
09-10 10:12:23  com.ubercab.driver  card=false money=false offer_shape=false suburbs=Dandenong South,Patterson Lakes,South Melbourne area=SomeOutside:Dandenong South/South Melbourne chime=none_not_offer_shape
09-10 10:12:26  com.ubercab.driver  card=false money=false offer_shape=false suburbs=Dandenong South,Patterson Lakes,South Melbourne area=SomeOutside:Dandenong South/South Melbourne chime=none_not_offer_shape
09-10 10:12:28  com.ubercab.driver  card=false money=false offer_shape=false suburbs=Dandenong South,Patterson Lakes,South Melbourne area=SomeOutside:Dandenong South/South Melbourne chime=none_not_offer_shape
09-10 10:12:30  com.ubercab.driver  card=false money=false offer_shape=false suburbs=Dandenong South,Patterson Lakes,South Melbourne area=SomeOutside:Dandenong South/South Melbourne chime=none_not_offer_shape
09-10 10:12:32  com.ubercab.driver  card=false money=false offer_shape=false suburbs=Dandenong South,Patterson Lakes,South Melbourne area=SomeOutside:Dandenong South/South Melbourne chime=none_not_offer_shape
09-10 10:12:34  com.ubercab.driver  card=false money=false offer_shape=false suburbs=Dandenong South,Patterson Lakes,South Melbourne area=SomeOutside:Dandenong South/South Melbourne chime=none_not_offer_shape
09-10 10:12:36  com.ubercab.driver  card=false money=false offer_shape=false suburbs=Dandenong South,Patterson Lakes,South Melbourne area=SomeOutside:Dandenong South/South Melbourne chime=none_not_offer_shape
09-10 10:12:38  com.ubercab.driver  card=false money=false offer_shape=false suburbs=Dandenong South,Patterson Lakes,South Melbourne area=SomeOutside:Dandenong South/South Melbourne chime=none_not_offer_shape
09-10 10:12:40  com.ubercab.driver  card=false money=false offer_shape=false suburbs=Dandenong South,Patterson Lakes,South Melbourne area=SomeOutside:Dandenong South/South Melbourne chime=none_not_offer_shape
09-10 10:12:43  com.ubercab.driver  card=false money=false offer_shape=false suburbs=Dandenong South,Patterson Lakes,South Melbourne area=SomeOutside:Dandenong South/South Melbourne chime=none_not_offer_shape
09-10 10:12:45  com.ubercab.driver  card=false money=false offer_shape=false suburbs=Dandenong South,Patterson Lakes,South Melbourne area=SomeOutside:Dandenong South/South Melbourne chime=none_not_offer_shape
09-10 10:12:47  com.ubercab.driver  card=false money=false offer_shape=false suburbs=Dandenong South,Patterson Lakes,South Melbourne area=SomeOutside:Dandenong South/South Melbourne chime=none_not_offer_shape
09-10 10:12:49  com.ubercab.driver  card=false money=false offer_shape=false suburbs=Dandenong South,Patterson Lakes,South Melbourne area=SomeOutside:Dandenong South/South Melbourne chime=none_not_offer_shape
09-10 10:12:51  com.ubercab.driver  card=false money=false offer_shape=false suburbs=Dandenong South,Patterson Lakes,South Melbourne area=SomeOutside:Dandenong South/South Melbourne chime=none_not_offer_shape
09-10 10:12:53  com.ubercab.driver  card=false money=false offer_shape=false suburbs=Dandenong South,Patterson Lakes,South Melbourne area=SomeOutside:Dandenong South/South Melbourne chime=none_not_offer_shape
09-10 10:12:55  com.ubercab.driver  card=false money=false offer_shape=false suburbs=Dandenong South,Patterson Lakes,South Melbourne area=SomeOutside:Dandenong South/South Melbourne chime=none_not_offer_shape
09-10 10:12:57  com.ubercab.driver  card=false money=false offer_shape=false suburbs=Dandenong South,Patterson Lakes,South Melbourne area=SomeOutside:Dandenong South/South Melbourne chime=none_not_offer_shape
09-10 10:12:59  com.ubercab.driver  card=false money=false offer_shape=false suburbs=Dandenong South,Patterson Lakes,South Melbourne area=SomeOutside:Dandenong South/South Melbourne chime=none_not_offer_shape
09-10 10:13:01  com.ubercab.driver  card=false money=false offer_shape=false suburbs=Dandenong South,Patterson Lakes,South Melbourne area=SomeOutside:Dandenong South/South Melbourne chime=none_not_offer_shape
09-10 10:13:04  com.ubercab.driver  card=false money=false offer_shape=false suburbs=Dandenong South,Patterson Lakes,South Melbourne area=SomeOutside:Dandenong South/South Melbourne chime=none_not_offer_shape
09-10 10:13:06  com.ubercab.driver  card=false money=false offer_shape=false suburbs=Dandenong South,Patterson Lakes,South Melbourne area=SomeOutside:Dandenong South/South Melbourne chime=none_not_offer_shape
09-10 10:13:08  com.ubercab.driver  card=false money=false offer_shape=false suburbs=Dandenong South,Patterson Lakes,South Melbourne area=SomeOutside:Dandenong South/South Melbourne chime=none_not_offer_shape
09-10 10:13:11  com.ubercab.driver  card=false money=false offer_shape=false suburbs=Dandenong South,Patterson Lakes,South Melbourne area=SomeOutside:Dandenong South/South Melbourne chime=none_not_offer_shape
09-10 10:13:13  com.ubercab.driver  card=false money=false offer_shape=false suburbs=Dandenong South,Patterson Lakes,South Melbourne area=SomeOutside:Dandenong South/South Melbourne chime=none_not_offer_shape
09-10 10:13:15  com.ubercab.driver  card=false money=false offer_shape=false suburbs=Dandenong South,Patterson Lakes,South Melbourne area=SomeOutside:Dandenong South/South Melbourne chime=none_not_offer_shape
09-10 10:13:17  com.ubercab.driver  card=false money=false offer_shape=false suburbs=Dandenong South,Patterson Lakes,South Melbourne area=SomeOutside:Dandenong South/South Melbourne chime=none_not_offer_shape
09-10 10:13:19  com.ubercab.driver  card=false money=false offer_shape=false suburbs=Dandenong South,Patterson Lakes,South Melbourne area=SomeOutside:Dandenong South/South Melbourne chime=none_not_offer_shape
09-10 10:13:21  com.ubercab.driver  card=false money=false offer_shape=false suburbs=Dandenong South,Patterson Lakes,South Melbourne area=SomeOutside:Dandenong South/South Melbourne chime=none_not_offer_shape
09-10 10:13:23  com.ubercab.driver  card=false money=false offer_shape=false suburbs=Dandenong South,Patterson Lakes,South Melbourne area=SomeOutside:Dandenong South/South Melbourne chime=none_not_offer_shape
09-10 10:13:25  com.ubercab.driver  card=false money=false offer_shape=false suburbs=Dandenong South,Patterson Lakes,South Melbourne area=SomeOutside:Dandenong South/South Melbourne chime=none_not_offer_shape
09-10 10:13:28  com.ubercab.driver  card=false money=false offer_shape=false suburbs=Dandenong South,Patterson Lakes,South Melbourne area=SomeOutside:Dandenong South/South Melbourne chime=none_not_offer_shape
09-10 10:13:31  com.ubercab.driver  card=false money=false offer_shape=false suburbs=Dandenong South,Patterson Lakes,South Melbourne area=SomeOutside:Dandenong South/South Melbourne chime=none_not_offer_shape
09-10 10:13:33  com.ubercab.driver  card=false money=false offer_shape=false suburbs=Dandenong South,Patterson Lakes,South Melbourne area=SomeOutside:Dandenong South/South Melbourne chime=none_not_offer_shape
09-10 10:13:36  com.ubercab.driver  card=false money=false offer_shape=false suburbs=Dandenong South,Patterson Lakes,South Melbourne area=SomeOutside:Dandenong South/South Melbourne chime=none_not_offer_shape
09-10 10:13:39  com.ubercab.driver  card=false money=false offer_shape=false suburbs=Dandenong South,Patterson Lakes,South Melbourne area=SomeOutside:Dandenong South/South Melbourne chime=none_not_offer_shape
09-10 10:13:41  com.ubercab.driver  card=false money=false offer_shape=false suburbs=Dandenong South,Patterson Lakes,South Melbourne area=SomeOutside:Dandenong South/South Melbourne chime=none_not_offer_shape
09-10 10:13:43  com.ubercab.driver  card=false money=false offer_shape=false suburbs=Dandenong South,Patterson Lakes,South Melbourne area=SomeOutside:Dandenong South/South Melbourne chime=none_not_offer_shape
09-10 10:13:45  com.ubercab.driver  card=false money=false offer_shape=false suburbs=Dandenong South,Patterson Lakes,South Melbourne area=SomeOutside:Dandenong South/South Melbourne chime=none_not_offer_shape
09-10 10:13:47  com.ubercab.driver  card=false money=false offer_shape=false suburbs=Dandenong South,South Melbourne area=SomeOutside:Dandenong South/South Melbourne chime=none_not_offer_shape
09-10 10:13:50  com.ubercab.driver  card=false money=false offer_shape=false suburbs=Dandenong South,South Melbourne area=SomeOutside:Dandenong South/South Melbourne chime=none_not_offer_shape
09-10 10:13:52  com.ubercab.driver  card=false money=false offer_shape=false suburbs=Dandenong South,South Melbourne area=SomeOutside:Dandenong South/South Melbourne chime=none_not_offer_shape
09-10 10:13:54  com.ubercab.driver  card=false money=false offer_shape=false suburbs=Dandenong South,South Melbourne area=SomeOutside:Dandenong South/South Melbourne chime=none_not_offer_shape
09-10 10:13:56  com.ubercab.driver  card=false money=false offer_shape=false suburbs=Dandenong South,South Melbourne area=SomeOutside:Dandenong South/South Melbourne chime=none_not_offer_shape
09-10 10:13:58  com.ubercab.driver  card=false money=false offer_shape=false suburbs=Dandenong South,South Melbourne area=SomeOutside:Dandenong South/South Melbourne chime=none_not_offer_shape
09-10 10:14:00  com.ubercab.driver  card=false money=false offer_shape=false suburbs=Dandenong South,South Melbourne area=SomeOutside:Dandenong South/South Melbourne chime=none_not_offer_shape
09-10 10:14:03  com.ubercab.driver  card=false money=false offer_shape=false suburbs=Dandenong South,South Melbourne area=SomeOutside:Dandenong South/South Melbourne chime=none_not_offer_shape
09-10 10:14:05  com.ubercab.driver  card=false money=false offer_shape=false suburbs=Dandenong South,Patterson Lakes,South Melbourne area=SomeOutside:Dandenong South/South Melbourne chime=none_not_offer_shape
09-10 10:14:08  com.ubercab.driver  card=false money=false offer_shape=false suburbs=Dandenong South,Patterson Lakes,South Melbourne area=SomeOutside:Dandenong South/South Melbourne chime=none_not_offer_shape
09-10 10:14:10  com.ubercab.driver  card=false money=false offer_shape=false suburbs=Dandenong South,Patterson Lakes,South Melbourne area=SomeOutside:Dandenong South/South Melbourne chime=none_not_offer_shape
09-10 10:14:12  com.ubercab.driver  card=false money=false offer_shape=false suburbs=Dandenong South,Patterson Lakes,South Melbourne area=SomeOutside:Dandenong South/South Melbourne chime=none_not_offer_shape
09-10 10:14:15  com.ubercab.driver  card=false money=false offer_shape=false suburbs=Dandenong South,Patterson Lakes,South Melbourne area=SomeOutside:Dandenong South/South Melbourne chime=none_not_offer_shape
09-10 10:14:17  com.ubercab.driver  card=false money=false offer_shape=false suburbs=Dandenong South,Patterson Lakes,South Melbourne area=SomeOutside:Dandenong South/South Melbourne chime=none_not_offer_shape
09-10 10:14:20  com.ubercab.driver  card=false money=false offer_shape=false suburbs=Dandenong South,Patterson Lakes,South Melbourne area=SomeOutside:Dandenong South/South Melbourne chime=none_not_offer_shape
09-10 10:14:22  com.ubercab.driver  card=false money=false offer_shape=false suburbs=Dandenong South,Patterson Lakes,South Melbourne area=SomeOutside:Dandenong South/South Melbourne chime=none_not_offer_shape
09-10 10:14:24  com.ubercab.driver  card=false money=false offer_shape=false suburbs=Dandenong South,Patterson Lakes,South Melbourne area=SomeOutside:Dandenong South/South Melbourne chime=none_not_offer_shape
09-10 10:14:26  com.ubercab.driver  card=false money=false offer_shape=false suburbs=Dandenong South,Patterson Lakes,South Melbourne area=SomeOutside:Dandenong South/South Melbourne chime=none_not_offer_shape
09-10 10:14:28  com.ubercab.driver  card=false money=false offer_shape=false suburbs=Dandenong South,Patterson Lakes,South Melbourne area=SomeOutside:Dandenong South/South Melbourne chime=none_not_offer_shape
09-10 10:14:30  com.ubercab.driver  card=false money=false offer_shape=false suburbs=Dandenong South,Patterson Lakes,South Melbourne area=SomeOutside:Dandenong South/South Melbourne chime=none_not_offer_shape
09-10 10:14:32  com.ubercab.driver  card=false money=false offer_shape=false suburbs=Dandenong South,Patterson Lakes,South Melbourne area=SomeOutside:Dandenong South/South Melbourne chime=none_not_offer_shape
09-10 10:14:35  com.ubercab.driver  card=false money=false offer_shape=false suburbs=Dandenong South,Patterson Lakes,South Melbourne area=SomeOutside:Dandenong South/South Melbourne chime=none_not_offer_shape
09-10 10:14:37  com.ubercab.driver  card=false money=false offer_shape=false suburbs=Dandenong South,Patterson Lakes,South Melbourne area=SomeOutside:Dandenong South/South Melbourne chime=none_not_offer_shape
09-10 10:14:39  com.ubercab.driver  card=false money=false offer_shape=false suburbs=Dandenong South,Patterson Lakes,South Melbourne area=SomeOutside:Dandenong South/South Melbourne chime=none_not_offer_shape
09-10 10:14:41  com.ubercab.driver  card=false money=false offer_shape=false suburbs=Dandenong South,Patterson Lakes,South Melbourne area=SomeOutside:Dandenong South/South Melbourne chime=none_not_offer_shape
09-10 10:14:43  com.ubercab.driver  card=false money=false offer_shape=false suburbs=Dandenong South,Patterson Lakes,South Melbourne area=SomeOutside:Dandenong South/South Melbourne chime=none_not_offer_shape
09-10 10:14:46  com.ubercab.driver  card=false money=false offer_shape=false suburbs=Dandenong South,Patterson Lakes,South Melbourne area=SomeOutside:Dandenong South/South Melbourne chime=none_not_offer_shape
09-10 10:14:48  com.ubercab.driver  card=false money=false offer_shape=false suburbs=Dandenong South,Patterson Lakes,South Melbourne area=SomeOutside:Dandenong South/South Melbourne chime=none_not_offer_shape
09-10 10:14:50  com.ubercab.driver  card=false money=false offer_shape=false suburbs=Dandenong South,Patterson Lakes,South Melbourne area=SomeOutside:Dandenong South/South Melbourne chime=none_not_offer_shape
09-10 10:14:52  com.ubercab.driver  card=false money=false offer_shape=false suburbs=Dandenong South,Patterson Lakes,South Melbourne area=SomeOutside:Dandenong South/South Melbourne chime=none_not_offer_shape
09-10 10:14:54  com.ubercab.driver  card=false money=false offer_shape=false suburbs=Dandenong South,Patterson Lakes,South Melbourne area=SomeOutside:Dandenong South/South Melbourne chime=none_not_offer_shape
09-10 10:14:56  com.ubercab.driver  card=false money=false offer_shape=false suburbs=Dandenong South,Patterson Lakes,South Melbourne area=SomeOutside:Dandenong South/South Melbourne chime=none_not_offer_shape
09-10 10:14:58  com.ubercab.driver  card=false money=false offer_shape=false suburbs=Dandenong South,Patterson Lakes,South Melbourne area=SomeOutside:Dandenong South/South Melbourne chime=none_not_offer_shape
09-10 10:15:00  com.ubercab.driver  card=false money=false offer_shape=false suburbs=Dandenong South,Patterson Lakes,South Melbourne area=SomeOutside:Dandenong South/South Melbourne chime=none_not_offer_shape
09-10 10:15:03  com.ubercab.driver  card=false money=false offer_shape=false suburbs=Dandenong South,Patterson Lakes,South Melbourne area=SomeOutside:Dandenong South/South Melbourne chime=none_not_offer_shape
09-10 10:15:05  com.ubercab.driver  card=false money=false offer_shape=false suburbs=Dandenong South,Patterson Lakes,South Melbourne area=SomeOutside:Dandenong South/South Melbourne chime=none_not_offer_shape
09-10 10:15:07  com.ubercab.driver  card=false money=false offer_shape=false suburbs=Dandenong South,Patterson Lakes,South Melbourne area=SomeOutside:Dandenong South/South Melbourne chime=none_not_offer_shape
09-10 10:15:09  com.ubercab.driver  card=false money=false offer_shape=false suburbs=Dandenong South,Patterson Lakes,South Melbourne area=SomeOutside:Dandenong South/South Melbourne chime=none_not_offer_shape
09-10 10:15:11  com.ubercab.driver  card=false money=false offer_shape=false suburbs=Dandenong South,Patterson Lakes,South Melbourne area=SomeOutside:Dandenong South/South Melbourne chime=none_not_offer_shape
09-10 10:15:14  com.ubercab.driver  card=false money=false offer_shape=false suburbs=Dandenong South,Patterson Lakes,South Melbourne area=SomeOutside:Dandenong South/South Melbourne chime=none_not_offer_shape
09-10 10:15:16  com.ubercab.driver  card=false money=false offer_shape=false suburbs=Dandenong South,Patterson Lakes,South Melbourne area=SomeOutside:Dandenong South/South Melbourne chime=none_not_offer_shape
09-10 10:15:18  com.ubercab.driver  card=false money=false offer_shape=false suburbs=Dandenong South,Patterson Lakes,South Melbourne area=SomeOutside:Dandenong South/South Melbourne chime=none_not_offer_shape
09-10 10:15:20  com.ubercab.driver  card=false money=false offer_shape=false suburbs=Dandenong South,Patterson Lakes,South Melbourne area=SomeOutside:Dandenong South/South Melbourne chime=none_not_offer_shape
09-10 10:15:22  com.ubercab.driver  card=false money=false offer_shape=false suburbs=Dandenong South,Patterson Lakes,South Melbourne area=SomeOutside:Dandenong South/South Melbourne chime=none_not_offer_shape
09-10 10:15:24  com.ubercab.driver  card=false money=false offer_shape=false suburbs=Dandenong South,Patterson Lakes,South Melbourne area=SomeOutside:Dandenong South/South Melbourne chime=none_not_offer_shape
09-10 10:15:27  com.ubercab.driver  card=false money=false offer_shape=false suburbs=Dandenong South,Patterson Lakes,South Melbourne area=SomeOutside:Dandenong South/South Melbourne chime=none_not_offer_shape
09-10 10:15:29  com.ubercab.driver  card=false money=false offer_shape=false suburbs=Dandenong South,Patterson Lakes,South Melbourne area=SomeOutside:Dandenong South/South Melbourne chime=none_not_offer_shape
09-10 10:15:31  com.ubercab.driver  card=false money=false offer_shape=false suburbs=Dandenong South,South Melbourne area=SomeOutside:Dandenong South/South Melbourne chime=none_not_offer_shape
09-10 10:15:33  com.ubercab.driver  card=false money=false offer_shape=false suburbs=Dandenong South,Patterson Lakes,South Melbourne area=SomeOutside:Dandenong South/South Melbourne chime=none_not_offer_shape
09-10 10:15:35  com.ubercab.driver  card=false money=false offer_shape=false suburbs=Dandenong South,South Melbourne area=SomeOutside:Dandenong South/South Melbourne chime=none_not_offer_shape
09-10 10:15:37  com.ubercab.driver  card=false money=false offer_shape=false suburbs=Dandenong South,South Melbourne area=SomeOutside:Dandenong South/South Melbourne chime=none_not_offer_shape
09-10 10:15:39  com.ubercab.driver  card=false money=false offer_shape=false suburbs=Patterson Lakes,Collingwood area=SomeOutside:Collingwood chime=none_not_offer_shape
09-10 10:15:41  com.ubercab.driver  card=false money=false offer_shape=false suburbs=Patterson Lakes,Collingwood area=SomeOutside:Collingwood chime=none_not_offer_shape
09-10 10:15:43  com.ubercab.driver  card=false money=false offer_shape=false suburbs=Patterson Lakes,Collingwood area=SomeOutside:Collingwood chime=none_not_offer_shape
09-10 10:15:46  com.ubercab.driver  card=false money=false offer_shape=false suburbs=Patterson Lakes,Collingwood area=SomeOutside:Collingwood chime=none_not_offer_shape
09-10 10:15:48  com.ubercab.driver  card=false money=false offer_shape=false suburbs=Patterson Lakes,Collingwood area=SomeOutside:Collingwood chime=none_not_offer_shape
09-10 10:15:50  com.ubercab.driver  card=false money=false offer_shape=false suburbs=Patterson Lakes,Collingwood area=SomeOutside:Collingwood chime=none_not_offer_shape
09-10 10:15:52  com.ubercab.driver  card=false money=false offer_shape=false suburbs=Patterson Lakes,Collingwood area=SomeOutside:Collingwood chime=none_not_offer_shape
09-10 10:15:54  com.ubercab.driver  card=false money=false offer_shape=false suburbs=Patterson Lakes,Collingwood area=SomeOutside:Collingwood chime=none_not_offer_shape
09-10 10:15:56  com.ubercab.driver  card=false money=false offer_shape=false suburbs=Patterson Lakes,Collingwood area=SomeOutside:Collingwood chime=none_not_offer_shape
09-10 10:15:59  com.ubercab.driver  card=false money=false offer_shape=false suburbs=Patterson Lakes,Collingwood area=SomeOutside:Collingwood chime=none_not_offer_shape
09-10 10:16:02  com.ubercab.driver  card=false money=false offer_shape=false suburbs=Patterson Lakes,Collingwood area=SomeOutside:Collingwood chime=none_not_offer_shape
09-10 10:16:04  com.ubercab.driver  card=false money=false offer_shape=false suburbs=Patterson Lakes,Collingwood area=SomeOutside:Collingwood chime=none_not_offer_shape
09-10 10:16:06  com.ubercab.driver  card=false money=false offer_shape=false suburbs=Patterson Lakes,Collingwood area=SomeOutside:Collingwood chime=none_not_offer_shape
09-10 10:16:08  com.ubercab.driver  card=false money=false offer_shape=false suburbs=Patterson Lakes,Collingwood area=SomeOutside:Collingwood chime=none_not_offer_shape
09-10 10:16:10  com.ubercab.driver  card=false money=false offer_shape=false suburbs=Patterson Lakes,Collingwood area=SomeOutside:Collingwood chime=none_not_offer_shape
09-10 10:16:12  com.ubercab.driver  card=false money=false offer_shape=false suburbs=Patterson Lakes,Collingwood area=SomeOutside:Collingwood chime=none_not_offer_shape
09-10 10:16:14  com.ubercab.driver  card=false money=false offer_shape=false suburbs=Patterson Lakes,Collingwood area=SomeOutside:Collingwood chime=none_not_offer_shape
09-10 10:16:16  com.ubercab.driver  card=false money=false offer_shape=false suburbs=Patterson Lakes,Collingwood area=SomeOutside:Collingwood chime=none_not_offer_shape
09-10 10:16:19  com.ubercab.driver  card=false money=false offer_shape=false suburbs=Patterson Lakes,Collingwood area=SomeOutside:Collingwood chime=none_not_offer_shape
09-10 10:16:21  com.ubercab.driver  card=false money=false offer_shape=false suburbs=Patterson Lakes,Collingwood area=SomeOutside:Collingwood chime=none_not_offer_shape
09-10 10:16:23  com.ubercab.driver  card=false money=false offer_shape=false suburbs=Patterson Lakes,Collingwood area=SomeOutside:Collingwood chime=none_not_offer_shape
09-10 10:16:25  com.ubercab.driver  card=false money=false offer_shape=false suburbs=Patterson Lakes,Collingwood area=SomeOutside:Collingwood chime=none_not_offer_shape
09-10 10:16:27  com.ubercab.driver  card=false money=false offer_shape=false suburbs=Patterson Lakes,Collingwood area=SomeOutside:Collingwood chime=none_not_offer_shape
09-10 10:16:29  com.ubercab.driver  card=false money=false offer_shape=false suburbs=Patterson Lakes,Collingwood area=SomeOutside:Collingwood chime=none_not_offer_shape
09-10 10:16:31  com.ubercab.driver  card=false money=false offer_shape=false suburbs=Patterson Lakes,Collingwood area=SomeOutside:Collingwood chime=none_not_offer_shape
09-10 10:16:34  com.ubercab.driver  card=false money=false offer_shape=false suburbs=Patterson Lakes,Collingwood area=SomeOutside:Collingwood chime=none_not_offer_shape
09-10 10:16:36  com.ubercab.driver  card=false money=false offer_shape=false suburbs=Patterson Lakes,Collingwood area=SomeOutside:Collingwood chime=none_not_offer_shape
09-10 10:16:38  com.ubercab.driver  card=false money=false offer_shape=false suburbs=Patterson Lakes,Collingwood area=SomeOutside:Collingwood chime=none_not_offer_shape
09-10 10:16:40  com.ubercab.driver  card=false money=false offer_shape=false suburbs=Patterson Lakes,Collingwood area=SomeOutside:Collingwood chime=none_not_offer_shape
09-10 10:16:42  com.ubercab.driver  card=false money=false offer_shape=false suburbs=Patterson Lakes,Collingwood area=SomeOutside:Collingwood chime=none_not_offer_shape
09-10 10:16:44  com.ubercab.driver  card=false money=false offer_shape=false suburbs=Patterson Lakes,Collingwood area=SomeOutside:Collingwood chime=none_not_offer_shape
09-10 10:16:46  com.ubercab.driver  card=false money=false offer_shape=false suburbs=Patterson Lakes,Collingwood area=SomeOutside:Collingwood chime=none_not_offer_shape
09-10 10:16:48  com.ubercab.driver  card=false money=false offer_shape=false suburbs=Patterson Lakes,Collingwood area=SomeOutside:Collingwood chime=none_not_offer_shape
09-10 10:16:50  com.ubercab.driver  card=false money=false offer_shape=false suburbs=Patterson Lakes,Collingwood area=SomeOutside:Collingwood chime=none_not_offer_shape
09-10 10:16:52  com.ubercab.driver  card=false money=false offer_shape=false suburbs=Patterson Lakes,Collingwood area=SomeOutside:Collingwood chime=none_not_offer_shape
09-10 10:16:55  com.ubercab.driver  card=false money=false offer_shape=false suburbs=Patterson Lakes,Collingwood area=SomeOutside:Collingwood chime=none_not_offer_shape
09-10 10:16:57  com.ubercab.driver  card=false money=false offer_shape=false suburbs=Patterson Lakes,Collingwood area=SomeOutside:Collingwood chime=none_not_offer_shape
09-10 10:17:00  com.ubercab.driver  card=false money=false offer_shape=false suburbs=Patterson Lakes,Collingwood area=SomeOutside:Collingwood chime=none_not_offer_shape
09-10 10:17:02  com.ubercab.driver  card=false money=false offer_shape=false suburbs=Patterson Lakes,Collingwood area=SomeOutside:Collingwood chime=none_not_offer_shape
09-10 10:17:04  com.ubercab.driver  card=false money=false offer_shape=false suburbs=Patterson Lakes,Collingwood area=SomeOutside:Collingwood chime=none_not_offer_shape
09-10 10:17:06  com.ubercab.driver  card=false money=false offer_shape=false suburbs=Patterson Lakes,Collingwood area=SomeOutside:Collingwood chime=none_not_offer_shape
09-10 10:17:09  com.ubercab.driver  card=false money=false offer_shape=false suburbs=Patterson Lakes,Collingwood area=SomeOutside:Collingwood chime=none_not_offer_shape
09-10 10:17:11  com.ubercab.driver  card=false money=false offer_shape=false suburbs=Patterson Lakes,Collingwood area=SomeOutside:Collingwood chime=none_not_offer_shape
09-10 10:17:13  com.ubercab.driver  card=false money=false offer_shape=false suburbs=Patterson Lakes,Collingwood area=SomeOutside:Collingwood chime=none_not_offer_shape
09-10 10:17:15  com.ubercab.driver  card=false money=false offer_shape=false suburbs=Patterson Lakes,Collingwood area=SomeOutside:Collingwood chime=none_not_offer_shape
09-10 10:17:17  com.ubercab.driver  card=false money=false offer_shape=false suburbs=Patterson Lakes,Collingwood area=SomeOutside:Collingwood chime=none_not_offer_shape
09-10 10:17:19  com.ubercab.driver  card=false money=false offer_shape=false suburbs=Patterson Lakes,Collingwood area=SomeOutside:Collingwood chime=none_not_offer_shape
09-10 10:17:21  com.ubercab.driver  card=false money=false offer_shape=false suburbs=Patterson Lakes,Collingwood area=SomeOutside:Collingwood chime=none_not_offer_shape
09-10 10:17:23  com.ubercab.driver  card=false money=false offer_shape=false suburbs=Patterson Lakes,Collingwood,Dandenong,Frankston area=SomeOutside:Collingwood/Frankston chime=none_not_offer_shape
09-10 10:17:25  com.ubercab.driver  card=false money=false offer_shape=false suburbs=Patterson Lakes,Collingwood,Dandenong,Frankston area=SomeOutside:Collingwood/Frankston chime=none_not_offer_shape
09-10 10:17:27  com.ubercab.driver  card=false money=false offer_shape=false suburbs=Patterson Lakes,Collingwood,Dandenong,Frankston area=SomeOutside:Collingwood/Frankston chime=none_not_offer_shape
09-10 10:17:29  com.ubercab.driver  card=false money=false offer_shape=false suburbs=Patterson Lakes,Collingwood,Dandenong,Frankston area=SomeOutside:Collingwood/Frankston chime=none_not_offer_shape
09-10 10:17:31  com.ubercab.driver  card=false money=false offer_shape=false suburbs=Patterson Lakes,Collingwood,Dandenong,Frankston area=SomeOutside:Collingwood/Frankston chime=none_not_offer_shape
09-10 10:17:33  com.ubercab.driver  card=false money=false offer_shape=false suburbs=Patterson Lakes,Collingwood,Dandenong,Frankston area=SomeOutside:Collingwood/Frankston chime=none_not_offer_shape
09-10 10:17:35  com.ubercab.driver  card=false money=false offer_shape=false suburbs=Patterson Lakes,Collingwood,Dandenong,Frankston area=SomeOutside:Collingwood/Frankston chime=none_not_offer_shape
09-10 10:17:37  com.ubercab.driver  card=false money=false offer_shape=false suburbs=Patterson Lakes,Collingwood,Dandenong,Frankston area=SomeOutside:Collingwood/Frankston chime=none_not_offer_shape
09-10 10:17:40  com.ubercab.driver  card=false money=false offer_shape=false suburbs=Patterson Lakes,Collingwood,Dandenong,Frankston area=SomeOutside:Collingwood/Frankston chime=none_not_offer_shape
09-10 10:17:42  com.ubercab.driver  card=false money=false offer_shape=false suburbs=Patterson Lakes,Collingwood,Dandenong,Frankston area=SomeOutside:Collingwood/Frankston chime=none_not_offer_shape
09-10 10:17:44  com.ubercab.driver  card=false money=false offer_shape=false suburbs=Patterson Lakes,Collingwood,Dandenong,Frankston area=SomeOutside:Collingwood/Frankston chime=none_not_offer_shape
09-10 10:17:46  com.ubercab.driver  card=false money=false offer_shape=false suburbs=Patterson Lakes,Collingwood,Dandenong,Frankston area=SomeOutside:Collingwood/Frankston chime=none_not_offer_shape
09-10 10:17:48  com.ubercab.driver  card=false money=false offer_shape=false suburbs=Patterson Lakes,Collingwood,Dandenong,Frankston area=SomeOutside:Collingwood/Frankston chime=none_not_offer_shape
09-10 10:17:50  com.ubercab.driver  card=false money=false offer_shape=false suburbs=Patterson Lakes,Collingwood,Dandenong,Frankston area=SomeOutside:Collingwood/Frankston chime=none_not_offer_shape
09-10 10:17:52  com.ubercab.driver  card=false money=false offer_shape=false suburbs=Patterson Lakes,Collingwood area=SomeOutside:Collingwood chime=none_not_offer_shape
09-10 10:17:54  com.ubercab.driver  card=false money=false offer_shape=false suburbs=Patterson Lakes,Collingwood area=SomeOutside:Collingwood chime=none_not_offer_shape
09-10 10:17:56  com.ubercab.driver  card=false money=false offer_shape=false suburbs=Patterson Lakes,Collingwood area=SomeOutside:Collingwood chime=none_not_offer_shape
09-10 10:17:58  com.ubercab.driver  card=false money=false offer_shape=false suburbs=Patterson Lakes,Collingwood area=SomeOutside:Collingwood chime=none_not_offer_shape
09-10 10:18:00  com.ubercab.driver  card=false money=false offer_shape=false suburbs=Patterson Lakes,Collingwood area=SomeOutside:Collingwood chime=none_not_offer_shape
09-10 10:18:02  com.ubercab.driver  card=false money=false offer_shape=false suburbs=Patterson Lakes,Collingwood area=SomeOutside:Collingwood chime=none_not_offer_shape
09-10 10:18:04  com.ubercab.driver  card=false money=false offer_shape=false suburbs=Patterson Lakes,Collingwood area=SomeOutside:Collingwood chime=none_not_offer_shape
09-10 10:18:06  com.ubercab.driver  card=false money=false offer_shape=false suburbs=Patterson Lakes,Collingwood area=SomeOutside:Collingwood chime=none_not_offer_shape
09-10 10:18:08  com.ubercab.driver  card=false money=false offer_shape=false suburbs=Patterson Lakes,Collingwood area=SomeOutside:Collingwood chime=none_not_offer_shape
09-10 10:18:10  com.ubercab.driver  card=false money=false offer_shape=false suburbs=Patterson Lakes,Collingwood area=SomeOutside:Collingwood chime=none_not_offer_shape
09-10 10:18:12  com.ubercab.driver  card=false money=false offer_shape=false suburbs=Patterson Lakes,Collingwood area=SomeOutside:Collingwood chime=none_not_offer_shape
09-10 10:18:14  com.ubercab.driver  card=false money=false offer_shape=false suburbs=Patterson Lakes,Collingwood area=SomeOutside:Collingwood chime=none_not_offer_shape
09-10 10:18:16  com.ubercab.driver  card=false money=false offer_shape=false suburbs=Patterson Lakes,Collingwood area=SomeOutside:Collingwood chime=none_not_offer_shape
09-10 10:18:18  com.ubercab.driver  card=false money=false offer_shape=false suburbs=Patterson Lakes,Collingwood area=SomeOutside:Collingwood chime=none_not_offer_shape
09-10 10:18:20  com.ubercab.driver  card=false money=false offer_shape=false suburbs=Patterson Lakes,Collingwood area=SomeOutside:Collingwood chime=none_not_offer_shape
09-10 10:18:23  com.ubercab.driver  card=false money=false offer_shape=false suburbs=Patterson Lakes,Collingwood area=SomeOutside:Collingwood chime=none_not_offer_shape
09-10 10:18:25  com.ubercab.driver  card=false money=false offer_shape=false suburbs=Patterson Lakes,Collingwood area=SomeOutside:Collingwood chime=none_not_offer_shape
09-10 10:18:27  com.ubercab.driver  card=false money=false offer_shape=false suburbs=Patterson Lakes,Collingwood area=SomeOutside:Collingwood chime=none_not_offer_shape
09-10 10:18:29  com.ubercab.driver  card=false money=false offer_shape=false suburbs=Patterson Lakes,Collingwood area=SomeOutside:Collingwood chime=none_not_offer_shape
09-10 10:18:31  com.ubercab.driver  card=false money=false offer_shape=false suburbs=Patterson Lakes,Collingwood area=SomeOutside:Collingwood chime=none_not_offer_shape
09-10 10:18:33  com.ubercab.driver  card=false money=false offer_shape=false suburbs=Patterson Lakes,Collingwood area=SomeOutside:Collingwood chime=none_not_offer_shape
09-10 10:18:35  com.ubercab.driver  card=false money=false offer_shape=false suburbs=Patterson Lakes,Collingwood area=SomeOutside:Collingwood chime=none_not_offer_shape
09-10 10:18:37  com.ubercab.driver  card=false money=false offer_shape=false suburbs=Patterson Lakes,Collingwood area=SomeOutside:Collingwood chime=none_not_offer_shape
09-10 10:18:39  com.ubercab.driver  card=false money=false offer_shape=false suburbs=Patterson Lakes,Collingwood area=SomeOutside:Collingwood chime=none_not_offer_shape
09-10 10:18:41  com.ubercab.driver  card=false money=false offer_shape=false suburbs=Patterson Lakes,Collingwood area=SomeOutside:Collingwood chime=none_not_offer_shape
09-10 10:18:43  com.ubercab.driver  card=false money=false offer_shape=false suburbs=Patterson Lakes,Collingwood area=SomeOutside:Collingwood chime=none_not_offer_shape
09-10 10:18:45  com.ubercab.driver  card=false money=false offer_shape=false suburbs=Patterson Lakes,Collingwood area=SomeOutside:Collingwood chime=none_not_offer_shape
09-10 10:18:47  com.ubercab.driver  card=false money=false offer_shape=false suburbs=Patterson Lakes,Collingwood area=SomeOutside:Collingwood chime=none_not_offer_shape
09-10 10:18:49  com.ubercab.driver  card=false money=false offer_shape=false suburbs=Patterson Lakes,Collingwood area=SomeOutside:Collingwood chime=none_not_offer_shape
09-10 10:18:51  com.ubercab.driver  card=false money=false offer_shape=false suburbs=Patterson Lakes,Collingwood area=SomeOutside:Collingwood chime=none_not_offer_shape
09-10 10:18:53  com.ubercab.driver  card=false money=false offer_shape=false suburbs=Patterson Lakes,Collingwood area=SomeOutside:Collingwood chime=none_not_offer_shape
09-10 10:18:55  com.ubercab.driver  card=false money=false offer_shape=false suburbs=Patterson Lakes,Collingwood area=SomeOutside:Collingwood chime=none_not_offer_shape
09-10 10:18:57  com.ubercab.driver  card=false money=false offer_shape=false suburbs=Patterson Lakes,Collingwood area=SomeOutside:Collingwood chime=none_not_offer_shape
09-10 10:18:59  com.ubercab.driver  card=false money=false offer_shape=false suburbs=Patterson Lakes,Collingwood area=SomeOutside:Collingwood chime=none_not_offer_shape
09-10 10:19:01  com.ubercab.driver  card=false money=false offer_shape=false suburbs=Patterson Lakes,Collingwood area=SomeOutside:Collingwood chime=none_not_offer_shape
09-10 10:19:03  com.ubercab.driver  card=false money=false offer_shape=false suburbs=Patterson Lakes,Collingwood area=SomeOutside:Collingwood chime=none_not_offer_shape
09-10 10:19:06  com.ubercab.driver  card=false money=false offer_shape=false suburbs=Patterson Lakes,Collingwood area=SomeOutside:Collingwood chime=none_not_offer_shape
09-10 10:19:08  com.ubercab.driver  card=false money=false offer_shape=false suburbs=Patterson Lakes,Collingwood area=SomeOutside:Collingwood chime=none_not_offer_shape
09-10 10:19:10  com.ubercab.driver  card=false money=false offer_shape=false suburbs=Patterson Lakes,Collingwood area=SomeOutside:Collingwood chime=none_not_offer_shape
09-10 10:19:12  com.ubercab.driver  card=false money=false offer_shape=false suburbs=Patterson Lakes,Collingwood area=SomeOutside:Collingwood chime=none_not_offer_shape
09-10 10:19:14  com.ubercab.driver  card=false money=false offer_shape=false suburbs=Patterson Lakes,Collingwood area=SomeOutside:Collingwood chime=none_not_offer_shape
09-10 10:19:16  com.ubercab.driver  card=false money=false offer_shape=false suburbs=Patterson Lakes,Collingwood area=SomeOutside:Collingwood chime=none_not_offer_shape
09-10 10:19:18  com.ubercab.driver  card=false money=false offer_shape=false suburbs=Patterson Lakes,Collingwood area=SomeOutside:Collingwood chime=none_not_offer_shape
09-10 10:19:20  com.ubercab.driver  card=false money=false offer_shape=false suburbs=Patterson Lakes,Collingwood area=SomeOutside:Collingwood chime=none_not_offer_shape
09-10 10:19:22  com.ubercab.driver  card=false money=false offer_shape=false suburbs=Patterson Lakes,Collingwood area=SomeOutside:Collingwood chime=none_not_offer_shape
09-10 10:19:24  com.ubercab.driver  card=false money=false offer_shape=false suburbs=Patterson Lakes,Collingwood area=SomeOutside:Collingwood chime=none_not_offer_shape
09-10 10:19:26  com.ubercab.driver  card=false money=false offer_shape=false suburbs=Patterson Lakes,Collingwood area=SomeOutside:Collingwood chime=none_not_offer_shape
09-10 10:19:28  com.ubercab.driver  card=false money=false offer_shape=false suburbs=Patterson Lakes,Collingwood area=SomeOutside:Collingwood chime=none_not_offer_shape
09-10 10:19:30  com.ubercab.driver  card=false money=false offer_shape=false suburbs=Patterson Lakes,Collingwood area=SomeOutside:Collingwood chime=none_not_offer_shape
09-10 10:19:32  com.ubercab.driver  card=false money=false offer_shape=false suburbs=Patterson Lakes,Collingwood area=SomeOutside:Collingwood chime=none_not_offer_shape
09-10 10:19:35  com.ubercab.driver  card=false money=false offer_shape=false suburbs=Patterson Lakes,Collingwood area=SomeOutside:Collingwood chime=none_not_offer_shape
09-10 10:19:38  com.ubercab.driver  card=false money=false offer_shape=false suburbs=Patterson Lakes,Collingwood area=SomeOutside:Collingwood chime=none_not_offer_shape
09-10 10:19:40  com.ubercab.driver  card=false money=false offer_shape=false suburbs=Patterson Lakes,Collingwood area=SomeOutside:Collingwood chime=none_not_offer_shape
09-10 10:19:42  com.ubercab.driver  card=false money=false offer_shape=false suburbs=Patterson Lakes,Collingwood area=SomeOutside:Collingwood chime=none_not_offer_shape
09-10 10:19:44  com.ubercab.driver  card=false money=false offer_shape=false suburbs=Patterson Lakes,Collingwood area=SomeOutside:Collingwood chime=none_not_offer_shape
09-10 10:19:47  com.ubercab.driver  card=false money=false offer_shape=false suburbs=Patterson Lakes,Collingwood area=SomeOutside:Collingwood chime=none_not_offer_shape
09-10 10:19:49  com.ubercab.driver  card=false money=false offer_shape=false suburbs=Patterson Lakes,Collingwood area=SomeOutside:Collingwood chime=none_not_offer_shape
09-10 10:19:51  com.ubercab.driver  card=false money=false offer_shape=false suburbs=Patterson Lakes,Collingwood area=SomeOutside:Collingwood chime=none_not_offer_shape
09-10 10:19:53  com.ubercab.driver  card=false money=false offer_shape=false suburbs=Patterson Lakes,Collingwood area=SomeOutside:Collingwood chime=none_not_offer_shape
09-10 10:19:56  com.ubercab.driver  card=false money=false offer_shape=false suburbs=Patterson Lakes,Collingwood area=SomeOutside:Collingwood chime=none_not_offer_shape
09-10 10:19:58  com.ubercab.driver  card=false money=false offer_shape=false suburbs=Patterson Lakes,Collingwood area=SomeOutside:Collingwood chime=none_not_offer_shape
09-10 10:20:00  com.ubercab.driver  card=false money=false offer_shape=false suburbs=Patterson Lakes,Collingwood area=SomeOutside:Collingwood chime=none_not_offer_shape
09-10 10:20:02  com.ubercab.driver  card=false money=false offer_shape=false suburbs=Patterson Lakes,Collingwood area=SomeOutside:Collingwood chime=none_not_offer_shape
09-10 10:20:04  com.ubercab.driver  card=false money=false offer_shape=false suburbs=Patterson Lakes,Collingwood area=SomeOutside:Collingwood chime=none_not_offer_shape
09-10 10:20:06  com.ubercab.driver  card=false money=false offer_shape=false suburbs=Patterson Lakes,Collingwood area=SomeOutside:Collingwood chime=none_not_offer_shape
09-10 10:20:08  com.ubercab.driver  card=false money=false offer_shape=false suburbs=Patterson Lakes,Collingwood area=SomeOutside:Collingwood chime=none_not_offer_shape
09-10 10:20:10  com.ubercab.driver  card=false money=false offer_shape=false suburbs=Patterson Lakes,Collingwood area=SomeOutside:Collingwood chime=none_not_offer_shape
09-10 10:20:12  com.ubercab.driver  card=false money=false offer_shape=false suburbs=Patterson Lakes,Collingwood area=SomeOutside:Collingwood chime=none_not_offer_shape
09-10 10:20:14  com.ubercab.driver  card=false money=false offer_shape=false suburbs=Patterson Lakes,Collingwood area=SomeOutside:Collingwood chime=none_not_offer_shape
09-10 10:20:17  com.ubercab.driver  card=false money=false offer_shape=false suburbs=Patterson Lakes,Collingwood area=SomeOutside:Collingwood chime=none_not_offer_shape
09-10 10:20:19  com.ubercab.driver  card=false money=false offer_shape=false suburbs=Patterson Lakes,Collingwood area=SomeOutside:Collingwood chime=none_not_offer_shape
09-10 10:20:21  com.ubercab.driver  card=false money=false offer_shape=false suburbs=Patterson Lakes,Collingwood area=SomeOutside:Collingwood chime=none_not_offer_shape
09-10 10:20:23  com.ubercab.driver  card=false money=false offer_shape=false suburbs=Patterson Lakes,Collingwood area=SomeOutside:Collingwood chime=none_not_offer_shape
09-10 10:20:25  com.ubercab.driver  card=false money=false offer_shape=false suburbs=Patterson Lakes,Collingwood area=SomeOutside:Collingwood chime=none_not_offer_shape
09-10 10:20:27  com.ubercab.driver  card=false money=false offer_shape=false suburbs=Patterson Lakes,Collingwood area=SomeOutside:Collingwood chime=none_not_offer_shape
09-10 10:20:29  com.ubercab.driver  card=false money=false offer_shape=false suburbs=Patterson Lakes,Collingwood area=SomeOutside:Collingwood chime=none_not_offer_shape
09-10 10:20:31  com.ubercab.driver  card=false money=false offer_shape=false suburbs=Patterson Lakes,Collingwood area=SomeOutside:Collingwood chime=none_not_offer_shape
09-10 10:20:33  com.ubercab.driver  card=false money=false offer_shape=false suburbs=Patterson Lakes,Collingwood area=SomeOutside:Collingwood chime=none_not_offer_shape
09-10 10:20:35  com.ubercab.driver  card=false money=false offer_shape=false suburbs=Patterson Lakes,Collingwood area=SomeOutside:Collingwood chime=none_not_offer_shape
09-10 10:20:37  com.ubercab.driver  card=false money=false offer_shape=false suburbs=Patterson Lakes,Collingwood area=SomeOutside:Collingwood chime=none_not_offer_shape
09-10 10:20:39  com.ubercab.driver  card=false money=false offer_shape=false suburbs=Patterson Lakes,Collingwood area=SomeOutside:Collingwood chime=none_not_offer_shape
09-10 10:20:41  com.ubercab.driver  card=false money=false offer_shape=false suburbs=Patterson Lakes,Collingwood area=SomeOutside:Collingwood chime=none_not_offer_shape
09-10 10:20:44  com.ubercab.driver  card=false money=false offer_shape=false suburbs=Patterson Lakes,Collingwood area=SomeOutside:Collingwood chime=none_not_offer_shape
09-10 10:20:46  com.ubercab.driver  card=false money=false offer_shape=false suburbs=Patterson Lakes,Collingwood area=SomeOutside:Collingwood chime=none_not_offer_shape
09-10 10:20:48  com.ubercab.driver  card=false money=false offer_shape=false suburbs=Patterson Lakes,Collingwood area=SomeOutside:Collingwood chime=none_not_offer_shape
09-10 10:20:50  com.ubercab.driver  card=false money=false offer_shape=false suburbs=Patterson Lakes,Collingwood area=SomeOutside:Collingwood chime=none_not_offer_shape
09-10 10:20:52  com.ubercab.driver  card=false money=false offer_shape=false suburbs=Patterson Lakes,Collingwood area=SomeOutside:Collingwood chime=none_not_offer_shape
09-10 10:20:54  com.ubercab.driver  card=false money=false offer_shape=false suburbs=Patterson Lakes,Collingwood area=SomeOutside:Collingwood chime=none_not_offer_shape
09-10 10:20:56  com.ubercab.driver  card=false money=false offer_shape=false suburbs=Patterson Lakes,Collingwood area=SomeOutside:Collingwood chime=none_not_offer_shape
09-10 10:20:58  com.ubercab.driver  card=false money=false offer_shape=false suburbs=Patterson Lakes,Collingwood area=SomeOutside:Collingwood chime=none_not_offer_shape
09-10 10:21:00  com.ubercab.driver  card=false money=false offer_shape=false suburbs=Patterson Lakes,Collingwood area=SomeOutside:Collingwood chime=none_not_offer_shape
09-10 10:21:02  com.ubercab.driver  card=false money=false offer_shape=false suburbs=Patterson Lakes,Collingwood area=SomeOutside:Collingwood chime=none_not_offer_shape
09-10 10:21:04  com.ubercab.driver  card=false money=false offer_shape=false suburbs=Patterson Lakes,Collingwood area=SomeOutside:Collingwood chime=none_not_offer_shape
09-10 10:21:06  com.ubercab.driver  card=false money=false offer_shape=false suburbs=Patterson Lakes,Collingwood area=SomeOutside:Collingwood chime=none_not_offer_shape
09-10 10:21:08  com.ubercab.driver  card=false money=false offer_shape=false suburbs=Patterson Lakes,Collingwood area=SomeOutside:Collingwood chime=none_not_offer_shape
09-10 10:21:10  com.ubercab.driver  card=false money=false offer_shape=false suburbs=Patterson Lakes,Collingwood area=SomeOutside:Collingwood chime=none_not_offer_shape
09-10 10:21:12  com.ubercab.driver  card=false money=false offer_shape=false suburbs=Patterson Lakes,Collingwood area=SomeOutside:Collingwood chime=none_not_offer_shape
09-10 10:21:14  com.ubercab.driver  card=false money=false offer_shape=false suburbs=Patterson Lakes,Collingwood area=SomeOutside:Collingwood chime=none_not_offer_shape
09-10 10:21:16  com.ubercab.driver  card=false money=false offer_shape=false suburbs=Patterson Lakes,Collingwood area=SomeOutside:Collingwood chime=none_not_offer_shape
09-10 10:21:18  com.ubercab.driver  card=false money=false offer_shape=false suburbs=Patterson Lakes,Collingwood area=SomeOutside:Collingwood chime=none_not_offer_shape
09-10 10:21:20  com.ubercab.driver  card=false money=false offer_shape=false suburbs=Patterson Lakes,Collingwood area=SomeOutside:Collingwood chime=none_not_offer_shape
09-10 10:21:22  com.ubercab.driver  card=false money=false offer_shape=false suburbs=Patterson Lakes,Collingwood area=SomeOutside:Collingwood chime=none_not_offer_shape
09-10 10:21:24  com.ubercab.driver  card=false money=false offer_shape=false suburbs=Patterson Lakes,Collingwood area=SomeOutside:Collingwood chime=none_not_offer_shape
09-10 10:21:26  com.ubercab.driver  card=false money=false offer_shape=false suburbs=Patterson Lakes,Collingwood area=SomeOutside:Collingwood chime=none_not_offer_shape
09-10 10:21:28  com.ubercab.driver  card=false money=false offer_shape=false suburbs=Patterson Lakes,Collingwood area=SomeOutside:Collingwood chime=none_not_offer_shape
09-10 10:21:30  com.ubercab.driver  card=false money=false offer_shape=false suburbs=Patterson Lakes,Collingwood area=SomeOutside:Collingwood chime=none_not_offer_shape
09-10 10:21:32  com.ubercab.driver  card=false money=false offer_shape=false suburbs=Patterson Lakes,Collingwood area=SomeOutside:Collingwood chime=none_not_offer_shape
09-10 10:21:34  com.ubercab.driver  card=false money=false offer_shape=false suburbs=Patterson Lakes,Collingwood area=SomeOutside:Collingwood chime=none_not_offer_shape
09-10 10:21:37  com.ubercab.driver  card=false money=false offer_shape=false suburbs=Patterson Lakes,Collingwood area=SomeOutside:Collingwood chime=none_not_offer_shape
09-10 10:21:39  com.ubercab.driver  card=false money=false offer_shape=false suburbs=Patterson Lakes,Collingwood area=SomeOutside:Collingwood chime=none_not_offer_shape
09-10 10:21:41  com.ubercab.driver  card=false money=false offer_shape=false suburbs=Patterson Lakes,Collingwood area=SomeOutside:Collingwood chime=none_not_offer_shape
09-10 10:21:43  com.ubercab.driver  card=false money=false offer_shape=false suburbs=Patterson Lakes,Collingwood area=SomeOutside:Collingwood chime=none_not_offer_shape
09-10 10:21:45  com.ubercab.driver  card=false money=false offer_shape=false suburbs=Patterson Lakes,Collingwood area=SomeOutside:Collingwood chime=none_not_offer_shape
09-10 10:21:47  com.ubercab.driver  card=false money=false offer_shape=false suburbs=Patterson Lakes,Collingwood area=SomeOutside:Collingwood chime=none_not_offer_shape
09-10 10:21:49  com.ubercab.driver  card=false money=false offer_shape=false suburbs=Patterson Lakes,Collingwood area=SomeOutside:Collingwood chime=none_not_offer_shape
09-10 10:21:51  com.ubercab.driver  card=false money=false offer_shape=false suburbs=Patterson Lakes,Collingwood area=SomeOutside:Collingwood chime=none_not_offer_shape
09-10 10:21:53  com.ubercab.driver  card=false money=false offer_shape=false suburbs=Patterson Lakes,Collingwood area=SomeOutside:Collingwood chime=none_not_offer_shape
09-10 10:21:55  com.ubercab.driver  card=false money=false offer_shape=false suburbs=Patterson Lakes,Collingwood area=SomeOutside:Collingwood chime=none_not_offer_shape
09-10 10:21:58  com.ubercab.driver  card=false money=false offer_shape=false suburbs=Patterson Lakes,Collingwood area=SomeOutside:Collingwood chime=none_not_offer_shape
09-10 10:22:00  com.ubercab.driver  card=false money=false offer_shape=false suburbs=Patterson Lakes,Collingwood area=SomeOutside:Collingwood chime=none_not_offer_shape
09-10 10:22:03  com.ubercab.driver  card=false money=false offer_shape=false suburbs=Patterson Lakes,Collingwood area=SomeOutside:Collingwood chime=none_not_offer_shape
09-10 10:22:05  com.ubercab.driver  card=false money=false offer_shape=false suburbs=Patterson Lakes,Collingwood area=SomeOutside:Collingwood chime=none_not_offer_shape
09-10 10:22:07  com.ubercab.driver  card=false money=false offer_shape=false suburbs=Patterson Lakes,Collingwood area=SomeOutside:Collingwood chime=none_not_offer_shape
09-10 10:22:09  com.ubercab.driver  card=false money=false offer_shape=false suburbs=Patterson Lakes,Collingwood area=SomeOutside:Collingwood chime=none_not_offer_shape
09-10 10:22:11  com.ubercab.driver  card=false money=false offer_shape=false suburbs=Patterson Lakes,Collingwood area=SomeOutside:Collingwood chime=none_not_offer_shape
09-10 10:22:14  com.ubercab.driver  card=false money=false offer_shape=false suburbs=Patterson Lakes,Collingwood area=SomeOutside:Collingwood chime=none_not_offer_shape
09-10 10:22:16  com.ubercab.driver  card=false money=false offer_shape=false suburbs=Patterson Lakes,Collingwood area=SomeOutside:Collingwood chime=none_not_offer_shape
09-10 10:22:18  com.ubercab.driver  card=false money=false offer_shape=false suburbs=Patterson Lakes,Collingwood area=SomeOutside:Collingwood chime=none_not_offer_shape
09-10 10:22:21  com.ubercab.driver  card=false money=false offer_shape=false suburbs=Patterson Lakes,Collingwood area=SomeOutside:Collingwood chime=none_not_offer_shape
09-10 10:22:23  com.ubercab.driver  card=false money=false offer_shape=false suburbs=Patterson Lakes,Collingwood area=SomeOutside:Collingwood chime=none_not_offer_shape
09-10 10:22:26  com.ubercab.driver  card=false money=false offer_shape=false suburbs=Patterson Lakes,Collingwood area=SomeOutside:Collingwood chime=none_not_offer_shape
09-10 10:22:28  com.ubercab.driver  card=false money=false offer_shape=false suburbs=Patterson Lakes,Collingwood area=SomeOutside:Collingwood chime=none_not_offer_shape
09-10 10:22:30  com.ubercab.driver  card=false money=false offer_shape=false suburbs=Patterson Lakes,Collingwood area=SomeOutside:Collingwood chime=none_not_offer_shape
09-10 10:22:33  com.ubercab.driver  card=false money=false offer_shape=false suburbs=Patterson Lakes,Collingwood area=SomeOutside:Collingwood chime=none_not_offer_shape
09-10 10:22:35  com.ubercab.driver  card=false money=false offer_shape=false suburbs=Patterson Lakes,Collingwood area=SomeOutside:Collingwood chime=none_not_offer_shape
09-10 10:22:37  com.ubercab.driver  card=false money=false offer_shape=false suburbs=Patterson Lakes,Collingwood area=SomeOutside:Collingwood chime=none_not_offer_shape
09-10 10:22:39  com.ubercab.driver  card=false money=false offer_shape=false suburbs=Patterson Lakes,Collingwood area=SomeOutside:Collingwood chime=none_not_offer_shape
09-10 10:22:41  com.ubercab.driver  card=false money=false offer_shape=false suburbs=Patterson Lakes,Collingwood area=SomeOutside:Collingwood chime=none_not_offer_shape
09-10 10:22:43  com.ubercab.driver  card=false money=false offer_shape=false suburbs=Patterson Lakes,Collingwood area=SomeOutside:Collingwood chime=none_not_offer_shape
09-10 10:22:46  com.ubercab.driver  card=false money=false offer_shape=false suburbs=Patterson Lakes,Collingwood area=SomeOutside:Collingwood chime=none_not_offer_shape
09-10 10:22:48  com.ubercab.driver  card=false money=false offer_shape=false suburbs=Patterson Lakes,Collingwood area=SomeOutside:Collingwood chime=none_not_offer_shape
09-10 10:22:50  com.ubercab.driver  card=false money=false offer_shape=false suburbs=Patterson Lakes,Collingwood area=SomeOutside:Collingwood chime=none_not_offer_shape
09-10 10:22:52  com.ubercab.driver  card=false money=false offer_shape=false suburbs=Patterson Lakes,Collingwood area=SomeOutside:Collingwood chime=none_not_offer_shape
09-10 10:22:54  com.ubercab.driver  card=false money=false offer_shape=false suburbs=Patterson Lakes,Collingwood area=SomeOutside:Collingwood chime=none_not_offer_shape
09-10 10:22:56  com.ubercab.driver  card=false money=false offer_shape=false suburbs=Patterson Lakes,Collingwood area=SomeOutside:Collingwood chime=none_not_offer_shape
09-10 10:22:59  com.ubercab.driver  card=false money=false offer_shape=false suburbs=Patterson Lakes,Collingwood area=SomeOutside:Collingwood chime=none_not_offer_shape
09-10 10:23:01  com.ubercab.driver  card=false money=false offer_shape=false suburbs=Patterson Lakes,Collingwood area=SomeOutside:Collingwood chime=none_not_offer_shape
09-10 10:23:03  com.ubercab.driver  card=false money=false offer_shape=false suburbs=Patterson Lakes,Collingwood area=SomeOutside:Collingwood chime=none_not_offer_shape
09-10 10:23:05  com.ubercab.driver  card=false money=false offer_shape=false suburbs=Patterson Lakes,Collingwood area=SomeOutside:Collingwood chime=none_not_offer_shape
09-10 10:23:07  com.ubercab.driver  card=false money=false offer_shape=false suburbs=Patterson Lakes,Collingwood area=SomeOutside:Collingwood chime=none_not_offer_shape
09-10 10:23:10  com.ubercab.driver  card=false money=false offer_shape=false suburbs=Patterson Lakes,Collingwood area=SomeOutside:Collingwood chime=none_not_offer_shape
09-10 10:23:12  com.ubercab.driver  card=false money=false offer_shape=false suburbs=Patterson Lakes,Collingwood area=SomeOutside:Collingwood chime=none_not_offer_shape
09-10 10:23:14  com.ubercab.driver  card=false money=false offer_shape=false suburbs=Patterson Lakes,Collingwood area=SomeOutside:Collingwood chime=none_not_offer_shape
09-10 10:23:16  com.ubercab.driver  card=false money=false offer_shape=false suburbs=Patterson Lakes,Collingwood area=SomeOutside:Collingwood chime=none_not_offer_shape
09-10 10:23:18  com.ubercab.driver  card=false money=false offer_shape=false suburbs=Patterson Lakes,Collingwood area=SomeOutside:Collingwood chime=none_not_offer_shape
09-10 10:23:20  com.ubercab.driver  card=false money=false offer_shape=false suburbs=Patterson Lakes,Collingwood area=SomeOutside:Collingwood chime=none_not_offer_shape
09-10 10:23:22  com.ubercab.driver  card=false money=false offer_shape=false suburbs=Patterson Lakes,Collingwood area=SomeOutside:Collingwood chime=none_not_offer_shape
09-10 10:23:24  com.ubercab.driver  card=false money=false offer_shape=false suburbs=Patterson Lakes,Collingwood area=SomeOutside:Collingwood chime=none_not_offer_shape
09-10 10:23:26  com.ubercab.driver  card=false money=false offer_shape=false suburbs=Patterson Lakes,Collingwood area=SomeOutside:Collingwood chime=none_not_offer_shape
09-10 10:23:28  com.ubercab.driver  card=false money=false offer_shape=false suburbs=Patterson Lakes,Collingwood area=SomeOutside:Collingwood chime=none_not_offer_shape
09-10 10:23:30  com.ubercab.driver  card=false money=false offer_shape=false suburbs=Patterson Lakes,Collingwood area=SomeOutside:Collingwood chime=none_not_offer_shape
09-10 10:23:32  com.ubercab.driver  card=false money=false offer_shape=false suburbs=Patterson Lakes,Collingwood area=SomeOutside:Collingwood chime=none_not_offer_shape
09-10 10:23:34  com.ubercab.driver  card=false money=false offer_shape=false suburbs=Patterson Lakes,Collingwood area=SomeOutside:Collingwood chime=none_not_offer_shape
09-10 10:23:36  com.ubercab.driver  card=false money=false offer_shape=false suburbs=Patterson Lakes,Collingwood area=SomeOutside:Collingwood chime=none_not_offer_shape
09-10 10:23:39  com.ubercab.driver  card=false money=false offer_shape=false suburbs=Patterson Lakes,Collingwood area=SomeOutside:Collingwood chime=none_not_offer_shape
09-10 10:23:41  com.ubercab.driver  card=false money=false offer_shape=false suburbs=Patterson Lakes,Collingwood area=SomeOutside:Collingwood chime=none_not_offer_shape
09-10 10:23:43  com.ubercab.driver  card=false money=false offer_shape=false suburbs=Patterson Lakes,Collingwood area=SomeOutside:Collingwood chime=none_not_offer_shape
09-10 10:23:45  com.ubercab.driver  card=false money=false offer_shape=false suburbs=Patterson Lakes,Collingwood area=SomeOutside:Collingwood chime=none_not_offer_shape
09-10 10:23:47  com.ubercab.driver  card=false money=false offer_shape=false suburbs=Patterson Lakes,Collingwood area=SomeOutside:Collingwood chime=none_not_offer_shape
09-10 10:23:49  com.ubercab.driver  card=false money=false offer_shape=false suburbs=Patterson Lakes,Collingwood area=SomeOutside:Collingwood chime=none_not_offer_shape
09-10 10:23:51  com.ubercab.driver  card=false money=false offer_shape=false suburbs=Patterson Lakes,Collingwood area=SomeOutside:Collingwood chime=none_not_offer_shape
09-10 10:23:53  com.ubercab.driver  card=false money=false offer_shape=false suburbs=Patterson Lakes,Collingwood area=SomeOutside:Collingwood chime=none_not_offer_shape
09-10 10:23:55  com.ubercab.driver  card=false money=false offer_shape=false suburbs=Patterson Lakes,Collingwood area=SomeOutside:Collingwood chime=none_not_offer_shape
09-10 10:23:57  com.ubercab.driver  card=false money=false offer_shape=false suburbs=Patterson Lakes,Collingwood area=SomeOutside:Collingwood chime=none_not_offer_shape
09-10 10:23:59  com.ubercab.driver  card=false money=false offer_shape=false suburbs=Patterson Lakes,Collingwood area=SomeOutside:Collingwood chime=none_not_offer_shape
09-10 10:24:01  com.ubercab.driver  card=false money=false offer_shape=false suburbs=Patterson Lakes,Collingwood area=SomeOutside:Collingwood chime=none_not_offer_shape
09-10 10:24:03  com.ubercab.driver  card=false money=false offer_shape=false suburbs=Collingwood area=SomeOutside:Collingwood chime=none_not_offer_shape
09-10 10:24:06  com.ubercab.driver  card=false money=false offer_shape=false suburbs=Collingwood area=SomeOutside:Collingwood chime=none_not_offer_shape
09-10 10:24:14  com.ubercab.driver  card=false money=false offer_shape=false suburbs=Collingwood area=SomeOutside:Collingwood chime=none_not_offer_shape
09-10 10:24:18  com.ubercab.driver  card=false money=false offer_shape=false suburbs=Collingwood area=SomeOutside:Collingwood chime=none_not_offer_shape
09-10 10:24:20  com.ubercab.driver  card=false money=false offer_shape=false suburbs=Collingwood area=SomeOutside:Collingwood chime=none_not_offer_shape
09-10 10:24:23  com.ubercab.driver  card=false money=false offer_shape=false suburbs=Collingwood area=SomeOutside:Collingwood chime=none_not_offer_shape
09-10 10:24:26  com.ubercab.driver  card=false money=false offer_shape=false suburbs=Collingwood area=SomeOutside:Collingwood chime=none_not_offer_shape
09-10 10:24:28  com.ubercab.driver  card=false money=false offer_shape=false suburbs=Collingwood area=SomeOutside:Collingwood chime=none_not_offer_shape
09-10 10:24:31  com.ubercab.driver  card=false money=false offer_shape=false suburbs=Collingwood area=SomeOutside:Collingwood chime=none_not_offer_shape
09-10 10:24:33  com.ubercab.driver  card=false money=false offer_shape=false suburbs=Patterson Lakes,Collingwood area=SomeOutside:Collingwood chime=none_not_offer_shape
09-10 10:24:36  com.ubercab.driver  card=false money=false offer_shape=false suburbs=Patterson Lakes,Collingwood area=SomeOutside:Collingwood chime=none_not_offer_shape
09-10 10:24:38  com.ubercab.driver  card=false money=false offer_shape=false suburbs=Patterson Lakes,Collingwood area=SomeOutside:Collingwood chime=none_not_offer_shape
09-10 10:24:40  com.ubercab.driver  card=false money=false offer_shape=false suburbs=Patterson Lakes,Collingwood area=SomeOutside:Collingwood chime=none_not_offer_shape
09-10 10:24:42  com.ubercab.driver  card=false money=false offer_shape=false suburbs=Patterson Lakes,Collingwood area=SomeOutside:Collingwood chime=none_not_offer_shape
09-10 10:24:44  com.ubercab.driver  card=false money=false offer_shape=false suburbs=Patterson Lakes,Collingwood area=SomeOutside:Collingwood chime=none_not_offer_shape
09-10 10:24:46  com.ubercab.driver  card=false money=false offer_shape=false suburbs=Patterson Lakes,Collingwood area=SomeOutside:Collingwood chime=none_not_offer_shape
09-10 10:24:49  com.ubercab.driver  card=false money=false offer_shape=false suburbs=Patterson Lakes,Collingwood area=SomeOutside:Collingwood chime=none_not_offer_shape
09-10 10:24:51  com.ubercab.driver  card=false money=false offer_shape=false suburbs=Patterson Lakes,Collingwood area=SomeOutside:Collingwood chime=none_not_offer_shape
09-10 10:24:54  com.ubercab.driver  card=false money=false offer_shape=false suburbs=Patterson Lakes,Collingwood area=SomeOutside:Collingwood chime=none_not_offer_shape
09-10 10:24:56  com.ubercab.driver  card=false money=false offer_shape=false suburbs=Patterson Lakes,Collingwood area=SomeOutside:Collingwood chime=none_not_offer_shape
09-10 10:24:58  com.ubercab.driver  card=false money=false offer_shape=false suburbs=Patterson Lakes,Collingwood area=SomeOutside:Collingwood chime=none_not_offer_shape
09-10 10:25:00  com.ubercab.driver  card=false money=false offer_shape=false suburbs=Patterson Lakes,Collingwood area=SomeOutside:Collingwood chime=none_not_offer_shape
09-10 10:25:02  com.ubercab.driver  card=false money=false offer_shape=false suburbs=Patterson Lakes,Collingwood area=SomeOutside:Collingwood chime=none_not_offer_shape
09-10 10:25:04  com.ubercab.driver  card=false money=false offer_shape=false suburbs=Patterson Lakes,Collingwood area=SomeOutside:Collingwood chime=none_not_offer_shape
09-10 10:25:06  com.ubercab.driver  card=false money=false offer_shape=false suburbs=Patterson Lakes,Collingwood area=SomeOutside:Collingwood chime=none_not_offer_shape
09-10 10:25:09  com.ubercab.driver  card=false money=false offer_shape=false suburbs=Patterson Lakes,Collingwood area=SomeOutside:Collingwood chime=none_not_offer_shape
09-10 10:25:11  com.ubercab.driver  card=false money=false offer_shape=false suburbs=Patterson Lakes,Collingwood area=SomeOutside:Collingwood chime=none_not_offer_shape
09-10 10:25:13  com.ubercab.driver  card=false money=false offer_shape=false suburbs=Patterson Lakes,Collingwood area=SomeOutside:Collingwood chime=none_not_offer_shape
09-10 10:25:15  com.ubercab.driver  card=false money=false offer_shape=false suburbs=Patterson Lakes,Collingwood area=SomeOutside:Collingwood chime=none_not_offer_shape
09-10 10:25:18  com.ubercab.driver  card=false money=false offer_shape=false suburbs=Patterson Lakes,Collingwood area=SomeOutside:Collingwood chime=none_not_offer_shape
09-10 10:25:20  com.ubercab.driver  card=false money=false offer_shape=false suburbs=Patterson Lakes,Collingwood area=SomeOutside:Collingwood chime=none_not_offer_shape
09-10 10:25:22  com.ubercab.driver  card=false money=false offer_shape=false suburbs=Patterson Lakes,Collingwood area=SomeOutside:Collingwood chime=none_not_offer_shape
09-10 10:25:25  com.ubercab.driver  card=false money=false offer_shape=false suburbs=Patterson Lakes,Collingwood area=SomeOutside:Collingwood chime=none_not_offer_shape
09-10 10:25:27  com.ubercab.driver  card=false money=false offer_shape=false suburbs=Patterson Lakes,Collingwood area=SomeOutside:Collingwood chime=none_not_offer_shape
09-10 10:25:29  com.ubercab.driver  card=false money=false offer_shape=false suburbs=Patterson Lakes,Collingwood area=SomeOutside:Collingwood chime=none_not_offer_shape
09-10 10:25:31  com.ubercab.driver  card=false money=false offer_shape=false suburbs=Patterson Lakes,Collingwood area=SomeOutside:Collingwood chime=none_not_offer_shape
09-10 10:25:34  com.ubercab.driver  card=false money=false offer_shape=false suburbs=Patterson Lakes,Collingwood area=SomeOutside:Collingwood chime=none_not_offer_shape
09-10 10:25:36  com.ubercab.driver  card=false money=false offer_shape=false suburbs=Patterson Lakes,Collingwood area=SomeOutside:Collingwood chime=none_not_offer_shape
09-10 10:25:38  com.ubercab.driver  card=false money=false offer_shape=false suburbs=Patterson Lakes,Collingwood area=SomeOutside:Collingwood chime=none_not_offer_shape
09-10 10:25:41  com.ubercab.driver  card=false money=false offer_shape=false suburbs=Patterson Lakes,Collingwood area=SomeOutside:Collingwood chime=none_not_offer_shape
09-10 10:25:43  com.ubercab.driver  card=false money=false offer_shape=false suburbs=Patterson Lakes,Collingwood area=SomeOutside:Collingwood chime=none_not_offer_shape
09-10 10:25:45  com.ubercab.driver  card=false money=false offer_shape=false suburbs=Patterson Lakes,Collingwood area=SomeOutside:Collingwood chime=none_not_offer_shape
09-10 10:25:47  com.ubercab.driver  card=false money=false offer_shape=false suburbs=Patterson Lakes,Collingwood area=SomeOutside:Collingwood chime=none_not_offer_shape
09-10 10:25:50  com.ubercab.driver  card=false money=false offer_shape=false suburbs=Patterson Lakes,Collingwood area=SomeOutside:Collingwood chime=none_not_offer_shape
09-10 10:25:52  com.ubercab.driver  card=false money=false offer_shape=false suburbs=Patterson Lakes,Collingwood area=SomeOutside:Collingwood chime=none_not_offer_shape
09-10 10:25:54  com.ubercab.driver  card=false money=false offer_shape=false suburbs=Patterson Lakes,Collingwood area=SomeOutside:Collingwood chime=none_not_offer_shape
09-10 10:25:56  com.ubercab.driver  card=false money=false offer_shape=false suburbs=Patterson Lakes,Collingwood area=SomeOutside:Collingwood chime=none_not_offer_shape
09-10 10:25:58  com.ubercab.driver  card=false money=false offer_shape=false suburbs=Patterson Lakes,Collingwood area=SomeOutside:Collingwood chime=none_not_offer_shape
09-10 10:26:01  com.ubercab.driver  card=false money=false offer_shape=false suburbs=Patterson Lakes,Collingwood area=SomeOutside:Collingwood chime=none_not_offer_shape
09-10 10:26:03  com.ubercab.driver  card=false money=false offer_shape=false suburbs=Patterson Lakes,Collingwood area=SomeOutside:Collingwood chime=none_not_offer_shape
09-10 10:26:05  com.ubercab.driver  card=false money=false offer_shape=false suburbs=Patterson Lakes,Collingwood area=SomeOutside:Collingwood chime=none_not_offer_shape
09-10 10:26:07  com.ubercab.driver  card=false money=false offer_shape=false suburbs=Patterson Lakes,Collingwood area=SomeOutside:Collingwood chime=none_not_offer_shape
09-10 10:26:09  com.ubercab.driver  card=false money=false offer_shape=false suburbs=Patterson Lakes,Collingwood area=SomeOutside:Collingwood chime=none_not_offer_shape
09-10 10:26:11  com.ubercab.driver  card=false money=false offer_shape=false suburbs=Patterson Lakes,Collingwood area=SomeOutside:Collingwood chime=none_not_offer_shape
09-10 10:26:14  com.ubercab.driver  card=false money=false offer_shape=false suburbs=Patterson Lakes,Collingwood area=SomeOutside:Collingwood chime=none_not_offer_shape
09-10 10:26:16  com.ubercab.driver  card=false money=false offer_shape=false suburbs=Patterson Lakes,Collingwood area=SomeOutside:Collingwood chime=none_not_offer_shape
09-10 10:26:18  com.ubercab.driver  card=false money=false offer_shape=false suburbs=Patterson Lakes,Collingwood area=SomeOutside:Collingwood chime=none_not_offer_shape
09-10 10:26:21  com.ubercab.driver  card=false money=false offer_shape=false suburbs=Patterson Lakes,Collingwood area=SomeOutside:Collingwood chime=none_not_offer_shape
09-10 10:26:23  com.ubercab.driver  card=false money=false offer_shape=false suburbs=Patterson Lakes,Collingwood area=SomeOutside:Collingwood chime=none_not_offer_shape
09-10 10:26:26  com.ubercab.driver  card=false money=false offer_shape=false suburbs=Patterson Lakes,Collingwood area=SomeOutside:Collingwood chime=none_not_offer_shape
09-10 10:26:28  com.ubercab.driver  card=false money=false offer_shape=false suburbs=Patterson Lakes,Collingwood area=SomeOutside:Collingwood chime=none_not_offer_shape
09-10 10:26:31  com.ubercab.driver  card=false money=false offer_shape=false suburbs=Patterson Lakes,Collingwood area=SomeOutside:Collingwood chime=none_not_offer_shape
09-10 10:26:33  com.ubercab.driver  card=false money=false offer_shape=false suburbs=Patterson Lakes,Collingwood area=SomeOutside:Collingwood chime=none_not_offer_shape
09-10 10:26:35  com.ubercab.driver  card=false money=false offer_shape=false suburbs=Patterson Lakes,Collingwood area=SomeOutside:Collingwood chime=none_not_offer_shape
09-10 10:26:38  com.ubercab.driver  card=false money=false offer_shape=false suburbs=Patterson Lakes,Collingwood area=SomeOutside:Collingwood chime=none_not_offer_shape
09-10 10:26:40  com.ubercab.driver  card=false money=false offer_shape=false suburbs=Patterson Lakes,Collingwood area=SomeOutside:Collingwood chime=none_not_offer_shape
09-10 10:26:43  com.ubercab.driver  card=false money=false offer_shape=false suburbs=Patterson Lakes,Collingwood area=SomeOutside:Collingwood chime=none_not_offer_shape
09-10 10:26:45  com.ubercab.driver  card=false money=false offer_shape=false suburbs=Patterson Lakes,Collingwood area=SomeOutside:Collingwood chime=none_not_offer_shape
09-10 10:26:47  com.ubercab.driver  card=false money=false offer_shape=false suburbs=Patterson Lakes,Collingwood area=SomeOutside:Collingwood chime=none_not_offer_shape
09-10 10:26:50  com.ubercab.driver  card=false money=false offer_shape=false suburbs=Patterson Lakes,Collingwood area=SomeOutside:Collingwood chime=none_not_offer_shape
09-10 10:26:52  com.ubercab.driver  card=false money=false offer_shape=false suburbs=Patterson Lakes,Collingwood area=SomeOutside:Collingwood chime=none_not_offer_shape
09-10 10:26:55  com.ubercab.driver  card=false money=false offer_shape=false suburbs=Patterson Lakes,Collingwood area=SomeOutside:Collingwood chime=none_not_offer_shape
09-10 10:26:57  com.ubercab.driver  card=false money=false offer_shape=false suburbs=Patterson Lakes,Collingwood area=SomeOutside:Collingwood chime=none_not_offer_shape
09-10 10:27:00  com.ubercab.driver  card=false money=false offer_shape=false suburbs=Patterson Lakes,Collingwood area=SomeOutside:Collingwood chime=none_not_offer_shape
09-10 10:27:02  com.ubercab.driver  card=false money=false offer_shape=false suburbs=Patterson Lakes,Collingwood area=SomeOutside:Collingwood chime=none_not_offer_shape
09-10 10:27:04  com.ubercab.driver  card=false money=false offer_shape=false suburbs=Patterson Lakes,Collingwood area=SomeOutside:Collingwood chime=none_not_offer_shape
09-10 10:27:07  com.ubercab.driver  card=false money=false offer_shape=false suburbs=Patterson Lakes,Collingwood area=SomeOutside:Collingwood chime=none_not_offer_shape
09-10 10:27:09  com.ubercab.driver  card=false money=false offer_shape=false suburbs=Patterson Lakes,Collingwood area=SomeOutside:Collingwood chime=none_not_offer_shape
09-10 10:27:12  com.ubercab.driver  card=false money=false offer_shape=false suburbs=Patterson Lakes,Collingwood area=SomeOutside:Collingwood chime=none_not_offer_shape
09-10 10:27:14  com.ubercab.driver  card=false money=false offer_shape=false suburbs=Patterson Lakes,Collingwood area=SomeOutside:Collingwood chime=none_not_offer_shape
09-10 10:27:17  com.ubercab.driver  card=false money=false offer_shape=false suburbs=Patterson Lakes,Collingwood area=SomeOutside:Collingwood chime=none_not_offer_shape
09-10 10:27:19  com.ubercab.driver  card=false money=false offer_shape=false suburbs=Patterson Lakes,Collingwood area=SomeOutside:Collingwood chime=none_not_offer_shape
09-10 10:27:22  com.ubercab.driver  card=false money=false offer_shape=false suburbs=Patterson Lakes,Collingwood area=SomeOutside:Collingwood chime=none_not_offer_shape
09-10 10:27:25  com.ubercab.driver  card=false money=false offer_shape=false suburbs=Patterson Lakes,Collingwood area=SomeOutside:Collingwood chime=none_not_offer_shape
09-10 10:27:27  com.ubercab.driver  card=false money=false offer_shape=false suburbs=Patterson Lakes,Collingwood area=SomeOutside:Collingwood chime=none_not_offer_shape
09-10 10:27:29  com.ubercab.driver  card=false money=false offer_shape=false suburbs=Patterson Lakes,Collingwood area=SomeOutside:Collingwood chime=none_not_offer_shape
09-10 10:27:32  com.ubercab.driver  card=false money=false offer_shape=false suburbs=Patterson Lakes,Collingwood area=SomeOutside:Collingwood chime=none_not_offer_shape
09-10 10:27:35  com.ubercab.driver  card=false money=false offer_shape=false suburbs=Patterson Lakes,Collingwood area=SomeOutside:Collingwood chime=none_not_offer_shape
09-10 10:27:37  com.ubercab.driver  card=false money=false offer_shape=false suburbs=Patterson Lakes,Collingwood area=SomeOutside:Collingwood chime=none_not_offer_shape
09-10 10:27:40  com.ubercab.driver  card=false money=false offer_shape=false suburbs=Patterson Lakes,Collingwood area=SomeOutside:Collingwood chime=none_not_offer_shape
09-10 10:27:43  com.ubercab.driver  card=false money=false offer_shape=false suburbs=Patterson Lakes,Collingwood area=SomeOutside:Collingwood chime=none_not_offer_shape
09-10 10:27:45  com.ubercab.driver  card=false money=false offer_shape=false suburbs=Patterson Lakes,Collingwood area=SomeOutside:Collingwood chime=none_not_offer_shape
09-10 10:27:47  com.ubercab.driver  card=false money=false offer_shape=false suburbs=Patterson Lakes,Collingwood area=SomeOutside:Collingwood chime=none_not_offer_shape
09-10 10:27:50  com.ubercab.driver  card=false money=false offer_shape=false suburbs=Patterson Lakes,Collingwood area=SomeOutside:Collingwood chime=none_not_offer_shape
09-10 10:27:52  com.ubercab.driver  card=false money=false offer_shape=false suburbs=Patterson Lakes,Collingwood area=SomeOutside:Collingwood chime=none_not_offer_shape
09-10 10:27:54  com.ubercab.driver  card=false money=false offer_shape=false suburbs=Patterson Lakes,Collingwood area=SomeOutside:Collingwood chime=none_not_offer_shape
09-10 10:27:57  com.ubercab.driver  card=false money=false offer_shape=false suburbs=Patterson Lakes,Collingwood area=SomeOutside:Collingwood chime=none_not_offer_shape
09-10 10:27:59  com.ubercab.driver  card=false money=false offer_shape=false suburbs=Patterson Lakes,Collingwood area=SomeOutside:Collingwood chime=none_not_offer_shape
09-10 10:28:01  com.ubercab.driver  card=false money=false offer_shape=false suburbs=Patterson Lakes,Collingwood area=SomeOutside:Collingwood chime=none_not_offer_shape
09-10 10:28:04  com.ubercab.driver  card=false money=false offer_shape=false suburbs=Patterson Lakes,Collingwood area=SomeOutside:Collingwood chime=none_not_offer_shape
09-10 10:28:07  com.ubercab.driver  card=false money=false offer_shape=false suburbs=Patterson Lakes,Collingwood area=SomeOutside:Collingwood chime=none_not_offer_shape
09-10 10:28:09  com.ubercab.driver  card=false money=false offer_shape=false suburbs=Patterson Lakes,Collingwood area=SomeOutside:Collingwood chime=none_not_offer_shape
09-10 10:28:11  com.ubercab.driver  card=false money=false offer_shape=false suburbs=Patterson Lakes,Collingwood area=SomeOutside:Collingwood chime=none_not_offer_shape
09-10 10:28:13  com.ubercab.driver  card=false money=false offer_shape=false suburbs=Collingwood area=SomeOutside:Collingwood chime=none_not_offer_shape
09-10 10:28:15  com.ubercab.driver  card=false money=false offer_shape=false suburbs=Collingwood area=SomeOutside:Collingwood chime=none_not_offer_shape
09-10 10:29:43  com.ubercab.driver  card=false money=false offer_shape=false suburbs=Collingwood area=SomeOutside:Collingwood chime=none_not_offer_shape
09-10 10:29:45  com.ubercab.driver  card=false money=false offer_shape=false suburbs=Collingwood area=SomeOutside:Collingwood chime=none_not_offer_shape
09-10 10:37:07  com.android.systemui  card=false money=false offer_shape=false suburbs= area=NoSuburb chime=none_not_offer_shape
09-10 10:37:08  locked_or_unknown  card=false money=false offer_shape=false suburbs= area=NoSuburb chime=none_not_offer_shape
09-10 10:37:08  com.android.systemui  card=false money=false offer_shape=false suburbs= area=NoSuburb chime=none_not_offer_shape
09-10 10:37:08  com.android.systemui  card=false money=false offer_shape=false suburbs= area=NoSuburb chime=none_not_offer_shape
09-10 10:37:09  com.android.systemui  card=false money=false offer_shape=false suburbs= area=NoSuburb chime=none_not_offer_shape
09-10 10:37:10  com.android.systemui  card=false money=false offer_shape=false suburbs= area=NoSuburb chime=none_not_offer_shape
09-10 10:37:11  com.android.systemui  card=false money=false offer_shape=false suburbs= area=NoSuburb chime=none_not_offer_shape
09-10 10:37:11  com.android.systemui  card=false money=false offer_shape=false suburbs= area=NoSuburb chime=none_not_offer_shape
09-10 10:37:12  com.android.systemui  card=false money=false offer_shape=false suburbs= area=NoSuburb chime=none_not_offer_shape
09-10 10:37:13  com.android.systemui  card=false money=false offer_shape=false suburbs= area=NoSuburb chime=none_not_offer_shape
09-10 10:37:14  com.android.systemui  card=false money=false offer_shape=false suburbs= area=NoSuburb chime=none_not_offer_shape
09-10 10:37:15  com.android.systemui  card=false money=false offer_shape=false suburbs= area=NoSuburb chime=none_not_offer_shape
09-10 10:37:15  com.android.systemui  card=false money=false offer_shape=false suburbs= area=NoSuburb chime=none_not_offer_shape
09-10 10:37:16  com.android.systemui  card=false money=false offer_shape=false suburbs= area=NoSuburb chime=none_not_offer_shape
09-10 10:37:17  com.android.systemui  card=false money=false offer_shape=false suburbs= area=NoSuburb chime=none_not_offer_shape
09-10 10:37:17  com.android.systemui  card=false money=false offer_shape=false suburbs= area=NoSuburb chime=none_not_offer_shape
09-10 10:37:18  com.android.systemui  card=false money=false offer_shape=false suburbs= area=NoSuburb chime=none_not_offer_shape
09-10 10:37:18  com.android.systemui  card=false money=false offer_shape=false suburbs= area=NoSuburb chime=none_not_offer_shape
09-10 10:37:19  com.android.systemui  card=false money=false offer_shape=false suburbs= area=NoSuburb chime=none_not_offer_shape
09-10 10:37:19  com.android.systemui  card=false money=false offer_shape=false suburbs= area=NoSuburb chime=none_not_offer_shape
09-10 10:37:20  com.android.systemui  card=false money=false offer_shape=false suburbs= area=NoSuburb chime=none_not_offer_shape
09-10 10:37:20  com.android.systemui  card=false money=false offer_shape=false suburbs= area=NoSuburb chime=none_not_offer_shape
09-10 10:37:21  com.android.systemui  card=false money=false offer_shape=false suburbs= area=NoSuburb chime=none_not_offer_shape
09-10 10:37:22  com.android.systemui  card=false money=false offer_shape=false suburbs= area=NoSuburb chime=none_not_offer_shape
09-10 10:37:23  com.android.systemui  card=false money=false offer_shape=false suburbs= area=NoSuburb chime=none_not_offer_shape
09-10 10:37:24  com.android.systemui  card=false money=false offer_shape=false suburbs= area=NoSuburb chime=none_not_offer_shape
09-10 10:37:24  com.android.systemui  card=false money=false offer_shape=false suburbs= area=NoSuburb chime=none_not_offer_shape
09-10 10:37:25  com.android.systemui  card=false money=false offer_shape=false suburbs= area=NoSuburb chime=none_not_offer_shape
09-10 10:37:26  com.android.systemui  card=false money=false offer_shape=false suburbs= area=NoSuburb chime=none_not_offer_shape
09-10 10:37:26  com.android.systemui  card=false money=false offer_shape=false suburbs= area=NoSuburb chime=none_not_offer_shape
09-10 10:37:27  com.android.systemui  card=false money=false offer_shape=false suburbs= area=NoSuburb chime=none_not_offer_shape
09-10 10:37:28  com.android.systemui  card=false money=false offer_shape=false suburbs= area=NoSuburb chime=none_not_offer_shape
09-10 10:37:29  com.android.systemui  card=false money=false offer_shape=false suburbs= area=NoSuburb chime=none_not_offer_shape
09-10 10:37:29  com.android.systemui  card=false money=false offer_shape=false suburbs= area=NoSuburb chime=none_not_offer_shape
09-10 10:37:30  com.android.systemui  card=false money=false offer_shape=false suburbs= area=NoSuburb chime=none_not_offer_shape
09-10 10:37:31  com.android.systemui  card=false money=false offer_shape=false suburbs= area=NoSuburb chime=none_not_offer_shape
09-10 10:37:31  com.android.systemui  card=false money=false offer_shape=false suburbs= area=NoSuburb chime=none_not_offer_shape
09-10 10:37:32  com.android.systemui  card=false money=false offer_shape=false suburbs= area=NoSuburb chime=none_not_offer_shape
09-10 10:37:33  com.android.systemui  card=false money=false offer_shape=false suburbs= area=NoSuburb chime=none_not_offer_shape
09-10 10:37:33  com.android.systemui  card=false money=false offer_shape=false suburbs= area=NoSuburb chime=none_not_offer_shape
09-10 10:37:34  com.android.systemui  card=false money=false offer_shape=false suburbs= area=NoSuburb chime=none_not_offer_shape
09-10 10:37:35  com.android.systemui  card=false money=false offer_shape=false suburbs= area=NoSuburb chime=none_not_offer_shape
09-10 10:37:35  com.android.systemui  card=false money=false offer_shape=false suburbs= area=NoSuburb chime=none_not_offer_shape
09-10 10:37:36  com.android.systemui  card=false money=false offer_shape=false suburbs= area=NoSuburb chime=none_not_offer_shape
09-10 10:37:37  com.android.systemui  card=false money=false offer_shape=false suburbs= area=NoSuburb chime=none_not_offer_shape
09-10 10:37:38  com.android.systemui  card=false money=false offer_shape=false suburbs= area=NoSuburb chime=none_not_offer_shape
09-10 10:37:38  com.android.systemui  card=false money=false offer_shape=false suburbs= area=NoSuburb chime=none_not_offer_shape
09-10 10:37:39  com.android.systemui  card=false money=false offer_shape=false suburbs= area=NoSuburb chime=none_not_offer_shape
09-10 10:37:40  com.android.systemui  card=false money=false offer_shape=false suburbs= area=NoSuburb chime=none_not_offer_shape
09-10 10:37:41  com.android.systemui  card=false money=false offer_shape=false suburbs= area=NoSuburb chime=none_not_offer_shape
09-10 10:37:42  com.android.systemui  card=false money=false offer_shape=false suburbs= area=NoSuburb chime=none_not_offer_shape
09-10 10:37:43  com.android.systemui  card=false money=false offer_shape=false suburbs= area=NoSuburb chime=none_not_offer_shape
09-10 10:37:43  com.android.systemui  card=false money=false offer_shape=false suburbs= area=NoSuburb chime=none_not_offer_shape
09-10 10:37:44  com.android.systemui  card=false money=false offer_shape=false suburbs= area=NoSuburb chime=none_not_offer_shape
09-10 10:37:45  com.android.systemui  card=false money=false offer_shape=false suburbs= area=NoSuburb chime=none_not_offer_shape
09-10 10:37:46  com.android.systemui  card=false money=false offer_shape=false suburbs= area=NoSuburb chime=none_not_offer_shape
09-10 10:37:47  com.android.systemui  card=false money=false offer_shape=false suburbs= area=NoSuburb chime=none_not_offer_shape
09-10 10:37:47  com.android.systemui  card=false money=false offer_shape=false suburbs= area=NoSuburb chime=none_not_offer_shape
09-10 10:37:48  com.android.systemui  card=false money=false offer_shape=false suburbs= area=NoSuburb chime=none_not_offer_shape
09-10 10:37:49  com.android.systemui  card=false money=false offer_shape=false suburbs= area=NoSuburb chime=none_not_offer_shape
09-10 10:37:49  com.android.systemui  card=false money=false offer_shape=false suburbs= area=NoSuburb chime=none_not_offer_shape
09-10 10:37:50  com.android.systemui  card=false money=false offer_shape=false suburbs= area=NoSuburb chime=none_not_offer_shape
09-10 10:37:51  com.android.systemui  card=false money=false offer_shape=false suburbs= area=NoSuburb chime=none_not_offer_shape
09-10 10:37:52  com.android.systemui  card=false money=false offer_shape=false suburbs= area=NoSuburb chime=none_not_offer_shape
09-10 10:37:52  com.android.systemui  card=false money=false offer_shape=false suburbs= area=NoSuburb chime=none_not_offer_shape
09-10 10:37:53  com.android.systemui  card=false money=false offer_shape=false suburbs= area=NoSuburb chime=none_not_offer_shape
09-10 10:37:53  com.android.systemui  card=false money=false offer_shape=false suburbs= area=NoSuburb chime=none_not_offer_shape
09-10 10:37:54  com.android.systemui  card=false money=false offer_shape=false suburbs= area=NoSuburb chime=none_not_offer_shape
09-10 10:37:55  com.android.systemui  card=false money=false offer_shape=false suburbs= area=NoSuburb chime=none_not_offer_shape
09-10 10:37:56  com.android.systemui  card=false money=false offer_shape=false suburbs= area=NoSuburb chime=none_not_offer_shape
09-10 10:37:56  com.android.systemui  card=false money=false offer_shape=false suburbs= area=NoSuburb chime=none_not_offer_shape
09-10 10:37:57  com.android.systemui  card=false money=false offer_shape=false suburbs= area=NoSuburb chime=none_not_offer_shape
09-10 10:37:58  com.android.systemui  card=false money=false offer_shape=false suburbs= area=NoSuburb chime=none_not_offer_shape
09-10 10:37:59  com.android.systemui  card=false money=false offer_shape=false suburbs= area=NoSuburb chime=none_not_offer_shape
09-10 10:37:59  com.android.systemui  card=false money=false offer_shape=false suburbs= area=NoSuburb chime=none_not_offer_shape
09-10 10:38:00  com.android.systemui  card=false money=false offer_shape=false suburbs= area=NoSuburb chime=none_not_offer_shape
09-10 10:38:01  com.android.systemui  card=false money=false offer_shape=false suburbs= area=NoSuburb chime=none_not_offer_shape
09-10 10:38:01  com.android.systemui  card=false money=false offer_shape=false suburbs= area=NoSuburb chime=none_not_offer_shape
09-10 10:38:02  com.android.systemui  card=false money=false offer_shape=false suburbs= area=NoSuburb chime=none_not_offer_shape
09-10 10:38:03  com.android.systemui  card=false money=false offer_shape=false suburbs= area=NoSuburb chime=none_not_offer_shape
09-10 10:38:03  com.android.systemui  card=false money=false offer_shape=false suburbs= area=NoSuburb chime=none_not_offer_shape
09-10 10:38:04  com.android.systemui  card=false money=false offer_shape=false suburbs= area=NoSuburb chime=none_not_offer_shape
09-10 10:38:05  com.android.systemui  card=false money=false offer_shape=false suburbs= area=NoSuburb chime=none_not_offer_shape
09-10 10:38:06  com.android.systemui  card=false money=false offer_shape=false suburbs= area=NoSuburb chime=none_not_offer_shape
09-10 11:08:43  com.ubercab.driver  card=false money=false offer_shape=false suburbs= area=NoSuburb chime=none_not_offer_shape
09-10 11:08:43  com.ubercab.driver  card=false money=false offer_shape=false suburbs= area=NoSuburb chime=none_not_offer_shape
09-10 11:08:44  com.ubercab.driver  card=false money=false offer_shape=false suburbs= area=NoSuburb chime=none_not_offer_shape
09-10 11:08:45  com.ubercab.driver  card=false money=false offer_shape=false suburbs= area=NoSuburb chime=none_not_offer_shape
09-10 11:08:45  com.ubercab.driver  card=false money=false offer_shape=false suburbs=Collingwood area=SomeOutside:Collingwood chime=none_not_offer_shape
09-10 11:08:46  com.ubercab.driver  card=false money=false offer_shape=false suburbs=Collingwood area=SomeOutside:Collingwood chime=none_not_offer_shape
09-10 11:08:46  com.ubercab.driver  card=false money=false offer_shape=false suburbs=Collingwood area=SomeOutside:Collingwood chime=none_not_offer_shape
09-10 11:08:48  com.ubercab.driver  card=false money=false offer_shape=false suburbs=Collingwood area=SomeOutside:Collingwood chime=none_not_offer_shape
09-10 11:08:48  com.ubercab.driver  card=false money=false offer_shape=false suburbs=Patterson Lakes,Collingwood area=SomeOutside:Collingwood chime=none_not_offer_shape
09-10 11:08:50  com.ubercab.driver  card=false money=false offer_shape=false suburbs=Patterson Lakes,Collingwood area=SomeOutside:Collingwood chime=none_not_offer_shape
09-10 11:08:50  com.ubercab.driver  card=false money=false offer_shape=false suburbs=Patterson Lakes,Collingwood area=SomeOutside:Collingwood chime=none_not_offer_shape
09-10 11:08:51  com.ubercab.driver  card=false money=false offer_shape=false suburbs=Patterson Lakes,Collingwood area=SomeOutside:Collingwood chime=none_not_offer_shape
09-10 11:08:51  com.ubercab.driver  card=false money=false offer_shape=false suburbs=Patterson Lakes,Collingwood area=SomeOutside:Collingwood chime=none_not_offer_shape
09-10 11:08:51  com.ubercab.driver  card=false money=false offer_shape=false suburbs=Patterson Lakes,Collingwood area=SomeOutside:Collingwood chime=none_not_offer_shape
09-10 11:08:52  com.ubercab.driver  card=false money=false offer_shape=false suburbs=Patterson Lakes,Collingwood area=SomeOutside:Collingwood chime=none_not_offer_shape
09-10 11:08:53  com.ubercab.driver  card=false money=false offer_shape=false suburbs=Patterson Lakes,Collingwood area=SomeOutside:Collingwood chime=none_not_offer_shape
09-10 11:08:54  com.ubercab.driver  card=false money=false offer_shape=false suburbs=Patterson Lakes,Collingwood area=SomeOutside:Collingwood chime=none_not_offer_shape
09-10 11:08:54  com.ubercab.driver  card=false money=false offer_shape=false suburbs=Patterson Lakes,Collingwood area=SomeOutside:Collingwood chime=none_not_offer_shape
09-10 11:08:55  com.ubercab.driver  card=false money=false offer_shape=false suburbs=Patterson Lakes,Collingwood area=SomeOutside:Collingwood chime=none_not_offer_shape
09-10 11:08:55  com.ubercab.driver  card=false money=false offer_shape=false suburbs=Patterson Lakes,Collingwood area=SomeOutside:Collingwood chime=none_not_offer_shape
09-10 11:08:56  com.ubercab.driver  card=false money=false offer_shape=false suburbs=Patterson Lakes,Collingwood area=SomeOutside:Collingwood chime=none_not_offer_shape
09-10 11:08:56  com.ubercab.driver  card=false money=false offer_shape=false suburbs=Patterson Lakes,Collingwood area=SomeOutside:Collingwood chime=none_not_offer_shape
09-10 11:08:57  com.ubercab.driver  card=false money=false offer_shape=false suburbs=Patterson Lakes,Collingwood area=SomeOutside:Collingwood chime=none_not_offer_shape
09-10 11:08:57  com.ubercab.driver  card=false money=false offer_shape=false suburbs=Patterson Lakes,Collingwood area=SomeOutside:Collingwood chime=none_not_offer_shape
09-10 11:08:58  com.ubercab.driver  card=false money=false offer_shape=false suburbs=Patterson Lakes,Collingwood area=SomeOutside:Collingwood chime=none_not_offer_shape
09-10 11:08:58  com.ubercab.driver  card=false money=false offer_shape=false suburbs=Patterson Lakes,Collingwood area=SomeOutside:Collingwood chime=none_not_offer_shape
09-10 11:08:59  com.ubercab.driver  card=false money=false offer_shape=false suburbs=Patterson Lakes,Collingwood area=SomeOutside:Collingwood chime=none_not_offer_shape
09-10 11:08:59  com.ubercab.driver  card=false money=false offer_shape=false suburbs=Patterson Lakes,Collingwood area=SomeOutside:Collingwood chime=none_not_offer_shape
09-10 11:09:00  com.ubercab.driver  card=false money=false offer_shape=false suburbs=Patterson Lakes,Collingwood area=SomeOutside:Collingwood chime=none_not_offer_shape
09-10 11:09:01  com.ubercab.driver  card=false money=false offer_shape=false suburbs=Patterson Lakes,Collingwood area=SomeOutside:Collingwood chime=none_not_offer_shape
09-10 11:09:01  com.ubercab.driver  card=false money=false offer_shape=false suburbs=Aspendale area=AllInside chime=none_not_offer_shape
09-10 11:09:02  com.ubercab.driver  card=false money=false offer_shape=false suburbs=Aspendale area=AllInside chime=none_not_offer_shape
09-10 11:09:03  com.ubercab.driver  card=false money=false offer_shape=false suburbs=Aspendale area=AllInside chime=none_not_offer_shape
09-10 11:09:03  com.ubercab.driver  card=false money=false offer_shape=false suburbs=Patterson Lakes,Collingwood area=SomeOutside:Collingwood chime=none_not_offer_shape
09-10 11:09:04  com.ubercab.driver  card=false money=false offer_shape=false suburbs=Patterson Lakes,Collingwood area=SomeOutside:Collingwood chime=none_not_offer_shape
09-10 11:09:04  com.ubercab.driver  card=false money=false offer_shape=false suburbs=Patterson Lakes,Collingwood area=SomeOutside:Collingwood chime=none_not_offer_shape
09-10 11:09:06  com.ubercab.driver  card=false money=false offer_shape=false suburbs=Patterson Lakes,Collingwood area=SomeOutside:Collingwood chime=none_not_offer_shape
09-10 11:09:06  com.ubercab.driver  card=false money=false offer_shape=false suburbs=Patterson Lakes,Collingwood area=SomeOutside:Collingwood chime=none_not_offer_shape
09-10 11:09:07  com.ubercab.driver  card=false money=false offer_shape=false suburbs=Patterson Lakes,Collingwood area=SomeOutside:Collingwood chime=none_not_offer_shape
09-10 11:09:07  com.ubercab.driver  card=false money=false offer_shape=false suburbs=Patterson Lakes,Collingwood area=SomeOutside:Collingwood chime=none_not_offer_shape
09-10 11:09:08  com.ubercab.driver  card=false money=false offer_shape=false suburbs=Patterson Lakes,Collingwood area=SomeOutside:Collingwood chime=none_not_offer_shape
09-10 11:09:08  com.ubercab.driver  card=false money=false offer_shape=false suburbs=Patterson Lakes,Collingwood area=SomeOutside:Collingwood chime=none_not_offer_shape
09-10 11:09:09  com.ubercab.driver  card=false money=false offer_shape=false suburbs=Patterson Lakes,Collingwood area=SomeOutside:Collingwood chime=none_not_offer_shape
09-10 11:09:09  com.ubercab.driver  card=false money=false offer_shape=false suburbs=Patterson Lakes,Collingwood area=SomeOutside:Collingwood chime=none_not_offer_shape
09-10 11:09:10  com.ubercab.driver  card=false money=false offer_shape=false suburbs=Patterson Lakes,Collingwood area=SomeOutside:Collingwood chime=none_not_offer_shape
09-10 11:09:10  com.ubercab.driver  card=false money=false offer_shape=false suburbs=Patterson Lakes,Collingwood area=SomeOutside:Collingwood chime=none_not_offer_shape
09-10 11:09:11  com.ubercab.driver  card=false money=false offer_shape=false suburbs=Patterson Lakes,Collingwood area=SomeOutside:Collingwood chime=none_not_offer_shape
09-10 11:09:13  com.ubercab.driver  card=false money=false offer_shape=false suburbs=Patterson Lakes,Collingwood area=SomeOutside:Collingwood chime=none_not_offer_shape
09-10 11:09:13  com.ubercab.driver  card=false money=false offer_shape=false suburbs=Patterson Lakes,Collingwood area=SomeOutside:Collingwood chime=none_not_offer_shape
09-10 11:09:14  com.ubercab.driver  card=false money=false offer_shape=false suburbs=Patterson Lakes,Collingwood area=SomeOutside:Collingwood chime=none_not_offer_shape
09-10 11:09:14  com.ubercab.driver  card=false money=false offer_shape=false suburbs=Patterson Lakes,Collingwood area=SomeOutside:Collingwood chime=none_not_offer_shape
09-10 11:09:15  com.ubercab.driver  card=false money=false offer_shape=false suburbs=Patterson Lakes,Collingwood area=SomeOutside:Collingwood chime=none_not_offer_shape
09-10 11:09:15  com.ubercab.driver  card=false money=false offer_shape=false suburbs=Patterson Lakes,Collingwood area=SomeOutside:Collingwood chime=none_not_offer_shape
09-10 11:09:16  com.ubercab.driver  card=false money=false offer_shape=false suburbs=Patterson Lakes,Collingwood area=SomeOutside:Collingwood chime=none_not_offer_shape
09-10 11:09:17  com.ubercab.driver  card=false money=false offer_shape=false suburbs=Patterson Lakes,Collingwood area=SomeOutside:Collingwood chime=none_not_offer_shape
09-10 11:09:17  com.ubercab.driver  card=false money=false offer_shape=false suburbs=Patterson Lakes,Collingwood area=SomeOutside:Collingwood chime=none_not_offer_shape
09-10 11:09:18  com.ubercab.driver  card=false money=false offer_shape=false suburbs=Patterson Lakes,Collingwood area=SomeOutside:Collingwood chime=none_not_offer_shape
09-10 11:09:18  com.ubercab.driver  card=false money=false offer_shape=false suburbs=Patterson Lakes,Collingwood area=SomeOutside:Collingwood chime=none_not_offer_shape
09-10 11:09:19  com.ubercab.driver  card=false money=false offer_shape=false suburbs=Patterson Lakes,Collingwood area=SomeOutside:Collingwood chime=none_not_offer_shape
09-10 11:09:20  com.ubercab.driver  card=false money=false offer_shape=false suburbs=Patterson Lakes,Collingwood area=SomeOutside:Collingwood chime=none_not_offer_shape
09-10 11:09:20  com.ubercab.driver  card=false money=false offer_shape=false suburbs=Patterson Lakes,Collingwood area=SomeOutside:Collingwood chime=none_not_offer_shape
09-10 11:09:21  com.ubercab.driver  card=false money=false offer_shape=false suburbs=Patterson Lakes,Collingwood area=SomeOutside:Collingwood chime=none_not_offer_shape
09-10 11:09:21  com.ubercab.driver  card=false money=false offer_shape=false suburbs=Patterson Lakes,Collingwood area=SomeOutside:Collingwood chime=none_not_offer_shape
09-10 11:09:22  com.ubercab.driver  card=false money=false offer_shape=false suburbs=Patterson Lakes,Collingwood area=SomeOutside:Collingwood chime=none_not_offer_shape
09-10 11:09:23  com.ubercab.driver  card=false money=false offer_shape=false suburbs=Patterson Lakes,Collingwood area=SomeOutside:Collingwood chime=none_not_offer_shape
09-10 11:09:23  com.ubercab.driver  card=false money=false offer_shape=false suburbs=Patterson Lakes,Collingwood area=SomeOutside:Collingwood chime=none_not_offer_shape
09-10 11:09:24  com.ubercab.driver  card=false money=false offer_shape=false suburbs=Patterson Lakes,Collingwood area=SomeOutside:Collingwood chime=none_not_offer_shape
09-10 11:09:24  com.ubercab.driver  card=false money=false offer_shape=false suburbs=Patterson Lakes,Collingwood area=SomeOutside:Collingwood chime=none_not_offer_shape
09-10 11:09:25  com.ubercab.driver  card=false money=false offer_shape=false suburbs=Patterson Lakes,Collingwood area=SomeOutside:Collingwood chime=none_not_offer_shape
09-10 11:09:25  com.ubercab.driver  card=false money=false offer_shape=false suburbs=Patterson Lakes,Collingwood area=SomeOutside:Collingwood chime=none_not_offer_shape
09-10 11:09:26  com.ubercab.driver  card=false money=false offer_shape=false suburbs=Patterson Lakes,Collingwood area=SomeOutside:Collingwood chime=none_not_offer_shape
09-10 11:09:26  com.ubercab.driver  card=false money=false offer_shape=false suburbs=Patterson Lakes,Collingwood area=SomeOutside:Collingwood chime=none_not_offer_shape
09-10 11:09:27  com.ubercab.driver  card=false money=false offer_shape=false suburbs=Patterson Lakes,Collingwood area=SomeOutside:Collingwood chime=none_not_offer_shape
09-10 11:09:28  com.ubercab.driver  card=false money=false offer_shape=false suburbs=Patterson Lakes,Collingwood area=SomeOutside:Collingwood chime=none_not_offer_shape
09-10 11:09:28  com.ubercab.driver  card=false money=false offer_shape=false suburbs=Patterson Lakes,Collingwood area=SomeOutside:Collingwood chime=none_not_offer_shape
09-10 11:09:29  com.ubercab.driver  card=false money=false offer_shape=false suburbs=Patterson Lakes,Collingwood area=SomeOutside:Collingwood chime=none_not_offer_shape
09-10 11:09:29  com.ubercab.driver  card=false money=false offer_shape=false suburbs=Patterson Lakes,Collingwood area=SomeOutside:Collingwood chime=none_not_offer_shape
09-10 11:09:30  com.ubercab.driver  card=false money=false offer_shape=false suburbs=Patterson Lakes,Collingwood area=SomeOutside:Collingwood chime=none_not_offer_shape
09-10 11:09:31  com.ubercab.driver  card=false money=false offer_shape=false suburbs=Patterson Lakes,Collingwood area=SomeOutside:Collingwood chime=none_not_offer_shape
09-10 11:09:31  com.ubercab.driver  card=false money=false offer_shape=false suburbs=Patterson Lakes,Collingwood area=SomeOutside:Collingwood chime=none_not_offer_shape
09-10 11:09:32  com.ubercab.driver  card=false money=false offer_shape=false suburbs=Patterson Lakes,Collingwood area=SomeOutside:Collingwood chime=none_not_offer_shape
09-10 11:09:33  com.ubercab.driver  card=false money=false offer_shape=false suburbs=Patterson Lakes,Collingwood area=SomeOutside:Collingwood chime=none_not_offer_shape
09-10 11:09:33  com.ubercab.driver  card=false money=false offer_shape=false suburbs=Patterson Lakes,Collingwood area=SomeOutside:Collingwood chime=none_not_offer_shape
09-10 11:09:34  com.ubercab.driver  card=false money=false offer_shape=false suburbs=Patterson Lakes,Collingwood area=SomeOutside:Collingwood chime=none_not_offer_shape
09-10 11:09:34  com.ubercab.driver  card=false money=false offer_shape=false suburbs=Patterson Lakes,Collingwood area=SomeOutside:Collingwood chime=none_not_offer_shape
09-10 11:09:35  com.ubercab.driver  card=false money=false offer_shape=false suburbs=Patterson Lakes,Collingwood area=SomeOutside:Collingwood chime=none_not_offer_shape
09-10 11:09:35  com.ubercab.driver  card=false money=false offer_shape=false suburbs=Patterson Lakes,Collingwood area=SomeOutside:Collingwood chime=none_not_offer_shape
09-10 11:09:36  com.ubercab.driver  card=false money=false offer_shape=false suburbs=Patterson Lakes,Collingwood area=SomeOutside:Collingwood chime=none_not_offer_shape
09-10 11:09:36  com.ubercab.driver  card=false money=false offer_shape=false suburbs=Patterson Lakes,Collingwood area=SomeOutside:Collingwood chime=none_not_offer_shape
09-10 11:09:37  com.ubercab.driver  card=false money=false offer_shape=false suburbs=Patterson Lakes,Collingwood area=SomeOutside:Collingwood chime=none_not_offer_shape
09-10 11:09:38  com.ubercab.driver  card=false money=false offer_shape=false suburbs=Patterson Lakes,Collingwood area=SomeOutside:Collingwood chime=none_not_offer_shape
09-10 11:09:39  com.ubercab.driver  card=false money=false offer_shape=false suburbs=Patterson Lakes,Collingwood area=SomeOutside:Collingwood chime=none_not_offer_shape
09-10 11:09:39  com.ubercab.driver  card=false money=false offer_shape=false suburbs=Patterson Lakes,Collingwood area=SomeOutside:Collingwood chime=none_not_offer_shape
09-10 11:09:40  com.ubercab.driver  card=false money=false offer_shape=false suburbs=Patterson Lakes,Collingwood area=SomeOutside:Collingwood chime=none_not_offer_shape
09-10 11:09:41  com.ubercab.driver  card=false money=false offer_shape=false suburbs=Patterson Lakes,Collingwood area=SomeOutside:Collingwood chime=none_not_offer_shape
09-10 11:09:41  com.ubercab.driver  card=false money=false offer_shape=false suburbs=Patterson Lakes,Collingwood area=SomeOutside:Collingwood chime=none_not_offer_shape
09-10 11:09:42  com.ubercab.driver  card=false money=false offer_shape=false suburbs=Patterson Lakes,Collingwood area=SomeOutside:Collingwood chime=none_not_offer_shape
09-10 11:09:43  com.ubercab.driver  card=false money=false offer_shape=false suburbs=Patterson Lakes,Collingwood area=SomeOutside:Collingwood chime=none_not_offer_shape
09-10 11:09:45  com.ubercab.driver  card=false money=false offer_shape=false suburbs=Patterson Lakes,Collingwood area=SomeOutside:Collingwood chime=none_not_offer_shape
09-10 11:09:47  com.ubercab.driver  card=false money=false offer_shape=false suburbs=Patterson Lakes,Collingwood area=SomeOutside:Collingwood chime=none_not_offer_shape
09-10 11:09:49  com.ubercab.driver  card=false money=false offer_shape=false suburbs=Patterson Lakes,Collingwood area=SomeOutside:Collingwood chime=none_not_offer_shape
09-10 11:09:51  com.ubercab.driver  card=false money=false offer_shape=false suburbs=Patterson Lakes,Collingwood area=SomeOutside:Collingwood chime=none_not_offer_shape
09-10 11:09:53  com.ubercab.driver  card=false money=false offer_shape=false suburbs=Patterson Lakes,Collingwood area=SomeOutside:Collingwood chime=none_not_offer_shape
09-10 11:09:55  com.ubercab.driver  card=false money=false offer_shape=false suburbs=Patterson Lakes,Collingwood area=SomeOutside:Collingwood chime=none_not_offer_shape
09-10 11:09:57  com.ubercab.driver  card=false money=false offer_shape=false suburbs=Patterson Lakes,Collingwood area=SomeOutside:Collingwood chime=none_not_offer_shape
09-10 11:10:00  com.ubercab.driver  card=false money=false offer_shape=false suburbs=Patterson Lakes,Collingwood area=SomeOutside:Collingwood chime=none_not_offer_shape
09-10 11:10:02  com.ubercab.driver  card=false money=false offer_shape=false suburbs=Patterson Lakes,Collingwood area=SomeOutside:Collingwood chime=none_not_offer_shape
09-10 11:10:04  com.ubercab.driver  card=false money=false offer_shape=false suburbs=Patterson Lakes,Collingwood area=SomeOutside:Collingwood chime=none_not_offer_shape
09-10 11:10:07  com.ubercab.driver  card=false money=false offer_shape=false suburbs=Patterson Lakes,Collingwood area=SomeOutside:Collingwood chime=none_not_offer_shape
09-10 11:10:09  com.ubercab.driver  card=false money=false offer_shape=false suburbs=Patterson Lakes,Collingwood area=SomeOutside:Collingwood chime=none_not_offer_shape
09-10 11:10:11  com.ubercab.driver  card=false money=false offer_shape=false suburbs=Patterson Lakes,Collingwood area=SomeOutside:Collingwood chime=none_not_offer_shape
09-10 11:10:13  com.ubercab.driver  card=false money=false offer_shape=false suburbs=Patterson Lakes,Collingwood area=SomeOutside:Collingwood chime=none_not_offer_shape
09-10 11:10:15  com.ubercab.driver  card=false money=false offer_shape=false suburbs=Patterson Lakes,Collingwood area=SomeOutside:Collingwood chime=none_not_offer_shape
09-10 11:10:17  com.ubercab.driver  card=false money=false offer_shape=false suburbs=Patterson Lakes,Collingwood area=SomeOutside:Collingwood chime=none_not_offer_shape
09-10 11:10:19  com.ubercab.driver  card=false money=false offer_shape=false suburbs=Patterson Lakes,Collingwood area=SomeOutside:Collingwood chime=none_not_offer_shape
09-10 11:10:21  com.ubercab.driver  card=false money=false offer_shape=false suburbs=Patterson Lakes,Collingwood area=SomeOutside:Collingwood chime=none_not_offer_shape
09-10 11:10:23  com.ubercab.driver  card=false money=false offer_shape=false suburbs=Patterson Lakes,Collingwood area=SomeOutside:Collingwood chime=none_not_offer_shape
09-10 11:10:25  com.ubercab.driver  card=false money=false offer_shape=false suburbs=Patterson Lakes,Collingwood area=SomeOutside:Collingwood chime=none_not_offer_shape
09-10 11:10:27  com.ubercab.driver  card=false money=false offer_shape=false suburbs=Patterson Lakes,Collingwood area=SomeOutside:Collingwood chime=none_not_offer_shape
09-10 11:10:30  com.ubercab.driver  card=false money=false offer_shape=false suburbs=Patterson Lakes,Collingwood area=SomeOutside:Collingwood chime=none_not_offer_shape
09-10 11:10:32  com.ubercab.driver  card=false money=false offer_shape=false suburbs=Patterson Lakes,Collingwood area=SomeOutside:Collingwood chime=none_not_offer_shape
09-10 11:10:34  com.ubercab.driver  card=false money=false offer_shape=false suburbs=Patterson Lakes,Collingwood area=SomeOutside:Collingwood chime=none_not_offer_shape
09-10 11:10:36  com.ubercab.driver  card=false money=false offer_shape=false suburbs=Patterson Lakes,Collingwood area=SomeOutside:Collingwood chime=none_not_offer_shape
09-10 11:10:38  com.ubercab.driver  card=false money=false offer_shape=false suburbs=Patterson Lakes,Collingwood area=SomeOutside:Collingwood chime=none_not_offer_shape
09-10 11:10:40  com.ubercab.driver  card=false money=false offer_shape=false suburbs=Patterson Lakes,Collingwood area=SomeOutside:Collingwood chime=none_not_offer_shape
09-10 11:10:42  com.ubercab.driver  card=false money=false offer_shape=false suburbs=Patterson Lakes,Collingwood area=SomeOutside:Collingwood chime=none_not_offer_shape
09-10 11:10:44  com.ubercab.driver  card=false money=false offer_shape=false suburbs=Patterson Lakes,Collingwood area=SomeOutside:Collingwood chime=none_not_offer_shape
09-10 11:10:46  com.ubercab.driver  card=false money=false offer_shape=false suburbs=Patterson Lakes,Collingwood area=SomeOutside:Collingwood chime=none_not_offer_shape
09-10 11:10:49  com.ubercab.driver  card=false money=false offer_shape=false suburbs=Patterson Lakes,Collingwood area=SomeOutside:Collingwood chime=none_not_offer_shape
09-10 11:10:51  com.ubercab.driver  card=false money=false offer_shape=false suburbs=Patterson Lakes,Collingwood area=SomeOutside:Collingwood chime=none_not_offer_shape
09-10 11:10:53  com.ubercab.driver  card=false money=false offer_shape=false suburbs=Patterson Lakes,Collingwood area=SomeOutside:Collingwood chime=none_not_offer_shape
09-10 11:10:55  com.ubercab.driver  card=false money=false offer_shape=false suburbs=Patterson Lakes,Collingwood area=SomeOutside:Collingwood chime=none_not_offer_shape
09-10 11:10:57  com.ubercab.driver  card=false money=false offer_shape=false suburbs=Patterson Lakes,Collingwood area=SomeOutside:Collingwood chime=none_not_offer_shape
09-10 11:10:59  com.ubercab.driver  card=false money=false offer_shape=false suburbs=Patterson Lakes,Collingwood area=SomeOutside:Collingwood chime=none_not_offer_shape
09-10 11:11:01  com.ubercab.driver  card=false money=false offer_shape=false suburbs=Patterson Lakes,Collingwood area=SomeOutside:Collingwood chime=none_not_offer_shape
09-10 11:11:04  com.ubercab.driver  card=false money=false offer_shape=false suburbs=Patterson Lakes,Collingwood area=SomeOutside:Collingwood chime=none_not_offer_shape
09-10 11:11:07  com.ubercab.driver  card=false money=false offer_shape=false suburbs=Patterson Lakes,Collingwood area=SomeOutside:Collingwood chime=none_not_offer_shape
09-10 11:11:09  com.ubercab.driver  card=false money=false offer_shape=false suburbs=Patterson Lakes,Collingwood area=SomeOutside:Collingwood chime=none_not_offer_shape
09-10 11:11:11  com.ubercab.driver  card=false money=false offer_shape=false suburbs=Patterson Lakes,Collingwood area=SomeOutside:Collingwood chime=none_not_offer_shape
09-10 11:11:13  com.ubercab.driver  card=false money=false offer_shape=false suburbs=Patterson Lakes,Collingwood area=SomeOutside:Collingwood chime=none_not_offer_shape
09-10 11:11:15  com.ubercab.driver  card=false money=false offer_shape=false suburbs=Patterson Lakes,Collingwood area=SomeOutside:Collingwood chime=none_not_offer_shape
09-10 11:11:17  com.ubercab.driver  card=false money=false offer_shape=false suburbs=Patterson Lakes,Collingwood area=SomeOutside:Collingwood chime=none_not_offer_shape
09-10 11:11:19  com.ubercab.driver  card=false money=false offer_shape=false suburbs=Patterson Lakes,Collingwood area=SomeOutside:Collingwood chime=none_not_offer_shape
09-10 11:11:21  com.ubercab.driver  card=false money=false offer_shape=false suburbs=Patterson Lakes,Collingwood area=SomeOutside:Collingwood chime=none_not_offer_shape
09-10 11:11:23  com.ubercab.driver  card=false money=false offer_shape=false suburbs=Patterson Lakes,Collingwood area=SomeOutside:Collingwood chime=none_not_offer_shape
09-10 11:11:26  com.ubercab.driver  card=false money=false offer_shape=false suburbs=Patterson Lakes,Collingwood area=SomeOutside:Collingwood chime=none_not_offer_shape
09-10 11:11:28  com.ubercab.driver  card=false money=false offer_shape=false suburbs=Patterson Lakes,Collingwood area=SomeOutside:Collingwood chime=none_not_offer_shape
09-10 11:11:30  com.ubercab.driver  card=false money=false offer_shape=false suburbs=Patterson Lakes,Collingwood area=SomeOutside:Collingwood chime=none_not_offer_shape
09-10 11:11:32  com.ubercab.driver  card=false money=false offer_shape=false suburbs=Patterson Lakes,Collingwood area=SomeOutside:Collingwood chime=none_not_offer_shape
09-10 11:11:34  com.ubercab.driver  card=false money=false offer_shape=false suburbs=Patterson Lakes,Collingwood area=SomeOutside:Collingwood chime=none_not_offer_shape
09-10 11:11:36  com.ubercab.driver  card=false money=false offer_shape=false suburbs=Patterson Lakes,Collingwood area=SomeOutside:Collingwood chime=none_not_offer_shape
09-10 11:11:38  com.ubercab.driver  card=false money=false offer_shape=false suburbs=Patterson Lakes,Collingwood area=SomeOutside:Collingwood chime=none_not_offer_shape
09-10 11:11:40  com.ubercab.driver  card=false money=false offer_shape=false suburbs=Patterson Lakes,Collingwood area=SomeOutside:Collingwood chime=none_not_offer_shape
09-10 11:11:42  com.ubercab.driver  card=false money=false offer_shape=false suburbs=Patterson Lakes,Collingwood area=SomeOutside:Collingwood chime=none_not_offer_shape
09-10 11:11:44  com.ubercab.driver  card=false money=false offer_shape=false suburbs=Patterson Lakes,Collingwood area=SomeOutside:Collingwood chime=none_not_offer_shape
09-10 11:11:46  com.ubercab.driver  card=false money=false offer_shape=false suburbs=Patterson Lakes,Collingwood area=SomeOutside:Collingwood chime=none_not_offer_shape
09-10 11:11:49  com.ubercab.driver  card=false money=false offer_shape=false suburbs=Patterson Lakes,Collingwood area=SomeOutside:Collingwood chime=none_not_offer_shape
09-10 11:11:51  com.ubercab.driver  card=false money=false offer_shape=false suburbs=Patterson Lakes,Collingwood area=SomeOutside:Collingwood chime=none_not_offer_shape
09-10 11:11:53  com.ubercab.driver  card=false money=false offer_shape=false suburbs=Patterson Lakes,Collingwood area=SomeOutside:Collingwood chime=none_not_offer_shape
09-10 11:11:55  com.ubercab.driver  card=false money=false offer_shape=false suburbs=Patterson Lakes,Collingwood area=SomeOutside:Collingwood chime=none_not_offer_shape
09-10 11:11:57  com.ubercab.driver  card=false money=false offer_shape=false suburbs=Patterson Lakes,Collingwood area=SomeOutside:Collingwood chime=none_not_offer_shape
09-10 11:11:59  com.ubercab.driver  card=false money=false offer_shape=false suburbs=Patterson Lakes,Collingwood area=SomeOutside:Collingwood chime=none_not_offer_shape
09-10 11:12:01  com.ubercab.driver  card=false money=false offer_shape=false suburbs=Patterson Lakes,Collingwood area=SomeOutside:Collingwood chime=none_not_offer_shape
09-10 11:12:03  com.ubercab.driver  card=false money=false offer_shape=false suburbs=Patterson Lakes,Collingwood area=SomeOutside:Collingwood chime=none_not_offer_shape
09-10 11:12:05  com.ubercab.driver  card=false money=false offer_shape=false suburbs=Patterson Lakes,Collingwood area=SomeOutside:Collingwood chime=none_not_offer_shape
09-10 11:12:08  com.ubercab.driver  card=false money=false offer_shape=false suburbs=Patterson Lakes,Collingwood area=SomeOutside:Collingwood chime=none_not_offer_shape
09-10 11:12:10  com.ubercab.driver  card=false money=false offer_shape=false suburbs=Patterson Lakes,Collingwood area=SomeOutside:Collingwood chime=none_not_offer_shape
09-10 11:12:12  com.ubercab.driver  card=false money=false offer_shape=false suburbs=Patterson Lakes,Collingwood area=SomeOutside:Collingwood chime=none_not_offer_shape
09-10 11:12:14  com.ubercab.driver  card=false money=false offer_shape=false suburbs=Patterson Lakes,Collingwood area=SomeOutside:Collingwood chime=none_not_offer_shape
09-10 11:12:17  com.ubercab.driver  card=false money=false offer_shape=false suburbs=Patterson Lakes,Collingwood area=SomeOutside:Collingwood chime=none_not_offer_shape
09-10 11:12:19  com.ubercab.driver  card=false money=false offer_shape=false suburbs=Patterson Lakes,Collingwood area=SomeOutside:Collingwood chime=none_not_offer_shape
09-10 11:12:21  com.ubercab.driver  card=false money=false offer_shape=false suburbs=Patterson Lakes,Collingwood area=SomeOutside:Collingwood chime=none_not_offer_shape
09-10 11:12:23  com.ubercab.driver  card=false money=false offer_shape=false suburbs=Patterson Lakes,Collingwood area=SomeOutside:Collingwood chime=none_not_offer_shape
09-10 11:12:26  com.ubercab.driver  card=false money=false offer_shape=false suburbs=Patterson Lakes,Collingwood area=SomeOutside:Collingwood chime=none_not_offer_shape
09-10 11:12:28  com.ubercab.driver  card=false money=false offer_shape=false suburbs=Patterson Lakes,Collingwood area=SomeOutside:Collingwood chime=none_not_offer_shape
09-10 11:12:30  com.ubercab.driver  card=false money=false offer_shape=false suburbs=Patterson Lakes,Collingwood area=SomeOutside:Collingwood chime=none_not_offer_shape
09-10 11:12:32  com.ubercab.driver  card=false money=false offer_shape=false suburbs=Patterson Lakes,Collingwood area=SomeOutside:Collingwood chime=none_not_offer_shape
09-10 11:12:34  com.ubercab.driver  card=false money=false offer_shape=false suburbs=Patterson Lakes,Collingwood area=SomeOutside:Collingwood chime=none_not_offer_shape
09-10 11:12:37  com.ubercab.driver  card=false money=false offer_shape=false suburbs=Patterson Lakes,Collingwood area=SomeOutside:Collingwood chime=none_not_offer_shape
09-10 11:12:39  com.ubercab.driver  card=false money=false offer_shape=false suburbs=Patterson Lakes,Collingwood area=SomeOutside:Collingwood chime=none_not_offer_shape
09-10 11:12:41  com.ubercab.driver  card=false money=false offer_shape=false suburbs=Patterson Lakes,Collingwood area=SomeOutside:Collingwood chime=none_not_offer_shape
09-10 11:12:43  com.ubercab.driver  card=false money=false offer_shape=false suburbs=Patterson Lakes,Collingwood area=SomeOutside:Collingwood chime=none_not_offer_shape
09-10 11:12:45  com.ubercab.driver  card=false money=false offer_shape=false suburbs=Patterson Lakes,Collingwood area=SomeOutside:Collingwood chime=none_not_offer_shape
09-10 11:12:47  com.ubercab.driver  card=false money=false offer_shape=false suburbs=Patterson Lakes,Collingwood area=SomeOutside:Collingwood chime=none_not_offer_shape
09-10 11:12:49  com.ubercab.driver  card=false money=false offer_shape=false suburbs=Patterson Lakes,Collingwood area=SomeOutside:Collingwood chime=none_not_offer_shape
09-10 11:12:51  com.ubercab.driver  card=false money=false offer_shape=false suburbs=Patterson Lakes,Collingwood area=SomeOutside:Collingwood chime=none_not_offer_shape
09-10 11:12:53  com.ubercab.driver  card=false money=false offer_shape=false suburbs=Patterson Lakes,Collingwood area=SomeOutside:Collingwood chime=none_not_offer_shape
09-10 11:12:56  com.ubercab.driver  card=false money=false offer_shape=false suburbs=Patterson Lakes,Collingwood area=SomeOutside:Collingwood chime=none_not_offer_shape
09-10 11:12:59  com.ubercab.driver  card=false money=false offer_shape=false suburbs=Patterson Lakes,Collingwood area=SomeOutside:Collingwood chime=none_not_offer_shape
09-10 11:13:01  com.ubercab.driver  card=false money=false offer_shape=false suburbs=Patterson Lakes,Collingwood area=SomeOutside:Collingwood chime=none_not_offer_shape
09-10 11:13:03  com.ubercab.driver  card=false money=false offer_shape=false suburbs=Patterson Lakes,Collingwood area=SomeOutside:Collingwood chime=none_not_offer_shape
09-10 11:13:05  com.ubercab.driver  card=false money=false offer_shape=false suburbs=Patterson Lakes,Collingwood area=SomeOutside:Collingwood chime=none_not_offer_shape
09-10 11:13:07  com.ubercab.driver  card=false money=false offer_shape=false suburbs=Patterson Lakes,Collingwood area=SomeOutside:Collingwood chime=none_not_offer_shape
09-10 11:13:09  com.ubercab.driver  card=false money=false offer_shape=false suburbs=Patterson Lakes,Collingwood area=SomeOutside:Collingwood chime=none_not_offer_shape
09-10 11:13:11  com.ubercab.driver  card=false money=false offer_shape=false suburbs=Patterson Lakes,Collingwood area=SomeOutside:Collingwood chime=none_not_offer_shape
09-10 11:13:13  com.ubercab.driver  card=false money=false offer_shape=false suburbs=Patterson Lakes,Collingwood area=SomeOutside:Collingwood chime=none_not_offer_shape
09-10 11:13:15  com.ubercab.driver  card=false money=false offer_shape=false suburbs=Patterson Lakes,Collingwood area=SomeOutside:Collingwood chime=none_not_offer_shape
09-10 11:13:17  com.ubercab.driver  card=false money=false offer_shape=false suburbs=Patterson Lakes,Collingwood area=SomeOutside:Collingwood chime=none_not_offer_shape
09-10 11:13:19  com.ubercab.driver  card=false money=false offer_shape=false suburbs=Patterson Lakes,Collingwood area=SomeOutside:Collingwood chime=none_not_offer_shape
09-10 11:13:21  com.ubercab.driver  card=false money=false offer_shape=false suburbs=Patterson Lakes,Collingwood area=SomeOutside:Collingwood chime=none_not_offer_shape
09-10 11:13:23  com.ubercab.driver  card=false money=false offer_shape=false suburbs=Patterson Lakes,Collingwood area=SomeOutside:Collingwood chime=none_not_offer_shape
09-10 11:13:25  com.ubercab.driver  card=false money=false offer_shape=false suburbs=Patterson Lakes,Collingwood area=SomeOutside:Collingwood chime=none_not_offer_shape
09-10 11:13:27  com.ubercab.driver  card=false money=false offer_shape=false suburbs=Patterson Lakes,Collingwood area=SomeOutside:Collingwood chime=none_not_offer_shape
09-10 11:13:29  com.ubercab.driver  card=false money=false offer_shape=false suburbs=Patterson Lakes,Collingwood area=SomeOutside:Collingwood chime=none_not_offer_shape
09-10 11:13:31  com.ubercab.driver  card=false money=false offer_shape=false suburbs=Patterson Lakes,Collingwood area=SomeOutside:Collingwood chime=none_not_offer_shape
09-10 11:13:33  com.ubercab.driver  card=false money=false offer_shape=false suburbs=Patterson Lakes,Collingwood area=SomeOutside:Collingwood chime=none_not_offer_shape
09-10 11:13:35  com.ubercab.driver  card=false money=false offer_shape=false suburbs=Patterson Lakes,Collingwood area=SomeOutside:Collingwood chime=none_not_offer_shape
09-10 11:13:37  com.ubercab.driver  card=false money=false offer_shape=false suburbs=Patterson Lakes,Collingwood area=SomeOutside:Collingwood chime=none_not_offer_shape
09-10 11:13:39  com.ubercab.driver  card=false money=false offer_shape=false suburbs=Patterson Lakes,Collingwood area=SomeOutside:Collingwood chime=none_not_offer_shape
09-10 11:13:42  com.ubercab.driver  card=false money=false offer_shape=false suburbs=Patterson Lakes,Collingwood area=SomeOutside:Collingwood chime=none_not_offer_shape
09-10 11:13:44  com.ubercab.driver  card=false money=false offer_shape=false suburbs=Patterson Lakes,Collingwood area=SomeOutside:Collingwood chime=none_not_offer_shape
09-10 11:13:46  com.ubercab.driver  card=false money=false offer_shape=false suburbs=Patterson Lakes,Collingwood area=SomeOutside:Collingwood chime=none_not_offer_shape
09-10 11:13:48  com.ubercab.driver  card=false money=false offer_shape=false suburbs=Patterson Lakes,Collingwood area=SomeOutside:Collingwood chime=none_not_offer_shape
09-10 11:13:50  com.ubercab.driver  card=false money=false offer_shape=false suburbs=Patterson Lakes,Collingwood area=SomeOutside:Collingwood chime=none_not_offer_shape
09-10 11:13:52  com.ubercab.driver  card=false money=false offer_shape=false suburbs=Patterson Lakes,Collingwood area=SomeOutside:Collingwood chime=none_not_offer_shape
09-10 11:13:54  com.ubercab.driver  card=false money=false offer_shape=false suburbs=Patterson Lakes,Collingwood area=SomeOutside:Collingwood chime=none_not_offer_shape
09-10 11:13:56  com.ubercab.driver  card=false money=false offer_shape=false suburbs=Patterson Lakes,Collingwood area=SomeOutside:Collingwood chime=none_not_offer_shape
09-10 11:13:58  com.ubercab.driver  card=false money=false offer_shape=false suburbs=Patterson Lakes,Collingwood area=SomeOutside:Collingwood chime=none_not_offer_shape
09-10 11:14:00  com.ubercab.driver  card=false money=false offer_shape=false suburbs=Patterson Lakes,Collingwood area=SomeOutside:Collingwood chime=none_not_offer_shape
09-10 11:14:03  com.ubercab.driver  card=false money=false offer_shape=false suburbs=Patterson Lakes,Collingwood area=SomeOutside:Collingwood chime=none_not_offer_shape
09-10 11:14:05  com.ubercab.driver  card=false money=false offer_shape=false suburbs=Patterson Lakes,Collingwood area=SomeOutside:Collingwood chime=none_not_offer_shape
09-10 11:14:07  com.ubercab.driver  card=false money=false offer_shape=false suburbs=Patterson Lakes,Collingwood area=SomeOutside:Collingwood chime=none_not_offer_shape
09-10 11:14:09  com.ubercab.driver  card=false money=false offer_shape=false suburbs=Patterson Lakes,Collingwood area=SomeOutside:Collingwood chime=none_not_offer_shape
09-10 11:14:11  com.ubercab.driver  card=false money=false offer_shape=false suburbs=Patterson Lakes,Collingwood area=SomeOutside:Collingwood chime=none_not_offer_shape
09-10 11:14:13  com.ubercab.driver  card=false money=false offer_shape=false suburbs=Patterson Lakes,Collingwood area=SomeOutside:Collingwood chime=none_not_offer_shape
09-10 11:14:15  com.ubercab.driver  card=false money=false offer_shape=false suburbs=Patterson Lakes,Collingwood area=SomeOutside:Collingwood chime=none_not_offer_shape
09-10 11:14:17  com.ubercab.driver  card=false money=false offer_shape=false suburbs=Patterson Lakes,Collingwood area=SomeOutside:Collingwood chime=none_not_offer_shape
09-10 11:14:20  com.ubercab.driver  card=false money=false offer_shape=false suburbs=Patterson Lakes,Collingwood area=SomeOutside:Collingwood chime=none_not_offer_shape
09-10 11:14:22  com.ubercab.driver  card=false money=false offer_shape=false suburbs=Patterson Lakes,Collingwood area=SomeOutside:Collingwood chime=none_not_offer_shape
09-10 11:14:24  com.ubercab.driver  card=false money=false offer_shape=false suburbs=Patterson Lakes,Collingwood area=SomeOutside:Collingwood chime=none_not_offer_shape
09-10 11:14:26  com.ubercab.driver  card=false money=false offer_shape=false suburbs=Patterson Lakes,Collingwood area=SomeOutside:Collingwood chime=none_not_offer_shape
09-10 11:14:28  com.ubercab.driver  card=false money=false offer_shape=false suburbs=Patterson Lakes,Collingwood area=SomeOutside:Collingwood chime=none_not_offer_shape
09-10 11:14:30  com.ubercab.driver  card=false money=false offer_shape=false suburbs=Patterson Lakes,Collingwood area=SomeOutside:Collingwood chime=none_not_offer_shape
09-10 11:14:32  com.ubercab.driver  card=false money=false offer_shape=false suburbs=Patterson Lakes,Collingwood area=SomeOutside:Collingwood chime=none_not_offer_shape
09-10 11:14:34  com.ubercab.driver  card=false money=false offer_shape=false suburbs=Patterson Lakes,Collingwood area=SomeOutside:Collingwood chime=none_not_offer_shape
09-10 11:14:36  com.ubercab.driver  card=false money=false offer_shape=false suburbs=Patterson Lakes,Collingwood area=SomeOutside:Collingwood chime=none_not_offer_shape
09-10 11:14:39  com.ubercab.driver  card=false money=false offer_shape=false suburbs=Patterson Lakes,Collingwood area=SomeOutside:Collingwood chime=none_not_offer_shape
09-10 11:14:41  com.ubercab.driver  card=false money=false offer_shape=false suburbs=Patterson Lakes,Collingwood area=SomeOutside:Collingwood chime=none_not_offer_shape
09-10 11:14:43  com.ubercab.driver  card=false money=false offer_shape=false suburbs=Patterson Lakes,Collingwood area=SomeOutside:Collingwood chime=none_not_offer_shape
09-10 11:14:45  com.ubercab.driver  card=false money=false offer_shape=false suburbs=Patterson Lakes,Collingwood area=SomeOutside:Collingwood chime=none_not_offer_shape
09-10 11:14:47  com.ubercab.driver  card=false money=false offer_shape=false suburbs=Patterson Lakes,Collingwood area=SomeOutside:Collingwood chime=none_not_offer_shape
09-10 11:14:49  com.ubercab.driver  card=false money=false offer_shape=false suburbs=Patterson Lakes,Collingwood area=SomeOutside:Collingwood chime=none_not_offer_shape
09-10 11:14:51  com.ubercab.driver  card=false money=false offer_shape=false suburbs=Patterson Lakes,Collingwood area=SomeOutside:Collingwood chime=none_not_offer_shape
09-10 11:14:53  com.ubercab.driver  card=false money=false offer_shape=false suburbs=Collingwood area=SomeOutside:Collingwood chime=none_not_offer_shape
09-10 11:14:56  com.ubercab.driver  card=false money=false offer_shape=false suburbs=Collingwood area=SomeOutside:Collingwood chime=none_not_offer_shape
09-10 11:14:58  com.ubercab.driver  card=false money=false offer_shape=false suburbs=Collingwood area=SomeOutside:Collingwood chime=none_not_offer_shape
09-10 11:15:00  com.ubercab.driver  card=false money=false offer_shape=false suburbs=Collingwood area=SomeOutside:Collingwood chime=none_not_offer_shape
09-10 11:15:02  com.ubercab.driver  card=false money=false offer_shape=false suburbs=Patterson Lakes,Collingwood area=SomeOutside:Collingwood chime=none_not_offer_shape
09-10 11:15:04  com.ubercab.driver  card=false money=false offer_shape=false suburbs=Patterson Lakes,Collingwood area=SomeOutside:Collingwood chime=none_not_offer_shape
09-10 11:15:06  com.ubercab.driver  card=false money=false offer_shape=false suburbs=Patterson Lakes,Collingwood area=SomeOutside:Collingwood chime=none_not_offer_shape
09-10 11:15:08  com.ubercab.driver  card=false money=false offer_shape=false suburbs=Patterson Lakes,Collingwood area=SomeOutside:Collingwood chime=none_not_offer_shape
09-10 11:15:10  com.ubercab.driver  card=false money=false offer_shape=false suburbs=Patterson Lakes,Collingwood area=SomeOutside:Collingwood chime=none_not_offer_shape
09-10 11:15:12  com.ubercab.driver  card=false money=false offer_shape=false suburbs=Patterson Lakes,Collingwood area=SomeOutside:Collingwood chime=none_not_offer_shape
09-10 11:15:14  com.ubercab.driver  card=false money=false offer_shape=false suburbs=Patterson Lakes,Collingwood area=SomeOutside:Collingwood chime=none_not_offer_shape
09-10 11:15:16  com.ubercab.driver  card=false money=false offer_shape=false suburbs=Patterson Lakes,Collingwood area=SomeOutside:Collingwood chime=none_not_offer_shape
09-10 11:15:18  com.ubercab.driver  card=false money=false offer_shape=false suburbs=Patterson Lakes,Collingwood area=SomeOutside:Collingwood chime=none_not_offer_shape
09-10 11:15:20  com.ubercab.driver  card=false money=false offer_shape=false suburbs=Patterson Lakes,Collingwood area=SomeOutside:Collingwood chime=none_not_offer_shape
09-10 11:15:22  com.ubercab.driver  card=false money=false offer_shape=false suburbs=Patterson Lakes,Collingwood area=SomeOutside:Collingwood chime=none_not_offer_shape
09-10 11:15:24  com.ubercab.driver  card=false money=false offer_shape=false suburbs=Patterson Lakes,Collingwood area=SomeOutside:Collingwood chime=none_not_offer_shape
09-10 11:15:26  com.ubercab.driver  card=false money=false offer_shape=false suburbs=Patterson Lakes,Collingwood area=SomeOutside:Collingwood chime=none_not_offer_shape
09-10 11:15:28  com.ubercab.driver  card=false money=false offer_shape=false suburbs=Patterson Lakes,Collingwood area=SomeOutside:Collingwood chime=none_not_offer_shape
09-10 11:15:30  com.ubercab.driver  card=false money=false offer_shape=false suburbs=Patterson Lakes,Collingwood area=SomeOutside:Collingwood chime=none_not_offer_shape
09-10 11:15:32  com.ubercab.driver  card=false money=false offer_shape=false suburbs=Patterson Lakes,Collingwood area=SomeOutside:Collingwood chime=none_not_offer_shape
09-10 11:15:34  com.ubercab.driver  card=false money=false offer_shape=false suburbs=Patterson Lakes,Collingwood area=SomeOutside:Collingwood chime=none_not_offer_shape
09-10 11:15:37  com.ubercab.driver  card=false money=false offer_shape=false suburbs=Patterson Lakes,Collingwood area=SomeOutside:Collingwood chime=none_not_offer_shape
09-10 11:15:39  com.ubercab.driver  card=false money=false offer_shape=false suburbs=Patterson Lakes,Collingwood area=SomeOutside:Collingwood chime=none_not_offer_shape
09-10 11:15:41  com.ubercab.driver  card=false money=false offer_shape=false suburbs=Patterson Lakes,Collingwood area=SomeOutside:Collingwood chime=none_not_offer_shape
09-10 11:15:43  com.ubercab.driver  card=false money=false offer_shape=false suburbs=Patterson Lakes,Collingwood area=SomeOutside:Collingwood chime=none_not_offer_shape
09-10 11:15:45  com.ubercab.driver  card=false money=false offer_shape=false suburbs=Patterson Lakes,Collingwood area=SomeOutside:Collingwood chime=none_not_offer_shape
09-10 11:15:47  com.ubercab.driver  card=false money=false offer_shape=false suburbs=Patterson Lakes,Collingwood area=SomeOutside:Collingwood chime=none_not_offer_shape
09-10 11:15:49  com.ubercab.driver  card=false money=false offer_shape=false suburbs=Patterson Lakes,Collingwood area=SomeOutside:Collingwood chime=none_not_offer_shape
09-10 11:15:51  com.ubercab.driver  card=false money=false offer_shape=false suburbs=Patterson Lakes,Collingwood area=SomeOutside:Collingwood chime=none_not_offer_shape
09-10 11:15:53  com.ubercab.driver  card=false money=false offer_shape=false suburbs=Patterson Lakes,Collingwood area=SomeOutside:Collingwood chime=none_not_offer_shape
09-10 11:15:55  com.ubercab.driver  card=false money=false offer_shape=false suburbs=Patterson Lakes,Collingwood area=SomeOutside:Collingwood chime=none_not_offer_shape
09-10 11:15:57  com.ubercab.driver  card=false money=false offer_shape=false suburbs=Patterson Lakes,Collingwood area=SomeOutside:Collingwood chime=none_not_offer_shape
09-10 11:15:59  com.ubercab.driver  card=false money=false offer_shape=false suburbs=Patterson Lakes,Collingwood area=SomeOutside:Collingwood chime=none_not_offer_shape
09-10 11:16:01  com.ubercab.driver  card=false money=false offer_shape=false suburbs=Patterson Lakes,Collingwood area=SomeOutside:Collingwood chime=none_not_offer_shape
09-10 11:16:03  com.ubercab.driver  card=false money=false offer_shape=false suburbs=Patterson Lakes,Collingwood area=SomeOutside:Collingwood chime=none_not_offer_shape
09-10 11:16:05  com.ubercab.driver  card=false money=false offer_shape=false suburbs=Patterson Lakes,Collingwood area=SomeOutside:Collingwood chime=none_not_offer_shape
09-10 11:16:08  com.ubercab.driver  card=false money=false offer_shape=false suburbs=Patterson Lakes,Collingwood area=SomeOutside:Collingwood chime=none_not_offer_shape
09-10 11:16:10  com.ubercab.driver  card=false money=false offer_shape=false suburbs=Patterson Lakes,Collingwood area=SomeOutside:Collingwood chime=none_not_offer_shape
09-10 11:16:12  com.ubercab.driver  card=false money=false offer_shape=false suburbs=Patterson Lakes,Collingwood area=SomeOutside:Collingwood chime=none_not_offer_shape
09-10 11:16:14  com.ubercab.driver  card=false money=false offer_shape=false suburbs=Patterson Lakes,Collingwood area=SomeOutside:Collingwood chime=none_not_offer_shape
09-10 11:16:16  com.ubercab.driver  card=false money=false offer_shape=false suburbs=Patterson Lakes,Collingwood area=SomeOutside:Collingwood chime=none_not_offer_shape
09-10 11:16:18  com.ubercab.driver  card=false money=false offer_shape=false suburbs=Patterson Lakes,Collingwood area=SomeOutside:Collingwood chime=none_not_offer_shape
09-10 11:16:21  com.ubercab.driver  card=false money=false offer_shape=false suburbs=Collingwood area=SomeOutside:Collingwood chime=none_not_offer_shape
09-10 11:16:23  com.ubercab.driver  card=false money=false offer_shape=false suburbs=Collingwood area=SomeOutside:Collingwood chime=none_not_offer_shape
09-10 11:16:26  com.ubercab.driver  card=false money=false offer_shape=false suburbs=Collingwood area=SomeOutside:Collingwood chime=none_not_offer_shape
09-10 11:16:28  com.ubercab.driver  card=false money=false offer_shape=false suburbs=Collingwood area=SomeOutside:Collingwood chime=none_not_offer_shape
09-10 11:16:30  com.ubercab.driver  card=false money=false offer_shape=false suburbs=Collingwood area=SomeOutside:Collingwood chime=none_not_offer_shape
09-10 11:16:32  com.ubercab.driver  card=false money=false offer_shape=false suburbs=Collingwood area=SomeOutside:Collingwood chime=none_not_offer_shape
09-10 11:16:34  com.ubercab.driver  card=false money=false offer_shape=false suburbs=Collingwood area=SomeOutside:Collingwood chime=none_not_offer_shape
09-10 11:16:36  com.ubercab.driver  card=false money=false offer_shape=false suburbs=Collingwood area=SomeOutside:Collingwood chime=none_not_offer_shape
09-10 11:16:38  com.ubercab.driver  card=false money=false offer_shape=false suburbs=Collingwood area=SomeOutside:Collingwood chime=none_not_offer_shape
09-10 11:16:40  com.ubercab.driver  card=false money=false offer_shape=false suburbs=Collingwood area=SomeOutside:Collingwood chime=none_not_offer_shape
09-10 11:16:42  com.ubercab.driver  card=false money=false offer_shape=false suburbs=Patterson Lakes,Collingwood area=SomeOutside:Collingwood chime=none_not_offer_shape
09-10 11:16:45  com.ubercab.driver  card=false money=false offer_shape=false suburbs=Patterson Lakes,Collingwood area=SomeOutside:Collingwood chime=none_not_offer_shape
09-10 11:16:47  com.ubercab.driver  card=false money=false offer_shape=false suburbs=Patterson Lakes,Collingwood area=SomeOutside:Collingwood chime=none_not_offer_shape
09-10 11:16:49  com.ubercab.driver  card=false money=false offer_shape=false suburbs=Patterson Lakes,Collingwood area=SomeOutside:Collingwood chime=none_not_offer_shape
09-10 11:16:51  com.ubercab.driver  card=false money=false offer_shape=false suburbs=Patterson Lakes,Collingwood area=SomeOutside:Collingwood chime=none_not_offer_shape
09-10 11:16:53  com.ubercab.driver  card=false money=false offer_shape=false suburbs=Patterson Lakes,Collingwood area=SomeOutside:Collingwood chime=none_not_offer_shape
09-10 11:16:55  com.ubercab.driver  card=false money=false offer_shape=false suburbs=Patterson Lakes,Collingwood area=SomeOutside:Collingwood chime=none_not_offer_shape
09-10 11:16:58  com.ubercab.driver  card=false money=false offer_shape=false suburbs=Patterson Lakes,Collingwood area=SomeOutside:Collingwood chime=none_not_offer_shape
09-10 11:17:00  com.ubercab.driver  card=false money=false offer_shape=false suburbs=Patterson Lakes,Collingwood area=SomeOutside:Collingwood chime=none_not_offer_shape
09-10 11:17:02  com.ubercab.driver  card=false money=false offer_shape=false suburbs=Patterson Lakes,Collingwood area=SomeOutside:Collingwood chime=none_not_offer_shape
09-10 11:17:04  com.ubercab.driver  card=false money=false offer_shape=false suburbs=Patterson Lakes,Collingwood area=SomeOutside:Collingwood chime=none_not_offer_shape
09-10 11:17:06  com.ubercab.driver  card=false money=false offer_shape=false suburbs=Patterson Lakes,Collingwood area=SomeOutside:Collingwood chime=none_not_offer_shape
09-10 11:17:08  com.ubercab.driver  card=false money=false offer_shape=false suburbs=Patterson Lakes,Collingwood area=SomeOutside:Collingwood chime=none_not_offer_shape
09-10 11:17:10  com.ubercab.driver  card=false money=false offer_shape=false suburbs=Patterson Lakes,Collingwood area=SomeOutside:Collingwood chime=none_not_offer_shape
09-10 11:17:12  com.ubercab.driver  card=false money=false offer_shape=false suburbs=Patterson Lakes,Collingwood area=SomeOutside:Collingwood chime=none_not_offer_shape
09-10 11:17:15  com.ubercab.driver  card=false money=false offer_shape=false suburbs=Patterson Lakes,Collingwood area=SomeOutside:Collingwood chime=none_not_offer_shape
09-10 11:17:17  com.ubercab.driver  card=false money=false offer_shape=false suburbs=Patterson Lakes,Collingwood area=SomeOutside:Collingwood chime=none_not_offer_shape
09-10 11:17:19  com.ubercab.driver  card=false money=false offer_shape=false suburbs=Patterson Lakes,Collingwood area=SomeOutside:Collingwood chime=none_not_offer_shape
09-10 11:17:21  com.ubercab.driver  card=false money=false offer_shape=false suburbs=Patterson Lakes,Collingwood area=SomeOutside:Collingwood chime=none_not_offer_shape
09-10 11:17:23  com.ubercab.driver  card=false money=false offer_shape=false suburbs=Patterson Lakes,Collingwood area=SomeOutside:Collingwood chime=none_not_offer_shape
09-10 11:17:25  com.ubercab.driver  card=false money=false offer_shape=false suburbs=Patterson Lakes,Collingwood area=SomeOutside:Collingwood chime=none_not_offer_shape
09-10 11:17:27  com.ubercab.driver  card=false money=false offer_shape=false suburbs=Patterson Lakes,Collingwood area=SomeOutside:Collingwood chime=none_not_offer_shape
09-10 11:17:29  com.ubercab.driver  card=false money=false offer_shape=false suburbs=Patterson Lakes,Collingwood area=SomeOutside:Collingwood chime=none_not_offer_shape
09-10 11:17:31  com.ubercab.driver  card=false money=false offer_shape=false suburbs=Patterson Lakes,Collingwood area=SomeOutside:Collingwood chime=none_not_offer_shape
09-10 11:17:47  com.ubercab.driver  card=false money=false offer_shape=false suburbs=Patterson Lakes,Collingwood area=SomeOutside:Collingwood chime=none_not_offer_shape
09-10 11:17:49  com.ubercab.driver  card=false money=false offer_shape=false suburbs=Patterson Lakes,Collingwood area=SomeOutside:Collingwood chime=none_not_offer_shape
09-10 11:17:51  com.ubercab.driver  card=false money=false offer_shape=false suburbs=Patterson Lakes,Collingwood area=SomeOutside:Collingwood chime=none_not_offer_shape
09-10 11:17:53  com.ubercab.driver  card=false money=false offer_shape=false suburbs=Patterson Lakes,Collingwood area=SomeOutside:Collingwood chime=none_not_offer_shape
09-10 11:17:55  com.ubercab.driver  card=false money=false offer_shape=false suburbs=Patterson Lakes,Collingwood area=SomeOutside:Collingwood chime=none_not_offer_shape
09-10 11:17:57  com.ubercab.driver  card=false money=false offer_shape=false suburbs=Patterson Lakes,Collingwood area=SomeOutside:Collingwood chime=none_not_offer_shape
09-10 11:17:59  com.ubercab.driver  card=false money=false offer_shape=false suburbs=Patterson Lakes,Collingwood area=SomeOutside:Collingwood chime=none_not_offer_shape
09-10 11:18:01  com.ubercab.driver  card=false money=false offer_shape=false suburbs=Patterson Lakes,Collingwood area=SomeOutside:Collingwood chime=none_not_offer_shape
09-10 11:18:03  com.ubercab.driver  card=false money=false offer_shape=false suburbs=Patterson Lakes,Collingwood area=SomeOutside:Collingwood chime=none_not_offer_shape
09-10 11:18:05  com.ubercab.driver  card=false money=false offer_shape=false suburbs=Patterson Lakes,Collingwood area=SomeOutside:Collingwood chime=none_not_offer_shape
09-10 11:18:07  com.ubercab.driver  card=false money=false offer_shape=false suburbs=Patterson Lakes,Collingwood area=SomeOutside:Collingwood chime=none_not_offer_shape
09-10 11:18:09  com.ubercab.driver  card=false money=false offer_shape=false suburbs=Patterson Lakes,Collingwood area=SomeOutside:Collingwood chime=none_not_offer_shape
09-10 11:18:11  com.ubercab.driver  card=false money=false offer_shape=false suburbs=Patterson Lakes,Collingwood area=SomeOutside:Collingwood chime=none_not_offer_shape
09-10 11:18:13  com.ubercab.driver  card=false money=false offer_shape=false suburbs=Patterson Lakes,Collingwood area=SomeOutside:Collingwood chime=none_not_offer_shape
09-10 11:18:16  com.ubercab.driver  card=false money=false offer_shape=false suburbs=Patterson Lakes,Collingwood area=SomeOutside:Collingwood chime=none_not_offer_shape
09-10 11:18:18  com.ubercab.driver  card=false money=false offer_shape=false suburbs=Patterson Lakes,Collingwood area=SomeOutside:Collingwood chime=none_not_offer_shape
09-10 11:18:20  com.ubercab.driver  card=false money=false offer_shape=false suburbs=Patterson Lakes,Collingwood area=SomeOutside:Collingwood chime=none_not_offer_shape
09-10 11:18:22  com.ubercab.driver  card=false money=false offer_shape=false suburbs=Patterson Lakes,Collingwood area=SomeOutside:Collingwood chime=none_not_offer_shape
09-10 11:18:25  com.ubercab.driver  card=false money=false offer_shape=false suburbs=Patterson Lakes,Collingwood area=SomeOutside:Collingwood chime=none_not_offer_shape
09-10 11:18:27  com.ubercab.driver  card=false money=false offer_shape=false suburbs=Patterson Lakes,Collingwood area=SomeOutside:Collingwood chime=none_not_offer_shape
09-10 11:18:29  com.ubercab.driver  card=false money=false offer_shape=false suburbs=Patterson Lakes,Collingwood area=SomeOutside:Collingwood chime=none_not_offer_shape
09-10 11:18:31  com.ubercab.driver  card=false money=false offer_shape=false suburbs=Patterson Lakes,Collingwood area=SomeOutside:Collingwood chime=none_not_offer_shape
09-10 11:18:33  com.ubercab.driver  card=false money=false offer_shape=false suburbs=Patterson Lakes,Collingwood area=SomeOutside:Collingwood chime=none_not_offer_shape
09-10 11:18:35  com.ubercab.driver  card=false money=false offer_shape=false suburbs=Patterson Lakes,Collingwood area=SomeOutside:Collingwood chime=none_not_offer_shape
09-10 11:18:37  com.ubercab.driver  card=false money=false offer_shape=false suburbs=Patterson Lakes,Collingwood area=SomeOutside:Collingwood chime=none_not_offer_shape
09-10 11:18:39  com.ubercab.driver  card=false money=false offer_shape=false suburbs=Patterson Lakes,Collingwood area=SomeOutside:Collingwood chime=none_not_offer_shape
09-10 11:18:42  com.ubercab.driver  card=false money=false offer_shape=false suburbs=Patterson Lakes,Collingwood area=SomeOutside:Collingwood chime=none_not_offer_shape
09-10 11:18:44  com.ubercab.driver  card=false money=false offer_shape=false suburbs=Patterson Lakes,Collingwood area=SomeOutside:Collingwood chime=none_not_offer_shape
09-10 11:18:46  com.ubercab.driver  card=false money=false offer_shape=false suburbs=Patterson Lakes,Collingwood area=SomeOutside:Collingwood chime=none_not_offer_shape
09-10 11:18:48  com.ubercab.driver  card=false money=false offer_shape=false suburbs=Patterson Lakes,Collingwood area=SomeOutside:Collingwood chime=none_not_offer_shape
09-10 11:18:50  com.ubercab.driver  card=false money=false offer_shape=false suburbs=Patterson Lakes,Collingwood area=SomeOutside:Collingwood chime=none_not_offer_shape
09-10 11:18:52  com.ubercab.driver  card=false money=false offer_shape=false suburbs=Patterson Lakes,Collingwood area=SomeOutside:Collingwood chime=none_not_offer_shape
09-10 11:18:54  com.ubercab.driver  card=false money=false offer_shape=false suburbs=Patterson Lakes,Collingwood area=SomeOutside:Collingwood chime=none_not_offer_shape
09-10 11:18:56  com.ubercab.driver  card=false money=false offer_shape=false suburbs=Patterson Lakes,Collingwood area=SomeOutside:Collingwood chime=none_not_offer_shape
09-10 11:18:58  com.ubercab.driver  card=false money=false offer_shape=false suburbs=Patterson Lakes,Collingwood area=SomeOutside:Collingwood chime=none_not_offer_shape
09-10 11:19:01  com.ubercab.driver  card=false money=false offer_shape=false suburbs=Patterson Lakes,Collingwood area=SomeOutside:Collingwood chime=none_not_offer_shape
09-10 11:19:03  com.ubercab.driver  card=false money=false offer_shape=false suburbs=Patterson Lakes,Collingwood area=SomeOutside:Collingwood chime=none_not_offer_shape
09-10 11:19:05  com.ubercab.driver  card=false money=false offer_shape=false suburbs=Patterson Lakes,Collingwood area=SomeOutside:Collingwood chime=none_not_offer_shape
09-10 11:19:07  com.ubercab.driver  card=false money=false offer_shape=false suburbs=Patterson Lakes,Collingwood area=SomeOutside:Collingwood chime=none_not_offer_shape
09-10 11:19:09  com.ubercab.driver  card=false money=false offer_shape=false suburbs=Patterson Lakes,Collingwood area=SomeOutside:Collingwood chime=none_not_offer_shape
09-10 11:19:11  com.ubercab.driver  card=false money=false offer_shape=false suburbs=Patterson Lakes,Collingwood area=SomeOutside:Collingwood chime=none_not_offer_shape
09-10 11:19:13  com.ubercab.driver  card=false money=false offer_shape=false suburbs=Patterson Lakes,Collingwood area=SomeOutside:Collingwood chime=none_not_offer_shape
09-10 11:19:15  com.ubercab.driver  card=false money=false offer_shape=false suburbs=Patterson Lakes,Collingwood area=SomeOutside:Collingwood chime=none_not_offer_shape
09-10 11:19:17  com.ubercab.driver  card=false money=false offer_shape=false suburbs=Patterson Lakes,Collingwood area=SomeOutside:Collingwood chime=none_not_offer_shape
09-10 11:19:19  com.ubercab.driver  card=false money=false offer_shape=false suburbs=Patterson Lakes,Collingwood area=SomeOutside:Collingwood chime=none_not_offer_shape
09-10 11:19:21  com.ubercab.driver  card=false money=false offer_shape=false suburbs=Patterson Lakes,Collingwood area=SomeOutside:Collingwood chime=none_not_offer_shape
09-10 11:19:32  com.ubercab.driver  card=false money=false offer_shape=false suburbs=Patterson Lakes,Collingwood area=SomeOutside:Collingwood chime=none_not_offer_shape
09-10 11:19:34  com.ubercab.driver  card=false money=false offer_shape=false suburbs=Patterson Lakes,Collingwood area=SomeOutside:Collingwood chime=none_not_offer_shape
09-10 11:19:37  com.ubercab.driver  card=false money=false offer_shape=false suburbs=Patterson Lakes,Collingwood area=SomeOutside:Collingwood chime=none_not_offer_shape
09-10 11:19:39  com.ubercab.driver  card=false money=false offer_shape=false suburbs=Patterson Lakes,Collingwood area=SomeOutside:Collingwood chime=none_not_offer_shape
09-10 11:19:41  com.ubercab.driver  card=false money=false offer_shape=false suburbs=Patterson Lakes,Collingwood area=SomeOutside:Collingwood chime=none_not_offer_shape
09-10 11:19:43  com.ubercab.driver  card=false money=false offer_shape=false suburbs=Patterson Lakes,Collingwood area=SomeOutside:Collingwood chime=none_not_offer_shape
09-10 11:19:45  com.ubercab.driver  card=false money=false offer_shape=false suburbs=Patterson Lakes,Collingwood area=SomeOutside:Collingwood chime=none_not_offer_shape
09-10 11:19:47  com.ubercab.driver  card=false money=false offer_shape=false suburbs=Patterson Lakes,Collingwood area=SomeOutside:Collingwood chime=none_not_offer_shape
09-10 11:19:49  com.ubercab.driver  card=false money=false offer_shape=false suburbs=Patterson Lakes,Collingwood area=SomeOutside:Collingwood chime=none_not_offer_shape
09-10 11:19:51  com.ubercab.driver  card=false money=false offer_shape=false suburbs=Patterson Lakes,Collingwood area=SomeOutside:Collingwood chime=none_not_offer_shape
09-10 11:19:53  com.ubercab.driver  card=false money=false offer_shape=false suburbs=Patterson Lakes,Collingwood area=SomeOutside:Collingwood chime=none_not_offer_shape
09-10 11:19:56  com.ubercab.driver  card=false money=false offer_shape=false suburbs=Patterson Lakes,Collingwood area=SomeOutside:Collingwood chime=none_not_offer_shape
09-10 11:19:58  com.ubercab.driver  card=false money=false offer_shape=false suburbs=Patterson Lakes,Collingwood area=SomeOutside:Collingwood chime=none_not_offer_shape
09-10 11:20:00  com.ubercab.driver  card=false money=false offer_shape=false suburbs=Patterson Lakes,Collingwood area=SomeOutside:Collingwood chime=none_not_offer_shape
09-10 11:20:02  com.ubercab.driver  card=false money=false offer_shape=false suburbs= area=NoSuburb chime=none_not_offer_shape
09-10 11:20:06  com.ubercab.driver  card=false money=false offer_shape=false suburbs=Patterson Lakes,Collingwood area=SomeOutside:Collingwood chime=none_not_offer_shape
09-10 11:20:08  com.ubercab.driver  card=false money=false offer_shape=false suburbs=Patterson Lakes,Collingwood area=SomeOutside:Collingwood chime=none_not_offer_shape
09-10 11:20:10  com.ubercab.driver  card=false money=false offer_shape=false suburbs=Patterson Lakes,Collingwood area=SomeOutside:Collingwood chime=none_not_offer_shape
09-10 11:20:12  com.ubercab.driver  card=false money=false offer_shape=false suburbs=Patterson Lakes,Collingwood area=SomeOutside:Collingwood chime=none_not_offer_shape
09-10 11:20:14  com.ubercab.driver  card=false money=false offer_shape=false suburbs=Patterson Lakes,Collingwood area=SomeOutside:Collingwood chime=none_not_offer_shape
09-10 11:20:16  com.ubercab.driver  card=false money=false offer_shape=false suburbs=Patterson Lakes,Collingwood area=SomeOutside:Collingwood chime=none_not_offer_shape
09-10 11:20:18  com.ubercab.driver  card=false money=false offer_shape=false suburbs=Patterson Lakes,Collingwood area=SomeOutside:Collingwood chime=none_not_offer_shape
09-10 11:20:20  com.ubercab.driver  card=false money=false offer_shape=false suburbs=Patterson Lakes,Collingwood area=SomeOutside:Collingwood chime=none_not_offer_shape
09-10 11:20:22  com.ubercab.driver  card=false money=false offer_shape=false suburbs=Patterson Lakes,Collingwood area=SomeOutside:Collingwood chime=none_not_offer_shape
09-10 11:20:24  com.ubercab.driver  card=false money=false offer_shape=false suburbs=Patterson Lakes,Collingwood area=SomeOutside:Collingwood chime=none_not_offer_shape
09-10 11:20:26  com.ubercab.driver  card=false money=false offer_shape=false suburbs=Patterson Lakes,Collingwood area=SomeOutside:Collingwood chime=none_not_offer_shape
09-10 11:20:28  com.ubercab.driver  card=false money=false offer_shape=false suburbs=Patterson Lakes,Collingwood area=SomeOutside:Collingwood chime=none_not_offer_shape
09-10 11:20:30  com.ubercab.driver  card=false money=false offer_shape=false suburbs=Patterson Lakes,Collingwood area=SomeOutside:Collingwood chime=none_not_offer_shape
09-10 11:20:40  com.ubercab.driver  card=false money=false offer_shape=false suburbs=Patterson Lakes,Collingwood area=SomeOutside:Collingwood chime=none_not_offer_shape
09-10 11:20:42  com.ubercab.driver  card=false money=false offer_shape=false suburbs=Patterson Lakes,Collingwood area=SomeOutside:Collingwood chime=none_not_offer_shape
09-10 11:20:44  com.ubercab.driver  card=false money=false offer_shape=false suburbs=Patterson Lakes,Collingwood area=SomeOutside:Collingwood chime=none_not_offer_shape
09-10 11:20:46  com.ubercab.driver  card=false money=false offer_shape=false suburbs=Patterson Lakes,Collingwood area=SomeOutside:Collingwood chime=none_not_offer_shape
09-10 11:20:48  com.ubercab.driver  card=false money=false offer_shape=false suburbs=Patterson Lakes,Collingwood area=SomeOutside:Collingwood chime=none_not_offer_shape
09-10 11:20:50  com.ubercab.driver  card=false money=false offer_shape=false suburbs=Patterson Lakes,Collingwood area=SomeOutside:Collingwood chime=none_not_offer_shape
09-10 11:20:53  com.ubercab.driver  card=false money=false offer_shape=false suburbs=Patterson Lakes,Collingwood area=SomeOutside:Collingwood chime=none_not_offer_shape
09-10 11:20:55  com.ubercab.driver  card=false money=false offer_shape=false suburbs=Patterson Lakes,Collingwood area=SomeOutside:Collingwood chime=none_not_offer_shape
09-10 11:20:57  com.ubercab.driver  card=false money=false offer_shape=false suburbs=Patterson Lakes,Collingwood area=SomeOutside:Collingwood chime=none_not_offer_shape
09-10 11:20:59  com.ubercab.driver  card=false money=false offer_shape=false suburbs=Patterson Lakes,Collingwood area=SomeOutside:Collingwood chime=none_not_offer_shape
09-10 11:21:01  com.ubercab.driver  card=false money=false offer_shape=false suburbs=Patterson Lakes,Collingwood area=SomeOutside:Collingwood chime=none_not_offer_shape
09-10 11:21:03  com.ubercab.driver  card=false money=false offer_shape=false suburbs=Patterson Lakes,Collingwood area=SomeOutside:Collingwood chime=none_not_offer_shape
09-10 11:21:06  com.ubercab.driver  card=false money=false offer_shape=false suburbs=Patterson Lakes,Collingwood area=SomeOutside:Collingwood chime=none_not_offer_shape
09-10 11:21:08  com.ubercab.driver  card=false money=false offer_shape=false suburbs=Patterson Lakes,Collingwood area=SomeOutside:Collingwood chime=none_not_offer_shape
09-10 11:21:10  com.ubercab.driver  card=false money=false offer_shape=false suburbs=Patterson Lakes,Collingwood area=SomeOutside:Collingwood chime=none_not_offer_shape
09-10 11:21:12  com.ubercab.driver  card=false money=false offer_shape=false suburbs=Patterson Lakes,Collingwood area=SomeOutside:Collingwood chime=none_not_offer_shape
09-10 11:21:15  com.ubercab.driver  card=false money=false offer_shape=false suburbs=Patterson Lakes,Collingwood area=SomeOutside:Collingwood chime=none_not_offer_shape
09-10 11:21:17  com.ubercab.driver  card=false money=false offer_shape=false suburbs=Patterson Lakes,Collingwood area=SomeOutside:Collingwood chime=none_not_offer_shape
09-10 11:21:19  com.ubercab.driver  card=false money=false offer_shape=false suburbs=Patterson Lakes,Collingwood area=SomeOutside:Collingwood chime=none_not_offer_shape
09-10 11:21:21  com.ubercab.driver  card=false money=false offer_shape=false suburbs=Patterson Lakes,Collingwood area=SomeOutside:Collingwood chime=none_not_offer_shape
09-10 11:21:23  com.ubercab.driver  card=false money=false offer_shape=false suburbs=Patterson Lakes,Collingwood area=SomeOutside:Collingwood chime=none_not_offer_shape
09-10 11:21:25  com.ubercab.driver  card=false money=false offer_shape=false suburbs=Patterson Lakes,Collingwood area=SomeOutside:Collingwood chime=none_not_offer_shape
09-10 11:21:28  com.ubercab.driver  card=false money=false offer_shape=false suburbs=Patterson Lakes,Collingwood area=SomeOutside:Collingwood chime=none_not_offer_shape
09-10 11:21:30  com.ubercab.driver  card=false money=false offer_shape=false suburbs=Patterson Lakes,Collingwood area=SomeOutside:Collingwood chime=none_not_offer_shape
09-10 11:21:32  com.ubercab.driver  card=false money=false offer_shape=false suburbs=Patterson Lakes,Collingwood area=SomeOutside:Collingwood chime=none_not_offer_shape
09-10 11:21:34  com.ubercab.driver  card=false money=false offer_shape=false suburbs=Patterson Lakes,Collingwood area=SomeOutside:Collingwood chime=none_not_offer_shape
09-10 11:21:36  com.ubercab.driver  card=false money=false offer_shape=false suburbs=Patterson Lakes,Collingwood area=SomeOutside:Collingwood chime=none_not_offer_shape
09-10 11:21:38  com.ubercab.driver  card=false money=false offer_shape=false suburbs=Patterson Lakes,Collingwood area=SomeOutside:Collingwood chime=none_not_offer_shape
09-10 11:21:40  com.ubercab.driver  card=false money=false offer_shape=false suburbs=Patterson Lakes,Collingwood area=SomeOutside:Collingwood chime=none_not_offer_shape
09-10 11:21:42  com.ubercab.driver  card=false money=false offer_shape=false suburbs=Patterson Lakes,Collingwood area=SomeOutside:Collingwood chime=none_not_offer_shape
09-10 11:21:45  com.ubercab.driver  card=false money=false offer_shape=false suburbs=Patterson Lakes,Collingwood area=SomeOutside:Collingwood chime=none_not_offer_shape
09-10 11:21:47  com.ubercab.driver  card=false money=false offer_shape=false suburbs=Patterson Lakes,Collingwood area=SomeOutside:Collingwood chime=none_not_offer_shape
09-10 11:21:49  com.ubercab.driver  card=false money=false offer_shape=false suburbs=Patterson Lakes,Collingwood area=SomeOutside:Collingwood chime=none_not_offer_shape
09-10 11:21:51  com.ubercab.driver  card=false money=false offer_shape=false suburbs=Patterson Lakes,Collingwood area=SomeOutside:Collingwood chime=none_not_offer_shape
09-10 11:21:53  com.ubercab.driver  card=false money=false offer_shape=false suburbs=Patterson Lakes,Collingwood area=SomeOutside:Collingwood chime=none_not_offer_shape
09-10 11:21:56  com.ubercab.driver  card=false money=false offer_shape=false suburbs=Patterson Lakes,Collingwood area=SomeOutside:Collingwood chime=none_not_offer_shape
09-10 11:21:58  com.ubercab.driver  card=false money=false offer_shape=false suburbs=Patterson Lakes,Collingwood area=SomeOutside:Collingwood chime=none_not_offer_shape
09-10 11:22:00  com.ubercab.driver  card=false money=false offer_shape=false suburbs=Patterson Lakes,Collingwood area=SomeOutside:Collingwood chime=none_not_offer_shape
09-10 11:22:02  com.ubercab.driver  card=false money=false offer_shape=false suburbs=Patterson Lakes,Collingwood area=SomeOutside:Collingwood chime=none_not_offer_shape
09-10 11:22:05  com.ubercab.driver  card=false money=false offer_shape=false suburbs=Patterson Lakes,Collingwood area=SomeOutside:Collingwood chime=none_not_offer_shape
09-10 11:22:07  com.ubercab.driver  card=false money=false offer_shape=false suburbs=Patterson Lakes,Collingwood area=SomeOutside:Collingwood chime=none_not_offer_shape
09-10 11:22:10  com.ubercab.driver  card=false money=false offer_shape=false suburbs=Patterson Lakes,Collingwood area=SomeOutside:Collingwood chime=none_not_offer_shape
09-10 11:22:12  com.ubercab.driver  card=false money=false offer_shape=false suburbs=Patterson Lakes,Collingwood area=SomeOutside:Collingwood chime=none_not_offer_shape
09-10 11:22:14  com.ubercab.driver  card=false money=false offer_shape=false suburbs=Patterson Lakes,Collingwood area=SomeOutside:Collingwood chime=none_not_offer_shape
09-10 11:22:17  com.ubercab.driver  card=false money=false offer_shape=false suburbs=Patterson Lakes,Collingwood area=SomeOutside:Collingwood chime=none_not_offer_shape
09-10 11:22:19  com.ubercab.driver  card=false money=false offer_shape=false suburbs=Patterson Lakes,Collingwood area=SomeOutside:Collingwood chime=none_not_offer_shape
09-10 11:22:21  com.ubercab.driver  card=false money=false offer_shape=false suburbs=Patterson Lakes,Collingwood area=SomeOutside:Collingwood chime=none_not_offer_shape
09-10 11:22:23  com.ubercab.driver  card=false money=false offer_shape=false suburbs=Patterson Lakes,Collingwood area=SomeOutside:Collingwood chime=none_not_offer_shape
09-10 11:22:25  com.ubercab.driver  card=false money=false offer_shape=false suburbs=Patterson Lakes,Collingwood area=SomeOutside:Collingwood chime=none_not_offer_shape
09-10 11:22:27  com.ubercab.driver  card=false money=false offer_shape=false suburbs=Patterson Lakes,Collingwood area=SomeOutside:Collingwood chime=none_not_offer_shape
09-10 11:22:30  com.ubercab.driver  card=false money=false offer_shape=false suburbs=Patterson Lakes,Collingwood area=SomeOutside:Collingwood chime=none_not_offer_shape
09-10 11:22:32  com.ubercab.driver  card=false money=false offer_shape=false suburbs=Patterson Lakes,Collingwood area=SomeOutside:Collingwood chime=none_not_offer_shape
09-10 11:22:47  com.ubercab.driver  card=false money=false offer_shape=false suburbs=Patterson Lakes,Collingwood area=SomeOutside:Collingwood chime=none_not_offer_shape
09-10 11:22:49  com.ubercab.driver  card=false money=false offer_shape=false suburbs=Patterson Lakes,Collingwood area=SomeOutside:Collingwood chime=none_not_offer_shape
09-10 11:22:51  com.ubercab.driver  card=false money=false offer_shape=false suburbs=Patterson Lakes,Collingwood area=SomeOutside:Collingwood chime=none_not_offer_shape
09-10 11:22:53  com.ubercab.driver  card=false money=false offer_shape=false suburbs=Patterson Lakes,Collingwood area=SomeOutside:Collingwood chime=none_not_offer_shape
09-10 11:22:55  com.ubercab.driver  card=false money=false offer_shape=false suburbs=Patterson Lakes,Collingwood area=SomeOutside:Collingwood chime=none_not_offer_shape
09-10 11:22:58  com.ubercab.driver  card=false money=false offer_shape=false suburbs=Patterson Lakes,Collingwood area=SomeOutside:Collingwood chime=none_not_offer_shape
09-10 11:23:00  com.ubercab.driver  card=false money=false offer_shape=false suburbs=Patterson Lakes,Collingwood area=SomeOutside:Collingwood chime=none_not_offer_shape
09-10 11:23:02  com.ubercab.driver  card=false money=false offer_shape=false suburbs=Patterson Lakes,Collingwood area=SomeOutside:Collingwood chime=none_not_offer_shape
09-10 11:23:04  com.ubercab.driver  card=false money=false offer_shape=false suburbs=Patterson Lakes,Collingwood area=SomeOutside:Collingwood chime=none_not_offer_shape
09-10 11:23:06  com.ubercab.driver  card=false money=false offer_shape=false suburbs=Patterson Lakes,Collingwood area=SomeOutside:Collingwood chime=none_not_offer_shape
09-10 11:23:08  com.ubercab.driver  card=false money=false offer_shape=false suburbs=Patterson Lakes,Collingwood area=SomeOutside:Collingwood chime=none_not_offer_shape
09-10 11:23:10  com.ubercab.driver  card=false money=false offer_shape=false suburbs=Patterson Lakes,Collingwood area=SomeOutside:Collingwood chime=none_not_offer_shape
09-10 11:23:13  com.ubercab.driver  card=false money=false offer_shape=false suburbs=Patterson Lakes,Collingwood area=SomeOutside:Collingwood chime=none_not_offer_shape
09-10 11:23:15  com.ubercab.driver  card=false money=false offer_shape=false suburbs=Patterson Lakes,Collingwood area=SomeOutside:Collingwood chime=none_not_offer_shape
09-10 11:23:17  com.ubercab.driver  card=false money=false offer_shape=false suburbs=Patterson Lakes,Collingwood area=SomeOutside:Collingwood chime=none_not_offer_shape
09-10 11:23:19  com.ubercab.driver  card=false money=false offer_shape=false suburbs=Patterson Lakes,Collingwood area=SomeOutside:Collingwood chime=none_not_offer_shape
09-10 11:23:21  com.ubercab.driver  card=false money=false offer_shape=false suburbs=Patterson Lakes,Collingwood area=SomeOutside:Collingwood chime=none_not_offer_shape
09-10 11:23:37  com.ubercab.driver  card=false money=false offer_shape=false suburbs=Patterson Lakes,Collingwood area=SomeOutside:Collingwood chime=none_not_offer_shape
09-10 11:23:39  com.ubercab.driver  card=false money=false offer_shape=false suburbs=Patterson Lakes,Collingwood area=SomeOutside:Collingwood chime=none_not_offer_shape
09-10 11:23:42  com.ubercab.driver  card=false money=false offer_shape=false suburbs=Patterson Lakes,Collingwood area=SomeOutside:Collingwood chime=none_not_offer_shape
09-10 11:23:45  com.ubercab.driver  card=false money=false offer_shape=false suburbs=Patterson Lakes,Collingwood area=SomeOutside:Collingwood chime=none_not_offer_shape
09-10 11:23:47  com.ubercab.driver  card=false money=false offer_shape=false suburbs=Patterson Lakes,Collingwood area=SomeOutside:Collingwood chime=none_not_offer_shape
09-10 11:23:49  com.ubercab.driver  card=false money=false offer_shape=false suburbs=Patterson Lakes,Collingwood area=SomeOutside:Collingwood chime=none_not_offer_shape
09-10 11:23:51  com.ubercab.driver  card=false money=false offer_shape=false suburbs=Patterson Lakes,Collingwood area=SomeOutside:Collingwood chime=none_not_offer_shape
09-10 11:23:53  com.ubercab.driver  card=false money=false offer_shape=false suburbs=Patterson Lakes,Collingwood area=SomeOutside:Collingwood chime=none_not_offer_shape
09-10 11:23:55  com.ubercab.driver  card=false money=false offer_shape=false suburbs=Patterson Lakes,Collingwood area=SomeOutside:Collingwood chime=none_not_offer_shape
09-10 11:23:57  com.ubercab.driver  card=false money=false offer_shape=false suburbs=Patterson Lakes,Collingwood area=SomeOutside:Collingwood chime=none_not_offer_shape
09-10 11:23:59  com.ubercab.driver  card=false money=false offer_shape=false suburbs=Patterson Lakes,Collingwood area=SomeOutside:Collingwood chime=none_not_offer_shape
09-10 11:24:02  com.ubercab.driver  card=false money=false offer_shape=false suburbs=Patterson Lakes,Collingwood area=SomeOutside:Collingwood chime=none_not_offer_shape
09-10 11:24:04  com.ubercab.driver  card=false money=false offer_shape=false suburbs=Patterson Lakes,Collingwood area=SomeOutside:Collingwood chime=none_not_offer_shape
09-10 11:24:06  com.ubercab.driver  card=false money=false offer_shape=false suburbs=Patterson Lakes,Collingwood area=SomeOutside:Collingwood chime=none_not_offer_shape
09-10 11:24:08  com.ubercab.driver  card=false money=false offer_shape=false suburbs=Patterson Lakes,Collingwood area=SomeOutside:Collingwood chime=none_not_offer_shape
09-10 11:24:10  com.ubercab.driver  card=false money=false offer_shape=false suburbs=Patterson Lakes,Collingwood area=SomeOutside:Collingwood chime=none_not_offer_shape
09-10 11:24:12  com.ubercab.driver  card=false money=false offer_shape=false suburbs=Patterson Lakes,Collingwood area=SomeOutside:Collingwood chime=none_not_offer_shape
09-10 11:24:15  com.android.systemui  card=false money=false offer_shape=false suburbs= area=NoSuburb chime=none_not_offer_shape
09-10 11:24:15  com.android.systemui  card=false money=false offer_shape=false suburbs= area=NoSuburb chime=none_not_offer_shape
09-10 11:24:16  com.ubercab.driver  card=false money=false offer_shape=false suburbs=Patterson Lakes,Collingwood area=SomeOutside:Collingwood chime=none_not_offer_shape
09-10 11:24:17  com.ubercab.driver  card=false money=false offer_shape=false suburbs=Patterson Lakes,Collingwood area=SomeOutside:Collingwood chime=none_not_offer_shape
09-10 11:24:17  com.ubercab.driver  card=false money=false offer_shape=false suburbs=Patterson Lakes,Collingwood area=SomeOutside:Collingwood chime=none_not_offer_shape
09-10 11:24:18  com.ubercab.driver  card=false money=false offer_shape=false suburbs=Collingwood area=SomeOutside:Collingwood chime=none_not_offer_shape
09-10 11:24:18  com.ubercab.driver  card=false money=false offer_shape=false suburbs=Collingwood area=SomeOutside:Collingwood chime=none_not_offer_shape
09-10 11:24:19  com.ubercab.driver  card=false money=false offer_shape=false suburbs=Collingwood area=SomeOutside:Collingwood chime=none_not_offer_shape
09-10 11:24:19  com.ubercab.driver  card=false money=false offer_shape=false suburbs=Collingwood area=SomeOutside:Collingwood chime=none_not_offer_shape
09-10 11:24:20  com.ubercab.driver  card=false money=false offer_shape=false suburbs=Collingwood area=SomeOutside:Collingwood chime=none_not_offer_shape
09-10 11:24:20  com.ubercab.driver  card=false money=false offer_shape=false suburbs=Collingwood area=SomeOutside:Collingwood chime=none_not_offer_shape
09-10 11:24:21  com.ubercab.driver  card=false money=false offer_shape=false suburbs=Collingwood area=SomeOutside:Collingwood chime=none_not_offer_shape
09-10 11:24:21  com.ubercab.driver  card=false money=false offer_shape=false suburbs=Collingwood area=SomeOutside:Collingwood chime=none_not_offer_shape
09-10 11:24:22  com.ubercab.driver  card=false money=false offer_shape=false suburbs=Collingwood area=SomeOutside:Collingwood chime=none_not_offer_shape
09-10 11:24:24  com.ubercab.driver  card=false money=false offer_shape=false suburbs=Collingwood area=SomeOutside:Collingwood chime=none_not_offer_shape
09-10 11:24:25  com.ubercab.driver  card=false money=false offer_shape=false suburbs=Collingwood area=SomeOutside:Collingwood chime=none_not_offer_shape
09-10 11:24:26  com.ubercab.driver  card=false money=false offer_shape=false suburbs=Collingwood area=SomeOutside:Collingwood chime=none_not_offer_shape
09-10 11:24:26  com.ubercab.driver  card=false money=false offer_shape=false suburbs=Collingwood area=SomeOutside:Collingwood chime=none_not_offer_shape
09-10 11:24:27  com.ubercab.driver  card=false money=false offer_shape=false suburbs=Patterson Lakes,Collingwood area=SomeOutside:Collingwood chime=none_not_offer_shape
09-10 11:24:27  com.ubercab.driver  card=false money=false offer_shape=false suburbs=Patterson Lakes,Collingwood area=SomeOutside:Collingwood chime=none_not_offer_shape
09-10 11:24:28  com.ubercab.driver  card=false money=false offer_shape=false suburbs=Patterson Lakes,Collingwood area=SomeOutside:Collingwood chime=none_not_offer_shape
09-10 11:24:28  com.ubercab.driver  card=false money=false offer_shape=false suburbs=Patterson Lakes,Collingwood area=SomeOutside:Collingwood chime=none_not_offer_shape
09-10 11:24:29  com.ubercab.driver  card=false money=false offer_shape=false suburbs=Patterson Lakes,Collingwood area=SomeOutside:Collingwood chime=none_not_offer_shape
09-10 11:24:30  com.ubercab.driver  card=false money=false offer_shape=false suburbs=Patterson Lakes,Collingwood area=SomeOutside:Collingwood chime=none_not_offer_shape
09-10 11:24:31  com.ubercab.driver  card=false money=false offer_shape=false suburbs=Patterson Lakes,Collingwood area=SomeOutside:Collingwood chime=none_not_offer_shape
09-10 11:24:31  com.ubercab.driver  card=false money=false offer_shape=false suburbs=Patterson Lakes,Collingwood area=SomeOutside:Collingwood chime=none_not_offer_shape
09-10 11:24:32  com.ubercab.driver  card=false money=false offer_shape=false suburbs=Patterson Lakes,Collingwood area=SomeOutside:Collingwood chime=none_not_offer_shape
09-10 11:24:33  com.ubercab.driver  card=false money=false offer_shape=false suburbs=Patterson Lakes,Collingwood area=SomeOutside:Collingwood chime=none_not_offer_shape
09-10 11:24:35  com.ubercab.driver  card=false money=false offer_shape=false suburbs=Patterson Lakes,Collingwood area=SomeOutside:Collingwood chime=none_not_offer_shape
09-10 11:24:36  com.ubercab.driver  card=false money=false offer_shape=false suburbs=Patterson Lakes,Collingwood area=SomeOutside:Collingwood chime=none_not_offer_shape
09-10 11:24:37  com.ubercab.driver  card=false money=false offer_shape=false suburbs=Patterson Lakes,Collingwood area=SomeOutside:Collingwood chime=none_not_offer_shape
09-10 11:24:38  com.ubercab.driver  card=false money=false offer_shape=false suburbs=Patterson Lakes,Collingwood area=SomeOutside:Collingwood chime=none_not_offer_shape
09-10 11:24:39  com.ubercab.driver  card=false money=false offer_shape=false suburbs=Patterson Lakes,Collingwood area=SomeOutside:Collingwood chime=none_not_offer_shape
09-10 11:24:40  com.ubercab.driver  card=false money=false offer_shape=false suburbs=Patterson Lakes,Collingwood area=SomeOutside:Collingwood chime=none_not_offer_shape
09-10 11:24:41  com.ubercab.driver  card=false money=false offer_shape=false suburbs=Patterson Lakes,Collingwood area=SomeOutside:Collingwood chime=none_not_offer_shape
09-10 11:24:42  com.ubercab.driver  card=false money=false offer_shape=false suburbs=Patterson Lakes,Collingwood area=SomeOutside:Collingwood chime=none_not_offer_shape
09-10 11:24:43  com.ubercab.driver  card=false money=false offer_shape=false suburbs=Patterson Lakes,Collingwood area=SomeOutside:Collingwood chime=none_not_offer_shape
09-10 11:24:44  com.ubercab.driver  card=false money=false offer_shape=false suburbs=Patterson Lakes,Collingwood area=SomeOutside:Collingwood chime=none_not_offer_shape
09-10 11:24:45  com.ubercab.driver  card=false money=false offer_shape=false suburbs=Patterson Lakes,Collingwood area=SomeOutside:Collingwood chime=none_not_offer_shape
09-10 11:24:47  com.ubercab.driver  card=false money=false offer_shape=false suburbs=Patterson Lakes,Collingwood area=SomeOutside:Collingwood chime=none_not_offer_shape
09-10 11:24:48  com.ubercab.driver  card=false money=false offer_shape=false suburbs=Patterson Lakes,Collingwood area=SomeOutside:Collingwood chime=none_not_offer_shape
09-10 11:24:49  com.ubercab.driver  card=false money=false offer_shape=false suburbs=Patterson Lakes,Collingwood area=SomeOutside:Collingwood chime=none_not_offer_shape
09-10 11:24:50  com.ubercab.driver  card=false money=false offer_shape=false suburbs=Patterson Lakes,Collingwood area=SomeOutside:Collingwood chime=none_not_offer_shape
09-10 11:24:51  com.ubercab.driver  card=false money=false offer_shape=false suburbs=Patterson Lakes,Collingwood area=SomeOutside:Collingwood chime=none_not_offer_shape
09-10 11:24:52  com.ubercab.driver  card=false money=false offer_shape=false suburbs=Patterson Lakes,Collingwood area=SomeOutside:Collingwood chime=none_not_offer_shape
09-10 11:24:53  com.ubercab.driver  card=false money=false offer_shape=false suburbs=Patterson Lakes,Collingwood area=SomeOutside:Collingwood chime=none_not_offer_shape
09-10 11:24:54  com.ubercab.driver  card=false money=false offer_shape=false suburbs=Patterson Lakes,Collingwood area=SomeOutside:Collingwood chime=none_not_offer_shape
09-10 11:24:55  com.ubercab.driver  card=false money=false offer_shape=false suburbs=Patterson Lakes,Collingwood area=SomeOutside:Collingwood chime=none_not_offer_shape
09-10 11:24:57  com.ubercab.driver  card=false money=false offer_shape=false suburbs=Patterson Lakes,Collingwood area=SomeOutside:Collingwood chime=none_not_offer_shape
09-10 11:24:58  com.ubercab.driver  card=false money=false offer_shape=false suburbs=Patterson Lakes,Collingwood area=SomeOutside:Collingwood chime=none_not_offer_shape
09-10 11:24:59  com.ubercab.driver  card=false money=false offer_shape=false suburbs=Patterson Lakes,Collingwood area=SomeOutside:Collingwood chime=none_not_offer_shape
09-10 11:25:00  com.ubercab.driver  card=false money=false offer_shape=false suburbs=Patterson Lakes,Collingwood area=SomeOutside:Collingwood chime=none_not_offer_shape
09-10 11:25:01  com.ubercab.driver  card=false money=false offer_shape=false suburbs=Patterson Lakes,Collingwood area=SomeOutside:Collingwood chime=none_not_offer_shape
09-10 11:25:03  com.ubercab.driver  card=false money=false offer_shape=false suburbs=Patterson Lakes,Collingwood area=SomeOutside:Collingwood chime=none_not_offer_shape
09-10 11:25:04  com.ubercab.driver  card=false money=false offer_shape=false suburbs=Patterson Lakes,Collingwood area=SomeOutside:Collingwood chime=none_not_offer_shape
09-10 11:25:05  com.ubercab.driver  card=false money=false offer_shape=false suburbs=Patterson Lakes,Collingwood area=SomeOutside:Collingwood chime=none_not_offer_shape
09-10 11:25:06  com.ubercab.driver  card=false money=false offer_shape=false suburbs=Patterson Lakes,Collingwood area=SomeOutside:Collingwood chime=none_not_offer_shape
09-10 11:25:07  com.ubercab.driver  card=false money=false offer_shape=false suburbs=Patterson Lakes,Collingwood area=SomeOutside:Collingwood chime=none_not_offer_shape
09-10 11:25:08  com.ubercab.driver  card=false money=false offer_shape=false suburbs=Patterson Lakes,Collingwood area=SomeOutside:Collingwood chime=none_not_offer_shape
09-10 11:25:08  com.ubercab.driver  card=false money=false offer_shape=false suburbs=Patterson Lakes,Collingwood area=SomeOutside:Collingwood chime=none_not_offer_shape
09-10 11:25:09  com.ubercab.driver  card=false money=false offer_shape=false suburbs=Patterson Lakes,Collingwood area=SomeOutside:Collingwood chime=none_not_offer_shape
09-10 11:25:10  com.ubercab.driver  card=false money=false offer_shape=false suburbs=Patterson Lakes,Collingwood area=SomeOutside:Collingwood chime=none_not_offer_shape
09-10 11:25:11  com.ubercab.driver  card=false money=false offer_shape=false suburbs=Patterson Lakes,Collingwood area=SomeOutside:Collingwood chime=none_not_offer_shape
09-10 11:25:12  com.ubercab.driver  card=false money=false offer_shape=false suburbs=Patterson Lakes,Collingwood area=SomeOutside:Collingwood chime=none_not_offer_shape
09-10 11:25:14  com.ubercab.driver  card=false money=false offer_shape=false suburbs=Patterson Lakes,Collingwood area=SomeOutside:Collingwood chime=none_not_offer_shape
09-10 11:25:14  com.ubercab.driver  card=false money=false offer_shape=false suburbs=Collingwood area=SomeOutside:Collingwood chime=none_not_offer_shape
09-10 11:25:14  com.ubercab.driver  card=false money=false offer_shape=false suburbs=Collingwood area=SomeOutside:Collingwood chime=none_not_offer_shape
09-10 11:25:15  com.ubercab.driver  card=false money=false offer_shape=false suburbs=Collingwood area=SomeOutside:Collingwood chime=none_not_offer_shape
09-10 11:25:16  com.ubercab.driver  card=false money=false offer_shape=false suburbs=Collingwood area=SomeOutside:Collingwood chime=none_not_offer_shape
09-10 11:25:17  com.ubercab.driver  card=false money=false offer_shape=false suburbs=Collingwood area=SomeOutside:Collingwood chime=none_not_offer_shape
09-10 11:25:18  com.ubercab.driver  card=false money=false offer_shape=false suburbs=Collingwood area=SomeOutside:Collingwood chime=none_not_offer_shape
09-10 11:25:20  com.ubercab.driver  card=false money=false offer_shape=false suburbs=Collingwood area=SomeOutside:Collingwood chime=none_not_offer_shape
09-10 11:25:24  com.ubercab.driver  card=false money=false offer_shape=false suburbs=Collingwood area=SomeOutside:Collingwood chime=none_not_offer_shape
09-10 11:25:27  com.ubercab.driver  card=false money=false offer_shape=false suburbs=Collingwood area=SomeOutside:Collingwood chime=none_not_offer_shape
09-10 11:25:29  com.ubercab.driver  card=false money=false offer_shape=false suburbs=Collingwood area=SomeOutside:Collingwood chime=none_not_offer_shape
09-10 11:25:31  com.ubercab.driver  card=false money=false offer_shape=false suburbs=Collingwood area=SomeOutside:Collingwood chime=none_not_offer_shape
09-10 11:25:34  com.ubercab.driver  card=false money=false offer_shape=false suburbs=Collingwood area=SomeOutside:Collingwood chime=none_not_offer_shape
09-10 11:25:36  com.ubercab.driver  card=false money=false offer_shape=false suburbs=Collingwood area=SomeOutside:Collingwood chime=none_not_offer_shape
09-10 11:25:38  com.ubercab.driver  card=false money=false offer_shape=false suburbs=Collingwood area=SomeOutside:Collingwood chime=none_not_offer_shape
09-10 11:25:40  com.ubercab.driver  card=false money=false offer_shape=false suburbs=Collingwood area=SomeOutside:Collingwood chime=none_not_offer_shape
09-10 11:25:45  com.ubercab.driver  card=false money=false offer_shape=false suburbs=Collingwood area=SomeOutside:Collingwood chime=none_not_offer_shape
09-10 11:25:47  com.ubercab.driver  card=false money=false offer_shape=false suburbs=Collingwood area=SomeOutside:Collingwood chime=none_not_offer_shape
09-10 11:25:50  com.ubercab.driver  card=false money=false offer_shape=false suburbs=Collingwood area=SomeOutside:Collingwood chime=none_not_offer_shape
09-10 11:25:52  com.ubercab.driver  card=false money=false offer_shape=false suburbs=Collingwood area=SomeOutside:Collingwood chime=none_not_offer_shape
09-10 11:25:54  com.ubercab.driver  card=false money=false offer_shape=false suburbs=Collingwood area=SomeOutside:Collingwood chime=none_not_offer_shape
09-10 11:25:57  com.ubercab.driver  card=false money=false offer_shape=false suburbs=Collingwood area=SomeOutside:Collingwood chime=none_not_offer_shape
09-10 11:25:59  com.ubercab.driver  card=false money=false offer_shape=false suburbs=Collingwood area=SomeOutside:Collingwood chime=none_not_offer_shape
09-10 11:26:01  com.ubercab.driver  card=false money=false offer_shape=false suburbs=Collingwood area=SomeOutside:Collingwood chime=none_not_offer_shape
09-10 11:26:04  com.ubercab.driver  card=false money=false offer_shape=false suburbs=Collingwood area=SomeOutside:Collingwood chime=none_not_offer_shape
09-10 11:26:06  com.ubercab.driver  card=false money=false offer_shape=false suburbs=Collingwood area=SomeOutside:Collingwood chime=none_not_offer_shape
09-10 11:26:08  com.ubercab.driver  card=false money=false offer_shape=false suburbs=Collingwood area=SomeOutside:Collingwood chime=none_not_offer_shape
09-10 11:26:10  com.ubercab.driver  card=false money=false offer_shape=false suburbs=Collingwood area=SomeOutside:Collingwood chime=none_not_offer_shape
09-10 11:26:13  com.ubercab.driver  card=false money=false offer_shape=false suburbs=Collingwood area=SomeOutside:Collingwood chime=none_not_offer_shape
09-10 11:26:15  com.ubercab.driver  card=false money=false offer_shape=false suburbs=Collingwood area=SomeOutside:Collingwood chime=none_not_offer_shape
09-10 11:26:17  com.ubercab.driver  card=false money=false offer_shape=false suburbs=Collingwood area=SomeOutside:Collingwood chime=none_not_offer_shape
09-10 11:26:19  com.ubercab.driver  card=false money=false offer_shape=false suburbs=Collingwood area=SomeOutside:Collingwood chime=none_not_offer_shape
09-10 11:26:21  com.ubercab.driver  card=false money=false offer_shape=false suburbs=Collingwood area=SomeOutside:Collingwood chime=none_not_offer_shape
09-10 11:26:24  com.ubercab.driver  card=false money=false offer_shape=false suburbs=Collingwood area=SomeOutside:Collingwood chime=none_not_offer_shape
09-10 11:26:26  com.ubercab.driver  card=false money=false offer_shape=false suburbs=Collingwood area=SomeOutside:Collingwood chime=none_not_offer_shape
09-10 11:26:28  com.ubercab.driver  card=false money=false offer_shape=false suburbs=Collingwood area=SomeOutside:Collingwood chime=none_not_offer_shape
09-10 11:26:31  com.ubercab.driver  card=false money=false offer_shape=false suburbs=Collingwood area=SomeOutside:Collingwood chime=none_not_offer_shape
09-10 11:26:33  com.ubercab.driver  card=false money=false offer_shape=false suburbs=Collingwood area=SomeOutside:Collingwood chime=none_not_offer_shape
09-10 11:26:36  com.ubercab.driver  card=false money=false offer_shape=false suburbs=Collingwood area=SomeOutside:Collingwood chime=none_not_offer_shape
09-10 11:26:38  com.ubercab.driver  card=false money=false offer_shape=false suburbs=Collingwood area=SomeOutside:Collingwood chime=none_not_offer_shape
09-10 11:26:40  com.ubercab.driver  card=false money=false offer_shape=false suburbs=Collingwood area=SomeOutside:Collingwood chime=none_not_offer_shape
09-10 11:26:43  com.ubercab.driver  card=false money=false offer_shape=false suburbs= area=NoSuburb chime=none_not_offer_shape
09-10 11:26:46  com.ubercab.driver  card=false money=false offer_shape=false suburbs=Collingwood area=SomeOutside:Collingwood chime=none_not_offer_shape
09-10 11:26:49  com.ubercab.driver  card=false money=false offer_shape=false suburbs=Collingwood area=SomeOutside:Collingwood chime=none_not_offer_shape
09-10 11:26:52  com.ubercab.driver  card=false money=false offer_shape=false suburbs=Collingwood area=SomeOutside:Collingwood chime=none_not_offer_shape
09-10 11:26:54  com.ubercab.driver  card=false money=false offer_shape=false suburbs=Collingwood area=SomeOutside:Collingwood chime=none_not_offer_shape
09-10 11:26:56  com.ubercab.driver  card=false money=false offer_shape=false suburbs=Collingwood area=SomeOutside:Collingwood chime=none_not_offer_shape
09-10 11:26:58  com.ubercab.driver  card=false money=false offer_shape=false suburbs=Collingwood area=SomeOutside:Collingwood chime=none_not_offer_shape
09-10 11:27:00  com.ubercab.driver  card=false money=false offer_shape=false suburbs=Collingwood area=SomeOutside:Collingwood chime=none_not_offer_shape
09-10 11:27:17  com.ubercab.driver  card=false money=false offer_shape=false suburbs=Collingwood area=SomeOutside:Collingwood chime=none_not_offer_shape
09-10 11:27:19  com.ubercab.driver  card=false money=false offer_shape=false suburbs=Collingwood area=SomeOutside:Collingwood chime=none_not_offer_shape
09-10 11:27:22  com.ubercab.driver  card=false money=false offer_shape=false suburbs=Collingwood area=SomeOutside:Collingwood chime=none_not_offer_shape
09-10 11:27:24  com.ubercab.driver  card=false money=false offer_shape=false suburbs=Collingwood area=SomeOutside:Collingwood chime=none_not_offer_shape
09-10 11:27:26  com.ubercab.driver  card=false money=false offer_shape=false suburbs=Collingwood area=SomeOutside:Collingwood chime=none_not_offer_shape
09-10 11:27:28  com.ubercab.driver  card=false money=false offer_shape=false suburbs=Collingwood area=SomeOutside:Collingwood chime=none_not_offer_shape
09-10 11:27:31  com.ubercab.driver  card=false money=false offer_shape=false suburbs=Collingwood area=SomeOutside:Collingwood chime=none_not_offer_shape
09-10 11:27:33  com.ubercab.driver  card=false money=false offer_shape=false suburbs=Collingwood area=SomeOutside:Collingwood chime=none_not_offer_shape
09-10 11:27:35  com.ubercab.driver  card=false money=false offer_shape=false suburbs= area=NoSuburb chime=none_not_offer_shape
09-10 11:27:37  com.ubercab.driver  card=false money=false offer_shape=false suburbs=Alphington,Balaclava,Fairfield area=SomeOutside:Alphington/Balaclava/Fairfield chime=none_not_offer_shape
09-10 11:27:40  com.ubercab.driver  card=false money=false offer_shape=false suburbs=Alphington,Balaclava,Fairfield area=SomeOutside:Alphington/Balaclava/Fairfield chime=none_not_offer_shape
09-10 11:27:42  com.ubercab.driver  card=false money=false offer_shape=false suburbs= area=NoSuburb chime=none_not_offer_shape
09-10 11:27:45  com.ubercab.driver  card=false money=false offer_shape=false suburbs= area=NoSuburb chime=none_not_offer_shape
09-10 11:27:47  com.ubercab.driver  card=false money=false offer_shape=false suburbs= area=NoSuburb chime=none_not_offer_shape
09-10 11:27:49  com.ubercab.driver  card=false money=true offer_shape=false suburbs= area=NoSuburb chime=none_not_offer_shape
09-10 11:27:52  com.ubercab.driver  card=false money=true offer_shape=false suburbs= area=NoSuburb chime=none_not_offer_shape
09-10 11:27:54  com.ubercab.driver  card=false money=true offer_shape=false suburbs= area=NoSuburb chime=none_not_offer_shape
09-10 11:27:56  com.ubercab.driver  card=false money=false offer_shape=false suburbs= area=NoSuburb chime=none_not_offer_shape
09-10 11:28:00  com.ubercab.driver  card=false money=false offer_shape=false suburbs= area=NoSuburb chime=none_not_offer_shape
09-10 11:28:02  com.ubercab.driver  card=false money=false offer_shape=false suburbs= area=NoSuburb chime=none_not_offer_shape
09-10 11:28:04  com.ubercab.driver  card=false money=false offer_shape=false suburbs= area=NoSuburb chime=none_not_offer_shape
09-10 11:28:06  com.ubercab.driver  card=false money=false offer_shape=false suburbs= area=NoSuburb chime=none_not_offer_shape
09-10 12:29:13  com.ubercab.driver  card=false money=false offer_shape=false suburbs= area=NoSuburb chime=none_not_offer_shape
09-10 12:29:15  com.ubercab.driver  card=false money=false offer_shape=false suburbs=Aspendale area=AllInside chime=none_not_offer_shape
09-10 12:31:06  com.ubercab.driver  card=false money=false offer_shape=false suburbs=Aspendale area=AllInside chime=none_not_offer_shape
09-10 12:31:09  com.ubercab.driver  card=false money=false offer_shape=false suburbs=Aspendale area=AllInside chime=none_not_offer_shape
09-10 12:31:12  com.ubercab.driver  card=false money=false offer_shape=false suburbs=Aspendale area=AllInside chime=none_not_offer_shape